ClaimID,EncounterID,PatientID,PayerID,ServiceDate,SubmitDate,BilledAmount,AllowedAmount,PatientResponsibility,PaidAmount,ClaimStatus,DenialReason,PaidDate
CLM517234,ENC117234,PT10750,PY01,2025-07-30,2025-12-04,3411.75,1085.79,87.16,998.63,Paid,,2025-12-17
CLM517469,ENC117469,PT11547,PY06,2025-08-08,2025-12-11,3936.46,0.00,0.00,0.00,Denied,Timely Filing,
CLM517508,ENC117508,PT10464,PY05,2025-08-10,2025-12-26,10941.02,0.00,0.00,0.00,Denied,Timely Filing,
CLM517545,ENC117545,PT13434,PY03,2025-08-11,2025-12-28,3052.04,769.96,0.00,0.00,Pending,,
CLM517623,ENC117623,PT10842,PY03,2025-08-13,2025-12-26,209.40,56.33,0.00,0.00,Pending,,
CLM517658,ENC117658,PT10020,PY01,2025-08-21,2025-12-03,44078.59,13210.48,1385.11,11825.37,Paid,,2025-12-13
CLM517666,ENC117666,PT11968,PY03,2025-08-15,2025-12-05,2321.28,593.94,0.00,593.94,Paid,,2025-12-26
CLM517698,ENC117698,PT12098,PY04,2025-08-16,2025-12-01,6484.92,0.00,0.00,0.00,Denied,Timely Filing,
CLM517778,ENC117778,PT12722,PY01,2025-08-20,2025-12-02,823.04,247.72,0.00,247.72,Paid,,2025-12-14
CLM518283,ENC118283,PT11131,PY07,2025-09-15,2025-12-21,91507.32,37144.80,37144.80,0.00,Pending,,
CLM518751,ENC118751,PT11388,PY04,2025-09-25,2025-12-31,4014.13,0.00,0.00,0.00,Denied,Timely Filing,
CLM519038,ENC119038,PT10239,PY04,2025-10-06,2025-12-07,365.34,0.00,0.00,0.00,Denied,Authorization Required,
CLM519062,ENC119062,PT12214,PY06,2025-10-07,2025-12-11,561.16,257.39,0.00,0.00,Pending,,
CLM519452,ENC119452,PT12096,PY04,2025-10-21,2025-12-24,3933.55,2004.25,476.90,0.00,Pending,,
CLM519497,ENC119497,PT10549,PY02,2025-10-22,2025-12-09,221.79,72.61,5.68,0.00,Pending,,
CLM519502,ENC119502,PT10132,PY01,2025-10-24,2025-12-31,13185.11,4264.27,298.71,0.00,Pending,,
CLM519768,ENC119768,PT13300,PY05,2025-10-31,2025-12-19,350.77,160.08,22.84,0.00,Pending,,
CLM520022,ENC120022,PT11749,PY07,2025-11-09,2025-12-25,9046.29,3632.57,3632.57,0.00,Pending,,
CLM520088,ENC120088,PT10288,PY01,2025-12-03,2025-12-08,80275.45,24824.94,3413.85,21411.09,Paid,,2025-12-28
CLM520123,ENC120123,PT10950,PY03,2025-11-11,2025-12-30,293.17,67.72,0.00,0.00,Pending,,
CLM520143,ENC120143,PT13505,PY06,2025-11-15,2025-12-10,18862.26,10177.83,975.10,0.00,Pending,,
CLM520172,ENC120172,PT13636,PY04,2025-12-16,2025-12-28,109181.20,62016.46,10130.95,0.00,Pending,,
CLM520254,ENC120254,PT11939,PY01,2025-11-16,2025-12-03,2344.91,763.61,85.30,678.31,Paid,,2025-12-17
CLM520265,ENC120265,PT11656,PY07,2025-11-18,2025-12-13,8107.81,3610.01,3610.01,0.00,Pending,,
CLM520268,ENC120268,PT10275,PY05,2025-11-21,2025-12-08,22212.86,11188.13,418.87,0.00,Pending,,
CLM520309,ENC120309,PT13734,PY01,2025-11-24,2025-12-01,22061.04,6024.26,99.12,5925.14,Paid,,2025-12-13
CLM520310,ENC120310,PT10757,PY04,2025-11-17,2025-12-22,3023.41,1347.62,142.24,0.00,Pending,,
CLM520315,ENC120315,PT12716,PY07,2025-11-17,2025-12-01,199.44,73.57,73.57,0.00,Pending,,
CLM520340,ENC120340,PT11673,PY01,2025-11-27,2025-12-10,93158.80,30678.45,2858.10,22967.77,Partially Paid,Coding Error,2025-12-22
CLM520355,ENC120355,PT13880,PY02,2025-11-22,2025-12-05,16511.45,5533.21,507.01,0.00,Pending,,
CLM520359,ENC120359,PT13916,PY05,2025-11-24,2025-12-03,23550.30,11854.56,1027.39,10827.17,Paid,,2025-12-30
CLM520361,ENC120361,PT13068,PY04,2025-11-27,2025-12-01,71314.78,41020.57,3967.76,37052.81,Paid,,2025-12-18
CLM520367,ENC120367,PT10597,PY01,2025-11-22,2025-12-02,26169.36,7235.85,679.57,6556.28,Paid,,2025-12-11
CLM520372,ENC120372,PT13720,PY01,2025-11-25,2025-12-05,31937.15,10253.13,441.52,9811.61,Paid,,2025-12-21
CLM520380,ENC120380,PT12642,PY03,2025-11-23,2025-12-02,16701.39,4063.52,0.00,0.00,Pending,,
CLM520391,ENC120391,PT11882,PY01,2025-11-19,2025-12-01,1799.16,479.44,23.44,456.00,Paid,,2025-12-22
CLM520402,ENC120402,PT13659,PY02,2025-11-20,2025-12-11,1278.28,444.15,44.85,0.00,Pending,,
CLM520418,ENC120418,PT13804,PY07,2025-11-28,2025-12-05,37597.45,14448.89,14448.89,0.00,Pending,,
CLM520423,ENC120423,PT11947,PY02,2025-11-20,2025-12-01,262.27,92.44,5.60,0.00,Pending,,
CLM520429,ENC120429,PT13386,PY01,2025-11-20,2025-12-02,219.13,69.11,3.35,65.76,Paid,,2025-12-25
CLM520449,ENC120449,PT13591,PY03,2025-11-21,2025-12-01,281.17,68.67,0.00,68.67,Paid,,2025-12-28
CLM520463,ENC120463,PT13193,PY02,2025-11-29,2025-12-04,53752.23,18308.32,1875.24,0.00,Pending,,
CLM520464,ENC120464,PT13531,PY03,2025-11-28,2025-12-09,65616.82,14922.70,0.00,0.00,Pending,,
CLM520476,ENC120476,PT12433,PY02,2025-11-30,2025-12-06,34018.73,11583.65,1008.70,0.00,Pending,,
CLM520490,ENC120490,PT13755,PY01,2025-11-28,2025-12-01,48698.94,16412.23,1933.55,14478.68,Paid,,2025-12-12
CLM520492,ENC120492,PT13767,PY01,2025-11-30,2025-12-04,26422.99,8539.54,621.01,7918.53,Paid,,2025-12-23
CLM520495,ENC120495,PT12935,PY01,2025-11-29,2025-12-01,79023.57,27925.89,3416.21,24509.68,Paid,,2025-12-15
CLM520498,ENC120498,PT13554,PY03,2025-11-26,2025-12-01,15800.60,3638.63,0.00,3638.63,Paid,,2025-12-26
CLM520503,ENC120503,PT10290,PY07,2025-11-30,2025-12-05,25804.20,10688.45,10688.45,0.00,Pending,,
CLM520510,ENC120510,PT10080,PY03,2025-11-28,2025-12-03,15186.03,3602.80,0.00,3602.80,Paid,,2025-12-25
CLM520519,ENC120519,PT11305,PY01,2025-11-27,2025-12-01,19926.53,6050.41,509.95,3576.06,Partially Paid,Missing Documentation,2025-12-31
CLM520520,ENC120520,PT10434,PY03,2025-11-28,2025-12-07,39365.74,0.00,0.00,0.00,Denied,Medical Necessity,
CLM520522,ENC120522,PT12021,PY03,2025-11-24,2025-12-01,337.44,90.91,0.00,59.26,Partially Paid,Coding Error,2025-12-29
CLM520525,ENC120525,PT13499,PY01,2025-11-29,2025-12-04,61631.22,0.00,0.00,0.00,Denied,Authorization Required,
CLM520528,ENC120528,PT11613,PY03,2025-11-24,2025-12-01,342.41,84.04,0.00,0.00,Pending,,
CLM520533,ENC120533,PT10738,PY03,2025-11-24,2025-12-02,225.95,57.62,0.00,0.00,Pending,,
CLM520534,ENC120534,PT10387,PY03,2025-11-28,2025-12-03,54144.63,12743.88,0.00,0.00,Pending,,
CLM520535,ENC120535,PT13009,PY04,2025-11-27,2025-12-03,19446.16,9294.70,741.56,0.00,Pending,,
CLM520542,ENC120542,PT10104,PY03,2025-11-24,2025-12-01,6805.34,1564.83,0.00,0.00,Pending,,
CLM520544,ENC120544,PT12399,PY02,2025-11-24,2025-12-05,235.84,82.45,5.15,0.00,Pending,,
CLM520548,ENC120548,PT12989,PY04,2025-11-24,2025-12-04,2889.53,1469.81,135.46,1334.35,Paid,,2025-12-24
CLM520551,ENC120551,PT10097,PY01,2025-12-01,2025-12-04,27401.22,9511.37,863.81,8647.56,Paid,,2025-12-18
CLM520553,ENC120553,PT10219,PY01,2025-11-28,2025-12-03,26215.38,9003.74,0.00,9003.74,Paid,,2025-12-16
CLM520556,ENC120556,PT12051,PY01,2025-11-30,2025-12-03,27339.75,8417.06,629.97,7787.09,Paid,,2025-12-18
CLM520557,ENC120557,PT12105,PY02,2025-11-25,2025-12-02,1722.98,562.54,15.41,0.00,Pending,,
CLM520558,ENC120558,PT10235,PY04,2025-11-26,2025-12-06,8096.66,4552.21,561.42,3990.79,Paid,,2025-12-23
CLM520563,ENC120563,PT13967,PY04,2025-11-25,2025-12-01,340.61,159.63,21.86,137.77,Paid,,2025-12-24
CLM520564,ENC120564,PT10597,PY01,2025-12-01,2025-12-08,40737.10,11087.49,632.00,10455.49,Paid,,2025-12-19
CLM520569,ENC120569,PT11948,PY01,2025-11-25,2025-12-02,1556.50,488.06,82.90,405.16,Paid,,2025-12-15
CLM520572,ENC120572,PT10065,PY01,2025-11-25,2025-12-02,3643.58,1106.29,125.97,980.32,Paid,,2025-12-12
CLM520573,ENC120573,PT12198,PY02,2025-11-28,2025-12-09,24110.95,8005.95,136.95,0.00,Pending,,
CLM520577,ENC120577,PT13890,PY07,2025-11-25,2025-12-01,263.93,100.99,100.99,0.00,Pending,,
CLM520584,ENC120584,PT10364,PY01,2025-11-30,2025-12-04,20355.66,6446.00,337.86,6108.14,Paid,,2025-12-19
CLM520587,ENC120587,PT12631,PY05,2025-12-06,2025-12-23,94701.80,47061.27,8261.77,0.00,Pending,,
CLM520588,ENC120588,PT12191,PY01,2025-11-29,2025-12-01,34198.88,12821.19,1928.38,10892.81,Paid,,2025-12-08
CLM520589,ENC120589,PT12541,PY02,2025-12-13,2025-12-22,103281.93,36224.30,3808.78,0.00,Pending,,
CLM520591,ENC120591,PT11820,PY02,2025-11-26,2025-12-02,617.14,197.35,8.96,188.39,Paid,,2025-12-29
CLM520592,ENC120592,PT11567,PY06,2025-11-26,2025-12-02,211.08,113.62,12.79,100.83,Paid,,2025-12-22
CLM520597,ENC120597,PT11488,PY07,2025-11-26,2025-12-01,383.94,157.75,157.75,0.00,Pending,,
CLM520600,ENC120600,PT10501,PY03,2025-11-26,2025-12-02,283.11,58.71,0.00,0.00,Pending,,
CLM520601,ENC120601,PT11259,PY01,2025-11-26,2025-12-07,107.88,33.78,5.00,28.78,Paid,,2025-12-17
CLM520602,ENC120602,PT11633,PY06,2025-11-29,2025-12-03,18309.48,10027.99,1028.32,0.00,Pending,,
CLM520603,ENC120603,PT10959,PY06,2025-11-26,2025-12-01,6820.02,3779.47,687.45,3092.02,Paid,,2025-12-27
CLM520607,ENC120607,PT12441,PY07,2025-12-01,2025-12-06,21363.21,8088.32,8088.32,0.00,Pending,,
CLM520609,ENC120609,PT13788,PY02,2025-11-26,2025-12-07,3563.44,1173.47,90.57,0.00,Pending,,
CLM520611,ENC120611,PT12697,PY04,2025-11-27,2025-12-07,786.20,433.93,58.35,375.58,Paid,,2025-12-25
CLM520612,ENC120612,PT10865,PY01,2025-12-04,2025-12-05,28703.39,9104.05,430.35,8673.70,Paid,,2025-12-28
CLM520614,ENC120614,PT11582,PY02,2025-12-05,2025-12-12,17217.65,6073.51,113.83,0.00,Pending,,
CLM520615,ENC120615,PT13278,PY04,2025-11-29,2025-12-05,8789.14,3931.63,454.32,2847.56,Partially Paid,Coding Error,2025-12-18
CLM520616,ENC120616,PT11121,PY01,2025-11-27,2025-12-01,551.17,159.22,25.47,133.75,Paid,,2025-12-15
CLM520618,ENC120618,PT13853,PY02,2025-11-27,2025-12-03,222.97,0.00,0.00,0.00,Denied,Authorization Required,
CLM520619,ENC120619,PT12212,PY03,2025-11-27,2025-12-01,363.05,85.60,0.00,0.00,Pending,,
CLM520620,ENC120620,PT11601,PY01,2025-11-27,2025-12-11,15719.06,5347.63,808.84,4538.79,Paid,,2025-12-28
CLM520623,ENC120623,PT13962,PY07,2025-11-27,2025-12-01,95.64,34.95,34.95,0.00,Pending,,
CLM520624,ENC120624,PT11925,PY05,2025-11-27,2025-12-13,302.31,149.12,8.29,140.83,Paid,,2025-12-28
CLM520633,ENC120633,PT11105,PY02,2025-11-27,2025-12-10,215.42,74.34,1.61,0.00,Pending,,
CLM520634,ENC120634,PT11562,PY01,2025-11-29,2025-12-02,7746.30,2351.70,260.78,1242.59,Partially Paid,Medical Necessity,2025-12-31
CLM520635,ENC120635,PT10010,PY08,2025-11-27,2025-12-01,1132.51,649.70,0.00,0.00,Pending,,
CLM520636,ENC120636,PT10713,PY03,2025-12-08,2025-12-11,19859.65,0.00,0.00,0.00,Denied,Medical Necessity,
CLM520638,ENC120638,PT11109,PY07,2025-11-27,2025-12-01,3026.47,1310.54,1310.54,0.00,Pending,,
CLM520639,ENC120639,PT12789,PY01,2025-12-11,2025-12-13,144338.01,51135.38,7938.78,43196.60,Paid,,2025-12-21
CLM520640,ENC120640,PT12086,PY04,2025-11-30,2025-12-04,13624.81,6704.84,868.15,0.00,Pending,,
CLM520641,ENC120641,PT10705,PY06,2025-11-27,2025-12-03,3374.53,1824.25,305.68,1518.57,Paid,,2025-12-24
CLM520642,ENC120642,PT11734,PY02,2025-11-27,2025-12-05,2319.03,768.06,70.68,0.00,Pending,,
CLM520643,ENC120643,PT10153,PY06,2025-11-30,2025-12-06,14812.56,7169.95,243.87,6926.08,Paid,,2025-12-27
CLM520644,ENC120644,PT11386,PY06,2025-11-28,2025-12-03,601.42,332.92,67.65,265.27,Paid,,2025-12-15
CLM520645,ENC120645,PT13726,PY01,2025-11-30,2025-12-06,10678.18,3547.52,251.84,3295.68,Paid,,2025-12-21
CLM520646,ENC120646,PT13954,PY05,2025-11-29,2025-12-03,6667.43,3542.46,285.23,3257.23,Paid,,2025-12-30
CLM520648,ENC120648,PT12624,PY01,2025-12-07,2025-12-09,28386.47,9694.84,1091.18,8603.66,Paid,,2025-12-31
CLM520650,ENC120650,PT13270,PY04,2025-11-28,2025-12-03,652.64,337.91,25.89,312.02,Paid,,2025-12-19
CLM520651,ENC120651,PT10856,PY01,2025-12-07,2025-12-10,90551.12,26262.38,4186.13,22076.25,Paid,,2025-12-28
CLM520652,ENC120652,PT12127,PY06,2025-12-03,2025-12-10,26970.92,14445.09,1723.21,0.00,Pending,,
CLM520653,ENC120653,PT10652,PY05,2025-12-01,2025-12-05,22757.18,0.00,0.00,0.00,Denied,Coding Error,
CLM520654,ENC120654,PT12012,PY05,2025-11-29,2025-12-11,9884.24,4457.39,531.65,0.00,Pending,,
CLM520655,ENC120655,PT11859,PY01,2025-11-28,2025-12-03,286.30,98.08,2.07,96.01,Paid,,2025-12-18
CLM520656,ENC120656,PT13116,PY01,2025-12-01,2025-12-04,13865.00,0.00,0.00,0.00,Denied,Authorization Required,
CLM520657,ENC120657,PT11636,PY01,2025-11-28,2025-12-02,218.61,66.75,7.62,32.35,Partially Paid,Medical Necessity,2025-12-21
CLM520658,ENC120658,PT13006,PY02,2025-11-28,2025-12-01,261.04,86.31,1.38,84.93,Paid,,2025-12-27
CLM520660,ENC120660,PT11175,PY05,2025-11-28,2025-12-01,141.81,62.99,10.35,0.00,Pending,,
CLM520661,ENC120661,PT12888,PY05,2025-11-28,2025-12-04,12421.23,5713.45,637.84,0.00,Pending,,
CLM520662,ENC120662,PT13998,PY05,2025-11-28,2025-12-04,272.58,147.57,15.71,0.00,Pending,,
CLM520663,ENC120663,PT10618,PY01,2025-11-28,2025-12-04,694.92,204.51,12.98,191.53,Paid,,2025-12-24
CLM520664,ENC120664,PT10373,PY05,2025-11-28,2025-12-01,2345.91,1347.34,217.13,0.00,Pending,,
CLM520665,ENC120665,PT10577,PY03,2025-11-28,2025-12-08,144.77,31.98,0.00,0.00,Pending,,
CLM520667,ENC120667,PT12399,PY02,2025-12-01,2025-12-04,23271.15,7582.32,464.71,0.00,Pending,,
CLM520668,ENC120668,PT10209,PY04,2025-11-28,2025-12-04,97.07,52.18,4.00,48.18,Paid,,2025-12-28
CLM520669,ENC120669,PT11020,PY03,2025-11-28,2025-12-07,206.70,0.00,0.00,0.00,Denied,Authorization Required,
CLM520670,ENC120670,PT13778,PY04,2025-12-01,2025-12-05,19679.03,10636.38,646.57,9989.81,Paid,,2025-12-18
CLM520671,ENC120671,PT12194,PY01,2025-11-28,2025-12-03,777.61,267.05,27.22,239.83,Paid,,2025-12-18
CLM520672,ENC120672,PT10455,PY05,2025-12-03,2025-12-07,18502.56,9650.25,530.10,0.00,Pending,,
CLM520677,ENC120677,PT12288,PY06,2025-11-28,2025-12-04,407.32,225.13,34.09,191.04,Paid,,2025-12-26
CLM520678,ENC120678,PT13817,PY04,2025-11-28,2025-12-02,140.90,73.67,1.24,72.43,Paid,,2025-12-30
CLM520679,ENC120679,PT13614,PY03,2025-11-28,2025-12-02,656.65,136.31,0.00,136.31,Paid,,2025-12-31
CLM520680,ENC120680,PT12313,PY01,2025-11-28,2025-12-01,128.62,36.58,4.71,31.87,Paid,,2025-12-13
CLM520681,ENC120681,PT13548,PY02,2025-12-06,2025-12-09,42962.40,12424.67,825.24,0.00,Pending,,
CLM520682,ENC120682,PT12972,PY01,2025-12-02,2025-12-08,41805.71,0.00,0.00,0.00,Denied,Missing Documentation,
CLM520683,ENC120683,PT11952,PY02,2025-12-06,2025-12-10,39568.78,13277.07,438.88,0.00,Pending,,
CLM520684,ENC120684,PT11228,PY02,2025-11-28,2025-12-03,2023.02,653.46,29.99,0.00,Pending,,
CLM520685,ENC120685,PT12601,PY04,2025-12-03,2025-12-05,23966.63,12137.41,716.61,0.00,Pending,,
CLM520686,ENC120686,PT10955,PY06,2025-12-01,2025-12-04,16745.84,9190.22,1298.52,7891.70,Paid,,2025-12-18
CLM520687,ENC120687,PT12250,PY01,2025-11-28,2025-12-01,2739.63,773.03,73.13,699.90,Paid,,2025-12-22
CLM520688,ENC120688,PT11344,PY03,2025-12-04,2025-12-15,22356.16,6062.69,0.00,0.00,Pending,,
CLM520690,ENC120690,PT13617,PY06,2025-11-28,2025-12-05,3459.94,1869.52,214.98,0.00,Pending,,
CLM520691,ENC120691,PT12432,PY03,2025-12-01,2025-12-03,13574.18,2961.20,0.00,0.00,Pending,,
CLM520692,ENC120692,PT12034,PY04,2025-11-29,2025-12-05,2530.80,1197.10,43.36,1153.74,Paid,,2025-12-18
CLM520693,ENC120693,PT10863,PY04,2025-11-29,2025-12-08,1601.40,811.79,96.06,715.73,Paid,,2025-12-25
CLM520694,ENC120694,PT10915,PY06,2025-12-05,2025-12-11,39570.57,19825.05,2166.31,17658.74,Paid,,2025-12-21
CLM520695,ENC120695,PT13350,PY05,2025-12-01,2025-12-08,13783.92,7685.86,554.74,0.00,Pending,,
CLM520696,ENC120696,PT13498,PY03,2025-11-29,2025-12-04,2749.64,571.15,0.00,571.15,Paid,,2025-12-29
CLM520697,ENC120697,PT12237,PY07,2025-12-03,2025-12-05,13470.65,4847.24,4847.24,0.00,Pending,,
CLM520698,ENC120698,PT13427,PY04,2025-11-29,2025-12-05,3828.75,2285.14,267.61,2017.53,Paid,,2025-12-23
CLM520699,ENC120699,PT13226,PY01,2025-12-11,2025-12-13,49605.92,15975.40,2025.94,8647.28,Partially Paid,Medical Necessity,2025-12-20
CLM520700,ENC120700,PT10601,PY05,2025-12-02,2025-12-05,16484.27,7435.96,547.56,0.00,Pending,,
CLM520701,ENC120701,PT10270,PY02,2025-12-03,2025-12-05,42057.80,15393.65,581.84,0.00,Pending,,
CLM520702,ENC120702,PT10567,PY05,2025-11-29,2025-12-01,7622.00,3345.34,226.89,0.00,Pending,,
CLM520703,ENC120703,PT13869,PY01,2025-11-29,2025-12-03,4265.36,1356.75,202.80,1153.95,Paid,,2025-12-18
CLM520704,ENC120704,PT12093,PY04,2025-11-29,2025-12-04,4212.83,2673.92,279.28,2394.64,Paid,,2025-12-24
CLM520705,ENC120705,PT12345,PY01,2025-11-29,2025-12-03,4015.93,1250.58,100.40,1150.18,Paid,,2025-12-12
CLM520707,ENC120707,PT11096,PY01,2025-12-04,2025-12-12,30153.04,9969.61,1954.89,8014.72,Paid,,2025-12-28
CLM520708,ENC120708,PT10841,PY01,2025-11-29,2025-12-12,630.05,197.39,14.41,182.98,Paid,,2025-12-21
CLM520709,ENC120709,PT13070,PY01,2025-11-30,2025-12-02,10746.28,3197.88,324.98,2872.90,Paid,,2025-12-11
CLM520710,ENC120710,PT11844,PY03,2025-11-30,2025-12-03,1428.03,328.57,0.00,0.00,Pending,,
CLM520711,ENC120711,PT12563,PY05,2025-12-03,2025-12-06,35196.30,18101.93,2166.20,15935.73,Paid,,2025-12-24
CLM520712,ENC120712,PT10764,PY06,2025-12-07,2025-12-18,40674.74,20869.78,2333.64,0.00,Pending,,
CLM520713,ENC120713,PT10784,PY02,2025-11-30,2025-12-02,2283.05,710.16,43.07,667.09,Paid,,2025-12-24
CLM520714,ENC120714,PT13673,PY01,2025-12-03,2025-12-07,14365.52,4271.30,267.32,4003.98,Paid,,2025-12-19
CLM520715,ENC120715,PT13702,PY05,2025-11-30,2025-12-09,4452.10,2459.35,433.44,0.00,Pending,,
CLM520716,ENC120716,PT10111,PY07,2025-11-30,2025-12-04,1657.04,585.39,585.39,0.00,Pending,,
CLM520717,ENC120717,PT10475,PY06,2025-11-30,2025-12-05,1492.24,883.70,54.13,829.57,Paid,,2025-12-19
CLM520718,ENC120718,PT12409,PY04,2025-11-30,2025-12-01,1211.70,597.93,97.13,500.80,Paid,,2025-12-27
CLM520719,ENC120719,PT10890,PY05,2025-12-07,2025-12-11,40954.12,23116.67,3025.86,0.00,Pending,,
CLM520720,ENC120720,PT11311,PY01,2025-12-02,2025-12-07,11478.60,3213.46,333.73,2879.73,Paid,,2025-12-20
CLM520721,ENC120721,PT11361,PY01,2025-11-30,2025-12-02,1886.91,612.30,66.38,545.92,Paid,,2025-12-17
CLM520722,ENC120722,PT12031,PY03,2025-11-30,2025-12-05,587.68,127.91,0.00,127.91,Paid,,2025-12-27
CLM520723,ENC120723,PT12928,PY02,2025-11-30,2025-12-04,3532.11,1226.45,82.04,0.00,Pending,,
CLM520724,ENC120724,PT13938,PY01,2025-11-30,2025-12-01,3492.79,0.00,0.00,0.00,Denied,Medical Necessity,
CLM520725,ENC120725,PT13519,PY05,2025-12-04,2025-12-05,14006.22,7059.28,1336.51,5722.77,Paid,,2025-12-30
CLM520726,ENC120726,PT10080,PY03,2025-12-04,2025-12-10,24170.55,6231.79,0.00,0.00,Pending,,
CLM520727,ENC120727,PT12417,PY02,2025-12-13,2025-12-17,131182.84,38729.80,2487.99,0.00,Pending,,
CLM520728,ENC120728,PT12502,PY01,2025-12-07,2025-12-09,19984.78,6014.14,772.05,5242.09,Paid,,2025-12-22
CLM520729,ENC120729,PT13166,PY04,2025-11-30,2025-12-02,3881.71,1851.80,229.34,1622.46,Paid,,2025-12-26
CLM520730,ENC120730,PT13010,PY05,2025-12-01,2025-12-09,4184.93,2126.37,290.76,0.00,Pending,,
CLM520731,ENC120731,PT10243,PY04,2025-12-01,2025-12-03,1512.28,805.72,68.74,736.98,Paid,,2025-12-21
CLM520732,ENC120732,PT12857,PY04,2025-12-02,2025-12-04,9250.75,4764.91,905.35,3859.56,Paid,,2025-12-21
CLM520733,ENC120733,PT13060,PY03,2025-12-02,2025-12-05,14044.44,3088.13,0.00,3088.13,Paid,,2025-12-27
CLM520734,ENC120734,PT10001,PY03,2025-12-02,2025-12-05,8228.64,2085.99,0.00,0.00,Pending,,
CLM520735,ENC120735,PT10428,PY01,2025-12-01,2025-12-05,210.24,0.00,0.00,0.00,Denied,Authorization Required,
CLM520736,ENC120736,PT14000,PY02,2025-12-01,2025-12-08,2258.22,679.27,20.59,658.68,Paid,,2025-12-27
CLM520737,ENC120737,PT12685,PY06,2025-12-01,2025-12-04,396.99,214.76,17.44,0.00,Pending,,
CLM520738,ENC120738,PT13788,PY02,2025-12-01,2025-12-04,214.76,61.47,2.67,0.00,Pending,,
CLM520739,ENC120739,PT13765,PY05,2025-12-01,2025-12-04,2596.83,1173.82,49.84,1123.98,Paid,,2025-12-27
CLM520740,ENC120740,PT12844,PY03,2025-12-03,2025-12-05,12385.25,3342.15,0.00,3342.15,Paid,,2025-12-20
CLM520741,ENC120741,PT12833,PY05,2025-12-01,2025-12-06,333.22,154.39,22.30,0.00,Pending,,
CLM520742,ENC120742,PT12472,PY01,2025-12-04,2025-12-06,18076.75,5859.98,1078.84,4781.14,Paid,,2025-12-18
CLM520743,ENC120743,PT13454,PY04,2025-12-01,2025-12-07,234.34,131.04,12.38,118.66,Paid,,2025-12-27
CLM520744,ENC120744,PT10860,PY02,2025-12-01,2025-12-08,253.69,78.19,3.11,51.50,Partially Paid,Medical Necessity,2025-12-30
CLM520745,ENC120745,PT13923,PY07,2025-12-01,2025-12-09,730.06,311.03,311.03,0.00,Pending,,
CLM520746,ENC120746,PT13749,PY01,2025-12-01,2025-12-07,402.03,123.85,8.10,115.75,Paid,,2025-12-13
CLM520747,ENC120747,PT10433,PY05,2025-12-02,2025-12-04,7945.87,3330.01,376.46,0.00,Pending,,
CLM520748,ENC120748,PT12145,PY05,2025-12-01,2025-12-07,1475.26,726.32,30.61,0.00,Pending,,
CLM520749,ENC120749,PT10619,PY07,2025-12-06,2025-12-13,84591.61,37459.19,37459.19,0.00,Pending,,
CLM520750,ENC120750,PT13676,PY05,2025-12-01,2025-12-11,2152.88,968.38,93.05,0.00,Pending,,
CLM520751,ENC120751,PT12989,PY04,2025-12-07,2025-12-11,23667.85,11237.69,1860.89,0.00,Pending,,
CLM520752,ENC120752,PT11937,PY07,2025-12-01,2025-12-05,207.64,86.92,86.92,0.00,Pending,,
CLM520753,ENC120753,PT11925,PY05,2025-12-01,2025-12-04,268.79,113.97,7.62,106.35,Paid,,2025-12-29
CLM520755,ENC120755,PT13250,PY01,2025-12-01,2025-12-16,449.64,130.12,7.03,123.09,Paid,,2025-12-26
CLM520756,ENC120756,PT10518,PY03,2025-12-01,2025-12-07,108.01,27.97,0.00,0.00,Pending,,
CLM520757,ENC120757,PT10373,PY05,2025-12-01,2025-12-05,327.69,150.97,27.92,0.00,Pending,,
CLM520758,ENC120758,PT11690,PY04,2025-12-01,2025-12-08,106.26,52.00,6.96,0.00,Pending,,
CLM520759,ENC120759,PT10120,PY05,2025-12-12,2025-12-17,40309.31,18562.89,1451.26,0.00,Pending,,
CLM520760,ENC120760,PT11168,PY01,2025-12-01,2025-12-09,1410.74,437.41,53.60,383.81,Paid,,2025-12-26
CLM520761,ENC120761,PT12733,PY05,2025-12-01,2025-12-09,134.76,60.30,7.22,0.00,Pending,,
CLM520762,ENC120762,PT12966,PY02,2025-12-01,2025-12-04,144.16,44.95,1.57,43.38,Paid,,2025-12-28
CLM520763,ENC120763,PT11202,PY04,2025-12-01,2025-12-12,482.20,0.00,0.00,0.00,Denied,Authorization Required,
CLM520764,ENC120764,PT11970,PY01,2025-12-01,2025-12-04,210.19,73.11,7.88,65.23,Paid,,2025-12-14
CLM520765,ENC120765,PT11154,PY02,2025-12-01,2025-12-03,3879.78,1320.84,87.51,0.00,Pending,,
CLM520766,ENC120766,PT10370,PY01,2025-12-01,2025-12-05,388.10,114.39,20.36,94.03,Paid,,2025-12-15
CLM520767,ENC120767,PT10751,PY05,2025-12-01,2025-12-06,354.63,153.67,25.54,128.13,Paid,,2025-12-31
CLM520768,ENC120768,PT13123,PY06,2025-12-01,2025-12-04,7799.34,0.00,0.00,0.00,Denied,Coding Error,
CLM520769,ENC120769,PT11293,PY03,2025-12-06,2025-12-08,25143.18,6747.10,0.00,0.00,Pending,,
CLM520770,ENC120770,PT11616,PY03,2025-12-08,2025-12-11,36539.47,8386.81,0.00,0.00,Pending,,
CLM520771,ENC120771,PT12187,PY02,2025-12-01,2025-12-05,2451.32,866.46,62.59,803.87,Paid,,2025-12-16
CLM520772,ENC120772,PT13601,PY03,2025-12-01,2025-12-04,1022.28,261.79,0.00,0.00,Pending,,
CLM520773,ENC120773,PT10261,PY03,2025-12-03,2025-12-04,12668.32,2955.32,0.00,0.00,Pending,,
CLM520774,ENC120774,PT13375,PY01,2025-12-02,2025-12-04,2520.51,817.15,155.63,661.52,Paid,,2025-12-15
CLM520775,ENC120775,PT13714,PY04,2025-12-01,2025-12-09,1893.57,908.02,117.04,0.00,Pending,,
CLM520776,ENC120776,PT11247,PY04,2025-12-02,2025-12-06,5273.54,2848.51,401.35,2447.16,Paid,,2025-12-29
CLM520777,ENC120777,PT10271,PY04,2025-12-01,2025-12-04,1931.75,1073.00,42.81,0.00,Pending,,
CLM520778,ENC120778,PT11072,PY06,2025-12-02,2025-12-08,994.68,482.96,14.12,468.84,Paid,,2025-12-22
CLM520780,ENC120780,PT12121,PY03,2025-12-04,2025-12-08,18447.55,0.00,0.00,0.00,Denied,Authorization Required,
CLM520781,ENC120781,PT13294,PY03,2025-12-02,2025-12-09,3666.30,1010.98,0.00,0.00,Pending,,
CLM520782,ENC120782,PT13493,PY05,2025-12-03,2025-12-13,58468.93,28905.25,3268.65,0.00,Pending,,
CLM520783,ENC120783,PT13311,PY03,2025-12-18,2025-12-21,43662.35,10239.53,0.00,0.00,Pending,,
CLM520784,ENC120784,PT10007,PY05,2025-12-02,2025-12-07,1151.40,490.24,43.10,0.00,Pending,,
CLM520785,ENC120785,PT10969,PY03,2025-12-03,2025-12-08,13446.07,3668.20,0.00,0.00,Pending,,
CLM520786,ENC120786,PT13445,PY01,2025-12-02,2025-12-07,101.99,36.08,1.25,34.83,Paid,,2025-12-19
CLM520787,ENC120787,PT13189,PY01,2025-12-02,2025-12-05,263.45,81.74,8.31,73.43,Paid,,2025-12-20
CLM520788,ENC120788,PT12778,PY01,2025-12-02,2025-12-06,278.51,85.71,3.23,82.48,Paid,,2025-12-28
CLM520789,ENC120789,PT10435,PY05,2025-12-02,2025-12-03,6341.71,3106.46,456.64,2649.82,Paid,,2025-12-23
CLM520790,ENC120790,PT12553,PY05,2025-12-03,2025-12-05,8601.09,4125.09,233.10,3891.99,Paid,,2025-12-22
CLM520791,ENC120791,PT13818,PY04,2025-12-02,2025-12-04,262.70,134.59,14.59,0.00,Pending,,
CLM520792,ENC120792,PT11999,PY03,2025-12-02,2025-12-03,465.90,122.74,0.00,0.00,Pending,,
CLM520793,ENC120793,PT10982,PY04,2025-12-06,2025-12-07,18155.14,10110.82,1157.67,0.00,Pending,,
CLM520794,ENC120794,PT13653,PY04,2025-12-02,2025-12-04,256.12,134.33,15.44,118.89,Paid,,2025-12-21
CLM520795,ENC120795,PT12124,PY04,2025-12-02,2025-12-07,306.39,157.46,18.30,139.16,Paid,,2025-12-28
CLM520796,ENC120796,PT10047,PY03,2025-12-02,2025-12-06,296.47,72.86,0.00,0.00,Pending,,
CLM520797,ENC120797,PT13535,PY06,2025-12-02,2025-12-06,670.37,356.37,33.67,322.70,Paid,,2025-12-28
CLM520798,ENC120798,PT10243,PY04,2025-12-04,2025-12-11,10610.25,5540.57,378.08,5162.49,Paid,,2025-12-31
CLM520799,ENC120799,PT10011,PY01,2025-12-02,2025-12-04,409.31,144.94,7.78,137.16,Paid,,2025-12-18
CLM520800,ENC120800,PT13515,PY03,2025-12-02,2025-12-04,447.94,99.29,0.00,0.00,Pending,,
CLM520801,ENC120801,PT11389,PY04,2025-12-02,2025-12-06,279.51,153.19,10.84,0.00,Pending,,
CLM520802,ENC120802,PT11246,PY05,2025-12-02,2025-12-06,454.07,215.20,31.53,183.67,Paid,,2025-12-30
CLM520803,ENC120803,PT13440,PY01,2025-12-02,2025-12-04,292.96,101.10,12.86,88.24,Paid,,2025-12-19
CLM520804,ENC120804,PT12744,PY03,2025-12-05,2025-12-07,19391.83,4488.21,0.00,0.00,Pending,,
CLM520805,ENC120805,PT12300,PY06,2025-12-02,2025-12-05,467.76,262.07,32.89,229.18,Paid,,2025-12-25
CLM520806,ENC120806,PT10562,PY05,2025-12-02,2025-12-10,619.02,271.41,65.01,0.00,Pending,,
CLM520807,ENC120807,PT13488,PY06,2025-12-02,2025-12-05,689.10,397.70,27.71,369.99,Paid,,2025-12-31
CLM520808,ENC120808,PT11256,PY04,2025-12-02,2025-12-05,4784.85,2482.66,159.94,0.00,Pending,,
CLM520809,ENC120809,PT11977,PY04,2025-12-02,2025-12-06,323.98,161.52,16.44,0.00,Pending,,
CLM520810,ENC120810,PT11957,PY06,2025-12-02,2025-12-04,383.90,230.91,43.31,187.60,Paid,,2025-12-20
CLM520811,ENC120811,PT12252,PY03,2025-12-02,2025-12-07,289.99,0.00,0.00,0.00,Denied,Missing Documentation,
CLM520812,ENC120812,PT12592,PY05,2025-12-02,2025-12-05,254.42,118.30,18.49,0.00,Pending,,
CLM520813,ENC120813,PT12307,PY01,2025-12-02,2025-12-04,633.41,204.88,39.83,165.05,Paid,,2025-12-14
CLM520814,ENC120814,PT10141,PY01,2025-12-05,2025-12-06,13043.45,4308.13,282.84,4025.29,Paid,,2025-12-17
CLM520815,ENC120815,PT10460,PY04,2025-12-05,2025-12-12,46456.88,0.00,0.00,0.00,Denied,Medical Necessity,
CLM520816,ENC120816,PT13599,PY01,2025-12-02,2025-12-09,3379.77,1164.87,137.57,0.00,Pending,,
CLM520817,ENC120817,PT10282,PY04,2025-12-02,2025-12-13,4741.42,0.00,0.00,0.00,Denied,Medical Necessity,
CLM520818,ENC120818,PT13677,PY01,2025-12-11,2025-12-15,36170.41,11578.68,1209.47,10369.21,Paid,,2025-12-30
CLM520819,ENC120819,PT11673,PY01,2025-12-02,2025-12-06,700.37,234.98,26.00,208.98,Paid,,2025-12-22
CLM520820,ENC120820,PT10452,PY01,2025-12-06,2025-12-12,15297.83,5283.43,756.74,4526.69,Paid,,2025-12-22
CLM520821,ENC120821,PT13075,PY02,2025-12-02,2025-12-09,1737.23,576.97,14.41,0.00,Pending,,
CLM520822,ENC120822,PT10419,PY01,2025-12-14,2025-12-26,119426.94,33458.52,2185.60,0.00,Pending,,
CLM520823,ENC120823,PT10523,PY01,2025-12-03,2025-12-06,7056.64,0.00,0.00,0.00,Denied,Authorization Required,
CLM520824,ENC120824,PT12665,PY03,2025-12-07,2025-12-10,23755.80,0.00,0.00,0.00,Denied,Medical Necessity,
CLM520825,ENC120825,PT10788,PY04,2025-12-07,2025-12-09,16015.75,7523.99,513.76,0.00,Pending,,
CLM520826,ENC120826,PT10268,PY05,2025-12-04,2025-12-08,10911.28,5590.89,819.34,0.00,Pending,,
CLM520827,ENC120827,PT12785,PY05,2025-12-06,2025-12-11,28038.25,12935.52,1186.81,0.00,Pending,,
CLM520828,ENC120828,PT10884,PY02,2025-12-05,2025-12-06,51675.39,18617.10,1478.27,17138.83,Paid,,2025-12-17
CLM520829,ENC120829,PT11653,PY01,2025-12-03,2025-12-11,339.63,95.38,8.53,86.85,Paid,,2025-12-17
CLM520830,ENC120830,PT10918,PY04,2025-12-03,2025-12-08,525.77,0.00,0.00,0.00,Denied,Authorization Required,
CLM520831,ENC120831,PT12206,PY03,2025-12-03,2025-12-07,292.03,64.38,0.00,64.38,Paid,,2025-12-27
CLM520832,ENC120832,PT13632,PY02,2025-12-06,2025-12-12,7130.02,0.00,0.00,0.00,Denied,Medical Necessity,
CLM520833,ENC120833,PT10404,PY04,2025-12-06,2025-12-08,62660.37,32654.44,3787.26,28867.18,Paid,,2025-12-27
CLM520834,ENC120834,PT13465,PY01,2025-12-06,2025-12-07,12562.39,4195.44,255.54,3939.90,Paid,,2025-12-20
CLM520835,ENC120835,PT13901,PY04,2025-12-03,2025-12-05,250.09,119.88,13.15,106.73,Paid,,2025-12-18
CLM520836,ENC120836,PT10385,PY06,2025-12-03,2025-12-09,359.93,202.69,27.92,0.00,Pending,,
CLM520837,ENC120837,PT10687,PY04,2025-12-03,2025-12-19,283.32,144.13,20.05,124.08,Paid,,2025-12-31
CLM520838,ENC120838,PT13672,PY02,2025-12-06,2025-12-23,13541.03,4215.64,225.27,0.00,Pending,,
CLM520839,ENC120839,PT13963,PY06,2025-12-03,2025-12-07,286.14,153.87,8.31,0.00,Pending,,
CLM520840,ENC120840,PT10961,PY06,2025-12-03,2025-12-10,3032.49,1650.93,258.56,0.00,Pending,,
CLM520842,ENC120842,PT13763,PY05,2025-12-05,2025-12-07,11957.61,0.00,0.00,0.00,Denied,Coding Error,
CLM520844,ENC120844,PT12113,PY01,2025-12-03,2025-12-08,353.17,106.13,2.64,103.49,Paid,,2025-12-27
CLM520845,ENC120845,PT13878,PY02,2025-12-03,2025-12-11,130.83,46.45,0.93,45.52,Paid,,2025-12-30
CLM520846,ENC120846,PT12641,PY04,2025-12-03,2025-12-09,268.92,136.01,14.71,0.00,Pending,,
CLM520847,ENC120847,PT12669,PY01,2025-12-03,2025-12-05,1107.65,316.85,41.57,275.28,Paid,,2025-12-26
CLM520848,ENC120848,PT11156,PY05,2025-12-06,2025-12-11,43062.37,20412.95,2719.73,0.00,Pending,,
CLM520849,ENC120849,PT10668,PY02,2025-12-12,2025-12-17,81476.33,24479.13,2172.71,0.00,Pending,,
CLM520850,ENC120850,PT10863,PY04,2025-12-03,2025-12-07,118.78,0.00,0.00,0.00,Denied,Authorization Required,
CLM520851,ENC120851,PT13431,PY04,2025-12-03,2025-12-07,3458.98,1673.14,346.93,1326.21,Paid,,2025-12-30
CLM520852,ENC120852,PT12987,PY03,2025-12-03,2025-12-07,171.52,0.00,0.00,0.00,Denied,Authorization Required,
CLM520853,ENC120853,PT12203,PY02,2025-12-03,2025-12-08,446.83,0.00,0.00,0.00,Denied,Authorization Required,
CLM520854,ENC120854,PT13541,PY05,2025-12-03,2025-12-05,131.11,67.02,5.60,61.42,Paid,,2025-12-30
CLM520857,ENC120857,PT13187,PY02,2025-12-03,2025-12-08,207.19,68.03,5.49,0.00,Pending,,
CLM520858,ENC120858,PT12628,PY05,2025-12-03,2025-12-07,5135.49,2580.19,250.73,0.00,Pending,,
CLM520859,ENC120859,PT10213,PY05,2025-12-09,2025-12-10,29462.47,14932.76,1578.25,11836.92,Partially Paid,Coding Error,2025-12-28
CLM520860,ENC120860,PT12373,PY01,2025-12-03,2025-12-07,2772.49,877.71,114.50,763.21,Paid,,2025-12-19
CLM520861,ENC120861,PT10735,PY04,2025-12-03,2025-12-10,843.20,448.71,27.63,421.08,Paid,,2025-12-31
CLM520862,ENC120862,PT13655,PY03,2025-12-09,2025-12-10,34945.42,8712.27,0.00,0.00,Pending,,
CLM520863,ENC120863,PT12908,PY05,2025-12-04,2025-12-14,1689.16,807.37,121.12,686.25,Paid,,2025-12-31
CLM520864,ENC120864,PT13708,PY06,2025-12-04,2025-12-08,1328.03,719.05,40.67,602.39,Partially Paid,Coding Error,2025-12-26
CLM520865,ENC120865,PT13117,PY03,2025-12-04,2025-12-14,2474.11,0.00,0.00,0.00,Denied,Authorization Required,
CLM520866,ENC120866,PT13877,PY02,2025-12-04,2025-12-10,5475.60,1745.92,172.73,0.00,Pending,,
CLM520867,ENC120867,PT10306,PY02,2025-12-09,2025-12-15,28991.61,9169.75,469.74,0.00,Pending,,
CLM520868,ENC120868,PT12677,PY02,2025-12-05,2025-12-16,10172.33,3214.47,216.64,0.00,Pending,,
CLM520869,ENC120869,PT13491,PY05,2025-12-11,2025-12-13,33789.90,16620.35,2800.25,0.00,Pending,,
CLM520870,ENC120870,PT10657,PY03,2025-12-04,2025-12-06,4088.71,980.84,0.00,0.00,Pending,,
CLM520871,ENC120871,PT10897,PY01,2025-12-04,2025-12-09,3509.62,1047.04,98.37,0.00,Pending,,
CLM520872,ENC120872,PT11541,PY01,2025-12-04,2025-12-14,287.90,93.10,5.97,87.13,Paid,,2025-12-24
CLM520873,ENC120873,PT13006,PY02,2025-12-04,2025-12-05,209.63,74.27,6.15,0.00,Pending,,
CLM520874,ENC120874,PT11385,PY07,2025-12-04,2025-12-16,3379.76,1255.15,1255.15,0.00,Pending,,
CLM520875,ENC120875,PT10687,PY04,2025-12-04,2025-12-07,390.16,172.91,15.74,157.17,Paid,,2025-12-18
CLM520876,ENC120876,PT10184,PY04,2025-12-04,2025-12-08,266.22,132.93,14.85,118.08,Paid,,2025-12-26
CLM520877,ENC120877,PT13223,PY06,2025-12-04,2025-12-05,96.73,55.44,2.18,53.26,Paid,,2025-12-19
CLM520878,ENC120878,PT10032,PY03,2025-12-04,2025-12-09,717.20,177.72,0.00,0.00,Pending,,
CLM520879,ENC120879,PT10499,PY01,2025-12-05,2025-12-07,87366.21,29081.34,2330.70,26750.64,Paid,,2025-12-20
CLM520880,ENC120880,PT11261,PY01,2025-12-10,2025-12-18,105662.50,35958.34,4213.63,31744.71,Paid,,2025-12-30
CLM520881,ENC120881,PT11705,PY05,2025-12-04,2025-12-13,260.43,121.53,22.27,0.00,Pending,,
CLM520882,ENC120882,PT13591,PY03,2025-12-04,2025-12-08,438.67,121.26,0.00,0.00,Pending,,
CLM520883,ENC120883,PT13067,PY01,2025-12-07,2025-12-16,19388.36,6567.59,559.53,6008.06,Paid,,2025-12-31
CLM520884,ENC120884,PT13413,PY04,2025-12-04,2025-12-08,249.92,118.19,12.55,0.00,Pending,,
CLM520885,ENC120885,PT13499,PY01,2025-12-04,2025-12-10,1670.39,487.75,45.12,442.63,Paid,,2025-12-18
CLM520886,ENC120886,PT11955,PY01,2025-12-04,2025-12-08,562.10,182.28,10.33,171.95,Paid,,2025-12-18
CLM520887,ENC120887,PT12021,PY03,2025-12-04,2025-12-12,192.71,45.24,0.00,0.00,Pending,,
CLM520888,ENC120888,PT12433,PY02,2025-12-15,2025-12-18,34276.95,11235.17,522.15,0.00,Pending,,
CLM520889,ENC120889,PT13476,PY01,2025-12-04,2025-12-10,361.02,105.03,10.62,94.41,Paid,,2025-12-22
CLM520890,ENC120890,PT11412,PY01,2025-12-04,2025-12-12,433.97,140.34,14.65,50.69,Partially Paid,Coding Error,2025-12-30
CLM520891,ENC120891,PT11131,PY07,2025-12-05,2025-12-07,5875.86,2625.54,2625.54,0.00,Pending,,
CLM520892,ENC120892,PT10673,PY05,2025-12-04,2025-12-07,367.32,185.45,19.93,0.00,Pending,,
CLM520893,ENC120893,PT12561,PY04,2025-12-04,2025-12-06,311.64,152.80,9.30,0.00,Pending,,
CLM520894,ENC120894,PT11337,PY03,2025-12-05,2025-12-09,13764.34,3684.62,0.00,0.00,Pending,,
CLM520895,ENC120895,PT13853,PY02,2025-12-06,2025-12-10,5595.17,1638.72,169.95,1468.77,Paid,,2025-12-28
CLM520896,ENC120896,PT11438,PY03,2025-12-04,2025-12-06,272.76,0.00,0.00,0.00,Denied,Medical Necessity,
CLM520897,ENC120897,PT12605,PY02,2025-12-04,2025-12-14,327.50,99.08,8.20,0.00,Pending,,
CLM520898,ENC120898,PT13992,PY03,2025-12-04,2025-12-13,124.34,0.00,0.00,0.00,Denied,Missing Documentation,
CLM520899,ENC120899,PT10345,PY01,2025-12-06,2025-12-09,12672.32,4157.25,460.93,2068.88,Partially Paid,Coding Error,2025-12-20
CLM520900,ENC120900,PT13500,PY01,2025-12-04,2025-12-08,263.73,0.00,0.00,0.00,Denied,Coding Error,
CLM520901,ENC120901,PT12879,PY01,2025-12-08,2025-12-10,20165.78,6762.65,286.09,6476.56,Paid,,2025-12-26
CLM520902,ENC120902,PT12412,PY03,2025-12-06,2025-12-11,14684.29,3307.23,0.00,0.00,Pending,,
CLM520903,ENC120903,PT10869,PY03,2025-12-16,2025-12-27,76616.11,0.00,0.00,0.00,Denied,Missing Documentation,
CLM520904,ENC120904,PT11762,PY03,2025-12-04,2025-12-06,1576.10,348.62,0.00,0.00,Pending,,
CLM520905,ENC120905,PT10067,PY02,2025-12-05,2025-12-06,6212.93,2200.15,18.34,0.00,Pending,,
CLM520906,ENC120906,PT12399,PY02,2025-12-09,2025-12-11,31329.20,10829.30,324.08,0.00,Pending,,
CLM520907,ENC120907,PT12993,PY04,2025-12-07,2025-12-10,15385.50,8750.30,0.00,0.00,Pending,,
CLM520908,ENC120908,PT13515,PY03,2025-12-11,2025-12-14,42012.76,0.00,0.00,0.00,Denied,Authorization Required,
CLM520909,ENC120909,PT13559,PY06,2025-12-05,2025-12-22,696.83,405.45,53.63,0.00,Pending,,
CLM520910,ENC120910,PT10912,PY04,2025-12-07,2025-12-11,11609.90,6251.75,947.83,0.00,Pending,,
CLM520911,ENC120911,PT11365,PY04,2025-12-05,2025-12-13,2541.04,1160.30,81.19,0.00,Pending,,
CLM520912,ENC120912,PT10785,PY04,2025-12-05,2025-12-10,113.25,52.29,5.97,0.00,Pending,,
CLM520914,ENC120914,PT13492,PY07,2025-12-05,2025-12-09,597.05,244.05,244.05,0.00,Pending,,
CLM520915,ENC120915,PT10739,PY03,2025-12-05,2025-12-08,313.19,82.12,0.00,0.00,Pending,,
CLM520916,ENC120916,PT13097,PY01,2025-12-05,2025-12-07,10835.17,3251.69,140.01,3111.68,Paid,,2025-12-16
CLM520917,ENC120917,PT10413,PY07,2025-12-05,2025-12-08,440.52,161.83,161.83,0.00,Pending,,
CLM520918,ENC120918,PT10046,PY07,2025-12-05,2025-12-07,372.24,161.91,161.91,0.00,Pending,,
CLM520919,ENC120919,PT10437,PY07,2025-12-05,2025-12-11,4493.78,1643.31,1643.31,0.00,Pending,,
CLM520920,ENC120920,PT12465,PY03,2025-12-05,2025-12-08,144.44,36.37,0.00,0.00,Pending,,
CLM520921,ENC120921,PT12444,PY04,2025-12-05,2025-12-06,1686.25,801.79,85.47,0.00,Pending,,
CLM520922,ENC120922,PT12120,PY03,2025-12-05,2025-12-09,103.77,26.14,0.00,0.00,Pending,,
CLM520923,ENC120923,PT12156,PY03,2025-12-05,2025-12-08,738.16,193.65,0.00,0.00,Pending,,
CLM520924,ENC120924,PT11778,PY04,2025-12-05,2025-12-09,3347.39,1697.33,138.46,1558.87,Paid,,2025-12-31
CLM520925,ENC120925,PT13271,PY01,2025-12-22,2025-12-26,75801.07,23348.73,1798.62,0.00,Pending,,
CLM520926,ENC120926,PT13974,PY03,2025-12-05,2025-12-10,3700.41,907.38,0.00,0.00,Pending,,
CLM520927,ENC120927,PT10323,PY03,2025-12-05,2025-12-08,1842.86,505.46,0.00,0.00,Pending,,
CLM520928,ENC120928,PT13639,PY06,2025-12-05,2025-12-10,375.37,221.84,16.09,0.00,Pending,,
CLM520929,ENC120929,PT12231,PY07,2025-12-05,2025-12-08,204.76,86.55,86.55,0.00,Pending,,
CLM520930,ENC120930,PT11278,PY02,2025-12-05,2025-12-11,291.59,107.10,9.14,0.00,Pending,,
CLM520931,ENC120931,PT10868,PY04,2025-12-05,2025-12-07,107.01,51.45,6.12,0.00,Pending,,
CLM520932,ENC120932,PT13315,PY06,2025-12-06,2025-12-10,4745.33,2651.55,384.58,1494.61,Partially Paid,Missing Documentation,2025-12-30
CLM520933,ENC120933,PT13412,PY01,2025-12-05,2025-12-11,311.35,105.29,6.10,99.19,Paid,,2025-12-19
CLM520934,ENC120934,PT12718,PY03,2025-12-05,2025-12-08,11047.78,2626.02,0.00,0.00,Pending,,
CLM520935,ENC120935,PT11237,PY02,2025-12-05,2025-12-12,187.58,58.23,1.24,0.00,Pending,,
CLM520936,ENC120936,PT12274,PY03,2025-12-05,2025-12-14,264.72,66.00,0.00,0.00,Pending,,
CLM520937,ENC120937,PT13423,PY03,2025-12-05,2025-12-08,128.19,29.57,0.00,0.00,Pending,,
CLM520938,ENC120938,PT11416,PY03,2025-12-05,2025-12-08,223.24,53.90,0.00,0.00,Pending,,
CLM520939,ENC120939,PT12826,PY01,2025-12-05,2025-12-10,599.90,0.00,0.00,0.00,Denied,Coding Error,
CLM520940,ENC120940,PT10150,PY07,2025-12-05,2025-12-10,293.38,123.08,123.08,0.00,Pending,,
CLM520941,ENC120941,PT11418,PY04,2025-12-05,2025-12-10,1137.08,575.98,90.61,0.00,Pending,,
CLM520942,ENC120942,PT11729,PY02,2025-12-05,2025-12-07,4440.25,1596.24,114.09,0.00,Pending,,
CLM520943,ENC120943,PT10743,PY02,2025-12-05,2025-12-08,1099.75,380.79,11.68,0.00,Pending,,
CLM520944,ENC120944,PT11902,PY01,2025-12-05,2025-12-10,399.00,109.05,10.17,98.88,Paid,,2025-12-22
CLM520945,ENC120945,PT12602,PY06,2025-12-05,2025-12-08,1382.15,902.56,199.41,703.15,Paid,,2025-12-30
CLM520946,ENC120946,PT12522,PY07,2025-12-05,2025-12-09,375.34,134.81,134.81,0.00,Pending,,
CLM520947,ENC120947,PT12637,PY02,2025-12-05,2025-12-09,1362.36,416.17,20.03,0.00,Pending,,
CLM520948,ENC120948,PT12970,PY04,2025-12-05,2025-12-10,1410.40,654.04,26.44,0.00,Pending,,
CLM520949,ENC120949,PT12834,PY01,2025-12-05,2025-12-11,1357.52,449.23,18.29,0.00,Pending,,
CLM520950,ENC120950,PT11247,PY04,2025-12-05,2025-12-07,1450.74,761.99,93.31,0.00,Pending,,
CLM520951,ENC120951,PT10705,PY06,2025-12-06,2025-12-08,3362.80,1650.67,290.71,849.36,Partially Paid,Coding Error,2025-12-28
CLM520952,ENC120952,PT11178,PY05,2025-12-07,2025-12-10,22680.52,10736.77,1245.39,0.00,Pending,,
CLM520953,ENC120953,PT11866,PY06,2025-12-06,2025-12-11,1390.99,830.58,120.83,709.75,Paid,,2025-12-30
CLM520954,ENC120954,PT10420,PY05,2025-12-06,2025-12-20,1550.86,768.91,83.33,0.00,Pending,,
CLM520955,ENC120955,PT11124,PY05,2025-12-14,2025-12-18,30634.73,16827.03,2531.20,0.00,Pending,,
CLM520956,ENC120956,PT12304,PY01,2025-12-08,2025-12-17,21597.84,6741.01,514.06,0.00,Pending,,
CLM520957,ENC120957,PT13373,PY05,2025-12-14,2025-12-16,50970.78,23290.22,3419.17,0.00,Pending,,
CLM520958,ENC120958,PT13577,PY01,2025-12-06,2025-12-09,1576.46,503.76,24.84,478.92,Paid,,2025-12-14
CLM520959,ENC120959,PT10631,PY04,2025-12-13,2025-12-14,24326.45,12677.16,2025.30,0.00,Pending,,
CLM520960,ENC120960,PT12890,PY03,2025-12-12,2025-12-18,22387.41,5108.31,0.00,0.00,Pending,,
CLM520961,ENC120961,PT12582,PY03,2025-12-06,2025-12-08,687.35,160.63,0.00,0.00,Pending,,
CLM520962,ENC120962,PT11083,PY03,2025-12-08,2025-12-11,18454.96,0.00,0.00,0.00,Denied,Medical Necessity,
CLM520963,ENC120963,PT12729,PY02,2025-12-12,2025-12-15,27298.27,8149.14,419.40,0.00,Pending,,
CLM520964,ENC120964,PT10550,PY01,2025-12-09,2025-12-18,13757.64,3854.78,606.96,3247.82,Paid,,2025-12-26
CLM520965,ENC120965,PT10101,PY02,2025-12-06,2025-12-09,1668.75,514.88,38.17,0.00,Pending,,
CLM520966,ENC120966,PT11374,PY01,2025-12-06,2025-12-11,3730.44,1132.15,156.66,975.49,Paid,,2025-12-24
CLM520967,ENC120967,PT11678,PY01,2025-12-13,2025-12-26,37303.75,12335.90,1455.42,0.00,Pending,,
CLM520968,ENC120968,PT13661,PY04,2025-12-06,2025-12-12,1109.80,610.88,90.66,0.00,Pending,,
CLM520969,ENC120969,PT12455,PY01,2025-12-13,2025-12-16,35451.36,10979.95,781.31,10198.64,Paid,,2025-12-31
CLM520970,ENC120970,PT13076,PY04,2025-12-09,2025-12-19,24767.24,12698.89,941.47,0.00,Pending,,
CLM520971,ENC120971,PT10399,PY05,2025-12-06,2025-12-11,1803.10,881.35,195.98,0.00,Pending,,
CLM520972,ENC120972,PT10721,PY01,2025-12-08,2025-12-10,7153.48,2150.83,167.06,1983.77,Paid,,2025-12-25
CLM520973,ENC120973,PT13719,PY02,2025-12-09,2025-12-12,13689.88,4874.96,204.62,0.00,Pending,,
CLM520974,ENC120974,PT10196,PY02,2025-12-13,2025-12-17,88135.65,25222.15,3060.01,0.00,Pending,,
CLM520975,ENC120975,PT10782,PY05,2025-12-06,2025-12-09,860.54,0.00,0.00,0.00,Denied,Medical Necessity,
CLM520976,ENC120976,PT12941,PY03,2025-12-07,2025-12-08,1708.55,380.06,0.00,0.00,Pending,,
CLM520977,ENC120977,PT11988,PY01,2025-12-10,2025-12-16,19463.54,6239.78,764.26,5475.52,Paid,,2025-12-26
CLM520978,ENC120978,PT12368,PY05,2025-12-15,2025-12-20,55015.83,24313.24,2556.80,0.00,Pending,,
CLM520979,ENC120979,PT11149,PY05,2025-12-16,2025-12-21,19712.53,9797.96,1530.01,0.00,Pending,,
CLM520980,ENC120980,PT12770,PY04,2025-12-07,2025-12-17,951.78,439.79,17.57,0.00,Pending,,
CLM520981,ENC120981,PT11435,PY01,2025-12-11,2025-12-15,33844.64,9266.04,1330.08,7935.96,Paid,,2025-12-30
CLM520982,ENC120982,PT13824,PY01,2025-12-07,2025-12-09,739.06,0.00,0.00,0.00,Denied,Coding Error,
CLM520983,ENC120983,PT10852,PY04,2025-12-09,2025-12-13,11204.42,5139.95,490.76,0.00,Pending,,
CLM520984,ENC120984,PT11122,PY06,2025-12-13,2025-12-18,83073.26,47904.98,6502.76,0.00,Pending,,
CLM520985,ENC120985,PT12525,PY03,2025-12-07,2025-12-12,3339.15,774.15,0.00,0.00,Pending,,
CLM520986,ENC120986,PT11452,PY04,2025-12-08,2025-12-12,22129.42,10859.81,439.67,10420.14,Paid,,2025-12-25
CLM520987,ENC120987,PT13305,PY04,2025-12-08,2025-12-14,12214.16,6435.73,861.25,0.00,Pending,,
CLM520988,ENC120988,PT10532,PY04,2025-12-08,2025-12-12,8042.91,4106.80,161.46,0.00,Pending,,
CLM520989,ENC120989,PT12485,PY01,2025-12-07,2025-12-09,576.30,167.97,8.43,159.54,Paid,,2025-12-17
CLM520990,ENC120990,PT10971,PY04,2025-12-07,2025-12-09,2348.90,1211.36,78.20,1133.16,Paid,,2025-12-30
CLM520991,ENC120991,PT11968,PY03,2025-12-10,2025-12-16,14029.79,3630.15,0.00,0.00,Pending,,
CLM520992,ENC120992,PT12947,PY03,2025-12-07,2025-12-16,2543.21,611.12,0.00,0.00,Pending,,
CLM520995,ENC120995,PT10299,PY06,2025-12-08,2025-12-11,4593.42,2298.25,166.12,2132.13,Paid,,2025-12-29
CLM520996,ENC120996,PT11374,PY01,2025-12-08,2025-12-13,3645.48,1289.13,112.24,1176.89,Paid,,2025-12-22
CLM520997,ENC120997,PT12401,PY02,2025-12-09,2025-12-15,5549.75,0.00,0.00,0.00,Denied,Eligibility / Coverage,
CLM520998,ENC120998,PT12180,PY02,2025-12-08,2025-12-16,3305.42,1081.49,71.27,0.00,Pending,,
CLM520999,ENC120999,PT12823,PY04,2025-12-13,2025-12-17,36882.86,0.00,0.00,0.00,Denied,Coding Error,
CLM521000,ENC121000,PT12446,PY03,2025-12-08,2025-12-10,235.41,55.59,0.00,0.00,Pending,,
CLM521001,ENC121001,PT10136,PY06,2025-12-08,2025-12-11,377.33,205.62,19.40,186.22,Paid,,2025-12-27
CLM521002,ENC121002,PT11604,PY06,2025-12-08,2025-12-16,327.17,183.24,23.46,0.00,Pending,,
CLM521003,ENC121003,PT11035,PY03,2025-12-08,2025-12-10,357.32,92.91,0.00,0.00,Pending,,
CLM521004,ENC121004,PT10739,PY03,2025-12-08,2025-12-10,265.83,58.02,0.00,0.00,Pending,,
CLM521005,ENC121005,PT11443,PY03,2025-12-08,2025-12-10,2922.75,684.83,0.00,0.00,Pending,,
CLM521006,ENC121006,PT10414,PY05,2025-12-08,2025-12-15,914.55,410.17,13.59,0.00,Pending,,
CLM521007,ENC121007,PT11221,PY02,2025-12-08,2025-12-12,135.37,44.88,4.06,0.00,Pending,,
CLM521008,ENC121008,PT11805,PY07,2025-12-08,2025-12-09,255.32,106.11,106.11,0.00,Pending,,
CLM521009,ENC121009,PT10401,PY03,2025-12-08,2025-12-09,272.06,64.59,0.00,0.00,Pending,,
CLM521010,ENC121010,PT12249,PY04,2025-12-08,2025-12-14,195.67,96.38,17.40,0.00,Pending,,
CLM521011,ENC121011,PT12963,PY01,2025-12-08,2025-12-11,4474.80,1383.49,102.25,1281.24,Paid,,2025-12-23
CLM521012,ENC121012,PT11245,PY03,2025-12-08,2025-12-09,1861.73,0.00,0.00,0.00,Denied,Authorization Required,
CLM521013,ENC121013,PT13092,PY02,2025-12-16,2025-12-19,31721.18,9893.83,498.59,0.00,Pending,,
CLM521014,ENC121014,PT12528,PY07,2025-12-08,2025-12-14,10091.40,4192.64,4192.64,0.00,Pending,,
CLM521015,ENC121015,PT13634,PY03,2025-12-08,2025-12-17,328.99,80.33,0.00,0.00,Pending,,
CLM521016,ENC121016,PT10458,PY04,2025-12-08,2025-12-13,339.71,180.87,16.76,164.11,Paid,,2025-12-28
CLM521017,ENC121017,PT11462,PY04,2025-12-11,2025-12-13,14459.37,8412.52,514.54,0.00,Pending,,
CLM521018,ENC121018,PT13109,PY07,2025-12-08,2025-12-12,1077.49,455.11,455.11,0.00,Pending,,
CLM521019,ENC121019,PT12566,PY04,2025-12-12,2025-12-17,18873.70,10283.62,1309.93,0.00,Pending,,
CLM521020,ENC121020,PT13261,PY02,2025-12-08,2025-12-11,12073.90,4105.76,110.14,0.00,Pending,,
CLM521021,ENC121021,PT13036,PY04,2025-12-08,2025-12-12,5191.45,2624.88,176.09,0.00,Pending,,
CLM521022,ENC121022,PT13312,PY06,2025-12-17,2025-12-19,75803.55,0.00,0.00,0.00,Denied,Authorization Required,
CLM521023,ENC121023,PT13357,PY03,2025-12-09,2025-12-16,6302.22,1484.30,0.00,0.00,Pending,,
CLM521024,ENC121024,PT12384,PY04,2025-12-08,2025-12-10,275.50,0.00,0.00,0.00,Denied,Medical Necessity,
CLM521026,ENC121026,PT11406,PY02,2025-12-08,2025-12-11,5183.23,2039.20,89.85,0.00,Pending,,
CLM521027,ENC121027,PT13001,PY01,2025-12-08,2025-12-11,2036.53,578.24,45.54,532.70,Paid,,2025-12-30
CLM521028,ENC121028,PT12603,PY03,2025-12-08,2025-12-15,219.23,58.46,0.00,0.00,Pending,,
CLM521029,ENC121029,PT13012,PY05,2025-12-08,2025-12-13,227.52,0.00,0.00,0.00,Denied,Medical Necessity,
CLM521030,ENC121030,PT13095,PY05,2025-12-08,2025-12-13,2232.12,1073.87,45.97,0.00,Pending,,
CLM521031,ENC121031,PT10502,PY07,2025-12-14,2025-12-17,18671.35,6932.74,6932.74,0.00,Pending,,
CLM521032,ENC121032,PT13555,PY01,2025-12-08,2025-12-11,2645.92,890.48,46.65,843.83,Paid,,2025-12-25
CLM521033,ENC121033,PT13366,PY03,2025-12-08,2025-12-12,485.73,0.00,0.00,0.00,Denied,Coding Error,
CLM521034,ENC121034,PT10847,PY02,2025-12-08,2025-12-10,455.67,153.79,3.01,150.78,Paid,,2025-12-23
CLM521035,ENC121035,PT12968,PY02,2025-12-08,2025-12-13,955.76,315.22,34.08,281.14,Paid,,2025-12-27
CLM521036,ENC121036,PT12584,PY02,2025-12-08,2025-12-10,245.89,83.11,4.58,0.00,Pending,,
CLM521037,ENC121037,PT12683,PY01,2025-12-12,2025-12-15,20277.35,0.00,0.00,0.00,Denied,Authorization Required,
CLM521038,ENC121038,PT11501,PY05,2025-12-09,2025-12-16,14650.62,7231.59,1507.20,0.00,Pending,,
CLM521039,ENC121039,PT13707,PY03,2025-12-08,2025-12-11,1155.55,256.08,0.00,0.00,Pending,,
CLM521040,ENC121040,PT11645,PY04,2025-12-10,2025-12-14,8205.00,4536.37,251.88,4284.49,Paid,,2025-12-27
CLM521041,ENC121041,PT12672,PY01,2025-12-08,2025-12-14,2070.75,0.00,0.00,0.00,Denied,Authorization Required,
CLM521042,ENC121042,PT11396,PY04,2025-12-08,2025-12-12,4464.59,2195.81,483.43,0.00,Pending,,
CLM521043,ENC121043,PT12199,PY03,2025-12-18,2025-12-24,65869.37,15796.64,0.00,0.00,Pending,,
CLM521044,ENC121044,PT10815,PY01,2025-12-16,2025-12-18,35394.82,10782.96,763.05,0.00,Pending,,
CLM521045,ENC121045,PT13818,PY04,2025-12-09,2025-12-15,4564.75,2281.65,299.73,0.00,Pending,,
CLM521046,ENC121046,PT10910,PY05,2025-12-09,2025-12-14,2527.59,1376.16,220.87,0.00,Pending,,
CLM521047,ENC121047,PT11296,PY05,2025-12-09,2025-12-26,1591.13,688.07,57.10,0.00,Pending,,
CLM521048,ENC121048,PT10307,PY01,2025-12-14,2025-12-24,22325.37,0.00,0.00,0.00,Denied,Medical Necessity,
CLM521050,ENC121050,PT13400,PY04,2025-12-10,2025-12-12,14814.19,7555.05,1319.26,0.00,Pending,,
CLM521051,ENC121051,PT12404,PY05,2025-12-13,2025-12-20,44166.68,21975.92,2563.74,0.00,Pending,,
CLM521052,ENC121052,PT13989,PY01,2025-12-09,2025-12-13,189.21,64.69,5.07,52.71,Partially Paid,Coding Error,2025-12-25
CLM521053,ENC121053,PT10553,PY06,2025-12-12,2025-12-16,37617.94,19937.96,2486.65,0.00,Pending,,
CLM521054,ENC121054,PT12480,PY03,2025-12-09,2025-12-12,292.33,69.32,0.00,0.00,Pending,,
CLM521055,ENC121055,PT10010,PY05,2025-12-10,2025-12-15,12380.87,5830.79,726.02,0.00,Pending,,
CLM521056,ENC121056,PT10886,PY02,2025-12-09,2025-12-13,4401.62,1469.98,110.72,0.00,Pending,,
CLM521057,ENC121057,PT13567,PY05,2025-12-09,2025-12-13,106.04,0.00,0.00,0.00,Denied,Coding Error,
CLM521058,ENC121058,PT10752,PY03,2025-12-12,2025-12-13,15826.20,3966.99,0.00,0.00,Pending,,
CLM521059,ENC121059,PT12174,PY03,2025-12-11,2025-12-14,8130.97,0.00,0.00,0.00,Denied,Duplicate Claim,
CLM521060,ENC121060,PT12454,PY02,2025-12-10,2025-12-13,25758.46,8234.18,165.89,0.00,Pending,,
CLM521061,ENC121061,PT12125,PY02,2025-12-09,2025-12-12,308.84,98.05,8.98,0.00,Pending,,
CLM521062,ENC121062,PT13708,PY06,2025-12-09,2025-12-19,8903.25,5352.76,896.14,0.00,Pending,,
CLM521063,ENC121063,PT12340,PY06,2025-12-09,2025-12-17,4467.90,2495.79,436.72,2059.07,Paid,,2025-12-29
CLM521064,ENC121064,PT11206,PY05,2025-12-09,2025-12-10,286.56,151.48,28.62,0.00,Pending,,
CLM521065,ENC121065,PT10205,PY02,2025-12-09,2025-12-12,259.55,84.61,5.51,79.10,Paid,,2025-12-31
CLM521066,ENC121066,PT13112,PY03,2025-12-09,2025-12-21,255.23,61.34,0.00,0.00,Pending,,
CLM521067,ENC121067,PT11608,PY04,2025-12-09,2025-12-11,3202.77,1505.19,167.84,1035.02,Partially Paid,Coding Error,2025-12-29
CLM521068,ENC121068,PT13326,PY04,2025-12-14,2025-12-15,61227.32,30620.88,3128.36,0.00,Pending,,
CLM521069,ENC121069,PT11604,PY06,2025-12-14,2025-12-20,23921.17,13312.33,1343.18,0.00,Pending,,
CLM521070,ENC121070,PT11918,PY03,2025-12-09,2025-12-11,2719.71,693.99,0.00,0.00,Pending,,
CLM521071,ENC121071,PT10739,PY03,2025-12-09,2025-12-14,274.55,71.56,0.00,0.00,Pending,,
CLM521072,ENC121072,PT12920,PY03,2025-12-09,2025-12-16,180.69,41.88,0.00,41.88,Paid,,2025-12-31
CLM521073,ENC121073,PT11247,PY04,2025-12-09,2025-12-14,309.80,137.80,5.23,0.00,Pending,,
CLM521074,ENC121074,PT11632,PY03,2025-12-09,2025-12-14,818.62,219.85,0.00,0.00,Pending,,
CLM521075,ENC121075,PT11855,PY03,2025-12-09,2025-12-12,377.56,96.64,0.00,0.00,Pending,,
CLM521076,ENC121076,PT11413,PY03,2025-12-09,2025-12-11,1425.08,322.79,0.00,0.00,Pending,,
CLM521077,ENC121077,PT13955,PY01,2025-12-09,2025-12-18,251.01,76.03,6.09,69.94,Paid,,2025-12-26
CLM521078,ENC121078,PT10783,PY02,2025-12-13,2025-12-25,21021.11,6657.79,540.68,0.00,Pending,,
CLM521079,ENC121079,PT10950,PY03,2025-12-09,2025-12-15,3005.18,682.71,0.00,0.00,Pending,,
CLM521080,ENC121080,PT12910,PY05,2025-12-09,2025-12-10,200.78,0.00,0.00,0.00,Denied,Medical Necessity,
CLM521081,ENC121081,PT10351,PY01,2025-12-16,2025-12-17,75860.47,21120.34,2655.52,0.00,Pending,,
CLM521082,ENC121082,PT12920,PY03,2025-12-09,2025-12-19,421.44,93.56,0.00,0.00,Pending,,
CLM521083,ENC121083,PT13472,PY03,2025-12-09,2025-12-13,393.03,0.00,0.00,0.00,Denied,Authorization Required,
CLM521084,ENC121084,PT13443,PY06,2025-12-13,2025-12-23,23632.22,10824.59,1198.69,0.00,Pending,,
CLM521085,ENC121085,PT11665,PY06,2025-12-09,2025-12-15,1751.21,1007.15,99.73,0.00,Pending,,
CLM521086,ENC121086,PT12537,PY01,2025-12-15,2025-12-18,31371.02,9758.91,1134.35,0.00,Pending,,
CLM521087,ENC121087,PT11897,PY02,2025-12-09,2025-12-14,1371.51,494.36,42.66,0.00,Pending,,
CLM521088,ENC121088,PT12951,PY05,2025-12-09,2025-12-10,3339.70,1707.35,129.04,0.00,Pending,,
CLM521089,ENC121089,PT10270,PY02,2025-12-14,2025-12-20,39906.28,13273.88,279.16,0.00,Pending,,
CLM521090,ENC121090,PT11351,PY07,2025-12-11,2025-12-15,12872.01,5062.70,5062.70,0.00,Pending,,
CLM521091,ENC121091,PT11882,PY01,2025-12-15,2025-12-27,32176.27,9367.61,1126.95,0.00,Pending,,
CLM521092,ENC121092,PT12759,PY04,2025-12-12,2025-12-18,19212.47,0.00,0.00,0.00,Denied,Authorization Required,
CLM521093,ENC121093,PT12952,PY06,2025-12-23,2025-12-25,20133.20,10772.16,1203.20,0.00,Pending,,
CLM521094,ENC121094,PT10978,PY05,2025-12-12,2025-12-21,50145.34,23449.12,2558.00,0.00,Pending,,
CLM521095,ENC121095,PT13811,PY01,2025-12-14,2025-12-17,54862.12,0.00,0.00,0.00,Denied,Medical Necessity,
CLM521096,ENC121096,PT10177,PY02,2025-12-16,2025-12-17,61917.79,0.00,0.00,0.00,Denied,Coding Error,
CLM521097,ENC121097,PT11816,PY01,2025-12-16,2025-12-27,31927.49,10407.99,1256.41,0.00,Pending,,
CLM521098,ENC121098,PT11785,PY01,2025-12-10,2025-12-15,101.28,29.63,0.00,29.63,Paid,,2025-12-23
CLM521099,ENC121099,PT13061,PY03,2025-12-10,2025-12-12,230.64,53.99,0.00,0.00,Pending,,
CLM521100,ENC121100,PT11283,PY02,2025-12-10,2025-12-13,112.22,39.13,1.86,0.00,Pending,,
CLM521101,ENC121101,PT13575,PY03,2025-12-19,2025-12-25,84630.88,21335.54,0.00,0.00,Pending,,
CLM521102,ENC121102,PT13768,PY03,2025-12-10,2025-12-22,1194.93,308.37,0.00,0.00,Pending,,
CLM521103,ENC121103,PT10879,PY01,2025-12-10,2025-12-15,365.05,111.79,8.00,90.17,Partially Paid,Medical Necessity,2025-12-21
CLM521104,ENC121104,PT13137,PY04,2025-12-10,2025-12-15,146.25,69.66,4.81,0.00,Pending,,
CLM521105,ENC121105,PT12440,PY01,2025-12-10,2025-12-14,3516.49,1053.63,137.64,915.99,Paid,,2025-12-24
CLM521106,ENC121106,PT10744,PY03,2025-12-10,2025-12-16,311.81,67.70,0.00,0.00,Pending,,
CLM521107,ENC121107,PT13746,PY01,2025-12-10,2025-12-11,254.08,78.03,5.46,0.00,Pending,,
CLM521108,ENC121108,PT13500,PY01,2025-12-10,2025-12-19,139.69,44.54,0.00,0.00,Pending,,
CLM521109,ENC121109,PT12401,PY02,2025-12-10,2025-12-12,221.15,71.82,2.85,0.00,Pending,,
CLM521110,ENC121110,PT13436,PY02,2025-12-10,2025-12-15,142.31,44.45,2.61,0.00,Pending,,
CLM521111,ENC121111,PT10267,PY04,2025-12-10,2025-12-12,1628.62,867.83,4.02,0.00,Pending,,
CLM521112,ENC121112,PT12207,PY06,2025-12-10,2025-12-14,245.68,132.93,11.10,121.83,Paid,,2025-12-26
CLM521113,ENC121113,PT13901,PY04,2025-12-10,2025-12-13,1596.12,0.00,0.00,0.00,Denied,Coding Error,
CLM521114,ENC121114,PT10900,PY02,2025-12-10,2025-12-13,201.46,71.41,7.13,0.00,Pending,,
CLM521115,ENC121115,PT12428,PY06,2025-12-10,2025-12-19,700.35,404.78,57.18,0.00,Pending,,
CLM521116,ENC121116,PT11848,PY02,2025-12-10,2025-12-12,238.94,78.79,2.84,0.00,Pending,,
CLM521117,ENC121117,PT12048,PY03,2025-12-10,2025-12-17,327.90,83.72,0.00,0.00,Pending,,
CLM521118,ENC121118,PT10039,PY03,2025-12-10,2025-12-14,296.61,78.01,0.00,0.00,Pending,,
CLM521119,ENC121119,PT10623,PY04,2025-12-14,2025-12-25,25378.34,13709.44,859.53,0.00,Pending,,
CLM521120,ENC121120,PT11198,PY03,2025-12-10,2025-12-14,216.74,0.00,0.00,0.00,Denied,Coding Error,
CLM521121,ENC121121,PT13215,PY02,2025-12-10,2025-12-14,290.36,98.42,4.95,0.00,Pending,,
CLM521122,ENC121122,PT11691,PY05,2025-12-10,2025-12-18,2816.38,1312.91,57.42,0.00,Pending,,
CLM521123,ENC121123,PT11069,PY05,2025-12-10,2025-12-21,270.77,142.10,29.37,0.00,Pending,,
CLM521124,ENC121124,PT11390,PY01,2025-12-10,2025-12-12,142.50,0.00,0.00,0.00,Denied,Missing Documentation,
CLM521125,ENC121125,PT13786,PY07,2025-12-10,2025-12-25,461.35,190.35,190.35,0.00,Pending,,
CLM521126,ENC121126,PT13370,PY04,2025-12-10,2025-12-17,279.20,134.67,17.95,0.00,Pending,,
CLM521127,ENC121127,PT13869,PY01,2025-12-10,2025-12-14,1699.65,547.71,72.06,475.65,Paid,,2025-12-21
CLM521128,ENC121128,PT10138,PY03,2025-12-10,2025-12-26,1359.09,355.11,0.00,0.00,Pending,,
CLM521129,ENC121129,PT11722,PY05,2025-12-10,2025-12-12,3118.06,1594.21,150.55,0.00,Pending,,
CLM521130,ENC121130,PT12024,PY01,2025-12-11,2025-12-13,8652.98,2620.49,182.42,2438.07,Paid,,2025-12-25
CLM521131,ENC121131,PT11801,PY07,2025-12-10,2025-12-12,438.17,199.54,199.54,0.00,Pending,,
CLM521132,ENC121132,PT13097,PY01,2025-12-10,2025-12-14,6873.75,2014.61,233.49,0.00,Pending,,
CLM521133,ENC121133,PT11935,PY03,2025-12-10,2025-12-15,1767.43,467.63,0.00,0.00,Pending,,
CLM521134,ENC121134,PT12434,PY01,2025-12-10,2025-12-14,1586.21,449.83,73.27,376.56,Paid,,2025-12-23
CLM521135,ENC121135,PT10357,PY04,2025-12-10,2025-12-15,1283.82,707.62,76.33,0.00,Pending,,
CLM521137,ENC121137,PT13620,PY03,2025-12-18,2025-12-20,37574.58,8627.69,0.00,0.00,Pending,,
CLM521138,ENC121138,PT12990,PY03,2025-12-15,2025-12-20,31493.25,7171.06,0.00,0.00,Pending,,
CLM521139,ENC121139,PT10391,PY05,2025-12-11,2025-12-15,1693.75,778.84,63.54,0.00,Pending,,
CLM521140,ENC121140,PT11624,PY03,2025-12-11,2025-12-12,360.08,99.57,0.00,0.00,Pending,,
CLM521141,ENC121141,PT10701,PY03,2025-12-11,2025-12-15,96.32,25.37,0.00,0.00,Pending,,
CLM521142,ENC121142,PT13806,PY02,2025-12-11,2025-12-13,6454.28,2291.05,133.06,0.00,Pending,,
CLM521143,ENC121143,PT12011,PY04,2025-12-11,2025-12-15,628.90,328.20,17.10,0.00,Pending,,
CLM521144,ENC121144,PT12773,PY05,2025-12-11,2025-12-13,310.85,164.50,15.42,0.00,Pending,,
CLM521145,ENC121145,PT13133,PY05,2025-12-11,2025-12-15,20078.58,9454.71,833.90,0.00,Pending,,
CLM521146,ENC121146,PT10283,PY01,2025-12-21,2025-12-27,126816.73,40224.36,4004.87,0.00,Pending,,
CLM521147,ENC121147,PT12577,PY05,2025-12-11,2025-12-15,1429.91,607.46,20.01,0.00,Pending,,
CLM521148,ENC121148,PT13719,PY02,2025-12-16,2025-12-20,25660.54,7960.98,757.34,0.00,Pending,,
CLM521149,ENC121149,PT13964,PY01,2025-12-13,2025-12-21,8013.33,2618.77,111.24,0.00,Pending,,
CLM521151,ENC121151,PT10337,PY03,2025-12-11,2025-12-18,246.31,61.20,0.00,0.00,Pending,,
CLM521152,ENC121152,PT10878,PY01,2025-12-11,2025-12-14,797.38,248.72,36.57,212.15,Paid,,2025-12-24
CLM521153,ENC121153,PT13991,PY02,2025-12-11,2025-12-15,6845.14,0.00,0.00,0.00,Denied,Medical Necessity,
CLM521154,ENC121154,PT11353,PY06,2025-12-14,2025-12-18,12820.79,7941.70,1569.53,0.00,Pending,,
CLM521155,ENC121155,PT11520,PY03,2025-12-11,2025-12-15,532.95,123.75,0.00,0.00,Pending,,
CLM521156,ENC121156,PT11187,PY03,2025-12-11,2025-12-28,9136.31,2101.69,0.00,0.00,Pending,,
CLM521157,ENC121157,PT13020,PY03,2025-12-11,2025-12-19,223.46,54.33,0.00,0.00,Pending,,
CLM521158,ENC121158,PT13539,PY06,2025-12-11,2025-12-14,8230.96,4764.83,297.89,4466.94,Paid,,2025-12-24
CLM521159,ENC121159,PT13187,PY02,2025-12-11,2025-12-15,320.88,0.00,0.00,0.00,Denied,Authorization Required,
CLM521160,ENC121160,PT10523,PY01,2025-12-11,2025-12-20,465.47,133.74,0.00,0.00,Pending,,
CLM521161,ENC121161,PT12745,PY01,2025-12-11,2025-12-18,132.17,0.00,0.00,0.00,Denied,Eligibility / Coverage,
CLM521162,ENC121162,PT11934,PY07,2025-12-11,2025-12-13,1552.10,617.62,617.62,0.00,Pending,,
CLM521163,ENC121163,PT10761,PY02,2025-12-11,2025-12-17,405.08,130.25,4.83,0.00,Pending,,
CLM521164,ENC121164,PT10180,PY02,2025-12-23,2025-12-26,153289.75,48907.26,3602.57,0.00,Pending,,
CLM521165,ENC121165,PT13865,PY02,2025-12-11,2025-12-22,259.94,81.83,3.85,0.00,Pending,,
CLM521166,ENC121166,PT10019,PY04,2025-12-11,2025-12-14,671.55,335.64,52.39,0.00,Pending,,
CLM521167,ENC121167,PT12338,PY03,2025-12-11,2025-12-15,289.60,69.34,0.00,0.00,Pending,,
CLM521168,ENC121168,PT11806,PY06,2025-12-11,2025-12-13,157.20,81.80,5.29,0.00,Pending,,
CLM521169,ENC121169,PT11577,PY07,2025-12-11,2025-12-15,295.16,124.08,124.08,0.00,Pending,,
CLM521170,ENC121170,PT11713,PY02,2025-12-11,2025-12-16,7898.23,2292.39,94.13,0.00,Pending,,
CLM521171,ENC121171,PT13386,PY01,2025-12-14,2025-12-19,30179.52,10194.67,973.85,9220.82,Paid,,2025-12-27
CLM521172,ENC121172,PT11237,PY02,2025-12-11,2025-12-21,3254.82,1073.65,57.75,0.00,Pending,,
CLM521173,ENC121173,PT10184,PY04,2025-12-12,2025-12-14,4112.16,0.00,0.00,0.00,Denied,Medical Necessity,
CLM521174,ENC121174,PT12291,PY01,2025-12-14,2025-12-17,11702.04,0.00,0.00,0.00,Denied,Authorization Required,
CLM521175,ENC121175,PT10722,PY04,2025-12-12,2025-12-15,2598.39,1314.15,198.49,0.00,Pending,,
CLM521176,ENC121176,PT11968,PY03,2025-12-17,2025-12-20,27429.55,6504.34,0.00,0.00,Pending,,
CLM521177,ENC121177,PT11758,PY07,2025-12-12,2025-12-19,3182.62,1181.56,1181.56,0.00,Pending,,
CLM521178,ENC121178,PT10609,PY04,2025-12-16,2025-12-19,15221.84,7177.61,1381.74,0.00,Pending,,
CLM521179,ENC121179,PT12840,PY04,2025-12-12,2025-12-14,264.60,133.40,7.73,0.00,Pending,,
CLM521180,ENC121180,PT10395,PY02,2025-12-12,2025-12-16,350.78,128.45,3.52,0.00,Pending,,
CLM521182,ENC121182,PT10111,PY07,2025-12-12,2025-12-13,479.16,189.80,189.80,0.00,Pending,,
CLM521183,ENC121183,PT10915,PY06,2025-12-15,2025-12-23,14584.99,8330.07,945.94,0.00,Pending,,
CLM521184,ENC121184,PT10267,PY04,2025-12-12,2025-12-17,249.45,126.95,20.73,0.00,Pending,,
CLM521185,ENC121185,PT11398,PY04,2025-12-12,2025-12-14,333.43,199.70,14.04,0.00,Pending,,
CLM521186,ENC121186,PT12200,PY03,2025-12-12,2025-12-16,4454.28,0.00,0.00,0.00,Denied,Coding Error,
CLM521187,ENC121187,PT13161,PY02,2025-12-12,2025-12-16,296.00,99.66,8.87,0.00,Pending,,
CLM521188,ENC121188,PT12781,PY03,2025-12-12,2025-12-17,263.09,63.52,0.00,0.00,Pending,,
CLM521189,ENC121189,PT11764,PY01,2025-12-12,2025-12-28,371.68,0.00,0.00,0.00,Denied,Authorization Required,
CLM521190,ENC121190,PT10606,PY01,2025-12-14,2025-12-16,12983.44,3598.18,192.42,3405.76,Paid,,2025-12-26
CLM521191,ENC121191,PT10280,PY03,2025-12-12,2025-12-18,455.05,113.98,0.00,0.00,Pending,,
CLM521192,ENC121192,PT11034,PY04,2025-12-16,2025-12-18,22449.38,13327.01,2933.09,0.00,Pending,,
CLM521193,ENC121193,PT12789,PY01,2025-12-12,2025-12-17,366.72,110.36,11.39,98.97,Paid,,2025-12-24
CLM521194,ENC121194,PT10508,PY02,2025-12-12,2025-12-13,933.50,299.56,19.86,279.70,Paid,,2025-12-29
CLM521195,ENC121195,PT10882,PY04,2025-12-19,2025-12-24,29653.25,15747.95,1182.10,0.00,Pending,,
CLM521196,ENC121196,PT11981,PY01,2025-12-12,2025-12-16,376.28,111.83,9.13,102.70,Paid,,2025-12-29
CLM521197,ENC121197,PT12522,PY07,2025-12-12,2025-12-16,8360.56,2906.70,2906.70,0.00,Pending,,
CLM521198,ENC121198,PT12450,PY06,2025-12-12,2025-12-22,1306.61,711.86,59.44,0.00,Pending,,
CLM521199,ENC121199,PT10479,PY03,2025-12-15,2025-12-18,11692.28,2924.95,0.00,0.00,Pending,,
CLM521200,ENC121200,PT11677,PY01,2025-12-18,2025-12-24,27986.43,9084.86,658.17,0.00,Pending,,
CLM521201,ENC121201,PT10603,PY02,2025-12-12,2025-12-16,121.54,41.31,1.82,0.00,Pending,,
CLM521202,ENC121202,PT13050,PY01,2025-12-12,2025-12-17,270.55,85.27,4.30,0.00,Pending,,
CLM521203,ENC121203,PT13780,PY06,2025-12-12,2025-12-21,351.71,175.71,34.40,0.00,Pending,,
CLM521204,ENC121204,PT10497,PY02,2025-12-12,2025-12-21,123.61,41.93,0.68,0.00,Pending,,
CLM521205,ENC121205,PT11691,PY05,2025-12-15,2025-12-17,39459.99,20289.72,3367.51,0.00,Pending,,
CLM521206,ENC121206,PT11534,PY04,2025-12-12,2025-12-17,536.24,244.69,27.68,0.00,Pending,,
CLM521207,ENC121207,PT13330,PY01,2025-12-12,2025-12-19,1384.34,432.03,21.61,0.00,Pending,,
CLM521208,ENC121208,PT11214,PY05,2025-12-16,2025-12-21,94173.35,45427.01,5935.68,0.00,Pending,,
CLM521209,ENC121209,PT11787,PY05,2025-12-14,2025-12-18,13608.56,6291.85,1148.32,0.00,Pending,,
CLM521210,ENC121210,PT12947,PY03,2025-12-17,2025-12-24,18630.17,4707.54,0.00,0.00,Pending,,
CLM521211,ENC121211,PT11621,PY04,2025-12-12,2025-12-18,1889.94,920.59,84.07,836.52,Paid,,2025-12-31
CLM521212,ENC121212,PT13319,PY04,2025-12-13,2025-12-16,8502.82,4077.63,69.73,0.00,Pending,,
CLM521213,ENC121213,PT11117,PY01,2025-12-12,2025-12-16,1002.12,320.87,26.88,293.99,Paid,,2025-12-26
CLM521214,ENC121214,PT10826,PY01,2025-12-15,2025-12-17,47573.20,15394.22,1790.41,13603.81,Paid,,2025-12-31
CLM521215,ENC121215,PT10054,PY05,2025-12-15,2025-12-20,20225.27,11013.00,707.17,0.00,Pending,,
CLM521216,ENC121216,PT11805,PY07,2025-12-13,2025-12-16,559.58,243.81,243.81,0.00,Pending,,
CLM521217,ENC121217,PT11242,PY04,2025-12-13,2025-12-15,5145.69,2853.43,446.26,0.00,Pending,,
CLM521218,ENC121218,PT11115,PY02,2025-12-17,2025-12-21,20848.01,0.00,0.00,0.00,Denied,Authorization Required,
CLM521219,ENC121219,PT13050,PY01,2025-12-16,2025-12-25,14500.92,4059.10,325.65,0.00,Pending,,
CLM521220,ENC121220,PT11191,PY04,2025-12-13,2025-12-23,564.27,287.44,15.12,0.00,Pending,,
CLM521222,ENC121222,PT11646,PY04,2025-12-13,2025-12-18,1318.36,720.37,126.77,0.00,Pending,,
CLM521223,ENC121223,PT11919,PY02,2025-12-21,2025-12-27,32247.86,0.00,0.00,0.00,Denied,Authorization Required,
CLM521224,ENC121224,PT11548,PY05,2025-12-13,2025-12-30,3339.30,1458.12,234.71,0.00,Pending,,
CLM521225,ENC121225,PT13884,PY04,2025-12-16,2025-12-22,12363.52,6437.66,826.16,0.00,Pending,,
CLM521226,ENC121226,PT11518,PY04,2025-12-13,2025-12-18,5949.66,3475.10,564.12,0.00,Pending,,
CLM521227,ENC121227,PT12101,PY05,2025-12-13,2025-12-18,1593.37,905.82,121.81,0.00,Pending,,
CLM521228,ENC121228,PT11859,PY01,2025-12-13,2025-12-25,821.54,272.01,18.35,0.00,Pending,,
CLM521229,ENC121229,PT12465,PY03,2025-12-13,2025-12-17,793.89,194.98,0.00,0.00,Pending,,
CLM521230,ENC121230,PT13261,PY02,2025-12-21,2025-12-26,26781.72,8794.70,463.29,0.00,Pending,,
CLM521231,ENC121231,PT12426,PY01,2025-12-13,2025-12-15,1430.81,525.86,46.16,479.70,Paid,,2025-12-27
CLM521232,ENC121232,PT13999,PY04,2025-12-14,2025-12-15,6617.27,3295.23,112.64,0.00,Pending,,
CLM521233,ENC121233,PT11703,PY03,2025-12-22,2025-12-27,39070.44,9509.17,0.00,0.00,Pending,,
CLM521234,ENC121234,PT10235,PY04,2025-12-14,2025-12-22,7588.04,3639.39,495.27,0.00,Pending,,
CLM521235,ENC121235,PT10026,PY07,2025-12-14,2025-12-16,2785.08,1141.60,1141.60,0.00,Pending,,
CLM521236,ENC121236,PT10267,PY04,2025-12-20,2025-12-23,70884.43,33768.58,4059.22,0.00,Pending,,
CLM521237,ENC121237,PT12049,PY01,2025-12-16,2025-12-27,6249.27,1787.47,225.48,0.00,Pending,,
CLM521238,ENC121238,PT12455,PY01,2025-12-23,2025-12-27,56817.16,19048.17,1494.73,0.00,Pending,,
CLM521239,ENC121239,PT11003,PY03,2025-12-14,2025-12-23,2591.47,583.01,0.00,0.00,Pending,,
CLM521240,ENC121240,PT11930,PY01,2025-12-14,2025-12-21,3402.49,1000.30,29.11,0.00,Pending,,
CLM521241,ENC121241,PT13682,PY03,2025-12-14,2025-12-16,1945.40,488.71,0.00,0.00,Pending,,
CLM521242,ENC121242,PT11608,PY04,2025-12-14,2025-12-21,5292.19,2988.58,232.43,0.00,Pending,,
CLM521243,ENC121243,PT12544,PY03,2025-12-14,2025-12-17,3740.70,975.97,0.00,0.00,Pending,,
CLM521244,ENC121244,PT10347,PY02,2025-12-14,2025-12-24,1338.47,454.54,24.35,0.00,Pending,,
CLM521245,ENC121245,PT12321,PY01,2025-12-16,2025-12-26,7206.58,2207.19,373.48,0.00,Pending,,
CLM521247,ENC121247,PT11443,PY03,2025-12-18,2025-12-22,26730.99,0.00,0.00,0.00,Denied,Coding Error,
CLM521248,ENC121248,PT11883,PY05,2025-12-21,2025-12-29,30541.60,16464.66,876.46,0.00,Pending,,
CLM521249,ENC121249,PT10631,PY04,2025-12-15,2025-12-20,1272.64,685.45,118.62,0.00,Pending,,
CLM521250,ENC121250,PT12901,PY06,2025-12-15,2025-12-19,3624.51,0.00,0.00,0.00,Denied,Eligibility / Coverage,
CLM521251,ENC121251,PT13685,PY03,2025-12-15,2025-12-17,788.89,185.95,0.00,0.00,Pending,,
CLM521252,ENC121252,PT13397,PY04,2025-12-15,2025-12-17,2634.43,1384.60,64.58,0.00,Pending,,
CLM521253,ENC121253,PT10822,PY01,2025-12-21,2025-12-26,18396.17,5627.44,443.79,0.00,Pending,,
CLM521254,ENC121254,PT11603,PY03,2025-12-15,2025-12-25,2138.76,527.45,0.00,0.00,Pending,,
CLM521255,ENC121255,PT11866,PY06,2025-12-17,2025-12-20,56883.78,30483.13,5092.54,0.00,Pending,,
CLM521257,ENC121257,PT10521,PY05,2025-12-15,2025-12-20,433.47,205.48,36.95,0.00,Pending,,
CLM521259,ENC121259,PT10871,PY04,2025-12-15,2025-12-19,3515.83,1943.27,293.70,0.00,Pending,,
CLM521260,ENC121260,PT10547,PY04,2025-12-15,2025-12-22,677.19,0.00,0.00,0.00,Denied,Medical Necessity,
CLM521261,ENC121261,PT11204,PY02,2025-12-15,2025-12-17,1273.98,446.98,15.09,0.00,Pending,,
CLM521262,ENC121262,PT13832,PY01,2025-12-15,2025-12-28,805.12,255.34,16.29,0.00,Pending,,
CLM521263,ENC121263,PT12685,PY06,2025-12-22,2025-12-23,83645.71,47120.42,5852.97,0.00,Pending,,
CLM521264,ENC121264,PT11712,PY01,2025-12-15,2025-12-22,470.21,147.83,6.73,141.10,Paid,,2025-12-29
CLM521265,ENC121265,PT10833,PY03,2025-12-15,2025-12-26,165.84,43.77,0.00,0.00,Pending,,
CLM521266,ENC121266,PT11247,PY04,2025-12-15,2025-12-17,3961.16,2129.71,272.02,0.00,Pending,,
CLM521267,ENC121267,PT13158,PY07,2025-12-15,2025-12-18,722.30,263.40,263.40,0.00,Pending,,
CLM521268,ENC121268,PT11449,PY01,2025-12-19,2025-12-30,21340.25,7212.43,548.85,0.00,Pending,,
CLM521269,ENC121269,PT12708,PY03,2025-12-15,2025-12-18,778.44,165.79,0.00,0.00,Pending,,
CLM521270,ENC121270,PT11983,PY03,2025-12-15,2025-12-18,480.20,114.32,0.00,0.00,Pending,,
CLM521271,ENC121271,PT10364,PY01,2025-12-15,2025-12-18,3815.72,1257.58,140.86,0.00,Pending,,
CLM521272,ENC121272,PT10495,PY01,2025-12-15,2025-12-30,2102.10,634.84,86.41,0.00,Pending,,
CLM521273,ENC121273,PT11979,PY06,2025-12-15,2025-12-21,360.63,197.18,17.44,0.00,Pending,,
CLM521274,ENC121274,PT11071,PY02,2025-12-15,2025-12-21,292.90,101.52,8.02,0.00,Pending,,
CLM521275,ENC121275,PT11163,PY01,2025-12-15,2025-12-18,240.64,73.93,11.05,0.00,Pending,,
CLM521276,ENC121276,PT10900,PY02,2025-12-15,2025-12-17,2290.65,773.61,18.84,0.00,Pending,,
CLM521277,ENC121277,PT13802,PY03,2025-12-15,2025-12-16,4415.43,1014.60,0.00,0.00,Pending,,
CLM521278,ENC121278,PT10893,PY03,2025-12-15,2025-12-26,309.33,0.00,0.00,0.00,Denied,Eligibility / Coverage,
CLM521279,ENC121279,PT12228,PY02,2025-12-15,2025-12-21,474.13,159.86,1.64,0.00,Pending,,
CLM521280,ENC121280,PT10422,PY01,2025-12-15,2025-12-19,284.12,79.17,10.10,0.00,Pending,,
CLM521281,ENC121281,PT11216,PY01,2025-12-15,2025-12-19,299.31,88.07,2.75,85.32,Paid,,2025-12-30
CLM521282,ENC121282,PT13804,PY07,2025-12-15,2025-12-24,386.16,165.74,165.74,0.00,Pending,,
CLM521283,ENC121283,PT13165,PY01,2025-12-15,2025-12-17,116.02,35.21,2.95,0.00,Pending,,
CLM521284,ENC121284,PT11791,PY01,2025-12-15,2025-12-17,331.76,100.99,4.79,74.98,Partially Paid,Missing Documentation,2025-12-27
CLM521285,ENC121285,PT12693,PY05,2025-12-15,2025-12-19,297.61,150.76,17.38,0.00,Pending,,
CLM521286,ENC121286,PT11161,PY01,2025-12-15,2025-12-19,305.89,93.88,17.55,76.33,Paid,,2025-12-30
CLM521287,ENC121287,PT11937,PY07,2025-12-19,2025-12-22,35873.97,14550.79,14550.79,0.00,Pending,,
CLM521288,ENC121288,PT11586,PY05,2025-12-15,2025-12-17,538.78,272.17,21.84,0.00,Pending,,
CLM521289,ENC121289,PT12893,PY04,2025-12-15,2025-12-20,1384.69,708.81,207.45,0.00,Pending,,
CLM521290,ENC121290,PT11772,PY06,2025-12-24,2025-12-31,89011.83,42951.22,4198.41,0.00,Pending,,
CLM521291,ENC121291,PT10444,PY01,2025-12-15,2025-12-18,1765.40,525.21,86.93,438.28,Paid,,2025-12-30
CLM521292,ENC121292,PT11055,PY01,2025-12-19,2025-12-24,18875.06,0.00,0.00,0.00,Denied,Medical Necessity,
CLM521293,ENC121293,PT10027,PY03,2025-12-17,2025-12-29,15700.09,3508.02,0.00,0.00,Pending,,
CLM521294,ENC121294,PT11101,PY01,2025-12-17,2025-12-22,8676.21,2677.53,111.29,0.00,Pending,,
CLM521295,ENC121295,PT11383,PY05,2025-12-18,2025-12-23,15492.77,7678.12,795.83,0.00,Pending,,
CLM521296,ENC121296,PT10631,PY04,2025-12-17,2025-12-23,11676.28,6149.61,457.61,0.00,Pending,,
CLM521297,ENC121297,PT10969,PY03,2025-12-16,2025-12-20,743.46,186.47,0.00,0.00,Pending,,
CLM521298,ENC121298,PT10070,PY02,2025-12-24,2025-12-27,48359.66,16028.10,460.82,0.00,Pending,,
CLM521299,ENC121299,PT12399,PY02,2025-12-20,2025-12-25,20414.81,0.00,0.00,0.00,Denied,Eligibility / Coverage,
CLM521300,ENC121300,PT10831,PY03,2025-12-16,2025-12-23,121.15,27.75,0.00,0.00,Pending,,
CLM521301,ENC121301,PT11112,PY06,2025-12-16,2025-12-19,439.57,258.32,23.16,0.00,Pending,,
CLM521302,ENC121302,PT11071,PY02,2025-12-16,2025-12-24,394.37,127.83,5.38,0.00,Pending,,
CLM521303,ENC121303,PT10011,PY01,2025-12-16,2025-12-22,3602.54,1010.72,100.80,909.92,Paid,,2025-12-30
CLM521304,ENC121304,PT13474,PY02,2025-12-20,2025-12-26,40622.18,14493.25,1095.35,0.00,Pending,,
CLM521305,ENC121305,PT12091,PY07,2025-12-16,2025-12-21,957.30,388.56,388.56,0.00,Pending,,
CLM521306,ENC121306,PT11577,PY07,2025-12-16,2025-12-21,4055.90,1533.43,1533.43,0.00,Pending,,
CLM521307,ENC121307,PT10050,PY04,2025-12-16,2025-12-19,387.11,199.54,25.58,0.00,Pending,,
CLM521310,ENC121310,PT12238,PY07,2025-12-16,2025-12-24,6668.66,2591.30,2591.30,0.00,Pending,,
CLM521311,ENC121311,PT13742,PY07,2025-12-16,2025-12-18,1053.94,421.88,421.88,0.00,Pending,,
CLM521312,ENC121312,PT11280,PY02,2025-12-16,2025-12-21,263.69,91.31,7.31,0.00,Pending,,
CLM521313,ENC121313,PT10081,PY01,2025-12-16,2025-12-22,352.46,0.00,0.00,0.00,Denied,Authorization Required,
CLM521314,ENC121314,PT11830,PY06,2025-12-16,2025-12-20,402.37,211.20,31.33,0.00,Pending,,
CLM521315,ENC121315,PT12168,PY07,2025-12-16,2025-12-26,259.37,100.39,100.39,0.00,Pending,,
CLM521316,ENC121316,PT11047,PY04,2025-12-18,2025-12-20,9986.35,5640.66,933.83,0.00,Pending,,
CLM521317,ENC121317,PT10491,PY06,2025-12-16,2025-12-18,322.79,0.00,0.00,0.00,Denied,Coding Error,
CLM521318,ENC121318,PT10829,PY04,2025-12-16,2025-12-21,139.01,68.36,6.15,0.00,Pending,,
CLM521319,ENC121319,PT12437,PY07,2025-12-16,2025-12-20,4667.12,1881.91,1881.91,0.00,Pending,,
CLM521320,ENC121320,PT10618,PY01,2025-12-16,2025-12-19,134.24,38.37,0.99,0.00,Pending,,
CLM521321,ENC121321,PT11964,PY02,2025-12-16,2025-12-25,134.29,0.00,0.00,0.00,Denied,Coding Error,
CLM521322,ENC121322,PT13440,PY01,2025-12-16,2025-12-19,217.84,62.27,3.69,58.58,Paid,,2025-12-25
CLM521323,ENC121323,PT10715,PY03,2025-12-16,2025-12-18,215.03,59.52,0.00,0.00,Pending,,
CLM521324,ENC121324,PT12620,PY03,2025-12-16,2025-12-19,275.86,70.95,0.00,0.00,Pending,,
CLM521325,ENC121325,PT13669,PY02,2025-12-22,2025-12-26,21248.59,6655.43,351.54,0.00,Pending,,
CLM521326,ENC121326,PT10335,PY01,2025-12-16,2025-12-17,429.31,127.13,13.10,114.03,Paid,,2025-12-24
CLM521327,ENC121327,PT13185,PY01,2025-12-18,2025-12-30,19882.36,6186.90,739.67,0.00,Pending,,
CLM521328,ENC121328,PT13110,PY02,2025-12-19,2025-12-20,18639.55,6070.41,348.22,0.00,Pending,,
CLM521329,ENC121329,PT11345,PY04,2025-12-19,2025-12-23,15800.46,7930.57,338.97,0.00,Pending,,
CLM521330,ENC121330,PT13414,PY04,2025-12-16,2025-12-21,3903.22,2328.79,546.58,0.00,Pending,,
CLM521331,ENC121331,PT12548,PY02,2025-12-23,2025-12-27,49128.22,14088.71,1498.47,0.00,Pending,,
CLM521332,ENC121332,PT13800,PY02,2025-12-16,2025-12-19,1489.55,511.71,28.07,0.00,Pending,,
CLM521333,ENC121333,PT11175,PY05,2025-12-16,2025-12-20,954.53,483.14,80.94,0.00,Pending,,
CLM521334,ENC121334,PT12159,PY05,2025-12-20,2025-12-25,19715.09,9428.37,1138.35,0.00,Pending,,
CLM521335,ENC121335,PT11977,PY04,2025-12-18,2025-12-25,11799.13,6574.42,1145.47,0.00,Pending,,
CLM521336,ENC121336,PT11576,PY03,2025-12-16,2025-12-21,3804.49,857.84,0.00,0.00,Pending,,
CLM521338,ENC121338,PT12537,PY01,2025-12-17,2025-12-19,1646.82,563.80,0.53,563.27,Paid,,2025-12-29
CLM521339,ENC121339,PT10337,PY03,2025-12-17,2025-12-21,7322.07,1834.34,0.00,0.00,Pending,,
CLM521340,ENC121340,PT12752,PY02,2025-12-17,2025-12-31,3870.77,1217.97,135.44,0.00,Pending,,
CLM521341,ENC121341,PT13586,PY01,2025-12-17,2025-12-20,3034.02,824.54,64.43,0.00,Pending,,
CLM521342,ENC121342,PT10978,PY05,2025-12-18,2025-12-22,7973.53,0.00,0.00,0.00,Denied,Authorization Required,
CLM521343,ENC121343,PT13656,PY05,2025-12-18,2025-12-23,9844.71,0.00,0.00,0.00,Denied,Eligibility / Coverage,
CLM521344,ENC121344,PT10422,PY01,2025-12-17,2025-12-21,268.04,87.48,8.09,0.00,Pending,,
CLM521345,ENC121345,PT10902,PY03,2025-12-17,2025-12-20,262.96,56.47,0.00,0.00,Pending,,
CLM521346,ENC121346,PT10880,PY07,2025-12-17,2025-12-24,141.68,53.03,53.03,0.00,Pending,,
CLM521347,ENC121347,PT10365,PY05,2025-12-17,2025-12-20,550.46,283.63,53.04,0.00,Pending,,
CLM521348,ENC121348,PT11482,PY05,2025-12-18,2025-12-22,17111.02,8775.28,901.06,0.00,Pending,,
CLM521349,ENC121349,PT11320,PY01,2025-12-17,2025-12-19,313.55,88.25,17.57,0.00,Pending,,
CLM521350,ENC121350,PT13411,PY06,2025-12-17,2025-12-22,431.38,247.52,38.64,0.00,Pending,,
CLM521351,ENC121351,PT13636,PY04,2025-12-21,2025-12-27,28069.06,0.00,0.00,0.00,Denied,Eligibility / Coverage,
CLM521352,ENC121352,PT10570,PY03,2025-12-17,2025-12-23,235.71,62.57,0.00,0.00,Pending,,
CLM521353,ENC121353,PT12304,PY01,2025-12-18,2025-12-24,4567.87,1411.60,179.04,0.00,Pending,,
CLM521354,ENC121354,PT11565,PY02,2025-12-17,2025-12-22,831.80,276.46,24.28,0.00,Pending,,
CLM521356,ENC121356,PT12085,PY05,2025-12-17,2025-12-21,545.73,276.55,51.91,0.00,Pending,,
CLM521357,ENC121357,PT12731,PY05,2025-12-20,2025-12-24,16220.43,8381.89,773.21,0.00,Pending,,
CLM521358,ENC121358,PT13958,PY05,2025-12-17,2025-12-29,287.91,155.00,21.45,0.00,Pending,,
CLM521359,ENC121359,PT13885,PY03,2025-12-17,2025-12-26,317.69,74.25,0.00,0.00,Pending,,
CLM521360,ENC121360,PT12049,PY01,2025-12-17,2025-12-26,425.39,133.82,7.94,0.00,Pending,,
CLM521361,ENC121361,PT12112,PY02,2025-12-17,2025-12-28,1692.88,482.25,22.40,0.00,Pending,,
CLM521363,ENC121363,PT13243,PY06,2025-12-17,2025-12-19,259.52,143.58,20.24,0.00,Pending,,
CLM521364,ENC121364,PT12380,PY04,2025-12-17,2025-12-23,2697.05,1477.64,199.42,0.00,Pending,,
CLM521365,ENC121365,PT13837,PY04,2025-12-17,2025-12-22,12025.42,7185.31,852.46,0.00,Pending,,
CLM521366,ENC121366,PT11530,PY03,2025-12-17,2025-12-21,232.52,60.79,0.00,0.00,Pending,,
CLM521367,ENC121367,PT13116,PY01,2025-12-17,2025-12-24,10798.31,3043.43,197.39,0.00,Pending,,
CLM521368,ENC121368,PT12487,PY01,2025-12-17,2025-12-19,175.25,0.00,0.00,0.00,Denied,Coding Error,
CLM521369,ENC121369,PT13493,PY05,2025-12-17,2025-12-25,183.79,103.70,5.69,0.00,Pending,,
CLM521370,ENC121370,PT10690,PY04,2025-12-17,2025-12-24,3998.48,2056.26,75.28,0.00,Pending,,
CLM521371,ENC121371,PT12237,PY07,2025-12-17,2025-12-22,7257.74,2687.06,2687.06,0.00,Pending,,
CLM521372,ENC121372,PT10816,PY06,2025-12-17,2025-12-20,668.89,382.43,36.37,0.00,Pending,,
CLM521373,ENC121373,PT12026,PY02,2025-12-18,2025-12-19,5616.68,1800.23,120.74,0.00,Pending,,
CLM521374,ENC121374,PT13101,PY01,2025-12-21,2025-12-30,13653.49,4211.30,247.01,0.00,Pending,,
CLM521375,ENC121375,PT11238,PY06,2025-12-17,2025-12-21,1473.53,821.84,114.79,0.00,Pending,,
CLM521376,ENC121376,PT13336,PY04,2025-12-17,2025-12-18,1305.57,715.52,107.84,0.00,Pending,,
CLM521377,ENC121377,PT10906,PY04,2025-12-18,2025-12-22,1329.87,703.66,101.76,0.00,Pending,,
CLM521378,ENC121378,PT13124,PY03,2025-12-18,2025-12-22,1079.32,254.65,0.00,0.00,Pending,,
CLM521379,ENC121379,PT13074,PY03,2025-12-17,2025-12-20,1270.50,290.47,0.00,0.00,Pending,,
CLM521380,ENC121380,PT10597,PY01,2025-12-18,2025-12-22,1706.94,539.82,38.87,0.00,Pending,,
CLM521381,ENC121381,PT10873,PY01,2025-12-17,2025-12-19,637.66,201.07,19.49,0.00,Pending,,
CLM521382,ENC121382,PT12687,PY01,2025-12-18,2025-12-19,834.61,312.13,21.52,0.00,Pending,,
CLM521384,ENC121384,PT10726,PY04,2025-12-18,2025-12-20,3844.09,1969.27,205.38,0.00,Pending,,
CLM521385,ENC121385,PT12210,PY05,2025-12-18,2025-12-23,7249.25,3100.24,301.37,0.00,Pending,,
CLM521386,ENC121386,PT13731,PY04,2025-12-19,2025-12-22,9478.46,5309.29,753.28,0.00,Pending,,
CLM521387,ENC121387,PT12851,PY01,2025-12-18,2025-12-31,2424.82,854.91,90.43,0.00,Pending,,
CLM521388,ENC121388,PT13068,PY04,2025-12-25,2025-12-29,80588.56,40687.15,7621.05,0.00,Pending,,
CLM521389,ENC121389,PT12160,PY03,2025-12-21,2025-12-24,36153.90,8555.02,0.00,0.00,Pending,,
CLM521390,ENC121390,PT13143,PY02,2025-12-18,2025-12-30,181.64,58.93,1.50,0.00,Pending,,
CLM521391,ENC121391,PT10459,PY03,2025-12-18,2025-12-22,522.27,0.00,0.00,0.00,Denied,Coding Error,
CLM521392,ENC121392,PT11133,PY03,2025-12-18,2025-12-19,305.08,83.48,0.00,0.00,Pending,,
CLM521393,ENC121393,PT13676,PY05,2025-12-18,2025-12-21,300.74,148.66,25.53,0.00,Pending,,
CLM521394,ENC121394,PT10033,PY03,2025-12-21,2025-12-31,18597.03,4574.74,0.00,0.00,Pending,,
CLM521395,ENC121395,PT12529,PY04,2025-12-18,2025-12-19,2242.70,1028.08,135.62,0.00,Pending,,
CLM521396,ENC121396,PT10616,PY01,2025-12-18,2025-12-23,141.97,40.79,6.34,0.00,Pending,,
CLM521397,ENC121397,PT13949,PY05,2025-12-18,2025-12-28,294.86,131.57,9.05,0.00,Pending,,
CLM521398,ENC121398,PT10623,PY04,2025-12-20,2025-12-31,12254.10,5788.07,1118.68,0.00,Pending,,
CLM521399,ENC121399,PT13572,PY03,2025-12-18,2025-12-20,213.38,48.34,0.00,0.00,Pending,,
CLM521400,ENC121400,PT11504,PY01,2025-12-18,2025-12-22,379.53,105.36,7.25,0.00,Pending,,
CLM521401,ENC121401,PT10765,PY02,2025-12-22,2025-12-27,39173.41,12293.57,938.08,0.00,Pending,,
CLM521403,ENC121403,PT11674,PY05,2025-12-19,2025-12-22,6730.73,3161.95,121.05,0.00,Pending,,
CLM521404,ENC121404,PT10129,PY05,2025-12-18,2025-12-26,7202.96,0.00,0.00,0.00,Denied,Duplicate Claim,
CLM521405,ENC121405,PT10230,PY02,2025-12-18,2025-12-20,338.16,0.00,0.00,0.00,Denied,Coding Error,
CLM521406,ENC121406,PT13454,PY04,2025-12-18,2025-12-22,299.09,141.44,11.79,0.00,Pending,,
CLM521407,ENC121407,PT12497,PY01,2025-12-18,2025-12-20,1313.85,356.54,51.38,305.16,Paid,,2025-12-27
CLM521408,ENC121408,PT13537,PY07,2025-12-18,2025-12-19,3275.56,1389.77,1389.77,0.00,Pending,,
CLM521409,ENC121409,PT13629,PY05,2025-12-18,2025-12-30,342.56,147.60,13.80,0.00,Pending,,
CLM521410,ENC121410,PT12510,PY05,2025-12-24,2025-12-27,35112.09,18973.40,2495.79,0.00,Pending,,
CLM521411,ENC121411,PT10562,PY05,2025-12-21,2025-12-25,17264.99,9214.02,1465.86,0.00,Pending,,
CLM521412,ENC121412,PT10497,PY02,2025-12-18,2025-12-22,1914.77,619.00,37.76,0.00,Pending,,
CLM521413,ENC121413,PT13808,PY01,2025-12-18,2025-12-21,235.09,75.03,6.81,0.00,Pending,,
CLM521414,ENC121414,PT13550,PY01,2025-12-18,2025-12-22,313.06,97.26,10.73,0.00,Pending,,
CLM521415,ENC121415,PT10117,PY04,2025-12-18,2025-12-23,261.03,126.05,10.80,0.00,Pending,,
CLM521416,ENC121416,PT13139,PY02,2025-12-18,2025-12-23,128.98,41.42,0.53,0.00,Pending,,
CLM521417,ENC121417,PT11280,PY02,2025-12-18,2025-12-24,257.28,74.89,4.66,0.00,Pending,,
CLM521418,ENC121418,PT11831,PY02,2025-12-18,2025-12-22,433.87,131.36,11.29,0.00,Pending,,
CLM521419,ENC121419,PT13706,PY04,2025-12-18,2025-12-20,12377.91,6418.49,711.94,0.00,Pending,,
CLM521421,ENC121421,PT11336,PY06,2025-12-23,2025-12-27,20163.78,10474.34,900.46,0.00,Pending,,
CLM521422,ENC121422,PT10502,PY07,2025-12-18,2025-12-25,3740.12,1492.74,1492.74,0.00,Pending,,
CLM521423,ENC121423,PT10170,PY02,2025-12-21,2025-12-30,10339.48,0.00,0.00,0.00,Denied,Authorization Required,
CLM521424,ENC121424,PT10435,PY05,2025-12-23,2025-12-26,28901.18,13867.71,1329.93,0.00,Pending,,
CLM521425,ENC121425,PT13251,PY07,2025-12-19,2025-12-21,3215.46,1239.07,1239.07,0.00,Pending,,
CLM521426,ENC121426,PT12684,PY06,2025-12-19,2025-12-22,5538.67,3138.02,577.00,2561.02,Paid,,2025-12-31
CLM521427,ENC121427,PT13726,PY01,2025-12-19,2025-12-24,3491.09,0.00,0.00,0.00,Denied,Authorization Required,
CLM521428,ENC121428,PT12356,PY05,2025-12-19,2025-12-23,2899.95,1211.49,161.90,0.00,Pending,,
CLM521429,ENC121429,PT11216,PY01,2025-12-19,2025-12-22,5146.94,1712.24,79.93,0.00,Pending,,
CLM521430,ENC121430,PT11502,PY03,2025-12-19,2025-12-21,365.86,91.59,0.00,0.00,Pending,,
CLM521431,ENC121431,PT11600,PY03,2025-12-19,2025-12-22,295.74,73.72,0.00,0.00,Pending,,
CLM521432,ENC121432,PT13940,PY05,2025-12-19,2025-12-22,1853.25,876.43,104.69,0.00,Pending,,
CLM521433,ENC121433,PT10727,PY01,2025-12-19,2025-12-22,126.17,34.14,2.50,0.00,Pending,,
CLM521434,ENC121434,PT12829,PY07,2025-12-19,2025-12-26,1626.90,645.69,645.69,0.00,Pending,,
CLM521435,ENC121435,PT11219,PY05,2025-12-19,2025-12-26,339.19,174.74,16.56,0.00,Pending,,
CLM521436,ENC121436,PT13920,PY01,2025-12-22,2025-12-28,14646.10,4612.26,112.87,0.00,Pending,,
CLM521437,ENC121437,PT13599,PY01,2025-12-22,2025-12-26,25004.59,0.00,0.00,0.00,Denied,Coding Error,
CLM521438,ENC121438,PT11056,PY04,2025-12-19,2025-12-20,4633.16,2393.48,194.36,0.00,Pending,,
CLM521439,ENC121439,PT12207,PY06,2025-12-19,2025-12-27,115.09,61.80,7.79,0.00,Pending,,
CLM521440,ENC121440,PT10112,PY02,2025-12-19,2025-12-22,1631.39,0.00,0.00,0.00,Denied,Medical Necessity,
CLM521441,ENC121441,PT12873,PY01,2025-12-19,2025-12-26,234.86,65.56,5.94,0.00,Pending,,
CLM521442,ENC121442,PT10318,PY06,2025-12-19,2025-12-21,495.44,261.54,45.42,0.00,Pending,,
CLM521443,ENC121443,PT11287,PY06,2025-12-19,2025-12-23,265.38,168.27,15.54,0.00,Pending,,
CLM521444,ENC121444,PT10575,PY05,2025-12-20,2025-12-27,13060.66,6429.69,779.69,0.00,Pending,,
CLM521445,ENC121445,PT12946,PY04,2025-12-19,2025-12-25,267.99,140.29,15.35,0.00,Pending,,
CLM521446,ENC121446,PT11963,PY01,2025-12-19,2025-12-21,211.12,64.72,1.21,0.00,Pending,,
CLM521447,ENC121447,PT10079,PY06,2025-12-19,2025-12-24,3768.54,2122.47,435.85,0.00,Pending,,
CLM521448,ENC121448,PT13695,PY03,2025-12-19,2025-12-21,299.46,0.00,0.00,0.00,Denied,Coding Error,
CLM521449,ENC121449,PT13178,PY01,2025-12-19,2025-12-31,456.41,137.66,11.52,0.00,Pending,,
CLM521450,ENC121450,PT12863,PY02,2025-12-19,2025-12-26,289.16,0.00,0.00,0.00,Denied,Coding Error,
CLM521451,ENC121451,PT12942,PY06,2025-12-19,2025-12-25,790.19,388.88,51.35,0.00,Pending,,
CLM521452,ENC121452,PT11245,PY03,2025-12-19,2025-12-21,301.38,72.49,0.00,0.00,Pending,,
CLM521453,ENC121453,PT10481,PY01,2025-12-19,2025-12-22,229.41,74.68,1.30,0.00,Pending,,
CLM521454,ENC121454,PT10261,PY03,2025-12-19,2025-12-21,404.65,0.00,0.00,0.00,Denied,Authorization Required,
CLM521455,ENC121455,PT12673,PY04,2025-12-19,2025-12-23,3994.94,2063.78,260.60,0.00,Pending,,
CLM521456,ENC121456,PT12537,PY01,2025-12-25,2025-12-26,29960.00,9394.54,0.00,0.00,Pending,,
CLM521457,ENC121457,PT13416,PY01,2025-12-19,2025-12-28,2557.80,830.43,42.09,0.00,Pending,,
CLM521458,ENC121458,PT12733,PY05,2025-12-24,2025-12-29,25411.41,11559.64,1032.55,0.00,Pending,,
CLM521459,ENC121459,PT11002,PY07,2025-12-22,2025-12-30,24004.70,9427.18,9427.18,0.00,Pending,,
CLM521460,ENC121460,PT12211,PY01,2025-12-19,2025-12-23,3969.85,1046.32,74.06,0.00,Pending,,
CLM521462,ENC121462,PT10384,PY03,2025-12-19,2025-12-26,1267.02,318.93,0.00,0.00,Pending,,
CLM521463,ENC121463,PT11496,PY01,2025-12-20,2025-12-24,8469.13,2836.13,193.66,0.00,Pending,,
CLM521464,ENC121464,PT13473,PY05,2025-12-20,2025-12-24,3710.87,1532.49,151.79,0.00,Pending,,
CLM521465,ENC121465,PT13653,PY04,2025-12-19,2025-12-23,669.68,331.91,53.22,0.00,Pending,,
CLM521466,ENC121466,PT13029,PY07,2025-12-20,2025-12-24,3835.54,1406.95,1406.95,0.00,Pending,,
CLM521467,ENC121467,PT12904,PY06,2025-12-20,2025-12-26,3139.14,1736.99,183.24,0.00,Pending,,
CLM521468,ENC121468,PT10486,PY02,2025-12-20,2025-12-23,1423.91,463.00,46.84,0.00,Pending,,
CLM521469,ENC121469,PT10052,PY04,2025-12-20,2025-12-26,6037.18,3521.08,546.21,0.00,Pending,,
CLM521470,ENC121470,PT10567,PY05,2025-12-23,2025-12-26,16082.16,8412.61,527.91,0.00,Pending,,
CLM521471,ENC121471,PT10721,PY01,2025-12-23,2025-12-27,13766.55,4386.66,446.64,0.00,Pending,,
CLM521472,ENC121472,PT10742,PY02,2025-12-20,2025-12-24,3210.68,1062.69,13.24,0.00,Pending,,
CLM521473,ENC121473,PT10786,PY07,2025-12-22,2025-12-25,9131.07,3622.87,3622.87,0.00,Pending,,
CLM521474,ENC121474,PT10404,PY04,2025-12-22,2025-12-31,7795.12,3974.67,368.38,0.00,Pending,,
CLM521475,ENC121475,PT12980,PY01,2025-12-27,2025-12-30,16948.06,5647.37,641.14,0.00,Pending,,
CLM521476,ENC121476,PT11641,PY06,2025-12-20,2025-12-28,2653.42,1480.02,128.65,0.00,Pending,,
CLM521477,ENC121477,PT12664,PY04,2025-12-21,2025-12-30,10239.94,0.00,0.00,0.00,Denied,Authorization Required,
CLM521478,ENC121478,PT13727,PY04,2025-12-26,2025-12-30,22126.21,12819.47,1888.24,0.00,Pending,,
CLM521479,ENC121479,PT12530,PY06,2025-12-26,2025-12-29,17822.26,10967.76,1883.28,0.00,Pending,,
CLM521480,ENC121480,PT13565,PY03,2025-12-20,2025-12-23,924.08,226.20,0.00,0.00,Pending,,
CLM521481,ENC121481,PT13770,PY03,2025-12-21,2025-12-25,3728.14,928.84,0.00,0.00,Pending,,
CLM521482,ENC121482,PT11905,PY02,2025-12-21,2025-12-28,2578.72,703.15,30.20,0.00,Pending,,
CLM521483,ENC121483,PT12354,PY01,2025-12-21,2025-12-26,1744.64,521.71,66.54,0.00,Pending,,
CLM521485,ENC121485,PT11127,PY04,2025-12-24,2025-12-30,16407.95,8220.30,1150.87,0.00,Pending,,
CLM521486,ENC121486,PT13845,PY03,2025-12-21,2025-12-25,1717.84,432.23,0.00,0.00,Pending,,
CLM521490,ENC121490,PT12008,PY01,2025-12-21,2025-12-25,1581.44,525.38,41.43,0.00,Pending,,
CLM521491,ENC121491,PT12649,PY06,2025-12-21,2025-12-25,1343.62,825.40,129.79,0.00,Pending,,
CLM521492,ENC121492,PT13767,PY01,2025-12-24,2025-12-25,11729.46,3319.62,393.81,0.00,Pending,,
CLM521493,ENC121493,PT12464,PY07,2025-12-25,2025-12-30,20372.30,7984.28,7984.28,0.00,Pending,,
CLM521494,ENC121494,PT13388,PY01,2025-12-26,2025-12-28,62808.24,0.00,0.00,0.00,Denied,Medical Necessity,
CLM521495,ENC121495,PT10297,PY02,2025-12-29,2025-12-30,51959.13,16717.24,1031.57,0.00,Pending,,
CLM521496,ENC121496,PT10032,PY03,2025-12-21,2025-12-22,1681.93,456.22,0.00,0.00,Pending,,
CLM521497,ENC121497,PT13990,PY05,2025-12-21,2025-12-28,1429.31,626.06,96.68,0.00,Pending,,
CLM521498,ENC121498,PT10724,PY05,2025-12-21,2025-12-25,3144.77,1408.09,151.92,0.00,Pending,,
CLM521499,ENC121499,PT12783,PY06,2025-12-21,2025-12-24,833.00,454.91,49.89,0.00,Pending,,
CLM521501,ENC121501,PT11648,PY05,2025-12-23,2025-12-28,8131.82,3925.51,167.71,0.00,Pending,,
CLM521502,ENC121502,PT13350,PY05,2025-12-21,2025-12-22,1556.03,718.65,1.53,0.00,Pending,,
CLM521503,ENC121503,PT11459,PY06,2025-12-25,2025-12-29,15748.20,8047.81,240.70,0.00,Pending,,
CLM521504,ENC121504,PT11727,PY06,2025-12-25,2025-12-26,27435.86,14859.24,2317.52,0.00,Pending,,
CLM521505,ENC121505,PT11572,PY08,2025-12-21,2025-12-24,1920.42,1039.30,0.00,0.00,Pending,,
CLM521506,ENC121506,PT13853,PY02,2025-12-22,2025-12-28,2473.85,871.88,59.64,0.00,Pending,,
CLM521507,ENC121507,PT13014,PY03,2025-12-22,2025-12-25,3418.19,0.00,0.00,0.00,Denied,Duplicate Claim,
CLM521508,ENC121508,PT12993,PY04,2025-12-24,2025-12-25,11863.09,6723.18,190.26,0.00,Pending,,
CLM521509,ENC121509,PT11542,PY02,2025-12-22,2025-12-26,1775.83,571.84,52.15,0.00,Pending,,
CLM521510,ENC121510,PT11985,PY04,2025-12-22,2025-12-25,457.72,233.30,14.50,0.00,Pending,,
CLM521511,ENC121511,PT10634,PY07,2025-12-22,2025-12-24,340.38,141.78,141.78,0.00,Pending,,
CLM521512,ENC121512,PT10966,PY04,2025-12-22,2025-12-28,250.82,144.66,17.44,0.00,Pending,,
CLM521513,ENC121513,PT12452,PY03,2025-12-22,2025-12-23,235.66,0.00,0.00,0.00,Denied,Authorization Required,
CLM521514,ENC121514,PT13203,PY03,2025-12-22,2025-12-26,12333.91,2961.98,0.00,0.00,Pending,,
CLM521515,ENC121515,PT13733,PY06,2025-12-22,2025-12-24,257.13,153.74,23.71,0.00,Pending,,
CLM521516,ENC121516,PT10213,PY05,2025-12-22,2025-12-25,217.25,100.13,8.33,0.00,Pending,,
CLM521517,ENC121517,PT13823,PY01,2025-12-22,2025-12-26,555.32,174.42,8.94,0.00,Pending,,
CLM521518,ENC121518,PT13132,PY04,2025-12-22,2025-12-29,7258.30,4200.29,0.00,0.00,Pending,,
CLM521519,ENC121519,PT12828,PY02,2025-12-25,2025-12-27,11846.11,3829.19,50.76,0.00,Pending,,
CLM521522,ENC121522,PT13027,PY02,2025-12-22,2025-12-24,415.66,153.58,7.58,0.00,Pending,,
CLM521523,ENC121523,PT13545,PY05,2025-12-23,2025-12-27,21601.18,10836.10,1006.26,0.00,Pending,,
CLM521524,ENC121524,PT10118,PY04,2025-12-22,2025-12-24,364.85,167.50,24.79,0.00,Pending,,
CLM521526,ENC121526,PT11720,PY05,2025-12-27,2025-12-29,60033.52,27898.08,2618.41,0.00,Pending,,
CLM521527,ENC121527,PT11088,PY04,2025-12-22,2025-12-23,489.17,278.11,45.02,0.00,Pending,,
CLM521528,ENC121528,PT12352,PY05,2025-12-22,2025-12-26,480.78,239.87,38.95,0.00,Pending,,
CLM521530,ENC121530,PT10750,PY01,2025-12-22,2025-12-23,8065.90,2480.65,406.74,2073.91,Paid,,2025-12-31
CLM521531,ENC121531,PT12884,PY02,2025-12-22,2025-12-23,2180.74,756.38,21.41,0.00,Pending,,
CLM521533,ENC121533,PT12617,PY04,2025-12-22,2025-12-24,406.48,206.42,16.20,0.00,Pending,,
CLM521534,ENC121534,PT12604,PY04,2025-12-23,2025-12-30,33420.44,19032.77,4009.28,0.00,Pending,,
CLM521535,ENC121535,PT13143,PY02,2025-12-25,2025-12-28,16151.08,5198.94,359.80,0.00,Pending,,
CLM521536,ENC121536,PT12765,PY03,2025-12-22,2025-12-23,14786.61,3430.56,0.00,0.00,Pending,,
CLM521537,ENC121537,PT11436,PY02,2025-12-22,2025-12-25,1642.78,578.59,24.71,0.00,Pending,,
CLM521538,ENC121538,PT10472,PY01,2025-12-25,2025-12-30,12027.07,4158.31,224.06,0.00,Pending,,
CLM521539,ENC121539,PT10124,PY03,2025-12-22,2025-12-28,915.12,205.81,0.00,0.00,Pending,,
CLM521540,ENC121540,PT10285,PY01,2025-12-22,2025-12-24,262.47,80.70,4.62,0.00,Pending,,
CLM521541,ENC121541,PT11413,PY03,2025-12-22,2025-12-23,643.01,153.15,0.00,0.00,Pending,,
CLM521542,ENC121542,PT11555,PY08,2025-12-22,2025-12-24,225.71,128.15,0.00,0.00,Pending,,
CLM521543,ENC121543,PT11650,PY03,2025-12-22,2025-12-27,381.47,105.11,0.00,0.00,Pending,,
CLM521544,ENC121544,PT12684,PY06,2025-12-22,2025-12-27,376.38,200.17,22.35,0.00,Pending,,
CLM521545,ENC121545,PT12635,PY03,2025-12-22,2025-12-27,322.88,82.58,0.00,0.00,Pending,,
CLM521546,ENC121546,PT12108,PY04,2025-12-22,2025-12-26,108.90,57.49,8.41,0.00,Pending,,
CLM521547,ENC121547,PT10593,PY02,2025-12-22,2025-12-25,200.28,63.16,1.90,0.00,Pending,,
CLM521548,ENC121548,PT13303,PY01,2025-12-22,2025-12-24,4724.49,1224.99,56.96,0.00,Pending,,
CLM521549,ENC121549,PT13280,PY06,2025-12-25,2025-12-30,38016.04,22395.05,3987.64,0.00,Pending,,
CLM521550,ENC121550,PT12181,PY04,2025-12-22,2025-12-26,3000.59,1776.39,319.91,0.00,Pending,,
CLM521551,ENC121551,PT13206,PY03,2025-12-22,2025-12-27,494.15,127.82,0.00,0.00,Pending,,
CLM521552,ENC121552,PT12274,PY03,2025-12-22,2025-12-25,3292.12,0.00,0.00,0.00,Denied,Eligibility / Coverage,
CLM521553,ENC121553,PT12732,PY02,2025-12-22,2025-12-25,8593.17,2796.96,214.72,0.00,Pending,,
CLM521554,ENC121554,PT13643,PY08,2025-12-22,2025-12-25,2557.01,1643.80,0.00,0.00,Pending,,
CLM521556,ENC121556,PT11736,PY04,2025-12-24,2025-12-28,18703.78,0.00,0.00,0.00,Denied,Coding Error,
CLM521557,ENC121557,PT13977,PY02,2025-12-23,2025-12-24,3071.60,915.29,38.31,0.00,Pending,,
CLM521558,ENC121558,PT12420,PY05,2025-12-22,2025-12-24,5269.13,2280.90,48.74,0.00,Pending,,
CLM521559,ENC121559,PT13568,PY07,2025-12-23,2025-12-27,6252.03,2407.09,2407.09,0.00,Pending,,
CLM521560,ENC121560,PT13357,PY03,2025-12-23,2025-12-25,1235.14,307.66,0.00,0.00,Pending,,
CLM521561,ENC121561,PT13906,PY02,2025-12-26,2025-12-28,50048.39,15912.94,819.80,0.00,Pending,,
CLM521562,ENC121562,PT13522,PY05,2025-12-23,2025-12-27,9621.40,4542.09,659.53,0.00,Pending,,
CLM521563,ENC121563,PT12686,PY04,2025-12-23,2025-12-31,5487.05,2885.75,368.69,0.00,Pending,,
CLM521564,ENC121564,PT11248,PY06,2025-12-23,2025-12-27,186.33,110.35,10.63,0.00,Pending,,
CLM521565,ENC121565,PT11412,PY01,2025-12-23,2025-12-26,148.35,0.00,0.00,0.00,Denied,Missing Documentation,
CLM521566,ENC121566,PT11568,PY07,2025-12-23,2025-12-25,395.82,144.35,144.35,0.00,Pending,,
CLM521568,ENC121568,PT10706,PY03,2025-12-23,2025-12-24,908.09,0.00,0.00,0.00,Denied,Medical Necessity,
CLM521569,ENC121569,PT13332,PY03,2025-12-23,2025-12-28,5399.32,1218.03,0.00,0.00,Pending,,
CLM521571,ENC121571,PT13542,PY03,2025-12-23,2025-12-24,3136.21,735.59,0.00,0.00,Pending,,
CLM521573,ENC121573,PT12336,PY05,2025-12-23,2025-12-30,434.56,204.45,28.83,0.00,Pending,,
CLM521574,ENC121574,PT11334,PY07,2025-12-23,2025-12-26,96.00,40.08,40.08,0.00,Pending,,
CLM521575,ENC121575,PT13031,PY04,2025-12-23,2025-12-25,117.01,60.93,4.25,0.00,Pending,,
CLM521576,ENC121576,PT11547,PY06,2025-12-23,2025-12-29,122.22,65.85,10.35,0.00,Pending,,
CLM521577,ENC121577,PT10725,PY03,2025-12-23,2025-12-31,596.25,140.96,0.00,0.00,Pending,,
CLM521578,ENC121578,PT13922,PY03,2025-12-23,2025-12-24,3642.72,0.00,0.00,0.00,Denied,Authorization Required,
CLM521579,ENC121579,PT12581,PY03,2025-12-23,2025-12-27,1260.04,281.53,0.00,0.00,Pending,,
CLM521580,ENC121580,PT12869,PY03,2025-12-27,2025-12-30,28397.00,7168.07,0.00,0.00,Pending,,
CLM521581,ENC121581,PT10412,PY07,2025-12-23,2025-12-26,136.48,52.59,52.59,0.00,Pending,,
CLM521583,ENC121583,PT12120,PY03,2025-12-23,2025-12-27,432.01,101.40,0.00,0.00,Pending,,
CLM521584,ENC121584,PT12173,PY01,2025-12-23,2025-12-27,261.44,80.79,2.08,0.00,Pending,,
CLM521585,ENC121585,PT13581,PY01,2025-12-25,2025-12-29,7700.64,2493.21,193.55,0.00,Pending,,
CLM521586,ENC121586,PT12879,PY01,2025-12-23,2025-12-26,133.03,44.24,3.71,0.00,Pending,,
CLM521588,ENC121588,PT12274,PY03,2025-12-23,2025-12-24,293.68,62.94,0.00,0.00,Pending,,
CLM521589,ENC121589,PT11921,PY04,2025-12-23,2025-12-30,368.25,201.17,13.38,0.00,Pending,,
CLM521590,ENC121590,PT10905,PY07,2025-12-23,2025-12-26,232.47,84.16,84.16,0.00,Pending,,
CLM521591,ENC121591,PT13130,PY01,2025-12-23,2025-12-29,2829.81,913.23,109.58,0.00,Pending,,
CLM521592,ENC121592,PT11201,PY05,2025-12-23,2025-12-25,4042.22,1726.27,267.91,0.00,Pending,,
CLM521593,ENC121593,PT13140,PY04,2025-12-23,2025-12-25,219.37,121.05,12.16,0.00,Pending,,
CLM521594,ENC121594,PT12177,PY05,2025-12-23,2025-12-26,689.19,314.00,44.43,0.00,Pending,,
CLM521596,ENC121596,PT11789,PY07,2025-12-23,2025-12-25,186.03,83.79,83.79,0.00,Pending,,
CLM521598,ENC121598,PT10471,PY05,2025-12-25,2025-12-28,12852.23,5945.76,507.45,0.00,Pending,,
CLM521599,ENC121599,PT13792,PY01,2025-12-23,2025-12-27,2431.89,745.41,30.46,0.00,Pending,,
CLM521600,ENC121600,PT11269,PY06,2025-12-23,2025-12-26,3024.20,1679.48,104.36,0.00,Pending,,
CLM521601,ENC121601,PT12405,PY05,2025-12-23,2025-12-28,1455.16,693.24,122.43,0.00,Pending,,
CLM521603,ENC121603,PT12635,PY03,2025-12-24,2025-12-31,1236.46,278.63,0.00,0.00,Pending,,
CLM521604,ENC121604,PT13831,PY05,2025-12-24,2025-12-27,1719.51,0.00,0.00,0.00,Denied,Authorization Required,
CLM521605,ENC121605,PT13636,PY04,2025-12-27,2025-12-30,12600.12,6658.49,766.63,0.00,Pending,,
CLM521606,ENC121606,PT12399,PY02,2025-12-25,2025-12-26,7703.45,0.00,0.00,0.00,Denied,Missing Documentation,
CLM521607,ENC121607,PT10132,PY01,2025-12-24,2025-12-30,1841.01,585.84,81.44,0.00,Pending,,
CLM521608,ENC121608,PT13386,PY01,2025-12-28,2025-12-30,35036.27,11098.29,1126.35,0.00,Pending,,
CLM521609,ENC121609,PT11993,PY03,2025-12-27,2025-12-29,18223.37,4186.91,0.00,0.00,Pending,,
CLM521610,ENC121610,PT13209,PY04,2025-12-26,2025-12-29,15565.78,0.00,0.00,0.00,Denied,Eligibility / Coverage,
CLM521613,ENC121613,PT10605,PY02,2025-12-27,2025-12-29,25757.73,8464.40,488.40,0.00,Pending,,
CLM521615,ENC121615,PT12033,PY05,2025-12-24,2025-12-29,16668.15,7705.35,960.72,0.00,Pending,,
CLM521617,ENC121617,PT13956,PY03,2025-12-24,2025-12-27,1976.31,0.00,0.00,0.00,Denied,Medical Necessity,
CLM521618,ENC121618,PT10568,PY02,2025-12-24,2025-12-27,342.97,111.13,5.15,0.00,Pending,,
CLM521621,ENC121621,PT10877,PY03,2025-12-24,2025-12-27,10980.62,2847.21,0.00,0.00,Pending,,
CLM521622,ENC121622,PT11372,PY02,2025-12-24,2025-12-30,504.97,172.76,14.05,0.00,Pending,,
CLM521623,ENC121623,PT13774,PY01,2025-12-24,2025-12-30,952.39,318.63,22.14,0.00,Pending,,
CLM521626,ENC121626,PT10319,PY01,2025-12-24,2025-12-26,548.09,164.51,22.73,0.00,Pending,,
CLM521627,ENC121627,PT10150,PY07,2025-12-24,2025-12-31,416.11,157.09,157.09,0.00,Pending,,
CLM521628,ENC121628,PT12342,PY06,2025-12-24,2025-12-31,113.99,0.00,0.00,0.00,Denied,Authorization Required,
CLM521629,ENC121629,PT12929,PY03,2025-12-26,2025-12-30,57908.92,13605.11,0.00,0.00,Pending,,
CLM521630,ENC121630,PT12281,PY06,2025-12-26,2025-12-28,10187.49,5322.69,449.52,0.00,Pending,,
CLM521631,ENC121631,PT10915,PY06,2025-12-24,2025-12-29,399.74,246.00,10.40,0.00,Pending,,
CLM521632,ENC121632,PT13880,PY02,2025-12-26,2025-12-29,11553.51,0.00,0.00,0.00,Denied,Duplicate Claim,
CLM521633,ENC121633,PT11962,PY05,2025-12-24,2025-12-29,338.76,158.16,18.97,0.00,Pending,,
CLM521634,ENC121634,PT10527,PY02,2025-12-24,2025-12-29,447.33,143.28,11.17,0.00,Pending,,
CLM521635,ENC121635,PT11622,PY01,2025-12-24,2025-12-31,247.37,72.01,6.87,0.00,Pending,,
CLM521636,ENC121636,PT12226,PY01,2025-12-24,2025-12-28,293.22,92.61,2.45,0.00,Pending,,
CLM521639,ENC121639,PT11195,PY01,2025-12-24,2025-12-31,5146.07,1787.23,144.53,0.00,Pending,,
CLM521640,ENC121640,PT11600,PY03,2025-12-24,2025-12-26,4366.92,0.00,0.00,0.00,Denied,Medical Necessity,
CLM521641,ENC121641,PT11717,PY03,2025-12-25,2025-12-30,11015.45,0.00,0.00,0.00,Denied,Authorization Required,
CLM521643,ENC121643,PT10384,PY03,2025-12-26,2025-12-29,9991.26,2400.97,0.00,0.00,Pending,,
CLM521646,ENC121646,PT12362,PY03,2025-12-25,2025-12-30,678.21,150.79,0.00,0.00,Pending,,
CLM521649,ENC121649,PT10981,PY01,2025-12-25,2025-12-26,289.94,81.92,0.00,0.00,Pending,,
CLM521650,ENC121650,PT10467,PY06,2025-12-25,2025-12-27,4979.62,2925.68,128.74,0.00,Pending,,
CLM521651,ENC121651,PT13907,PY03,2025-12-25,2025-12-30,5415.65,1161.35,0.00,0.00,Pending,,
CLM521652,ENC121652,PT13886,PY01,2025-12-25,2025-12-28,1010.65,305.78,20.46,0.00,Pending,,
CLM521655,ENC121655,PT10951,PY03,2025-12-25,2025-12-28,3847.50,911.12,0.00,0.00,Pending,,
CLM521656,ENC121656,PT12946,PY04,2025-12-25,2025-12-28,1861.73,926.42,86.92,0.00,Pending,,
CLM521657,ENC121657,PT12264,PY01,2025-12-25,2025-12-29,298.55,104.86,11.43,0.00,Pending,,
CLM521658,ENC121658,PT10840,PY01,2025-12-25,2025-12-29,108.28,30.71,2.90,0.00,Pending,,
CLM521659,ENC121659,PT12224,PY05,2025-12-25,2025-12-30,9895.47,4884.48,728.39,0.00,Pending,,
CLM521660,ENC121660,PT13417,PY02,2025-12-25,2025-12-28,1109.64,358.70,24.88,0.00,Pending,,
CLM521662,ENC121662,PT13669,PY02,2025-12-29,2025-12-31,21138.48,6939.85,845.78,0.00,Pending,,
CLM521663,ENC121663,PT10507,PY01,2025-12-25,2025-12-26,357.48,113.92,10.48,0.00,Pending,,
CLM521664,ENC121664,PT12705,PY04,2025-12-25,2025-12-28,350.38,214.96,19.95,0.00,Pending,,
CLM521665,ENC121665,PT10786,PY07,2025-12-25,2025-12-28,1466.45,573.74,573.74,0.00,Pending,,
CLM521666,ENC121666,PT10738,PY03,2025-12-25,2025-12-29,490.64,123.23,0.00,0.00,Pending,,
CLM521667,ENC121667,PT11947,PY02,2025-12-25,2025-12-28,3672.63,1245.41,121.94,0.00,Pending,,
CLM521668,ENC121668,PT10156,PY03,2025-12-25,2025-12-28,8788.08,2016.54,0.00,0.00,Pending,,
CLM521670,ENC121670,PT11719,PY01,2025-12-25,2025-12-28,121.06,38.00,3.69,0.00,Pending,,
CLM521671,ENC121671,PT12606,PY01,2025-12-25,2025-12-29,298.84,95.71,7.82,0.00,Pending,,
CLM521672,ENC121672,PT10275,PY05,2025-12-25,2025-12-28,221.77,103.00,12.00,0.00,Pending,,
CLM521673,ENC121673,PT12334,PY07,2025-12-25,2025-12-26,2070.62,722.24,722.24,0.00,Pending,,
CLM521674,ENC121674,PT11252,PY01,2025-12-25,2025-12-30,257.45,74.52,5.91,0.00,Pending,,
CLM521675,ENC121675,PT12832,PY01,2025-12-25,2025-12-26,434.76,143.31,19.48,0.00,Pending,,
CLM521676,ENC121676,PT12586,PY06,2025-12-27,2025-12-30,11572.62,5995.25,1014.26,0.00,Pending,,
CLM521677,ENC121677,PT11068,PY04,2025-12-25,2025-12-30,526.21,256.47,3.61,0.00,Pending,,
CLM521678,ENC121678,PT12956,PY04,2025-12-27,2025-12-30,12493.71,7017.74,456.34,0.00,Pending,,
CLM521679,ENC121679,PT10783,PY02,2025-12-25,2025-12-27,476.73,155.26,11.90,0.00,Pending,,
CLM521684,ENC121684,PT13843,PY02,2025-12-25,2025-12-27,795.26,249.27,14.32,0.00,Pending,,
CLM521685,ENC121685,PT11479,PY02,2025-12-25,2025-12-30,5921.37,1850.74,158.97,0.00,Pending,,
CLM521688,ENC121688,PT11166,PY04,2025-12-25,2025-12-30,3717.96,1996.23,115.48,0.00,Pending,,
CLM521698,ENC121698,PT13066,PY07,2025-12-26,2025-12-29,208.83,89.30,89.30,0.00,Pending,,
CLM521699,ENC121699,PT11271,PY03,2025-12-27,2025-12-29,9320.35,0.00,0.00,0.00,Denied,Authorization Required,
CLM521700,ENC121700,PT12429,PY01,2025-12-26,2025-12-30,445.70,151.52,11.18,0.00,Pending,,
CLM521701,ENC121701,PT11783,PY03,2025-12-26,2025-12-29,1436.04,352.84,0.00,0.00,Pending,,
CLM521704,ENC121704,PT10191,PY01,2025-12-26,2025-12-31,296.77,92.21,4.44,0.00,Pending,,
CLM521706,ENC121706,PT13372,PY02,2025-12-26,2025-12-30,156.99,48.32,2.53,0.00,Pending,,
CLM521707,ENC121707,PT12594,PY01,2025-12-26,2025-12-28,847.60,264.32,11.60,0.00,Pending,,
CLM521708,ENC121708,PT11021,PY04,2025-12-26,2025-12-29,165.87,85.73,10.21,0.00,Pending,,
CLM521710,ENC121710,PT10421,PY05,2025-12-26,2025-12-30,251.87,118.01,9.66,0.00,Pending,,
CLM521713,ENC121713,PT12861,PY05,2025-12-26,2025-12-28,266.81,126.06,11.38,0.00,Pending,,
CLM521714,ENC121714,PT11556,PY04,2025-12-26,2025-12-31,455.22,216.19,25.49,0.00,Pending,,
CLM521716,ENC121716,PT11164,PY03,2025-12-26,2025-12-29,428.62,100.83,0.00,0.00,Pending,,
CLM521717,ENC121717,PT13412,PY01,2025-12-26,2025-12-30,450.20,142.27,10.16,0.00,Pending,,
CLM521718,ENC121718,PT12308,PY01,2025-12-26,2025-12-29,362.69,116.77,10.41,0.00,Pending,,
CLM521720,ENC121720,PT11295,PY04,2025-12-26,2025-12-30,4484.13,2071.14,384.24,0.00,Pending,,
CLM521722,ENC121722,PT12624,PY01,2025-12-26,2025-12-30,1795.42,552.95,35.37,0.00,Pending,,
CLM521729,ENC121729,PT10339,PY04,2025-12-27,2025-12-28,1694.94,877.41,17.05,0.00,Pending,,
CLM521730,ENC121730,PT11256,PY04,2025-12-27,2025-12-29,3685.83,1945.83,206.66,0.00,Pending,,
CLM521731,ENC121731,PT10816,PY06,2025-12-27,2025-12-31,573.41,329.44,65.62,0.00,Pending,,
CLM521732,ENC121732,PT10197,PY04,2025-12-27,2025-12-30,1184.88,587.91,32.65,0.00,Pending,,
CLM521734,ENC121734,PT11185,PY06,2025-12-27,2025-12-28,4268.68,0.00,0.00,0.00,Denied,Authorization Required,
CLM521737,ENC121737,PT12653,PY02,2025-12-29,2025-12-31,12913.44,3822.75,138.27,0.00,Pending,,
CLM521750,ENC121750,PT13284,PY01,2025-12-28,2025-12-29,1212.20,390.47,36.91,0.00,Pending,,
CLM521759,ENC121759,PT12370,PY02,2025-12-29,2025-12-30,423.57,125.05,10.62,0.00,Pending,,
CLM521763,ENC121763,PT12405,PY05,2025-12-29,2025-12-30,244.44,122.37,13.91,0.00,Pending,,
CLM521766,ENC121766,PT13163,PY07,2025-12-29,2025-12-31,189.14,74.63,74.63,0.00,Pending,,
CLM521774,ENC121774,PT12744,PY03,2025-12-29,2025-12-30,8400.44,2110.90,0.00,0.00,Pending,,
CLM521781,ENC121781,PT13319,PY04,2025-12-29,2025-12-30,6146.12,3210.61,255.88,0.00,Pending,,
CLM521782,ENC121782,PT12687,PY01,2025-12-29,2025-12-31,1880.42,543.32,43.11,0.00,Pending,,
CLM521786,ENC121786,PT10496,PY02,2025-12-29,2025-12-31,4566.33,1722.13,100.62,0.00,Pending,,
CLM521790,ENC121790,PT10535,PY02,2025-12-29,2025-12-31,902.92,0.00,0.00,0.00,Denied,Coding Error,
CLM521795,ENC121795,PT10183,PY03,2025-12-30,2025-12-31,1893.79,454.66,0.00,0.00,Pending,,
