ClaimID,EncounterID,PatientID,PayerID,ServiceDate,SubmitDate,BilledAmount,AllowedAmount,PatientResponsibility,PaidAmount,ClaimStatus,DenialReason,PaidDate
CLM508212,ENC108212,PT13865,PY02,2024-10-20,2025-03-04,23124.38,6919.91,315.02,6604.89,Paid,,2025-04-02
CLM508315,ENC108315,PT11409,PY03,2024-10-20,2025-03-02,21153.24,5275.46,0.00,3733.43,Partially Paid,Coding Error,2025-04-26
CLM508471,ENC108471,PT10441,PY02,2024-10-28,2025-03-16,15458.39,5075.23,278.21,4797.02,Paid,,2025-05-16
CLM508890,ENC108890,PT11450,PY07,2024-11-07,2025-03-23,284.00,121.20,121.20,41.40,Partially Paid,,2025-06-18
CLM508925,ENC108925,PT11094,PY06,2024-11-08,2025-03-13,195.47,0.00,0.00,0.00,Denied,Timely Filing,
CLM509057,ENC109057,PT13885,PY03,2024-11-12,2025-03-24,153.41,38.32,0.00,38.32,Paid,,2025-04-24
CLM509250,ENC109250,PT12994,PY05,2024-11-18,2025-03-05,420.24,0.00,0.00,0.00,Denied,Authorization Required,
CLM509404,ENC109404,PT10250,PY01,2024-11-23,2025-03-02,1300.36,415.05,51.18,363.87,Paid,,2025-03-11
CLM509433,ENC109433,PT11101,PY01,2024-11-25,2025-03-09,333.79,105.09,11.24,48.31,Partially Paid,Medical Necessity,2025-03-16
CLM509518,ENC109518,PT13948,PY05,2024-11-29,2025-03-12,19498.78,9412.88,827.08,8585.80,Paid,,2025-05-14
CLM509643,ENC109643,PT11248,PY06,2024-12-04,2025-03-07,23805.71,0.00,0.00,0.00,Denied,Timely Filing,
CLM509708,ENC109708,PT13278,PY04,2024-12-11,2025-03-02,32370.96,0.00,0.00,0.00,Denied,Medical Necessity,
CLM509709,ENC109709,PT12514,PY03,2024-12-08,2025-03-15,17334.59,3763.22,0.00,3763.22,Paid,,2025-04-13
CLM509946,ENC109946,PT12801,PY05,2024-12-10,2025-03-31,229.48,111.02,20.99,90.03,Paid,,2025-05-02
CLM510036,ENC110036,PT12308,PY01,2024-12-12,2025-03-07,231.88,63.80,5.96,57.84,Paid,,2025-03-22
CLM510119,ENC110119,PT10583,PY01,2024-12-14,2025-03-14,5144.43,1685.02,209.63,1475.39,Paid,,2025-03-21
CLM510132,ENC110132,PT13444,PY08,2024-12-16,2025-03-05,782.87,470.50,0.00,413.82,Partially Paid,Missing Documentation,2025-04-18
CLM510243,ENC110243,PT10220,PY07,2024-12-18,2025-03-25,2743.52,1049.45,1049.45,671.30,Partially Paid,,2025-07-09
CLM510292,ENC110292,PT12961,PY01,2024-12-19,2025-03-10,1788.07,506.98,24.82,482.16,Paid,,2025-03-27
CLM510494,ENC110494,PT10124,PY03,2024-12-25,2025-03-05,2897.50,0.00,0.00,0.00,Appealed,Medical Necessity,
CLM510621,ENC110621,PT10557,PY05,2024-12-29,2025-03-07,1554.10,790.74,91.24,699.50,Paid,,2025-03-24
CLM510696,ENC110696,PT12932,PY03,2024-12-31,2025-03-31,804.11,172.66,0.00,172.66,Paid,,2025-04-22
CLM510911,ENC110911,PT13762,PY06,2025-01-06,2025-03-22,3968.81,2363.06,207.42,2155.64,Paid,,2025-04-08
CLM510922,ENC110922,PT10855,PY01,2025-01-09,2025-03-17,8674.56,2879.25,261.54,2617.71,Paid,,2025-03-30
CLM511005,ENC111005,PT10450,PY01,2025-01-09,2025-03-28,661.83,202.76,21.26,181.50,Paid,,2025-04-09
CLM511034,ENC111034,PT12377,PY07,2025-01-09,2025-03-04,191.22,73.20,73.20,54.78,Partially Paid,,2025-04-07
CLM511051,ENC111051,PT10357,PY04,2025-01-10,2025-03-05,341.08,181.66,29.70,151.96,Paid,,2025-03-31
CLM511100,ENC111100,PT12648,PY07,2025-01-11,2025-03-12,8054.55,3187.79,3187.79,1472.29,Partially Paid,,2025-05-07
CLM511149,ENC111149,PT11575,PY03,2025-01-19,2025-03-05,30909.51,7673.86,0.00,7673.86,Paid,,2025-04-26
CLM511505,ENC111505,PT11115,PY02,2025-01-23,2025-03-01,389.26,0.00,0.00,0.00,Denied,Authorization Required,
CLM511542,ENC111542,PT13619,PY05,2025-01-24,2025-03-26,2292.55,1196.20,214.06,982.14,Paid,,2025-04-19
CLM511577,ENC111577,PT10902,PY03,2025-01-25,2025-03-01,3843.08,874.98,0.00,874.98,Paid,,2025-04-10
CLM511592,ENC111592,PT13384,PY04,2025-01-25,2025-03-24,2875.25,1434.66,196.40,1238.26,Paid,,2025-04-12
CLM511657,ENC111657,PT10415,PY04,2025-01-27,2025-03-10,344.40,202.19,26.93,175.26,Paid,,2025-03-22
CLM511896,ENC111896,PT13676,PY05,2025-02-03,2025-03-12,8886.00,3854.64,488.99,3365.65,Paid,,2025-03-30
CLM511944,ENC111944,PT12838,PY02,2025-02-18,2025-03-09,164284.15,56090.28,4196.76,51893.52,Paid,,2025-04-11
CLM512081,ENC112081,PT10253,PY03,2025-02-07,2025-03-22,623.87,144.72,0.00,144.72,Paid,,2025-05-07
CLM512169,ENC112169,PT12184,PY04,2025-02-16,2025-03-28,27857.79,14020.62,1690.20,12330.42,Paid,,2025-05-01
CLM512223,ENC112223,PT13820,PY06,2025-02-11,2025-03-01,232.79,123.33,9.02,70.74,Partially Paid,Missing Documentation,2025-03-17
CLM512249,ENC112249,PT10710,PY06,2025-02-16,2025-03-04,17860.90,7452.18,1756.14,2797.25,Partially Paid,Coding Error,2025-03-21
CLM512295,ENC112295,PT12626,PY03,2025-02-23,2025-03-04,37227.90,0.00,0.00,0.00,Denied,Authorization Required,
CLM512369,ENC112369,PT12354,PY01,2025-02-15,2025-03-03,3750.95,1099.72,50.89,898.47,Partially Paid,Coding Error,2025-03-26
CLM512389,ENC112389,PT10619,PY07,2025-02-16,2025-03-01,1503.94,609.23,609.23,0.00,Pending,,
CLM512392,ENC112392,PT11330,PY04,2025-02-21,2025-03-01,26675.98,13982.01,2203.92,11778.09,Paid,,2025-03-21
CLM512398,ENC112398,PT13094,PY03,2025-02-19,2025-03-02,16961.42,3847.15,0.00,3847.15,Paid,,2025-04-17
CLM512413,ENC112413,PT10472,PY01,2025-03-01,2025-03-03,99346.28,30480.97,2758.27,27722.70,Paid,,2025-03-17
CLM512420,ENC112420,PT11775,PY05,2025-02-17,2025-03-02,101.45,53.05,5.24,47.81,Paid,,2025-04-02
CLM512430,ENC112430,PT13421,PY02,2025-03-02,2025-03-04,144441.66,43509.27,2551.63,40957.64,Paid,,2025-04-02
CLM512433,ENC112433,PT11106,PY01,2025-02-17,2025-03-01,406.00,137.19,15.21,121.98,Paid,,2025-03-08
CLM512446,ENC112446,PT12539,PY05,2025-02-24,2025-03-10,28189.74,13893.81,1173.59,12720.22,Paid,,2025-06-17
CLM512450,ENC112450,PT11866,PY06,2025-02-18,2025-03-02,217.86,115.30,9.18,106.12,Paid,,2025-04-26
CLM512458,ENC112458,PT11862,PY02,2025-02-18,2025-03-03,387.29,128.22,5.70,122.52,Paid,,2025-03-30
CLM512468,ENC112468,PT10603,PY02,2025-02-20,2025-03-01,15262.63,5648.54,335.89,5312.65,Paid,,2025-04-09
CLM512474,ENC112474,PT12735,PY03,2025-02-27,2025-03-04,75194.00,0.00,0.00,0.00,Denied,Authorization Required,
CLM512484,ENC112484,PT10921,PY04,2025-02-20,2025-03-01,18254.01,9451.43,1331.44,8119.99,Paid,,2025-03-23
CLM512491,ENC112491,PT11957,PY06,2025-02-26,2025-03-03,32312.46,18860.95,3698.76,15162.19,Paid,,2025-04-09
CLM512493,ENC112493,PT11218,PY04,2025-02-19,2025-03-01,5649.30,3002.38,328.34,2674.04,Paid,,2025-03-14
CLM512495,ENC112495,PT12788,PY02,2025-03-05,2025-03-14,117879.84,0.00,0.00,0.00,Appealed,Medical Necessity,
CLM512502,ENC112502,PT11763,PY06,2025-02-19,2025-03-03,1325.49,723.85,67.58,656.27,Paid,,2025-03-26
CLM512511,ENC112511,PT13499,PY01,2025-02-27,2025-03-02,38864.35,11659.82,1056.31,10603.51,Paid,,2025-03-16
CLM512512,ENC112512,PT11326,PY01,2025-02-19,2025-03-05,228.81,70.24,6.73,63.51,Paid,,2025-03-16
CLM512518,ENC112518,PT11790,PY01,2025-02-19,2025-03-01,3760.62,1076.46,51.54,1024.92,Paid,,2025-03-21
CLM512524,ENC112524,PT10112,PY02,2025-02-26,2025-03-01,55458.39,0.00,0.00,0.00,Denied,Medical Necessity,
CLM512528,ENC112528,PT11447,PY06,2025-02-22,2025-03-08,21515.18,15635.40,2184.54,13450.86,Paid,,2025-03-29
CLM512530,ENC112530,PT10264,PY04,2025-02-20,2025-03-07,2632.22,1502.86,138.04,1364.82,Paid,,2025-03-29
CLM512531,ENC112531,PT10881,PY05,2025-02-21,2025-03-07,8431.15,0.00,0.00,0.00,Denied,Authorization Required,
CLM512533,ENC112533,PT11007,PY04,2025-02-22,2025-03-06,14605.57,7669.52,988.49,6681.03,Paid,,2025-03-29
CLM512536,ENC112536,PT10097,PY01,2025-02-25,2025-03-05,24693.98,7964.16,1121.65,6842.51,Paid,,2025-03-21
CLM512537,ENC112537,PT13982,PY03,2025-02-28,2025-03-07,32531.64,7082.64,0.00,7082.64,Paid,,2025-04-19
CLM512547,ENC112547,PT10664,PY05,2025-02-20,2025-03-04,196.95,96.82,4.06,92.76,Paid,,2025-03-30
CLM512550,ENC112550,PT13354,PY01,2025-02-26,2025-03-04,25256.60,8769.78,514.06,8255.72,Paid,,2025-03-20
CLM512559,ENC112559,PT12113,PY01,2025-02-20,2025-03-04,1920.79,577.71,12.34,565.37,Paid,,2025-03-17
CLM512563,ENC112563,PT13276,PY04,2025-02-20,2025-03-02,1838.68,932.19,133.76,798.43,Paid,,2025-03-28
CLM512572,ENC112572,PT10792,PY06,2025-02-20,2025-03-03,1245.70,619.30,69.04,550.26,Paid,,2025-03-19
CLM512574,ENC112574,PT11584,PY04,2025-02-20,2025-03-05,725.08,333.37,27.87,305.50,Paid,,2025-03-27
CLM512577,ENC112577,PT10697,PY07,2025-02-23,2025-03-04,13784.29,5871.86,5871.86,0.00,Pending,,
CLM512584,ENC112584,PT13960,PY01,2025-02-21,2025-03-02,818.15,250.13,18.57,231.56,Paid,,2025-03-15
CLM512600,ENC112600,PT10194,PY06,2025-02-26,2025-03-01,11447.28,5490.86,560.42,4930.44,Paid,,2025-04-01
CLM512608,ENC112608,PT11035,PY03,2025-03-03,2025-03-07,97943.42,22583.74,0.00,22583.74,Paid,,2025-04-15
CLM512615,ENC112615,PT11854,PY01,2025-03-03,2025-03-09,34298.40,11285.36,78.31,11207.05,Paid,,2025-03-27
CLM512617,ENC112617,PT10756,PY06,2025-02-22,2025-03-01,3543.58,1852.45,178.83,1673.62,Paid,,2025-03-21
CLM512618,ENC112618,PT10667,PY03,2025-02-22,2025-03-01,1182.08,265.85,0.00,265.85,Paid,,2025-03-26
CLM512624,ENC112624,PT11436,PY02,2025-02-22,2025-03-01,1594.43,491.40,34.34,457.06,Paid,,2025-03-30
CLM512626,ENC112626,PT11095,PY06,2025-02-24,2025-03-01,16552.61,9185.90,531.63,8654.27,Paid,,2025-03-26
CLM512627,ENC112627,PT11369,PY05,2025-02-25,2025-03-02,17800.03,8170.75,504.95,7665.80,Paid,,2025-04-11
CLM512630,ENC112630,PT10165,PY02,2025-03-01,2025-03-08,17188.56,5581.90,342.91,5238.99,Paid,,2025-03-27
CLM512631,ENC112631,PT11867,PY01,2025-02-22,2025-03-02,2968.44,925.17,97.74,827.43,Paid,,2025-03-12
CLM512632,ENC112632,PT13234,PY02,2025-02-22,2025-03-02,3507.87,1074.35,38.72,1035.63,Paid,,2025-04-14
CLM512633,ENC112633,PT11015,PY05,2025-03-06,2025-03-09,39518.75,20813.40,3139.61,17673.79,Paid,,2025-03-31
CLM512637,ENC112637,PT10419,PY01,2025-02-27,2025-03-06,15365.38,4366.30,305.71,4060.59,Paid,,2025-03-12
CLM512638,ENC112638,PT12114,PY05,2025-02-23,2025-03-01,830.85,405.63,36.56,369.07,Paid,,2025-04-24
CLM512640,ENC112640,PT11437,PY02,2025-02-27,2025-03-01,85671.55,28212.82,2462.68,25750.14,Paid,,2025-03-28
CLM512642,ENC112642,PT12403,PY03,2025-02-24,2025-03-07,11090.18,2855.42,0.00,2855.42,Paid,,2025-04-11
CLM512643,ENC112643,PT13193,PY02,2025-02-23,2025-03-04,3580.14,1059.95,63.23,996.72,Paid,,2025-04-01
CLM512645,ENC112645,PT11007,PY04,2025-02-27,2025-03-01,56462.54,33717.01,2368.63,31348.38,Paid,,2025-04-07
CLM512646,ENC112646,PT11954,PY02,2025-02-27,2025-03-01,19723.65,6202.77,265.40,5937.37,Paid,,2025-03-31
CLM512647,ENC112647,PT13674,PY06,2025-02-23,2025-03-02,1328.63,700.78,32.28,668.50,Paid,,2025-03-13
CLM512649,ENC112649,PT13495,PY01,2025-02-23,2025-03-10,4663.18,1416.87,261.27,1155.60,Paid,,2025-03-26
CLM512650,ENC112650,PT10297,PY02,2025-02-26,2025-03-01,14980.07,0.00,0.00,0.00,Denied,Medical Necessity,
CLM512651,ENC112651,PT12745,PY01,2025-03-05,2025-03-09,29576.89,10838.46,1537.97,9300.49,Paid,,2025-03-18
CLM512652,ENC112652,PT10489,PY02,2025-03-01,2025-03-04,24128.84,0.00,0.00,0.00,Appealed,Authorization Required,
CLM512654,ENC112654,PT11536,PY03,2025-02-24,2025-03-06,2790.18,712.96,0.00,712.96,Paid,,2025-04-19
CLM512655,ENC112655,PT11927,PY05,2025-02-24,2025-03-02,2032.69,0.00,0.00,0.00,Appealed,Authorization Required,
CLM512657,ENC112657,PT13758,PY04,2025-02-26,2025-03-04,67030.20,38719.53,8432.10,30287.43,Paid,,2025-04-20
CLM512662,ENC112662,PT12602,PY06,2025-02-28,2025-03-06,9692.34,0.00,0.00,0.00,Denied,Eligibility / Coverage,
CLM512663,ENC112663,PT12655,PY01,2025-02-24,2025-03-02,10935.27,3250.94,87.08,3163.86,Paid,,2025-03-16
CLM512664,ENC112664,PT12824,PY02,2025-02-24,2025-03-02,6693.58,2191.32,166.36,2024.96,Paid,,2025-04-05
CLM512667,ENC112667,PT10342,PY05,2025-02-26,2025-03-02,8402.46,4517.88,442.65,2770.51,Partially Paid,Medical Necessity,2025-04-13
CLM512670,ENC112670,PT13439,PY02,2025-02-24,2025-03-05,199.74,65.23,5.12,60.11,Paid,,2025-04-13
CLM512671,ENC112671,PT11491,PY04,2025-02-24,2025-03-04,230.37,118.40,7.35,111.05,Paid,,2025-03-22
CLM512672,ENC112672,PT10192,PY06,2025-03-03,2025-03-05,85609.80,46661.94,413.58,46248.36,Paid,,2025-03-29
CLM512674,ENC112674,PT13917,PY01,2025-02-24,2025-03-03,170.28,46.52,3.05,43.47,Paid,,2025-03-18
CLM512675,ENC112675,PT12288,PY06,2025-02-24,2025-03-02,1345.51,0.00,0.00,0.00,Denied,Coding Error,
CLM512678,ENC112678,PT12874,PY04,2025-02-25,2025-03-01,13568.87,0.00,0.00,0.00,Appealed,Coding Error,
CLM512679,ENC112679,PT13352,PY01,2025-02-24,2025-03-02,964.39,306.18,17.48,288.70,Paid,,2025-03-19
CLM512682,ENC112682,PT12852,PY03,2025-02-24,2025-03-03,311.12,68.71,0.00,68.71,Paid,,2025-04-18
CLM512684,ENC112684,PT11357,PY06,2025-02-27,2025-03-06,12615.03,7292.86,183.97,7108.89,Paid,,2025-03-29
CLM512687,ENC112687,PT12991,PY01,2025-02-27,2025-03-02,12779.82,4260.38,344.98,3915.40,Paid,,2025-03-10
CLM512689,ENC112689,PT11685,PY06,2025-03-02,2025-03-08,27098.43,0.00,0.00,0.00,Denied,Authorization Required,
CLM512690,ENC112690,PT12464,PY07,2025-02-25,2025-03-03,10484.96,4375.35,4375.35,4375.35,Paid,,2025-04-23
CLM512691,ENC112691,PT13111,PY03,2025-02-24,2025-03-01,366.54,91.61,0.00,91.61,Paid,,2025-04-14
CLM512693,ENC112693,PT13298,PY02,2025-02-24,2025-03-01,327.50,113.72,8.17,105.55,Paid,,2025-03-10
CLM512701,ENC112701,PT12858,PY04,2025-02-26,2025-03-05,12181.78,6133.77,758.09,5375.68,Paid,,2025-03-27
CLM512702,ENC112702,PT10290,PY07,2025-02-26,2025-03-01,9463.44,4182.87,4182.87,4182.87,Paid,,2025-04-19
CLM512706,ENC112706,PT13378,PY03,2025-02-24,2025-03-02,1573.22,372.78,0.00,372.78,Paid,,2025-04-29
CLM512707,ENC112707,PT10972,PY05,2025-02-25,2025-03-13,3309.20,1407.39,130.20,1277.19,Paid,,2025-05-08
CLM512708,ENC112708,PT10228,PY05,2025-02-26,2025-03-04,4596.77,2351.82,333.25,2018.57,Paid,,2025-04-19
CLM512709,ENC112709,PT12551,PY01,2025-02-25,2025-03-01,2711.56,820.99,74.04,746.95,Paid,,2025-03-13
CLM512710,ENC112710,PT10174,PY02,2025-02-25,2025-03-02,4902.50,1459.12,77.78,1206.65,Partially Paid,Coding Error,2025-03-23
CLM512711,ENC112711,PT12787,PY03,2025-02-25,2025-03-02,928.31,204.58,0.00,204.58,Paid,,2025-03-16
CLM512712,ENC112712,PT13269,PY07,2025-02-27,2025-03-02,10490.03,3960.88,3960.88,0.00,Pending,,
CLM512714,ENC112714,PT10593,PY02,2025-03-01,2025-03-03,16703.75,5631.01,101.70,5529.31,Paid,,2025-03-18
CLM512715,ENC112715,PT10397,PY05,2025-02-25,2025-03-02,1198.08,584.41,29.70,554.71,Paid,,2025-03-28
CLM512716,ENC112716,PT10421,PY05,2025-02-25,2025-03-01,189.51,96.96,17.20,79.76,Paid,,2025-04-01
CLM512717,ENC112717,PT10450,PY01,2025-03-01,2025-03-03,11924.97,3772.74,579.40,3193.34,Paid,,2025-03-13
CLM512718,ENC112718,PT11196,PY05,2025-02-25,2025-03-07,338.34,0.00,0.00,0.00,Denied,Authorization Required,
CLM512720,ENC112720,PT10235,PY04,2025-02-25,2025-03-03,1146.30,584.43,27.92,556.51,Paid,,2025-04-22
CLM512721,ENC112721,PT12261,PY03,2025-03-05,2025-03-11,25128.37,0.00,0.00,0.00,Appealed,Authorization Required,
CLM512722,ENC112722,PT10382,PY07,2025-02-25,2025-03-04,379.64,160.65,160.65,0.00,Pending,,
CLM512723,ENC112723,PT12424,PY07,2025-02-25,2025-03-03,374.23,152.51,152.51,99.53,Partially Paid,,2025-05-05
CLM512724,ENC112724,PT13084,PY02,2025-02-25,2025-03-01,375.09,131.53,3.37,128.16,Paid,,2025-04-03
CLM512725,ENC112725,PT12499,PY02,2025-02-25,2025-03-05,414.53,136.10,7.05,129.05,Paid,,2025-03-26
CLM512728,ENC112728,PT10784,PY02,2025-03-04,2025-03-09,68739.32,22189.23,677.63,21511.60,Paid,,2025-04-11
CLM512729,ENC112729,PT10373,PY05,2025-02-25,2025-03-02,312.09,0.00,0.00,0.00,Denied,Coding Error,
CLM512730,ENC112730,PT13157,PY04,2025-02-25,2025-03-05,3496.42,1805.38,238.38,1567.00,Paid,,2025-04-21
CLM512731,ENC112731,PT13256,PY06,2025-02-25,2025-03-02,5307.88,2878.09,215.38,1269.41,Partially Paid,Coding Error,2025-03-17
CLM512732,ENC112732,PT12345,PY01,2025-03-01,2025-03-03,19490.62,6561.12,659.55,5901.57,Paid,,2025-03-18
CLM512736,ENC112736,PT11659,PY03,2025-02-25,2025-03-05,11010.74,0.00,0.00,0.00,Denied,Coding Error,
CLM512737,ENC112737,PT12799,PY03,2025-02-25,2025-03-02,241.02,57.54,0.00,57.54,Paid,,2025-04-05
CLM512738,ENC112738,PT12943,PY06,2025-02-25,2025-03-02,290.04,180.69,18.42,162.27,Paid,,2025-03-27
CLM512739,ENC112739,PT13149,PY02,2025-02-25,2025-03-09,469.86,160.26,12.73,147.53,Paid,,2025-04-12
CLM512741,ENC112741,PT10067,PY02,2025-02-28,2025-03-09,21936.81,8233.04,456.76,7776.28,Paid,,2025-04-17
CLM512742,ENC112742,PT13010,PY05,2025-02-27,2025-03-03,10310.60,4888.28,99.92,4788.36,Paid,,2025-03-19
CLM512743,ENC112743,PT11223,PY03,2025-02-25,2025-03-03,1071.82,239.56,0.00,239.56,Paid,,2025-04-18
CLM512744,ENC112744,PT12753,PY03,2025-03-01,2025-03-07,57203.44,12891.26,0.00,12891.26,Paid,,2025-04-07
CLM512745,ENC112745,PT10618,PY01,2025-02-26,2025-03-03,4361.02,1501.00,162.19,1338.81,Paid,,2025-03-10
CLM512747,ENC112747,PT11804,PY06,2025-02-25,2025-03-04,2863.66,1557.67,190.04,1367.63,Paid,,2025-04-09
CLM512748,ENC112748,PT13268,PY04,2025-02-28,2025-03-06,26500.23,13874.40,2089.80,11784.60,Paid,,2025-04-06
CLM512750,ENC112750,PT11624,PY03,2025-02-25,2025-03-02,579.74,0.00,0.00,0.00,Appealed,Coding Error,
CLM512752,ENC112752,PT11471,PY01,2025-02-26,2025-03-01,4457.29,1451.51,50.30,1401.21,Paid,,2025-04-01
CLM512753,ENC112753,PT12541,PY02,2025-02-26,2025-03-03,2263.84,702.66,70.33,632.33,Paid,,2025-03-29
CLM512754,ENC112754,PT12081,PY01,2025-02-26,2025-03-07,7214.32,2249.86,217.93,2031.93,Paid,,2025-03-20
CLM512755,ENC112755,PT10725,PY03,2025-02-26,2025-03-02,1317.65,371.88,0.00,371.88,Paid,,2025-04-09
CLM512756,ENC112756,PT13369,PY03,2025-03-02,2025-03-03,41699.16,10723.58,0.00,10723.58,Paid,,2025-05-01
CLM512757,ENC112757,PT10336,PY01,2025-03-05,2025-03-10,44954.72,14701.45,2342.69,12358.76,Paid,,2025-03-21
CLM512758,ENC112758,PT10600,PY06,2025-02-27,2025-03-07,77607.56,45111.74,6063.30,39048.44,Paid,,2025-03-30
CLM512760,ENC112760,PT13673,PY01,2025-02-26,2025-03-02,174.30,54.53,6.65,23.01,Partially Paid,Medical Necessity,2025-04-04
CLM512761,ENC112761,PT13363,PY01,2025-02-26,2025-03-09,199.37,52.52,7.31,45.21,Paid,,2025-03-20
CLM512762,ENC112762,PT13550,PY01,2025-02-26,2025-03-01,229.50,65.43,3.47,61.96,Paid,,2025-03-11
CLM512763,ENC112763,PT12868,PY03,2025-02-26,2025-03-03,1691.40,495.29,0.00,495.29,Paid,,2025-03-27
CLM512764,ENC112764,PT12549,PY01,2025-03-02,2025-03-06,22923.58,6858.23,556.72,6301.51,Paid,,2025-03-22
CLM512765,ENC112765,PT10095,PY04,2025-02-26,2025-03-04,200.79,108.60,13.40,95.20,Paid,,2025-04-07
CLM512767,ENC112767,PT10847,PY02,2025-02-26,2025-03-03,10255.48,3365.32,192.44,3172.88,Paid,,2025-04-01
CLM512768,ENC112768,PT11059,PY04,2025-02-26,2025-03-02,224.04,125.75,18.33,107.42,Paid,,2025-04-05
CLM512769,ENC112769,PT13959,PY02,2025-03-07,2025-03-09,53733.87,0.00,0.00,0.00,Denied,Medical Necessity,
CLM512770,ENC112770,PT11696,PY01,2025-02-26,2025-03-03,577.06,182.91,7.93,174.98,Paid,,2025-03-18
CLM512771,ENC112771,PT12901,PY06,2025-02-26,2025-03-07,377.49,181.51,11.90,169.61,Paid,,2025-04-07
CLM512772,ENC112772,PT13386,PY01,2025-02-26,2025-03-02,197.13,68.52,6.40,62.12,Paid,,2025-03-21
CLM512773,ENC112773,PT11577,PY07,2025-02-26,2025-03-06,401.29,146.76,146.76,86.68,Partially Paid,,2025-05-14
CLM512774,ENC112774,PT11144,PY05,2025-02-26,2025-03-03,181.92,91.44,12.09,79.35,Paid,,2025-05-04
CLM512775,ENC112775,PT13922,PY03,2025-02-26,2025-03-03,368.65,83.94,0.00,83.94,Paid,,2025-04-01
CLM512777,ENC112777,PT13802,PY03,2025-02-26,2025-03-01,311.78,66.05,0.00,66.05,Paid,,2025-03-23
CLM512778,ENC112778,PT11111,PY01,2025-02-27,2025-03-04,10011.36,3249.71,233.61,3016.10,Paid,,2025-03-11
CLM512779,ENC112779,PT10188,PY03,2025-02-26,2025-03-03,234.79,52.20,0.00,52.20,Paid,,2025-04-17
CLM512781,ENC112781,PT11913,PY05,2025-03-01,2025-03-07,10857.66,5003.73,695.90,4307.83,Paid,,2025-04-14
CLM512783,ENC112783,PT11325,PY05,2025-03-02,2025-03-15,19705.19,10624.46,1818.26,8806.20,Paid,,2025-04-19
CLM512784,ENC112784,PT11555,PY04,2025-02-26,2025-03-01,118.34,57.14,8.16,48.98,Paid,,2025-03-12
CLM512785,ENC112785,PT10728,PY04,2025-02-28,2025-03-09,6685.30,3801.89,77.62,3724.27,Paid,,2025-04-02
CLM512786,ENC112786,PT13325,PY03,2025-02-27,2025-03-06,8784.49,2222.11,0.00,2222.11,Paid,,2025-04-01
CLM512787,ENC112787,PT12446,PY03,2025-02-26,2025-03-06,1341.54,317.94,0.00,317.94,Paid,,2025-04-07
CLM512789,ENC112789,PT12459,PY02,2025-02-27,2025-03-04,2915.51,1018.43,52.53,965.90,Paid,,2025-04-16
CLM512790,ENC112790,PT12443,PY03,2025-02-27,2025-03-05,4380.93,1123.73,0.00,1123.73,Paid,,2025-04-21
CLM512791,ENC112791,PT11274,PY01,2025-03-02,2025-03-16,29089.86,7934.81,797.94,7136.87,Paid,,2025-03-31
CLM512792,ENC112792,PT10950,PY03,2025-02-27,2025-03-06,3202.13,773.25,0.00,773.25,Paid,,2025-03-27
CLM512793,ENC112793,PT11782,PY04,2025-02-27,2025-03-07,3770.71,1931.25,345.92,1585.33,Paid,,2025-03-26
CLM512794,ENC112794,PT10082,PY06,2025-03-01,2025-03-03,16679.18,9616.27,2043.95,6724.27,Partially Paid,Coding Error,2025-03-20
CLM512795,ENC112795,PT13610,PY01,2025-02-27,2025-03-03,3216.89,957.94,121.57,836.37,Paid,,2025-03-15
CLM512796,ENC112796,PT12538,PY05,2025-02-27,2025-03-03,5383.58,2575.72,236.30,2339.42,Paid,,2025-04-22
CLM512797,ENC112797,PT11589,PY02,2025-03-06,2025-03-10,19066.23,6460.17,186.84,6273.33,Paid,,2025-04-04
CLM512798,ENC112798,PT13336,PY04,2025-02-27,2025-03-04,1042.12,520.91,5.84,515.07,Paid,,2025-03-24
CLM512799,ENC112799,PT11607,PY01,2025-02-27,2025-03-03,275.90,96.83,8.47,88.36,Paid,,2025-03-17
CLM512800,ENC112800,PT10389,PY02,2025-02-28,2025-03-03,7346.49,0.00,0.00,0.00,Appealed,Authorization Required,
CLM512801,ENC112801,PT13001,PY01,2025-02-27,2025-03-03,739.76,206.13,29.62,176.51,Paid,,2025-03-18
CLM512803,ENC112803,PT12478,PY01,2025-02-27,2025-03-05,9696.60,3401.26,459.33,2941.93,Paid,,2025-03-29
CLM512804,ENC112804,PT11082,PY01,2025-02-27,2025-03-07,154.28,48.52,3.76,44.76,Paid,,2025-03-16
CLM512805,ENC112805,PT11165,PY05,2025-02-27,2025-03-03,136.93,72.63,10.28,62.35,Paid,,2025-03-26
CLM512806,ENC112806,PT12164,PY02,2025-02-27,2025-03-02,10753.10,3427.11,318.21,3108.90,Paid,,2025-03-28
CLM512807,ENC112807,PT12372,PY05,2025-02-27,2025-03-05,269.65,131.36,18.72,112.64,Paid,,2025-04-02
CLM512809,ENC112809,PT11826,PY03,2025-02-27,2025-03-03,194.73,48.18,0.00,31.27,Partially Paid,Coding Error,2025-04-18
CLM512811,ENC112811,PT10405,PY02,2025-03-07,2025-03-09,26845.85,10125.45,645.85,9479.60,Paid,,2025-04-13
CLM512812,ENC112812,PT13041,PY01,2025-02-27,2025-03-06,243.14,68.77,3.69,65.08,Paid,,2025-03-17
CLM512813,ENC112813,PT13545,PY05,2025-02-27,2025-03-03,395.10,190.41,20.13,170.28,Paid,,2025-04-14
CLM512814,ENC112814,PT12295,PY01,2025-02-27,2025-03-01,328.61,101.14,6.99,94.15,Paid,,2025-03-16
CLM512815,ENC112815,PT10914,PY01,2025-02-27,2025-03-02,938.23,287.12,25.68,261.44,Paid,,2025-03-20
CLM512816,ENC112816,PT10211,PY04,2025-03-02,2025-03-04,12816.06,7155.78,800.25,6355.53,Paid,,2025-04-01
CLM512817,ENC112817,PT13136,PY01,2025-02-27,2025-03-04,298.46,98.27,10.04,88.23,Paid,,2025-03-18
CLM512818,ENC112818,PT10836,PY08,2025-02-27,2025-03-03,445.66,264.31,0.00,264.31,Paid,,2025-04-19
CLM512819,ENC112819,PT11675,PY03,2025-02-27,2025-03-04,5285.52,1340.78,0.00,1340.78,Paid,,2025-04-19
CLM512821,ENC112821,PT11121,PY01,2025-02-27,2025-03-03,6069.43,1997.36,272.24,1725.12,Paid,,2025-03-16
CLM512823,ENC112823,PT11903,PY05,2025-02-27,2025-03-01,329.75,175.15,20.31,154.84,Paid,,2025-03-27
CLM512824,ENC112824,PT10952,PY03,2025-02-27,2025-03-01,889.16,215.42,0.00,215.42,Paid,,2025-04-22
CLM512825,ENC112825,PT12419,PY05,2025-02-27,2025-03-04,4533.74,2124.60,234.50,1890.10,Paid,,2025-03-22
CLM512826,ENC112826,PT13792,PY01,2025-02-27,2025-03-01,1635.21,504.83,66.66,438.17,Paid,,2025-03-14
CLM512827,ENC112827,PT12818,PY02,2025-03-04,2025-03-06,69715.83,0.00,0.00,0.00,Denied,Medical Necessity,
CLM512828,ENC112828,PT10830,PY05,2025-03-02,2025-03-04,14764.46,7783.16,1404.15,6379.01,Paid,,2025-03-30
CLM512829,ENC112829,PT11965,PY06,2025-02-27,2025-03-02,4886.27,2578.24,460.59,2117.65,Paid,,2025-03-29
CLM512830,ENC112830,PT10302,PY04,2025-02-27,2025-03-01,2639.44,1264.64,119.34,1145.30,Paid,,2025-03-29
CLM512831,ENC112831,PT10138,PY03,2025-03-14,2025-03-15,45722.21,10190.62,0.00,10190.62,Paid,,2025-04-11
CLM512832,ENC112832,PT10334,PY02,2025-02-28,2025-03-03,1340.87,479.09,35.39,443.70,Paid,,2025-03-26
CLM512833,ENC112833,PT10252,PY05,2025-02-28,2025-03-03,348.37,183.31,16.79,166.52,Paid,,2025-04-06
CLM512834,ENC112834,PT10889,PY06,2025-02-28,2025-03-09,331.99,169.43,27.17,142.26,Paid,,2025-03-31
CLM512836,ENC112836,PT12416,PY06,2025-02-28,2025-03-05,199.97,121.07,19.98,101.09,Paid,,2025-03-18
CLM512837,ENC112837,PT12007,PY02,2025-02-28,2025-03-02,353.22,115.51,8.46,107.05,Paid,,2025-03-29
CLM512838,ENC112838,PT11213,PY03,2025-02-28,2025-03-07,400.81,0.00,0.00,0.00,Appealed,Authorization Required,
CLM512839,ENC112839,PT12660,PY06,2025-02-28,2025-03-05,261.43,153.79,29.25,124.54,Paid,,2025-03-21
CLM512840,ENC112840,PT10469,PY01,2025-02-28,2025-03-05,391.41,119.66,11.05,108.61,Paid,,2025-03-24
CLM512841,ENC112841,PT11884,PY02,2025-03-09,2025-03-12,55565.16,19483.48,1003.27,18480.21,Paid,,2025-04-17
CLM512842,ENC112842,PT12692,PY03,2025-02-28,2025-03-04,137.77,32.04,0.00,32.04,Paid,,2025-04-14
CLM512843,ENC112843,PT12908,PY05,2025-02-28,2025-03-02,130.86,60.31,6.43,53.88,Paid,,2025-04-21
CLM512845,ENC112845,PT12778,PY01,2025-02-28,2025-03-06,142.90,45.79,5.98,35.19,Partially Paid,Missing Documentation,2025-03-29
CLM512846,ENC112846,PT13636,PY04,2025-02-28,2025-03-02,12708.18,6158.92,936.76,5222.16,Paid,,2025-03-23
CLM512847,ENC112847,PT11078,PY07,2025-03-05,2025-03-09,51761.61,21915.42,21915.42,11350.47,Partially Paid,,2025-06-07
CLM512848,ENC112848,PT13124,PY03,2025-02-28,2025-03-04,453.26,113.32,0.00,113.32,Paid,,2025-03-25
CLM512849,ENC112849,PT13406,PY06,2025-02-28,2025-03-01,6403.58,3229.92,304.19,2925.73,Paid,,2025-04-14
CLM512850,ENC112850,PT13930,PY04,2025-02-28,2025-03-07,1393.78,706.63,75.97,630.66,Paid,,2025-04-05
CLM512851,ENC112851,PT13151,PY02,2025-03-01,2025-03-05,6576.60,2348.62,191.25,2157.37,Paid,,2025-04-16
CLM512852,ENC112852,PT11745,PY04,2025-02-28,2025-03-06,2925.49,1363.13,85.82,1277.31,Paid,,2025-03-27
CLM512853,ENC112853,PT12493,PY02,2025-02-28,2025-03-06,356.65,114.00,11.89,102.11,Paid,,2025-03-31
CLM512854,ENC112854,PT10257,PY01,2025-02-28,2025-03-07,277.85,85.08,10.01,75.07,Paid,,2025-03-15
CLM512855,ENC112855,PT10505,PY03,2025-02-28,2025-03-11,109.61,26.03,0.00,26.03,Paid,,2025-04-08
CLM512856,ENC112856,PT10064,PY06,2025-02-28,2025-03-08,2848.46,0.00,0.00,0.00,Denied,Coding Error,
CLM512857,ENC112857,PT12379,PY04,2025-02-28,2025-03-04,4453.88,2525.98,415.37,2110.61,Paid,,2025-03-19
CLM512858,ENC112858,PT10491,PY08,2025-02-28,2025-03-03,1645.67,848.89,0.00,848.89,Paid,,2025-04-28
CLM512860,ENC112860,PT11226,PY03,2025-03-08,2025-03-10,61046.78,15461.08,0.00,15461.08,Paid,,2025-04-24
CLM512861,ENC112861,PT12335,PY05,2025-03-01,2025-03-06,5315.55,2498.55,374.72,2123.83,Paid,,2025-04-14
CLM512862,ENC112862,PT10994,PY03,2025-03-01,2025-03-04,6421.52,1527.63,0.00,1527.63,Paid,,2025-03-24
CLM512863,ENC112863,PT10998,PY06,2025-03-01,2025-03-08,767.28,470.11,68.24,401.87,Paid,,2025-03-19
CLM512864,ENC112864,PT13610,PY01,2025-03-01,2025-03-04,1615.67,496.20,30.60,465.60,Paid,,2025-03-19
CLM512865,ENC112865,PT12294,PY01,2025-03-01,2025-03-09,632.05,205.41,12.42,192.99,Paid,,2025-03-28
CLM512866,ENC112866,PT11161,PY01,2025-03-01,2025-03-07,1317.32,428.07,5.32,422.75,Paid,,2025-04-03
CLM512867,ENC112867,PT13974,PY03,2025-03-02,2025-03-08,9834.19,2215.35,0.00,2215.35,Paid,,2025-03-25
CLM512868,ENC112868,PT12478,PY01,2025-03-01,2025-03-10,1569.83,481.53,24.60,456.93,Paid,,2025-03-18
CLM512869,ENC112869,PT11805,PY07,2025-03-01,2025-03-04,3506.67,1457.05,1457.05,0.00,Pending,,
CLM512870,ENC112870,PT11408,PY03,2025-03-08,2025-03-14,28161.59,7118.66,0.00,7118.66,Paid,,2025-04-09
CLM512871,ENC112871,PT13660,PY04,2025-03-01,2025-03-03,1741.33,853.72,141.04,712.68,Paid,,2025-03-13
CLM512872,ENC112872,PT11143,PY03,2025-03-01,2025-03-13,838.73,219.23,0.00,219.23,Paid,,2025-04-07
CLM512873,ENC112873,PT10692,PY04,2025-03-06,2025-03-20,19498.41,9251.37,1053.44,8197.93,Paid,,2025-04-13
CLM512874,ENC112874,PT11036,PY06,2025-03-02,2025-03-06,3797.85,2153.82,245.20,1908.62,Paid,,2025-03-23
CLM512875,ENC112875,PT13985,PY01,2025-03-04,2025-03-12,14849.89,4182.12,441.13,3740.99,Paid,,2025-03-25
CLM512876,ENC112876,PT12593,PY02,2025-03-02,2025-03-07,7853.62,2128.16,73.03,2055.13,Paid,,2025-03-27
CLM512877,ENC112877,PT13601,PY03,2025-03-06,2025-03-10,25147.46,5957.49,0.00,5957.49,Paid,,2025-04-12
CLM512878,ENC112878,PT11183,PY03,2025-03-02,2025-03-06,4680.13,1148.71,0.00,1148.71,Paid,,2025-04-09
CLM512879,ENC112879,PT10886,PY02,2025-03-04,2025-03-07,8174.27,2868.78,72.04,2796.74,Paid,,2025-04-02
CLM512880,ENC112880,PT12231,PY07,2025-03-10,2025-03-13,68914.82,31929.59,31929.59,0.00,Pending,,
CLM512881,ENC112881,PT13050,PY01,2025-03-02,2025-03-07,3319.61,1180.36,112.92,1067.44,Paid,,2025-03-22
CLM512882,ENC112882,PT11391,PY05,2025-03-02,2025-03-09,3123.10,1562.28,166.17,1396.11,Paid,,2025-04-06
CLM512883,ENC112883,PT13152,PY03,2025-03-02,2025-03-05,808.24,173.11,0.00,173.11,Paid,,2025-04-09
CLM512884,ENC112884,PT12476,PY06,2025-03-02,2025-03-06,1882.91,1145.01,193.96,951.05,Paid,,2025-03-26
CLM512885,ENC112885,PT10678,PY04,2025-03-02,2025-03-03,1874.37,843.10,137.69,705.41,Paid,,2025-04-05
CLM512886,ENC112886,PT11000,PY05,2025-03-05,2025-03-06,16191.59,7454.58,991.98,6462.60,Paid,,2025-04-25
CLM512887,ENC112887,PT12253,PY01,2025-03-05,2025-03-09,16641.53,5305.35,591.87,4713.48,Paid,,2025-03-21
CLM512888,ENC112888,PT10871,PY04,2025-03-02,2025-03-04,5151.91,2745.74,353.23,2392.51,Paid,,2025-03-29
CLM512889,ENC112889,PT10224,PY04,2025-03-02,2025-03-12,5354.64,3125.07,328.93,2796.14,Paid,,2025-05-08
CLM512890,ENC112890,PT13901,PY04,2025-03-02,2025-03-07,715.82,368.85,16.87,351.98,Paid,,2025-04-08
CLM512891,ENC112891,PT11013,PY03,2025-03-04,2025-03-18,12227.47,3003.97,0.00,3003.97,Paid,,2025-04-23
CLM512892,ENC112892,PT12153,PY01,2025-03-05,2025-03-07,27146.37,8299.37,1332.23,6967.14,Paid,,2025-03-31
CLM512893,ENC112893,PT10455,PY05,2025-03-03,2025-03-06,2540.30,1096.32,88.23,1008.09,Paid,,2025-03-26
CLM512894,ENC112894,PT10947,PY02,2025-03-03,2025-03-10,4783.28,1713.01,22.57,1690.44,Paid,,2025-04-20
CLM512895,ENC112895,PT13395,PY02,2025-03-05,2025-03-12,17056.59,5689.26,482.83,5206.43,Paid,,2025-04-14
CLM512896,ENC112896,PT11437,PY02,2025-03-06,2025-03-17,12754.32,4407.90,181.24,4226.66,Paid,,2025-04-20
CLM512897,ENC112897,PT11726,PY01,2025-03-04,2025-03-08,53158.98,14928.60,1663.41,13265.19,Paid,,2025-03-23
CLM512898,ENC112898,PT13774,PY01,2025-03-04,2025-03-10,4763.94,1418.67,69.88,1348.79,Paid,,2025-03-27
CLM512899,ENC112899,PT12301,PY01,2025-03-11,2025-03-14,52320.93,15557.46,2121.08,13436.38,Paid,,2025-03-29
CLM512900,ENC112900,PT12887,PY01,2025-03-03,2025-03-09,2667.29,846.31,104.30,742.01,Paid,,2025-03-21
CLM512901,ENC112901,PT13398,PY03,2025-03-12,2025-03-18,60007.67,13020.07,0.00,13020.07,Paid,,2025-04-16
CLM512902,ENC112902,PT11313,PY03,2025-03-03,2025-03-10,1482.76,331.03,0.00,331.03,Paid,,2025-05-25
CLM512903,ENC112903,PT10512,PY03,2025-03-03,2025-03-09,826.23,183.40,0.00,183.40,Paid,,2025-04-08
CLM512904,ENC112904,PT13065,PY01,2025-03-03,2025-03-04,202.68,58.32,4.22,54.10,Paid,,2025-03-23
CLM512905,ENC112905,PT11650,PY03,2025-03-03,2025-03-12,340.30,80.16,0.00,80.16,Paid,,2025-04-17
CLM512906,ENC112906,PT11332,PY04,2025-03-03,2025-03-06,155.35,76.84,10.04,66.80,Paid,,2025-03-27
CLM512907,ENC112907,PT11559,PY03,2025-03-03,2025-03-06,346.00,0.00,0.00,0.00,Appealed,Authorization Required,
CLM512908,ENC112908,PT10111,PY07,2025-03-03,2025-03-08,220.49,84.75,84.75,84.75,Paid,,2025-05-11
CLM512909,ENC112909,PT10191,PY01,2025-03-03,2025-03-05,3069.53,1015.68,125.59,890.09,Paid,,2025-03-17
CLM512910,ENC112910,PT10775,PY04,2025-03-03,2025-03-12,3621.02,2126.09,229.75,1896.34,Paid,,2025-04-05
CLM512911,ENC112911,PT13917,PY01,2025-03-03,2025-03-07,181.97,56.01,1.66,54.35,Paid,,2025-03-12
CLM512912,ENC112912,PT13818,PY04,2025-03-03,2025-03-11,187.83,102.06,21.27,80.79,Paid,,2025-04-05
CLM512913,ENC112913,PT13166,PY04,2025-03-03,2025-03-06,1423.06,736.03,35.14,700.89,Paid,,2025-03-23
CLM512914,ENC112914,PT12553,PY05,2025-03-03,2025-03-07,400.76,198.61,8.78,189.83,Paid,,2025-04-02
CLM512915,ENC112915,PT13565,PY03,2025-03-03,2025-03-04,276.12,67.55,0.00,67.55,Paid,,2025-04-09
CLM512916,ENC112916,PT13865,PY02,2025-03-08,2025-03-10,15988.66,4563.40,496.74,4066.66,Paid,,2025-04-09
CLM512918,ENC112918,PT10529,PY01,2025-03-03,2025-03-04,489.74,161.26,7.55,153.71,Paid,,2025-03-13
CLM512919,ENC112919,PT12230,PY01,2025-03-03,2025-03-10,131.78,34.20,1.70,32.50,Paid,,2025-03-26
CLM512920,ENC112920,PT12160,PY03,2025-03-06,2025-03-13,38351.48,8976.48,0.00,7465.24,Partially Paid,Medical Necessity,2025-05-04
CLM512921,ENC112921,PT13899,PY05,2025-03-03,2025-03-10,335.50,160.44,19.13,141.31,Paid,,2025-04-12
CLM512922,ENC112922,PT13561,PY04,2025-03-03,2025-03-07,365.03,179.36,26.89,152.47,Paid,,2025-04-03
CLM512923,ENC112923,PT12692,PY03,2025-03-03,2025-03-13,627.10,149.10,0.00,149.10,Paid,,2025-05-12
CLM512924,ENC112924,PT12960,PY05,2025-03-03,2025-03-08,1554.89,749.54,66.06,683.48,Paid,,2025-04-12
CLM512925,ENC112925,PT13184,PY07,2025-03-03,2025-03-09,1339.04,531.52,531.52,0.00,Pending,,
CLM512927,ENC112927,PT10794,PY02,2025-03-03,2025-03-06,1278.60,464.21,29.85,287.07,Partially Paid,Medical Necessity,2025-04-08
CLM512929,ENC112929,PT10808,PY01,2025-03-19,2025-03-23,123069.88,41040.43,4100.51,36939.92,Paid,,2025-04-03
CLM512930,ENC112930,PT13072,PY02,2025-03-04,2025-03-08,2604.84,903.86,0.00,903.86,Paid,,2025-04-11
CLM512932,ENC112932,PT11968,PY03,2025-03-04,2025-03-07,254.69,50.76,0.00,50.76,Paid,,2025-04-02
CLM512933,ENC112933,PT10881,PY05,2025-03-06,2025-03-07,11461.45,5692.51,216.33,5476.18,Paid,,2025-04-02
CLM512934,ENC112934,PT11082,PY01,2025-03-04,2025-03-07,475.66,138.33,7.97,130.36,Paid,,2025-03-28
CLM512935,ENC112935,PT12931,PY02,2025-03-07,2025-03-10,16744.04,5195.30,439.91,2001.57,Partially Paid,Coding Error,2025-04-14
CLM512936,ENC112936,PT10695,PY03,2025-03-04,2025-03-07,249.66,58.16,0.00,58.16,Paid,,2025-03-30
CLM512937,ENC112937,PT13226,PY01,2025-03-04,2025-03-07,4636.33,1250.47,168.10,1082.37,Paid,,2025-03-17
CLM512938,ENC112938,PT10657,PY03,2025-03-04,2025-03-13,3844.83,851.45,0.00,851.45,Paid,,2025-04-08
CLM512939,ENC112939,PT10679,PY01,2025-03-04,2025-03-09,513.14,160.73,7.05,153.68,Paid,,2025-03-26
CLM512941,ENC112941,PT11877,PY03,2025-03-04,2025-03-08,504.22,129.58,0.00,129.58,Paid,,2025-05-28
CLM512942,ENC112942,PT13936,PY01,2025-03-04,2025-03-09,506.34,140.61,15.88,124.73,Paid,,2025-03-26
CLM512944,ENC112944,PT10396,PY04,2025-03-04,2025-03-07,237.75,123.26,21.54,44.90,Partially Paid,Coding Error,2025-04-11
CLM512946,ENC112946,PT10734,PY05,2025-03-04,2025-03-14,3848.50,1833.19,283.65,1549.54,Paid,,2025-04-28
CLM512947,ENC112947,PT11190,PY03,2025-03-07,2025-03-16,12119.24,2865.52,0.00,2865.52,Paid,,2025-05-01
CLM512948,ENC112948,PT12856,PY01,2025-03-04,2025-03-07,286.44,91.56,11.31,80.25,Paid,,2025-03-29
CLM512949,ENC112949,PT10304,PY01,2025-03-04,2025-03-06,254.29,82.52,6.38,76.14,Paid,,2025-03-17
CLM512950,ENC112950,PT10549,PY02,2025-03-07,2025-03-11,16671.33,5367.52,138.15,5229.37,Paid,,2025-03-29
CLM512951,ENC112951,PT11058,PY02,2025-03-04,2025-03-07,208.85,68.40,6.58,61.82,Paid,,2025-04-25
CLM512952,ENC112952,PT10701,PY03,2025-03-04,2025-03-11,3355.07,736.97,0.00,736.97,Paid,,2025-05-04
CLM512953,ENC112953,PT10653,PY01,2025-03-05,2025-03-14,7173.79,2053.32,124.78,1928.54,Paid,,2025-03-28
CLM512954,ENC112954,PT12221,PY03,2025-03-04,2025-03-06,2750.98,690.18,0.00,690.18,Paid,,2025-04-25
CLM512955,ENC112955,PT13173,PY06,2025-03-06,2025-03-07,8477.33,4898.48,102.41,4796.07,Paid,,2025-03-28
CLM512956,ENC112956,PT10629,PY05,2025-03-04,2025-03-05,445.49,221.75,14.01,207.74,Paid,,2025-05-02
CLM512957,ENC112957,PT11136,PY03,2025-03-05,2025-03-12,3117.00,699.05,0.00,699.05,Paid,,2025-04-04
CLM512958,ENC112958,PT11274,PY01,2025-03-10,2025-03-11,18510.73,5837.69,489.87,5347.82,Paid,,2025-03-25
CLM512959,ENC112959,PT11235,PY01,2025-03-10,2025-03-13,18783.50,5658.82,639.80,5019.02,Paid,,2025-04-03
CLM512960,ENC112960,PT11918,PY03,2025-03-05,2025-03-07,2885.28,0.00,0.00,0.00,Appealed,Medical Necessity,
CLM512961,ENC112961,PT10121,PY05,2025-03-10,2025-03-14,50003.77,26199.35,3751.96,22447.39,Paid,,2025-04-30
CLM512962,ENC112962,PT13171,PY03,2025-03-05,2025-03-08,325.95,80.80,0.00,80.80,Paid,,2025-04-22
CLM512963,ENC112963,PT13180,PY03,2025-03-05,2025-03-08,3283.52,739.66,0.00,739.66,Paid,,2025-03-28
CLM512964,ENC112964,PT13169,PY03,2025-03-05,2025-03-10,2986.51,794.24,0.00,794.24,Paid,,2025-04-11
CLM512965,ENC112965,PT13105,PY04,2025-03-05,2025-03-17,255.85,145.21,15.25,129.96,Paid,,2025-04-16
CLM512966,ENC112966,PT13572,PY03,2025-03-05,2025-03-08,512.35,118.70,0.00,118.70,Paid,,2025-04-05
CLM512967,ENC112967,PT12579,PY02,2025-03-05,2025-03-08,210.86,0.00,0.00,0.00,Denied,Authorization Required,
CLM512968,ENC112968,PT13940,PY05,2025-03-08,2025-03-13,14855.64,6662.78,1054.54,5608.24,Paid,,2025-04-23
CLM512969,ENC112969,PT12599,PY02,2025-03-13,2025-03-19,24686.23,8322.91,203.19,8119.72,Paid,,2025-04-21
CLM512970,ENC112970,PT11193,PY01,2025-03-05,2025-03-11,376.98,132.51,7.94,124.57,Paid,,2025-03-20
CLM512971,ENC112971,PT10805,PY01,2025-03-05,2025-03-06,780.92,233.76,13.00,220.76,Paid,,2025-03-16
CLM512972,ENC112972,PT10511,PY06,2025-03-05,2025-03-16,649.95,324.34,49.79,274.55,Paid,,2025-04-09
CLM512973,ENC112973,PT11004,PY02,2025-03-07,2025-03-11,11813.93,4203.04,249.52,3953.52,Paid,,2025-04-19
CLM512974,ENC112974,PT11148,PY05,2025-03-05,2025-03-15,233.08,111.70,11.66,100.04,Paid,,2025-04-12
CLM512975,ENC112975,PT10874,PY01,2025-03-05,2025-03-09,337.67,103.86,2.77,101.09,Paid,,2025-03-18
CLM512976,ENC112976,PT13778,PY04,2025-03-05,2025-03-09,471.70,241.21,23.62,217.59,Paid,,2025-03-23
CLM512977,ENC112977,PT11135,PY02,2025-03-05,2025-03-07,101.18,35.38,0.07,35.31,Paid,,2025-04-15
CLM512978,ENC112978,PT10395,PY02,2025-03-05,2025-03-07,120.91,35.78,3.86,31.92,Paid,,2025-03-27
CLM512979,ENC112979,PT12869,PY03,2025-03-05,2025-03-07,10386.91,2601.40,0.00,2601.40,Paid,,2025-04-07
CLM512980,ENC112980,PT11844,PY03,2025-03-05,2025-03-10,838.70,210.10,0.00,210.10,Paid,,2025-05-22
CLM512982,ENC112982,PT10461,PY01,2025-03-05,2025-03-07,381.62,107.75,14.04,93.71,Paid,,2025-04-02
CLM512983,ENC112983,PT13617,PY06,2025-03-05,2025-03-09,150.52,80.23,18.57,61.66,Paid,,2025-03-31
CLM512984,ENC112984,PT11326,PY01,2025-03-05,2025-03-07,3210.26,907.03,64.69,842.34,Paid,,2025-03-16
CLM512985,ENC112985,PT10643,PY04,2025-03-05,2025-03-09,683.06,0.00,0.00,0.00,Denied,Medical Necessity,
CLM512986,ENC112986,PT12276,PY03,2025-03-05,2025-03-10,699.94,0.00,0.00,0.00,Denied,Authorization Required,
CLM512987,ENC112987,PT10328,PY04,2025-03-05,2025-03-08,3246.99,1706.46,156.97,1549.49,Paid,,2025-04-07
CLM512988,ENC112988,PT12949,PY03,2025-03-05,2025-03-08,2226.06,574.72,0.00,574.72,Paid,,2025-04-05
CLM512989,ENC112989,PT12880,PY03,2025-03-05,2025-03-08,3905.47,932.25,0.00,932.25,Paid,,2025-04-09
CLM512990,ENC112990,PT13551,PY06,2025-03-13,2025-03-16,89407.99,52910.48,5706.70,47203.78,Paid,,2025-03-30
CLM512991,ENC112991,PT13671,PY01,2025-03-05,2025-03-17,2901.25,900.31,64.08,836.23,Paid,,2025-03-31
CLM512992,ENC112992,PT10546,PY08,2025-03-05,2025-03-18,1377.49,819.38,0.00,819.38,Paid,,2025-04-08
CLM512993,ENC112993,PT10360,PY02,2025-03-05,2025-03-12,1458.51,449.18,33.93,415.25,Paid,,2025-04-10
CLM512994,ENC112994,PT10013,PY02,2025-03-09,2025-03-10,11040.01,3683.77,201.72,3482.05,Paid,,2025-04-03
CLM512995,ENC112995,PT11774,PY06,2025-03-07,2025-03-12,10325.39,6050.06,514.39,5535.67,Paid,,2025-04-04
CLM512996,ENC112996,PT10536,PY04,2025-03-09,2025-03-12,17743.35,8121.12,1316.19,6804.93,Paid,,2025-04-07
CLM512997,ENC112997,PT10425,PY07,2025-03-06,2025-03-12,3048.43,1211.61,1211.61,188.37,Partially Paid,,2025-05-24
CLM512998,ENC112998,PT12300,PY06,2025-03-06,2025-03-09,1261.98,681.06,57.35,623.71,Paid,,2025-03-24
CLM512999,ENC112999,PT11468,PY07,2025-03-06,2025-03-10,1154.36,499.32,499.32,499.32,Paid,,2025-04-23
CLM513000,ENC113000,PT10238,PY01,2025-03-06,2025-03-10,239.93,71.75,8.87,56.49,Partially Paid,Coding Error,2025-03-25
CLM513001,ENC113001,PT11104,PY01,2025-03-06,2025-03-09,314.18,88.07,0.00,88.07,Paid,,2025-03-17
CLM513002,ENC113002,PT11125,PY02,2025-03-12,2025-03-14,27560.56,9305.24,634.09,8671.15,Paid,,2025-04-17
CLM513003,ENC113003,PT12512,PY04,2025-03-14,2025-03-24,22844.78,11704.72,1854.71,9850.01,Paid,,2025-04-19
CLM513004,ENC113004,PT11694,PY01,2025-03-17,2025-03-18,92208.99,24355.08,0.00,24355.08,Paid,,2025-03-28
CLM513005,ENC113005,PT10704,PY04,2025-03-06,2025-03-10,3778.40,2141.88,305.80,1836.08,Paid,,2025-04-05
CLM513006,ENC113006,PT11258,PY03,2025-03-14,2025-03-15,45568.54,11066.72,0.00,11066.72,Paid,,2025-04-07
CLM513007,ENC113007,PT10849,PY04,2025-03-06,2025-03-25,437.15,0.00,0.00,0.00,Denied,Coding Error,
CLM513008,ENC113008,PT11470,PY01,2025-03-06,2025-03-21,295.36,93.01,7.06,85.95,Paid,,2025-04-10
CLM513009,ENC113009,PT12057,PY06,2025-03-06,2025-03-10,5105.35,0.00,0.00,0.00,Denied,Medical Necessity,
CLM513010,ENC113010,PT10002,PY01,2025-03-06,2025-03-09,16115.01,5241.20,505.47,4735.73,Paid,,2025-03-31
CLM513011,ENC113011,PT10499,PY01,2025-03-06,2025-03-11,487.13,141.32,20.98,120.34,Paid,,2025-03-29
CLM513012,ENC113012,PT13552,PY04,2025-03-06,2025-03-07,327.98,180.75,27.21,153.54,Paid,,2025-03-29
CLM513013,ENC113013,PT10800,PY04,2025-03-06,2025-03-08,340.31,175.74,26.03,149.71,Paid,,2025-04-14
CLM513014,ENC113014,PT12860,PY07,2025-03-06,2025-03-12,265.18,105.13,105.13,48.20,Partially Paid,,2025-04-22
CLM513015,ENC113015,PT13943,PY06,2025-03-06,2025-03-18,325.64,179.81,29.36,150.45,Paid,,2025-04-07
CLM513016,ENC113016,PT11975,PY04,2025-03-06,2025-03-13,2042.06,1011.04,3.81,516.92,Partially Paid,Medical Necessity,2025-04-03
CLM513017,ENC113017,PT10791,PY06,2025-03-06,2025-03-10,607.08,343.27,22.17,321.10,Paid,,2025-03-28
CLM513018,ENC113018,PT10807,PY05,2025-03-06,2025-03-14,279.67,0.00,0.00,0.00,Denied,Medical Necessity,
CLM513019,ENC113019,PT11017,PY05,2025-03-17,2025-03-21,44007.29,20191.69,3369.00,16822.69,Paid,,2025-04-18
CLM513020,ENC113020,PT11109,PY07,2025-03-06,2025-03-08,2836.37,1147.38,1147.38,372.20,Partially Paid,,2025-04-18
CLM513021,ENC113021,PT12005,PY04,2025-03-06,2025-03-09,2318.62,1132.74,113.43,1019.31,Paid,,2025-04-08
CLM513022,ENC113022,PT12761,PY05,2025-03-06,2025-03-11,3841.85,2056.94,159.38,1061.04,Partially Paid,Medical Necessity,2025-04-12
CLM513023,ENC113023,PT10905,PY07,2025-03-07,2025-03-08,1384.27,586.12,586.12,0.00,Pending,,
CLM513024,ENC113024,PT12452,PY03,2025-03-07,2025-03-16,3344.31,657.87,0.00,657.87,Paid,,2025-04-11
CLM513025,ENC113025,PT13331,PY04,2025-03-07,2025-03-11,4454.26,2223.53,137.14,2086.39,Paid,,2025-04-03
CLM513026,ENC113026,PT13584,PY06,2025-03-11,2025-03-15,79867.34,47827.43,661.99,47165.44,Paid,,2025-04-12
CLM513027,ENC113027,PT12137,PY03,2025-03-07,2025-03-09,333.91,80.21,0.00,80.21,Paid,,2025-04-01
CLM513028,ENC113028,PT13607,PY03,2025-03-07,2025-03-08,1222.91,308.05,0.00,308.05,Paid,,2025-04-04
CLM513029,ENC113029,PT13779,PY04,2025-03-07,2025-03-11,98.21,54.47,4.65,49.82,Paid,,2025-03-26
CLM513030,ENC113030,PT10465,PY01,2025-03-07,2025-03-11,247.53,76.32,6.40,69.92,Paid,,2025-03-27
CLM513031,ENC113031,PT10630,PY01,2025-03-07,2025-03-10,8273.21,2445.39,196.59,2248.80,Paid,,2025-03-31
CLM513032,ENC113032,PT10780,PY02,2025-03-10,2025-03-19,19222.51,6618.47,351.00,6267.47,Paid,,2025-04-17
CLM513033,ENC113033,PT10086,PY01,2025-03-07,2025-03-15,1429.48,458.86,42.87,415.99,Paid,,2025-03-26
CLM513034,ENC113034,PT13433,PY04,2025-03-07,2025-03-17,147.17,72.59,12.92,59.67,Paid,,2025-04-08
CLM513035,ENC113035,PT13308,PY01,2025-03-07,2025-03-11,123.83,33.74,4.35,29.39,Paid,,2025-03-28
CLM513036,ENC113036,PT12068,PY04,2025-03-12,2025-03-16,26990.01,13720.79,335.78,13385.01,Paid,,2025-04-16
CLM513037,ENC113037,PT11478,PY05,2025-03-15,2025-03-22,26942.36,13204.72,2990.41,10214.31,Paid,,2025-04-21
CLM513038,ENC113038,PT11473,PY07,2025-03-07,2025-03-10,2501.31,910.24,910.24,0.00,Pending,,
CLM513040,ENC113040,PT11471,PY01,2025-03-07,2025-03-11,4543.11,1427.93,79.24,1348.69,Paid,,2025-03-22
CLM513041,ENC113041,PT12008,PY01,2025-03-07,2025-03-14,313.53,99.99,8.28,91.71,Paid,,2025-04-03
CLM513042,ENC113042,PT13395,PY02,2025-03-07,2025-03-16,141.41,0.00,0.00,0.00,Denied,Medical Necessity,
CLM513043,ENC113043,PT13201,PY04,2025-03-07,2025-03-09,286.27,144.91,19.73,125.18,Paid,,2025-04-13
CLM513044,ENC113044,PT10691,PY04,2025-03-07,2025-03-12,199.85,0.00,0.00,0.00,Appealed,Authorization Required,
CLM513045,ENC113045,PT13749,PY01,2025-03-07,2025-03-11,310.25,110.47,18.07,92.40,Paid,,2025-03-25
CLM513046,ENC113046,PT11662,PY04,2025-03-07,2025-03-12,10205.96,5742.27,479.13,5263.14,Paid,,2025-03-25
CLM513047,ENC113047,PT10211,PY04,2025-03-07,2025-03-14,2588.93,1385.05,249.79,1135.26,Paid,,2025-04-17
CLM513048,ENC113048,PT12672,PY01,2025-03-07,2025-03-09,187.02,56.22,2.70,53.52,Paid,,2025-03-22
CLM513049,ENC113049,PT10033,PY03,2025-03-12,2025-03-17,61113.55,14989.84,0.00,14989.84,Paid,,2025-04-10
CLM513050,ENC113050,PT13554,PY03,2025-03-09,2025-03-16,8500.27,2240.97,0.00,2240.97,Paid,,2025-04-01
CLM513051,ENC113051,PT12735,PY03,2025-03-18,2025-03-23,37300.08,8756.90,0.00,8756.90,Paid,,2025-04-07
CLM513052,ENC113052,PT12436,PY01,2025-03-14,2025-03-27,18461.52,5648.42,645.14,5003.28,Paid,,2025-04-03
CLM513053,ENC113053,PT12101,PY05,2025-03-07,2025-03-08,3940.40,0.00,0.00,0.00,Denied,Medical Necessity,
CLM513054,ENC113054,PT11058,PY02,2025-03-10,2025-03-17,11859.51,3969.58,524.79,3444.79,Paid,,2025-04-13
CLM513055,ENC113055,PT13418,PY06,2025-03-10,2025-03-16,13639.79,7314.83,113.98,7200.85,Paid,,2025-04-08
CLM513056,ENC113056,PT11180,PY04,2025-03-09,2025-03-10,8846.99,4403.15,139.59,4263.56,Paid,,2025-04-03
CLM513057,ENC113057,PT12535,PY06,2025-03-10,2025-03-20,13467.71,7186.63,1057.70,6128.93,Paid,,2025-04-04
CLM513058,ENC113058,PT10136,PY06,2025-03-08,2025-03-11,1183.90,691.33,37.36,653.97,Paid,,2025-04-02
CLM513059,ENC113059,PT12051,PY01,2025-03-08,2025-03-15,1814.82,562.63,68.52,494.11,Paid,,2025-03-25
CLM513060,ENC113060,PT11236,PY03,2025-03-08,2025-03-11,616.96,0.00,0.00,0.00,Denied,Missing Documentation,
CLM513061,ENC113061,PT13327,PY01,2025-03-08,2025-03-10,1359.86,433.77,16.31,417.46,Paid,,2025-03-21
CLM513062,ENC113062,PT11564,PY01,2025-03-08,2025-03-14,3576.80,1088.43,73.30,1015.13,Paid,,2025-03-24
CLM513063,ENC113063,PT10733,PY01,2025-03-08,2025-03-12,5834.33,0.00,0.00,0.00,Denied,Authorization Required,
CLM513064,ENC113064,PT10544,PY07,2025-03-12,2025-03-16,17718.89,7268.93,7268.93,7268.93,Paid,,2025-06-09
CLM513065,ENC113065,PT12866,PY03,2025-03-11,2025-03-16,11880.86,0.00,0.00,0.00,Denied,Missing Documentation,
CLM513066,ENC113066,PT12273,PY02,2025-03-12,2025-03-15,23480.71,8151.20,129.38,6312.94,Partially Paid,Coding Error,2025-04-05
CLM513067,ENC113067,PT11353,PY06,2025-03-08,2025-03-11,4203.45,2171.03,180.63,1236.96,Partially Paid,Coding Error,2025-03-31
CLM513068,ENC113068,PT11764,PY01,2025-03-15,2025-03-21,34198.08,0.00,0.00,0.00,Denied,Coding Error,
CLM513069,ENC113069,PT12664,PY04,2025-03-10,2025-03-12,14333.65,0.00,0.00,0.00,Denied,Medical Necessity,
CLM513070,ENC113070,PT11308,PY04,2025-03-14,2025-03-19,25944.82,11697.01,749.78,10947.23,Paid,,2025-04-02
CLM513071,ENC113071,PT12007,PY02,2025-03-12,2025-03-14,31092.04,9914.87,1219.44,8695.43,Paid,,2025-04-18
CLM513072,ENC113072,PT10638,PY03,2025-03-08,2025-03-16,2282.14,582.93,0.00,582.93,Paid,,2025-05-03
CLM513073,ENC113073,PT13903,PY01,2025-03-13,2025-03-18,20153.32,5656.42,404.98,5251.44,Paid,,2025-03-30
CLM513075,ENC113075,PT10740,PY04,2025-03-10,2025-03-12,7287.58,3895.70,428.61,3467.09,Paid,,2025-04-09
CLM513076,ENC113076,PT11677,PY01,2025-03-09,2025-03-13,2577.29,803.63,73.42,730.21,Paid,,2025-03-20
CLM513078,ENC113078,PT11071,PY02,2025-03-09,2025-03-15,577.59,169.41,5.67,163.74,Paid,,2025-04-26
CLM513079,ENC113079,PT10416,PY07,2025-03-12,2025-03-16,18400.32,7439.40,7439.40,0.00,Pending,,
CLM513080,ENC113080,PT12968,PY02,2025-03-09,2025-03-15,865.02,276.21,21.64,254.57,Paid,,2025-03-31
CLM513081,ENC113081,PT13745,PY06,2025-03-13,2025-03-16,19677.55,10140.16,653.33,9486.83,Paid,,2025-04-14
CLM513083,ENC113083,PT13689,PY05,2025-03-09,2025-03-11,752.42,0.00,0.00,0.00,Appealed,Authorization Required,
CLM513084,ENC113084,PT12169,PY05,2025-03-13,2025-03-15,16758.74,8664.61,623.66,8040.95,Paid,,2025-04-13
CLM513085,ENC113085,PT12658,PY04,2025-03-09,2025-03-17,2175.40,1304.55,151.44,713.07,Partially Paid,Medical Necessity,2025-04-03
CLM513086,ENC113086,PT13236,PY07,2025-03-09,2025-03-22,1331.86,497.67,497.67,497.67,Paid,,2025-04-29
CLM513087,ENC113087,PT10152,PY06,2025-03-09,2025-03-14,1842.27,1100.17,90.21,1009.96,Paid,,2025-04-02
CLM513088,ENC113088,PT13921,PY04,2025-03-10,2025-03-13,3976.58,1921.31,442.96,1478.35,Paid,,2025-03-31
CLM513089,ENC113089,PT10429,PY02,2025-03-14,2025-03-26,53034.67,17343.28,1559.74,15783.54,Paid,,2025-04-19
CLM513090,ENC113090,PT11863,PY02,2025-03-23,2025-03-25,185019.66,63018.39,5604.76,57413.63,Paid,,2025-05-06
CLM513091,ENC113091,PT10966,PY04,2025-03-09,2025-03-13,4114.83,2292.97,77.22,2215.75,Paid,,2025-04-11
CLM513092,ENC113092,PT10103,PY01,2025-03-09,2025-03-17,3656.85,1167.73,132.61,1035.12,Paid,,2025-03-28
CLM513093,ENC113093,PT11633,PY06,2025-03-17,2025-03-28,76495.54,41869.95,4724.57,37145.38,Paid,,2025-05-08
CLM513094,ENC113094,PT13086,PY01,2025-03-11,2025-03-14,10711.36,0.00,0.00,0.00,Denied,Coding Error,
CLM513095,ENC113095,PT11082,PY01,2025-03-16,2025-03-19,75399.69,23375.04,1674.62,21700.42,Paid,,2025-04-03
CLM513096,ENC113096,PT13606,PY07,2025-03-09,2025-03-19,1508.63,606.17,606.17,308.73,Partially Paid,,2025-06-04
CLM513097,ENC113097,PT12631,PY05,2025-03-09,2025-03-14,3751.00,1635.27,93.27,1542.00,Paid,,2025-04-16
CLM513098,ENC113098,PT10819,PY04,2025-03-10,2025-03-17,3603.37,1854.53,259.46,1595.07,Paid,,2025-04-14
CLM513099,ENC113099,PT11976,PY04,2025-03-10,2025-03-13,3752.34,1778.61,162.38,1616.23,Paid,,2025-04-09
CLM513100,ENC113100,PT11408,PY03,2025-03-10,2025-03-16,3630.77,845.99,0.00,845.99,Paid,,2025-05-03
CLM513101,ENC113101,PT10112,PY02,2025-03-10,2025-03-17,5666.77,1897.75,169.41,1728.34,Paid,,2025-04-08
CLM513103,ENC113103,PT12941,PY03,2025-03-10,2025-03-14,244.66,59.16,0.00,59.16,Paid,,2025-06-08
CLM513104,ENC113104,PT13707,PY03,2025-03-10,2025-03-14,129.43,31.99,0.00,31.99,Paid,,2025-04-23
CLM513105,ENC113105,PT10757,PY04,2025-03-10,2025-03-15,422.32,210.26,34.68,175.58,Paid,,2025-04-12
CLM513106,ENC113106,PT12679,PY03,2025-03-10,2025-03-13,489.31,117.06,0.00,117.06,Paid,,2025-04-14
CLM513107,ENC113107,PT11488,PY07,2025-03-10,2025-03-12,108.25,43.37,43.37,25.87,Partially Paid,,2025-04-30
CLM513108,ENC113108,PT11477,PY03,2025-03-10,2025-03-12,922.38,235.70,0.00,235.70,Paid,,2025-04-09
CLM513109,ENC113109,PT11355,PY01,2025-03-10,2025-03-16,130.30,40.60,4.64,35.96,Paid,,2025-04-03
CLM513110,ENC113110,PT12524,PY01,2025-03-10,2025-03-14,405.18,115.04,8.40,106.64,Paid,,2025-03-26
CLM513112,ENC113112,PT10089,PY06,2025-03-10,2025-03-15,494.92,277.54,15.79,261.75,Paid,,2025-04-17
CLM513113,ENC113113,PT11138,PY06,2025-03-10,2025-03-12,127.51,72.13,4.62,67.51,Paid,,2025-04-08
CLM513114,ENC113114,PT11044,PY04,2025-03-14,2025-03-19,16889.30,8911.47,932.10,7979.37,Paid,,2025-03-30
CLM513115,ENC113115,PT10486,PY02,2025-03-10,2025-03-15,4442.16,1367.34,152.96,1214.38,Paid,,2025-04-05
CLM513116,ENC113116,PT10229,PY01,2025-03-10,2025-03-16,5849.96,1688.41,186.43,1501.98,Paid,,2025-03-30
CLM513117,ENC113117,PT11793,PY04,2025-03-12,2025-03-15,12557.74,6389.11,776.70,5612.41,Paid,,2025-04-12
CLM513118,ENC113118,PT13659,PY02,2025-03-10,2025-03-13,5014.28,1795.47,109.23,1686.24,Paid,,2025-03-30
CLM513119,ENC113119,PT12800,PY04,2025-03-11,2025-03-13,8125.56,0.00,0.00,0.00,Appealed,Eligibility / Coverage,
CLM513120,ENC113120,PT11567,PY06,2025-03-14,2025-03-22,18264.17,9915.14,1133.38,8781.76,Paid,,2025-03-30
CLM513121,ENC113121,PT12015,PY04,2025-03-10,2025-03-14,701.47,371.99,53.49,318.50,Paid,,2025-04-13
CLM513122,ENC113122,PT10517,PY04,2025-03-10,2025-03-23,6910.45,3950.37,373.58,3576.79,Paid,,2025-04-14
CLM513123,ENC113123,PT11811,PY04,2025-03-10,2025-03-13,331.65,172.61,18.70,153.91,Paid,,2025-03-25
CLM513124,ENC113124,PT11019,PY05,2025-03-10,2025-03-14,106.12,50.47,6.96,43.51,Paid,,2025-04-04
CLM513125,ENC113125,PT13885,PY03,2025-03-12,2025-03-13,10400.12,2301.95,0.00,2301.95,Paid,,2025-04-15
CLM513126,ENC113126,PT10738,PY03,2025-03-10,2025-03-15,1438.08,365.90,0.00,365.90,Paid,,2025-05-04
CLM513127,ENC113127,PT12941,PY03,2025-03-10,2025-03-13,327.03,78.19,0.00,78.19,Paid,,2025-05-04
CLM513128,ENC113128,PT12336,PY05,2025-03-10,2025-03-13,173.45,85.34,11.27,74.07,Paid,,2025-04-28
CLM513129,ENC113129,PT11571,PY05,2025-03-17,2025-03-30,27654.12,13210.81,1898.32,11312.49,Paid,,2025-05-01
CLM513130,ENC113130,PT10616,PY01,2025-03-10,2025-03-17,327.05,102.81,6.57,96.24,Paid,,2025-04-01
CLM513131,ENC113131,PT13145,PY03,2025-03-10,2025-03-12,357.30,83.23,0.00,83.23,Paid,,2025-04-08
CLM513132,ENC113132,PT10913,PY01,2025-03-11,2025-03-13,8680.50,2747.94,233.93,2514.01,Paid,,2025-03-27
CLM513133,ENC113133,PT11264,PY03,2025-03-14,2025-03-20,13148.57,3055.21,0.00,3055.21,Paid,,2025-04-30
CLM513134,ENC113134,PT13435,PY03,2025-03-12,2025-03-21,12393.77,3298.19,0.00,3298.19,Paid,,2025-04-16
CLM513135,ENC113135,PT13701,PY03,2025-03-10,2025-03-15,2472.61,0.00,0.00,0.00,Appealed,Missing Documentation,
CLM513136,ENC113136,PT12159,PY05,2025-03-10,2025-03-15,4205.64,2369.20,28.37,2340.83,Paid,,2025-04-24
CLM513137,ENC113137,PT11635,PY07,2025-03-10,2025-03-21,1162.94,460.21,460.21,237.63,Partially Paid,,2025-06-06
CLM513138,ENC113138,PT10540,PY05,2025-03-11,2025-03-13,3527.01,1916.01,242.03,1673.98,Paid,,2025-04-10
CLM513139,ENC113139,PT12626,PY03,2025-03-10,2025-03-12,599.85,145.77,0.00,145.77,Paid,,2025-04-07
CLM513140,ENC113140,PT12849,PY05,2025-03-11,2025-03-13,734.34,339.85,28.75,311.10,Paid,,2025-04-22
CLM513141,ENC113141,PT13478,PY04,2025-03-16,2025-03-19,18976.15,10400.60,1436.03,8964.57,Paid,,2025-04-07
CLM513142,ENC113142,PT12744,PY03,2025-03-19,2025-03-21,46268.08,10298.42,0.00,10298.42,Paid,,2025-05-07
CLM513143,ENC113143,PT13925,PY01,2025-03-11,2025-03-15,2687.40,771.66,42.27,729.39,Paid,,2025-03-29
CLM513144,ENC113144,PT10502,PY07,2025-03-11,2025-03-16,198.11,86.27,86.27,28.35,Partially Paid,,2025-04-27
CLM513145,ENC113145,PT10948,PY03,2025-03-11,2025-03-18,462.62,123.93,0.00,72.64,Partially Paid,Coding Error,2025-04-23
CLM513146,ENC113146,PT10539,PY05,2025-03-11,2025-03-17,678.58,377.48,66.65,310.83,Paid,,2025-04-19
CLM513147,ENC113147,PT10320,PY01,2025-03-11,2025-03-20,411.15,117.76,15.96,101.80,Paid,,2025-03-29
CLM513148,ENC113148,PT10156,PY03,2025-03-11,2025-03-14,467.00,114.87,0.00,114.87,Paid,,2025-04-07
CLM513149,ENC113149,PT11487,PY03,2025-03-20,2025-03-23,110735.90,25451.20,0.00,25451.20,Paid,,2025-04-19
CLM513150,ENC113150,PT11504,PY01,2025-03-14,2025-03-15,18627.42,6645.08,848.29,5796.79,Paid,,2025-04-03
CLM513151,ENC113151,PT13815,PY06,2025-03-13,2025-03-15,10612.49,6066.75,621.31,5445.44,Paid,,2025-04-07
CLM513152,ENC113152,PT11671,PY03,2025-03-11,2025-03-12,293.04,69.65,0.00,69.65,Paid,,2025-04-20
CLM513153,ENC113153,PT13804,PY07,2025-03-17,2025-03-18,57834.68,25408.76,25408.76,5132.53,Partially Paid,,2025-07-12
CLM513154,ENC113154,PT13360,PY04,2025-03-11,2025-03-13,241.65,133.60,22.72,110.88,Paid,,2025-04-04
CLM513155,ENC113155,PT11293,PY03,2025-03-11,2025-03-12,322.02,67.82,0.00,67.82,Paid,,2025-04-22
CLM513156,ENC113156,PT10135,PY03,2025-03-11,2025-03-14,352.99,80.54,0.00,80.54,Paid,,2025-04-15
CLM513157,ENC113157,PT10162,PY04,2025-03-11,2025-03-16,284.41,152.13,4.15,147.98,Paid,,2025-04-29
CLM513158,ENC113158,PT11442,PY04,2025-03-11,2025-03-14,317.17,151.84,20.91,130.93,Paid,,2025-04-19
CLM513159,ENC113159,PT12055,PY04,2025-03-11,2025-03-15,348.58,180.69,28.41,152.28,Paid,,2025-04-10
CLM513160,ENC113160,PT11315,PY01,2025-03-18,2025-03-22,40387.75,12422.60,1371.07,11051.53,Paid,,2025-04-13
CLM513161,ENC113161,PT10751,PY05,2025-03-11,2025-03-14,4496.04,2015.03,98.97,1916.06,Paid,,2025-04-05
CLM513162,ENC113162,PT11958,PY01,2025-03-12,2025-03-15,7311.81,2252.43,293.56,1958.87,Paid,,2025-03-29
CLM513163,ENC113163,PT13247,PY07,2025-03-11,2025-03-19,598.91,215.66,215.66,0.00,Pending,,
CLM513164,ENC113164,PT11429,PY04,2025-03-11,2025-03-17,344.86,177.18,22.69,154.49,Paid,,2025-04-16
CLM513165,ENC113165,PT12145,PY05,2025-03-11,2025-03-15,240.10,111.06,12.58,98.48,Paid,,2025-04-24
CLM513166,ENC113166,PT10133,PY02,2025-03-11,2025-03-16,6871.89,2306.31,149.54,2156.77,Paid,,2025-04-11
CLM513167,ENC113167,PT11983,PY03,2025-03-11,2025-03-19,342.48,86.86,0.00,86.86,Paid,,2025-04-25
CLM513168,ENC113168,PT10412,PY07,2025-03-11,2025-03-13,269.84,120.82,120.82,0.00,Pending,,
CLM513169,ENC113169,PT12334,PY07,2025-03-11,2025-03-14,327.05,123.35,123.35,123.35,Paid,,2025-05-29
CLM513170,ENC113170,PT12410,PY05,2025-03-11,2025-03-15,2486.81,0.00,0.00,0.00,Denied,Medical Necessity,
CLM513171,ENC113171,PT13643,PY06,2025-03-11,2025-03-21,12387.47,7543.65,642.90,6900.75,Paid,,2025-04-15
CLM513172,ENC113172,PT10327,PY04,2025-03-13,2025-03-20,6972.07,3720.24,158.94,3561.30,Paid,,2025-04-26
CLM513173,ENC113173,PT12916,PY03,2025-03-25,2025-03-27,33859.02,8661.18,0.00,8661.18,Paid,,2025-05-03
CLM513174,ENC113174,PT11335,PY03,2025-03-11,2025-03-15,2195.68,559.16,0.00,559.16,Paid,,2025-04-04
CLM513176,ENC113176,PT10998,PY06,2025-03-11,2025-03-20,3334.69,1736.66,241.76,1494.90,Paid,,2025-04-11
CLM513177,ENC113177,PT12683,PY01,2025-03-11,2025-03-13,1252.25,0.00,0.00,0.00,Appealed,Authorization Required,
CLM513178,ENC113178,PT10999,PY04,2025-03-16,2025-03-18,72365.62,38544.51,4908.27,33636.24,Paid,,2025-04-06
CLM513179,ENC113179,PT12354,PY01,2025-03-13,2025-03-22,9803.25,3268.21,573.06,2695.15,Paid,,2025-04-01
CLM513180,ENC113180,PT11090,PY04,2025-03-12,2025-03-15,5876.08,3137.33,59.74,3077.59,Paid,,2025-04-01
CLM513181,ENC113181,PT11289,PY07,2025-03-15,2025-03-20,18049.28,7902.62,7902.62,7902.62,Paid,,2025-05-14
CLM513182,ENC113182,PT12166,PY01,2025-03-15,2025-03-18,8325.09,2736.15,183.53,2552.62,Paid,,2025-04-11
CLM513183,ENC113183,PT13072,PY02,2025-03-15,2025-03-18,55359.80,0.00,0.00,0.00,Denied,Authorization Required,
CLM513184,ENC113184,PT13799,PY01,2025-03-22,2025-03-29,72720.09,22251.15,2774.28,19476.87,Paid,,2025-04-10
CLM513185,ENC113185,PT12618,PY04,2025-03-12,2025-03-14,3403.74,1758.91,248.91,1510.00,Paid,,2025-03-31
CLM513186,ENC113186,PT13661,PY04,2025-03-12,2025-03-15,225.38,115.28,10.61,104.67,Paid,,2025-04-20
CLM513187,ENC113187,PT11602,PY05,2025-03-12,2025-03-15,138.60,0.00,0.00,0.00,Appealed,Medical Necessity,
CLM513188,ENC113188,PT10181,PY04,2025-03-12,2025-03-16,621.11,299.83,27.91,271.92,Paid,,2025-04-07
CLM513189,ENC113189,PT13511,PY05,2025-03-14,2025-03-16,13799.45,6617.87,689.51,5928.36,Paid,,2025-04-06
CLM513191,ENC113191,PT10239,PY04,2025-03-12,2025-03-14,118.64,57.70,4.14,53.56,Paid,,2025-04-04
CLM513192,ENC113192,PT12684,PY06,2025-03-12,2025-03-21,287.98,169.25,25.16,69.89,Partially Paid,Medical Necessity,2025-04-24
CLM513193,ENC113193,PT13726,PY01,2025-03-12,2025-03-16,208.85,65.54,7.52,58.02,Paid,,2025-03-25
CLM513194,ENC113194,PT10015,PY05,2025-03-12,2025-03-22,3000.97,1552.48,288.30,1264.18,Paid,,2025-04-28
CLM513195,ENC113195,PT10335,PY01,2025-03-18,2025-03-22,24043.51,7762.48,795.98,6966.50,Paid,,2025-04-08
CLM513196,ENC113196,PT12701,PY02,2025-03-15,2025-03-18,11053.37,0.00,0.00,0.00,Appealed,Missing Documentation,
CLM513197,ENC113197,PT12801,PY05,2025-03-12,2025-03-14,7515.19,3708.78,252.41,3456.37,Paid,,2025-04-08
CLM513198,ENC113198,PT12988,PY07,2025-03-12,2025-03-15,3188.61,1255.95,1255.95,338.28,Partially Paid,,2025-05-31
CLM513199,ENC113199,PT10855,PY01,2025-03-12,2025-03-15,384.43,132.84,6.96,125.88,Paid,,2025-03-28
CLM513200,ENC113200,PT13788,PY02,2025-03-12,2025-03-21,329.38,116.18,4.93,111.25,Paid,,2025-04-21
CLM513201,ENC113201,PT10863,PY04,2025-03-12,2025-03-13,363.35,168.82,22.44,146.38,Paid,,2025-03-29
CLM513202,ENC113202,PT10312,PY05,2025-03-12,2025-03-15,389.63,209.07,17.45,191.62,Paid,,2025-04-25
CLM513203,ENC113203,PT12180,PY02,2025-03-12,2025-03-15,255.74,93.02,2.88,90.14,Paid,,2025-04-11
CLM513205,ENC113205,PT12957,PY02,2025-03-12,2025-03-16,2981.96,885.33,26.49,858.84,Paid,,2025-04-01
CLM513206,ENC113206,PT13661,PY04,2025-03-12,2025-03-17,251.52,139.09,8.81,130.28,Paid,,2025-03-28
CLM513207,ENC113207,PT11157,PY06,2025-03-12,2025-03-13,7761.87,4310.71,432.76,3877.95,Paid,,2025-03-30
CLM513208,ENC113208,PT12626,PY03,2025-03-12,2025-03-20,102.99,24.03,0.00,24.03,Paid,,2025-04-25
CLM513209,ENC113209,PT11066,PY01,2025-03-18,2025-03-23,39575.07,11629.95,1450.67,10179.28,Paid,,2025-04-02
CLM513210,ENC113210,PT13575,PY03,2025-03-17,2025-03-20,19938.06,5217.32,0.00,5217.32,Paid,,2025-04-14
CLM513211,ENC113211,PT12649,PY06,2025-03-13,2025-03-17,14338.34,0.00,0.00,0.00,Denied,Authorization Required,
CLM513212,ENC113212,PT13261,PY02,2025-03-19,2025-03-22,74763.66,22471.31,2392.67,20078.64,Paid,,2025-04-20
CLM513213,ENC113213,PT11075,PY05,2025-03-12,2025-03-18,1021.90,0.00,0.00,0.00,Appealed,Medical Necessity,
CLM513214,ENC113214,PT10646,PY05,2025-03-14,2025-03-23,10916.94,5453.03,487.21,4965.82,Paid,,2025-05-07
CLM513215,ENC113215,PT13599,PY01,2025-03-16,2025-03-21,39574.00,12430.61,1046.31,11384.30,Paid,,2025-03-28
CLM513216,ENC113216,PT13659,PY02,2025-03-13,2025-03-15,657.08,195.97,11.79,184.18,Paid,,2025-04-30
CLM513217,ENC113217,PT11394,PY02,2025-03-16,2025-03-23,18184.09,6648.47,335.64,6312.83,Paid,,2025-05-15
CLM513218,ENC113218,PT12563,PY05,2025-03-13,2025-03-16,1425.04,653.55,67.95,585.60,Paid,,2025-04-21
CLM513219,ENC113219,PT13835,PY01,2025-03-13,2025-03-14,360.88,124.99,8.23,116.76,Paid,,2025-04-06
CLM513220,ENC113220,PT11565,PY02,2025-03-13,2025-03-18,6840.90,2050.27,21.76,1582.51,Partially Paid,Coding Error,2025-04-10
CLM513221,ENC113221,PT12055,PY04,2025-03-15,2025-03-16,6811.83,3597.11,234.28,2803.15,Partially Paid,Coding Error,2025-04-09
CLM513222,ENC113222,PT12119,PY03,2025-03-16,2025-03-18,11681.87,2686.20,0.00,2686.20,Paid,,2025-04-01
CLM513223,ENC113223,PT10631,PY04,2025-03-13,2025-03-18,2575.84,1220.79,99.26,1121.53,Paid,,2025-04-07
CLM513224,ENC113224,PT13365,PY03,2025-03-13,2025-03-25,349.74,79.33,0.00,79.33,Paid,,2025-04-21
CLM513225,ENC113225,PT10230,PY02,2025-03-13,2025-03-17,6132.50,2106.82,119.16,1987.66,Paid,,2025-03-30
CLM513226,ENC113226,PT11382,PY01,2025-03-13,2025-03-15,345.20,95.87,7.03,88.84,Paid,,2025-03-23
CLM513227,ENC113227,PT10904,PY02,2025-03-13,2025-03-15,270.74,81.87,4.85,77.02,Paid,,2025-04-07
CLM513228,ENC113228,PT13789,PY01,2025-03-13,2025-03-17,12816.69,4077.34,284.01,3793.33,Paid,,2025-04-11
CLM513229,ENC113229,PT10439,PY03,2025-03-13,2025-03-18,641.17,139.37,0.00,139.37,Paid,,2025-04-14
CLM513230,ENC113230,PT11279,PY03,2025-03-16,2025-03-18,16722.44,3640.47,0.00,2855.39,Partially Paid,Coding Error,2025-04-17
CLM513231,ENC113231,PT12841,PY02,2025-03-13,2025-03-18,315.30,110.02,11.58,98.44,Paid,,2025-04-06
CLM513233,ENC113233,PT12411,PY05,2025-03-13,2025-03-15,4010.14,0.00,0.00,0.00,Denied,Authorization Required,
CLM513234,ENC113234,PT13139,PY02,2025-03-13,2025-03-19,6939.79,2352.90,96.69,2256.21,Paid,,2025-04-06
CLM513235,ENC113235,PT10092,PY05,2025-03-13,2025-03-15,187.12,92.24,16.20,76.04,Paid,,2025-04-10
CLM513236,ENC113236,PT13159,PY06,2025-03-13,2025-03-22,131.68,69.92,5.76,64.16,Paid,,2025-04-12
CLM513237,ENC113237,PT11798,PY02,2025-03-13,2025-03-26,215.21,73.25,4.53,68.72,Paid,,2025-04-18
CLM513238,ENC113238,PT10573,PY05,2025-03-13,2025-03-16,6242.93,2856.39,235.52,2620.87,Paid,,2025-04-13
CLM513239,ENC113239,PT12928,PY02,2025-03-13,2025-03-16,112.54,38.34,1.41,36.93,Paid,,2025-04-17
CLM513240,ENC113240,PT10484,PY01,2025-03-13,2025-03-17,707.90,202.01,8.63,193.38,Paid,,2025-03-28
CLM513241,ENC113241,PT12804,PY03,2025-03-13,2025-03-18,1470.22,349.30,0.00,349.30,Paid,,2025-04-08
CLM513242,ENC113242,PT10936,PY05,2025-03-13,2025-03-20,3100.17,1368.96,239.83,1129.13,Paid,,2025-04-11
CLM513243,ENC113243,PT12959,PY04,2025-03-14,2025-03-16,8894.17,4666.91,705.24,3961.67,Paid,,2025-04-08
CLM513244,ENC113244,PT12800,PY04,2025-03-13,2025-03-17,444.49,238.24,17.87,220.37,Paid,,2025-04-07
CLM513245,ENC113245,PT13579,PY03,2025-03-13,2025-03-18,589.91,143.17,0.00,117.49,Partially Paid,Medical Necessity,2025-05-06
CLM513246,ENC113246,PT12557,PY03,2025-03-13,2025-03-17,1382.19,338.63,0.00,338.63,Paid,,2025-04-10
CLM513247,ENC113247,PT13510,PY01,2025-03-13,2025-03-23,386.02,121.87,13.89,107.98,Paid,,2025-04-11
CLM513248,ENC113248,PT13205,PY06,2025-03-13,2025-03-28,2869.10,0.00,0.00,0.00,Appealed,Authorization Required,
CLM513251,ENC113251,PT10011,PY01,2025-03-13,2025-03-15,1746.28,543.81,6.64,537.17,Paid,,2025-03-22
CLM513252,ENC113252,PT10067,PY02,2025-03-19,2025-03-21,76343.73,25570.97,1251.21,24319.76,Paid,,2025-04-14
CLM513253,ENC113253,PT11438,PY03,2025-03-14,2025-03-15,5003.97,1225.31,0.00,1225.31,Paid,,2025-04-17
CLM513254,ENC113254,PT13468,PY04,2025-03-14,2025-03-17,1235.23,637.11,113.84,523.27,Paid,,2025-03-29
CLM513255,ENC113255,PT13056,PY02,2025-03-15,2025-03-21,5992.72,1881.53,55.24,1826.29,Paid,,2025-04-23
CLM513256,ENC113256,PT12308,PY01,2025-03-14,2025-03-16,1531.79,520.55,43.72,266.78,Partially Paid,Coding Error,2025-03-27
CLM513257,ENC113257,PT10876,PY03,2025-03-16,2025-03-25,50931.23,12787.82,0.00,12787.82,Paid,,2025-04-18
CLM513259,ENC113259,PT12997,PY07,2025-03-14,2025-03-28,316.70,129.01,129.01,129.01,Paid,,2025-06-25
CLM513260,ENC113260,PT13354,PY01,2025-03-14,2025-03-23,414.69,140.20,14.88,125.32,Paid,,2025-04-09
CLM513261,ENC113261,PT13088,PY03,2025-03-14,2025-03-17,99.97,23.80,0.00,23.80,Paid,,2025-04-21
CLM513262,ENC113262,PT10587,PY04,2025-03-14,2025-03-18,2673.79,0.00,0.00,0.00,Denied,Missing Documentation,
CLM513263,ENC113263,PT12145,PY05,2025-03-16,2025-03-19,16533.76,8194.76,962.01,7232.75,Paid,,2025-04-17
CLM513264,ENC113264,PT11322,PY04,2025-03-15,2025-03-21,9514.64,4556.36,451.86,4104.50,Paid,,2025-04-22
CLM513265,ENC113265,PT10117,PY04,2025-03-14,2025-03-19,298.24,162.24,18.75,143.49,Paid,,2025-04-22
CLM513266,ENC113266,PT12610,PY05,2025-03-14,2025-03-17,365.78,0.00,0.00,0.00,Denied,Authorization Required,
CLM513267,ENC113267,PT12220,PY04,2025-03-14,2025-03-17,15169.02,8481.14,1360.83,7120.31,Paid,,2025-04-21
CLM513268,ENC113268,PT11443,PY03,2025-03-14,2025-03-24,2898.68,0.00,0.00,0.00,Denied,Coding Error,
CLM513270,ENC113270,PT11630,PY03,2025-03-14,2025-03-18,313.07,68.64,0.00,68.64,Paid,,2025-05-07
CLM513271,ENC113271,PT10956,PY04,2025-03-14,2025-03-16,347.43,185.47,29.00,156.47,Paid,,2025-04-14
CLM513272,ENC113272,PT10611,PY03,2025-03-14,2025-03-16,523.96,115.40,0.00,115.40,Paid,,2025-04-17
CLM513273,ENC113273,PT10240,PY03,2025-03-14,2025-03-17,336.24,70.32,0.00,70.32,Paid,,2025-04-20
CLM513274,ENC113274,PT13740,PY03,2025-03-14,2025-03-19,465.45,104.50,0.00,104.50,Paid,,2025-05-05
CLM513275,ENC113275,PT11177,PY02,2025-03-14,2025-03-22,396.58,119.86,4.55,115.31,Paid,,2025-04-12
CLM513276,ENC113276,PT13224,PY02,2025-03-14,2025-03-26,395.22,133.58,7.74,125.84,Paid,,2025-05-03
CLM513277,ENC113277,PT10412,PY07,2025-03-19,2025-03-30,22042.47,7776.49,7776.49,7776.49,Paid,,2025-07-11
CLM513278,ENC113278,PT12941,PY03,2025-03-14,2025-03-20,3687.83,840.91,0.00,840.91,Paid,,2025-04-13
CLM513280,ENC113280,PT13998,PY05,2025-03-14,2025-03-17,300.13,142.59,16.66,125.93,Paid,,2025-04-08
CLM513282,ENC113282,PT11462,PY04,2025-03-14,2025-03-16,1595.41,773.80,74.01,699.79,Paid,,2025-04-10
CLM513283,ENC113283,PT11032,PY03,2025-03-14,2025-03-18,1481.19,369.80,0.00,369.80,Paid,,2025-04-25
CLM513284,ENC113284,PT10364,PY01,2025-03-17,2025-03-20,24966.83,7185.43,450.03,6735.40,Paid,,2025-04-04
CLM513285,ENC113285,PT12579,PY02,2025-03-17,2025-03-19,29769.32,10104.71,822.13,9282.58,Paid,,2025-04-11
CLM513286,ENC113286,PT10620,PY03,2025-03-17,2025-03-19,11745.15,2798.82,0.00,2798.82,Paid,,2025-04-26
CLM513287,ENC113287,PT12852,PY03,2025-03-15,2025-03-23,3176.73,722.57,0.00,722.57,Paid,,2025-04-26
CLM513288,ENC113288,PT13004,PY01,2025-03-15,2025-03-19,1135.47,314.40,42.26,272.14,Paid,,2025-04-04
CLM513289,ENC113289,PT11310,PY01,2025-03-15,2025-03-22,2501.48,738.04,73.53,664.51,Paid,,2025-03-31
CLM513290,ENC113290,PT10976,PY04,2025-03-15,2025-03-20,1450.04,826.01,106.45,719.56,Paid,,2025-04-06
CLM513291,ENC113291,PT11727,PY06,2025-03-18,2025-03-21,14210.46,6819.57,392.39,6427.18,Paid,,2025-04-09
CLM513292,ENC113292,PT12159,PY05,2025-03-20,2025-03-21,60583.12,27082.44,2407.01,24675.43,Paid,,2025-04-19
CLM513294,ENC113294,PT12689,PY07,2025-03-15,2025-03-19,1415.88,598.76,598.76,355.78,Partially Paid,,2025-08-20
CLM513295,ENC113295,PT10886,PY02,2025-03-15,2025-03-16,11166.12,3295.44,191.87,3103.57,Paid,,2025-04-13
CLM513296,ENC113296,PT11977,PY04,2025-03-16,2025-03-17,5142.49,2874.06,259.93,2614.13,Paid,,2025-04-14
CLM513297,ENC113297,PT10786,PY07,2025-03-15,2025-03-17,1170.59,470.75,470.75,313.25,Partially Paid,,2025-05-01
CLM513298,ENC113298,PT13275,PY03,2025-03-15,2025-03-21,2512.97,633.64,0.00,633.64,Paid,,2025-05-01
CLM513299,ENC113299,PT13547,PY06,2025-03-16,2025-03-18,9094.54,4570.60,409.14,4161.46,Paid,,2025-04-15
CLM513300,ENC113300,PT12828,PY02,2025-03-23,2025-03-28,51311.54,15568.60,1242.39,14326.21,Paid,,2025-04-21
CLM513301,ENC113301,PT10581,PY02,2025-03-15,2025-03-29,2370.67,765.07,88.35,676.72,Paid,,2025-04-24
CLM513302,ENC113302,PT13174,PY01,2025-03-15,2025-03-21,1516.32,464.56,50.07,414.49,Paid,,2025-03-29
CLM513303,ENC113303,PT12885,PY01,2025-03-20,2025-03-22,11855.60,3691.76,183.33,3508.43,Paid,,2025-03-31
CLM513304,ENC113304,PT12169,PY05,2025-03-20,2025-03-29,19476.33,9469.38,1977.30,7492.08,Paid,,2025-04-20
CLM513305,ENC113305,PT11408,PY03,2025-03-19,2025-03-22,11780.94,2646.37,0.00,2646.37,Paid,,2025-04-08
CLM513306,ENC113306,PT12019,PY01,2025-03-22,2025-03-28,23686.51,6908.22,412.37,6495.85,Paid,,2025-04-15
CLM513307,ENC113307,PT10890,PY05,2025-03-17,2025-03-21,46080.24,24735.23,3445.39,21289.84,Paid,,2025-04-18
CLM513308,ENC113308,PT11488,PY07,2025-03-19,2025-03-30,29297.30,10855.76,10855.76,2066.30,Partially Paid,,2025-06-23
CLM513309,ENC113309,PT12392,PY04,2025-03-16,2025-03-17,8381.12,4395.92,372.33,4023.59,Paid,,2025-04-02
CLM513310,ENC113310,PT10211,PY04,2025-03-19,2025-03-23,18268.80,9494.64,1099.48,8395.16,Paid,,2025-04-12
CLM513311,ENC113311,PT12124,PY04,2025-03-16,2025-03-20,3893.00,1886.10,306.32,1579.78,Paid,,2025-04-20
CLM513312,ENC113312,PT12486,PY05,2025-03-19,2025-03-23,23803.70,11805.39,2024.31,9781.08,Paid,,2025-05-10
CLM513314,ENC113314,PT12745,PY01,2025-03-16,2025-03-21,1911.48,550.61,26.16,524.45,Paid,,2025-04-01
CLM513315,ENC113315,PT11101,PY01,2025-03-16,2025-03-20,3647.86,1229.17,186.97,1042.20,Paid,,2025-04-05
CLM513316,ENC113316,PT10239,PY04,2025-03-16,2025-03-21,2967.26,1523.02,201.79,1321.23,Paid,,2025-05-15
CLM513317,ENC113317,PT10749,PY01,2025-03-21,2025-03-26,37016.76,11749.29,1003.34,10745.95,Paid,,2025-04-10
CLM513318,ENC113318,PT12973,PY02,2025-03-16,2025-03-20,3655.36,1188.45,36.46,1151.99,Paid,,2025-05-08
CLM513319,ENC113319,PT12240,PY05,2025-03-17,2025-03-26,6983.53,3031.27,75.66,2955.61,Paid,,2025-05-06
CLM513322,ENC113322,PT11877,PY03,2025-03-16,2025-03-18,4981.97,1199.65,0.00,1199.65,Paid,,2025-04-12
CLM513323,ENC113323,PT10013,PY02,2025-03-20,2025-03-22,23812.50,8732.08,299.76,8432.32,Paid,,2025-04-15
CLM513325,ENC113325,PT13492,PY07,2025-03-25,2025-03-29,59145.90,23652.32,23652.32,3050.41,Partially Paid,,2025-05-22
CLM513326,ENC113326,PT12330,PY02,2025-03-21,2025-03-23,51123.70,18016.38,1235.40,16780.98,Paid,,2025-05-07
CLM513327,ENC113327,PT10416,PY07,2025-03-24,2025-03-28,24708.91,9535.31,9535.31,4981.38,Partially Paid,,2025-05-17
CLM513328,ENC113328,PT13238,PY01,2025-03-16,2025-03-17,1340.02,392.84,31.17,361.67,Paid,,2025-04-01
CLM513329,ENC113329,PT13226,PY01,2025-03-21,2025-03-24,80663.75,26977.19,1113.29,17992.59,Partially Paid,Missing Documentation,2025-04-07
CLM513330,ENC113330,PT10479,PY03,2025-03-17,2025-03-19,3880.36,792.46,0.00,792.46,Paid,,2025-04-10
CLM513331,ENC113331,PT12805,PY03,2025-03-17,2025-03-25,4161.10,957.38,0.00,957.38,Paid,,2025-05-11
CLM513332,ENC113332,PT12267,PY03,2025-03-16,2025-03-19,1807.25,0.00,0.00,0.00,Denied,Coding Error,
CLM513333,ENC113333,PT10948,PY03,2025-03-17,2025-03-19,2037.60,430.20,0.00,430.20,Paid,,2025-05-09
CLM513334,ENC113334,PT10606,PY01,2025-03-17,2025-03-21,1511.83,434.22,39.43,394.79,Paid,,2025-04-06
CLM513335,ENC113335,PT12273,PY02,2025-03-20,2025-03-22,16954.69,5114.38,327.01,4787.37,Paid,,2025-04-25
CLM513336,ENC113336,PT10140,PY06,2025-03-18,2025-03-19,5511.06,2882.74,298.56,2584.18,Paid,,2025-04-03
CLM513337,ENC113337,PT12976,PY01,2025-03-17,2025-03-23,1389.41,406.03,52.44,353.59,Paid,,2025-04-05
CLM513338,ENC113338,PT13540,PY02,2025-03-17,2025-03-20,1536.73,520.63,27.75,492.88,Paid,,2025-04-25
CLM513339,ENC113339,PT10718,PY03,2025-03-21,2025-03-22,33539.26,0.00,0.00,0.00,Denied,Eligibility / Coverage,
CLM513340,ENC113340,PT11504,PY01,2025-03-22,2025-03-28,16881.86,5373.79,367.24,5006.55,Paid,,2025-04-13
CLM513341,ENC113341,PT10257,PY01,2025-03-17,2025-03-21,210.38,69.07,9.17,59.90,Paid,,2025-03-29
CLM513342,ENC113342,PT13962,PY07,2025-03-17,2025-03-25,249.17,89.80,89.80,60.08,Partially Paid,,2025-06-21
CLM513343,ENC113343,PT12589,PY02,2025-03-17,2025-03-20,1079.63,440.17,16.95,423.22,Paid,,2025-04-23
CLM513344,ENC113344,PT13910,PY04,2025-03-17,2025-03-24,3673.02,2002.43,331.84,1670.59,Paid,,2025-04-14
CLM513345,ENC113345,PT12192,PY05,2025-03-17,2025-03-21,174.00,84.75,9.35,75.40,Paid,,2025-04-13
CLM513346,ENC113346,PT11970,PY01,2025-03-21,2025-03-25,38570.28,13154.25,1594.65,11559.60,Paid,,2025-04-07
CLM513347,ENC113347,PT11666,PY02,2025-03-18,2025-03-20,6454.41,1952.08,126.07,1826.01,Paid,,2025-04-09
CLM513348,ENC113348,PT13068,PY04,2025-03-17,2025-03-22,346.77,193.24,31.34,161.90,Paid,,2025-04-25
CLM513349,ENC113349,PT10896,PY03,2025-03-17,2025-03-23,3472.44,851.68,0.00,851.68,Paid,,2025-05-16
CLM513350,ENC113350,PT11331,PY01,2025-03-17,2025-03-20,138.93,42.29,3.46,38.83,Paid,,2025-03-30
CLM513352,ENC113352,PT13555,PY01,2025-03-17,2025-03-20,442.96,0.00,0.00,0.00,Appealed,Missing Documentation,
CLM513353,ENC113353,PT11751,PY03,2025-03-17,2025-03-20,299.88,68.11,0.00,68.11,Paid,,2025-07-30
CLM513354,ENC113354,PT10923,PY01,2025-03-17,2025-03-19,376.58,114.39,0.00,114.39,Paid,,2025-03-27
CLM513355,ENC113355,PT13820,PY06,2025-03-17,2025-03-25,3713.56,0.00,0.00,0.00,Appealed,Coding Error,
CLM513356,ENC113356,PT10973,PY03,2025-03-17,2025-03-21,101.88,0.00,0.00,0.00,Denied,Authorization Required,
CLM513357,ENC113357,PT13033,PY01,2025-03-17,2025-03-21,1174.79,389.27,4.21,385.06,Paid,,2025-04-02
CLM513358,ENC113358,PT11070,PY04,2025-03-17,2025-03-20,392.60,0.00,0.00,0.00,Denied,Medical Necessity,
CLM513359,ENC113359,PT10480,PY03,2025-03-19,2025-03-21,8623.04,2063.26,0.00,2063.26,Paid,,2025-04-09
CLM513360,ENC113360,PT11394,PY02,2025-03-21,2025-03-24,18348.99,5802.97,157.20,5645.77,Paid,,2025-04-07
CLM513361,ENC113361,PT10350,PY06,2025-03-17,2025-03-24,1570.44,829.58,63.55,766.03,Paid,,2025-04-11
CLM513362,ENC113362,PT12331,PY01,2025-03-19,2025-03-25,9248.82,2993.34,453.07,1293.91,Partially Paid,Coding Error,2025-04-10
CLM513363,ENC113363,PT10700,PY04,2025-03-23,2025-03-28,22143.82,11956.70,1878.08,10078.62,Paid,,2025-04-23
CLM513364,ENC113364,PT10861,PY06,2025-03-17,2025-03-20,5979.77,3737.86,486.83,3251.03,Paid,,2025-03-31
CLM513366,ENC113366,PT13746,PY01,2025-03-17,2025-03-19,1370.25,454.76,46.36,408.40,Paid,,2025-04-01
CLM513367,ENC113367,PT13843,PY02,2025-03-19,2025-03-21,7875.08,2441.31,111.23,2330.08,Paid,,2025-04-22
CLM513368,ENC113368,PT11024,PY05,2025-03-18,2025-03-19,916.96,450.86,47.27,403.59,Paid,,2025-04-17
CLM513369,ENC113369,PT12559,PY01,2025-03-25,2025-03-27,44172.00,14035.58,977.26,13058.32,Paid,,2025-04-19
CLM513370,ENC113370,PT11771,PY03,2025-03-18,2025-03-20,4342.77,1051.03,0.00,1051.03,Paid,,2025-04-23
CLM513371,ENC113371,PT12017,PY03,2025-03-18,2025-03-22,1799.92,355.44,0.00,355.44,Paid,,2025-04-30
CLM513372,ENC113372,PT10536,PY04,2025-03-18,2025-03-20,1540.26,829.72,129.99,699.73,Paid,,2025-04-17
CLM513373,ENC113373,PT10998,PY06,2025-03-19,2025-03-29,15280.13,0.00,0.00,0.00,Denied,Coding Error,
CLM513375,ENC113375,PT10388,PY01,2025-03-21,2025-03-23,38565.32,12085.20,1481.90,10603.30,Paid,,2025-04-03
CLM513376,ENC113376,PT11422,PY06,2025-03-18,2025-03-20,1816.07,894.81,78.66,816.15,Paid,,2025-04-05
CLM513377,ENC113377,PT10877,PY03,2025-03-19,2025-03-23,5018.15,1208.07,0.00,1208.07,Paid,,2025-04-10
CLM513378,ENC113378,PT12782,PY01,2025-03-18,2025-03-23,481.73,0.00,0.00,0.00,Denied,Medical Necessity,
CLM513379,ENC113379,PT12441,PY07,2025-03-18,2025-03-20,340.51,119.81,119.81,52.42,Partially Paid,,2025-05-31
CLM513380,ENC113380,PT11778,PY04,2025-03-18,2025-03-22,516.04,275.69,31.94,243.75,Paid,,2025-04-29
CLM513381,ENC113381,PT10443,PY02,2025-03-18,2025-03-20,248.75,75.22,7.30,67.92,Paid,,2025-05-01
CLM513382,ENC113382,PT10586,PY01,2025-03-18,2025-03-22,122.76,35.54,4.80,30.74,Paid,,2025-04-12
CLM513383,ENC113383,PT10976,PY04,2025-03-18,2025-03-30,510.16,272.40,39.24,233.16,Paid,,2025-04-20
CLM513384,ENC113384,PT13250,PY01,2025-03-18,2025-03-22,181.33,54.34,3.90,50.44,Paid,,2025-04-02
CLM513385,ENC113385,PT11954,PY02,2025-03-23,2025-03-25,26106.22,8883.81,845.95,8037.86,Paid,,2025-05-10
CLM513386,ENC113386,PT13568,PY07,2025-03-18,2025-03-20,399.45,160.40,160.40,160.40,Paid,,2025-05-27
CLM513387,ENC113387,PT11489,PY02,2025-03-27,2025-03-29,51862.68,15573.52,647.85,14925.67,Paid,,2025-06-07
CLM513388,ENC113388,PT11178,PY05,2025-03-18,2025-03-20,511.84,0.00,0.00,0.00,Appealed,Medical Necessity,
CLM513389,ENC113389,PT12310,PY01,2025-03-18,2025-03-25,337.16,93.22,9.78,83.44,Paid,,2025-04-06
CLM513390,ENC113390,PT11365,PY04,2025-03-18,2025-03-28,134.00,60.82,7.59,53.23,Paid,,2025-04-12
CLM513391,ENC113391,PT11535,PY05,2025-03-18,2025-03-21,105.30,48.87,7.35,41.52,Paid,,2025-04-23
CLM513392,ENC113392,PT13294,PY03,2025-03-18,2025-03-26,210.43,0.00,0.00,0.00,Appealed,Coding Error,
CLM513393,ENC113393,PT13341,PY04,2025-03-18,2025-03-21,3033.46,1280.62,172.64,1107.98,Paid,,2025-04-10
CLM513394,ENC113394,PT13326,PY04,2025-03-18,2025-03-19,241.16,122.31,9.32,112.99,Paid,,2025-04-16
CLM513395,ENC113395,PT10290,PY07,2025-03-23,2025-03-25,22355.63,8022.23,8022.23,6321.47,Partially Paid,,2025-06-18
CLM513396,ENC113396,PT11528,PY06,2025-03-18,2025-03-26,361.99,196.30,34.16,162.14,Paid,,2025-04-20
CLM513397,ENC113397,PT11202,PY04,2025-03-18,2025-03-24,281.27,160.23,0.00,160.23,Paid,,2025-04-17
CLM513398,ENC113398,PT11843,PY05,2025-03-19,2025-03-23,10511.61,4850.32,1068.05,3782.27,Paid,,2025-04-26
CLM513400,ENC113400,PT10115,PY06,2025-03-19,2025-03-21,3161.82,1700.48,286.52,1413.96,Paid,,2025-04-05
CLM513401,ENC113401,PT12013,PY01,2025-03-18,2025-03-21,4441.00,1395.51,30.92,1364.59,Paid,,2025-03-30
CLM513402,ENC113402,PT12728,PY03,2025-03-18,2025-03-23,3348.83,797.60,0.00,797.60,Paid,,2025-05-10
CLM513403,ENC113403,PT11734,PY02,2025-03-19,2025-03-27,3509.61,951.57,73.67,877.90,Paid,,2025-04-24
CLM513404,ENC113404,PT13456,PY06,2025-03-19,2025-03-22,9683.97,5440.23,917.13,4523.10,Paid,,2025-04-11
CLM513405,ENC113405,PT12250,PY01,2025-03-22,2025-03-26,22193.73,6478.58,860.02,5618.56,Paid,,2025-04-06
CLM513406,ENC113406,PT12209,PY02,2025-03-23,2025-03-25,20629.79,6399.06,241.79,6157.27,Paid,,2025-04-25
CLM513407,ENC113407,PT11375,PY01,2025-03-25,2025-03-28,37293.34,11878.50,682.87,11195.63,Paid,,2025-04-15
CLM513408,ENC113408,PT12748,PY06,2025-03-19,2025-03-23,626.54,282.88,15.95,172.12,Partially Paid,Coding Error,2025-04-22
CLM513409,ENC113409,PT12080,PY07,2025-03-19,2025-03-22,1299.39,501.61,501.61,0.00,Pending,,
CLM513410,ENC113410,PT12471,PY07,2025-03-19,2025-03-21,1728.63,753.87,753.87,753.87,Paid,,2025-05-31
CLM513411,ENC113411,PT10884,PY02,2025-03-19,2025-03-24,507.36,163.39,12.34,151.05,Paid,,2025-05-20
CLM513412,ENC113412,PT13724,PY03,2025-03-19,2025-03-27,3075.87,711.88,0.00,711.88,Paid,,2025-05-04
CLM513413,ENC113413,PT13722,PY04,2025-03-19,2025-03-23,291.34,154.46,3.26,151.20,Paid,,2025-04-13
CLM513414,ENC113414,PT11569,PY04,2025-03-19,2025-03-25,408.42,200.67,30.27,170.40,Paid,,2025-04-15
CLM513415,ENC113415,PT12267,PY03,2025-03-19,2025-03-25,362.23,91.43,0.00,91.43,Paid,,2025-04-20
CLM513416,ENC113416,PT12718,PY08,2025-03-19,2025-03-24,370.51,223.14,0.00,223.14,Paid,,2025-05-19
CLM513417,ENC113417,PT13682,PY03,2025-03-19,2025-03-31,257.34,0.00,0.00,0.00,Appealed,Coding Error,
CLM513418,ENC113418,PT12855,PY05,2025-03-19,2025-03-21,424.74,231.89,25.27,206.62,Paid,,2025-04-24
CLM513420,ENC113420,PT10100,PY04,2025-03-19,2025-03-21,10980.16,5491.84,1082.58,4409.26,Paid,,2025-04-22
CLM513421,ENC113421,PT11594,PY01,2025-03-19,2025-03-31,1270.20,371.84,23.16,348.68,Paid,,2025-04-10
CLM513422,ENC113422,PT10769,PY01,2025-03-19,2025-03-20,251.07,72.75,6.52,66.23,Paid,,2025-04-03
CLM513423,ENC113423,PT13837,PY04,2025-03-19,2025-03-22,360.56,187.11,21.30,165.81,Paid,,2025-04-06
CLM513424,ENC113424,PT10214,PY05,2025-03-20,2025-03-27,5900.83,2626.35,214.67,2029.54,Partially Paid,Missing Documentation,2025-04-23
CLM513425,ENC113425,PT11836,PY05,2025-03-19,2025-03-21,239.76,103.48,18.51,84.97,Paid,,2025-04-17
CLM513426,ENC113426,PT13954,PY05,2025-03-19,2025-03-21,313.87,151.76,12.31,139.45,Paid,,2025-04-28
CLM513428,ENC113428,PT13506,PY05,2025-03-19,2025-03-29,3609.70,1515.93,186.80,1329.13,Paid,,2025-04-09
CLM513429,ENC113429,PT12504,PY01,2025-03-19,2025-03-22,378.02,0.00,0.00,0.00,Denied,Eligibility / Coverage,
CLM513431,ENC113431,PT12702,PY06,2025-03-19,2025-03-23,3306.51,1783.29,184.02,1599.27,Paid,,2025-04-08
CLM513432,ENC113432,PT10875,PY02,2025-03-19,2025-03-25,161.66,53.74,3.74,50.00,Paid,,2025-04-23
CLM513435,ENC113435,PT10049,PY06,2025-03-23,2025-03-26,31583.16,17106.17,390.76,16715.41,Paid,,2025-04-08
CLM513436,ENC113436,PT12483,PY04,2025-03-19,2025-03-23,3139.35,1789.69,203.31,1586.38,Paid,,2025-05-06
CLM513437,ENC113437,PT10204,PY04,2025-03-19,2025-03-22,3105.29,0.00,0.00,0.00,Denied,Authorization Required,
CLM513439,ENC113439,PT12741,PY05,2025-03-20,2025-03-22,10985.09,4850.18,724.86,4125.32,Paid,,2025-05-05
CLM513440,ENC113440,PT11396,PY04,2025-03-19,2025-03-22,2857.47,1543.16,278.78,1264.38,Paid,,2025-04-25
CLM513441,ENC113441,PT10947,PY02,2025-03-22,2025-03-24,21580.69,0.00,0.00,0.00,Denied,Authorization Required,
CLM513442,ENC113442,PT12722,PY01,2025-03-19,2025-03-25,1861.53,563.08,94.29,314.07,Partially Paid,Coding Error,2025-04-11
CLM513443,ENC113443,PT10901,PY01,2025-03-21,2025-03-28,8537.19,2528.45,322.92,2205.53,Paid,,2025-04-18
CLM513444,ENC113444,PT11542,PY02,2025-03-24,2025-03-29,22022.17,7886.39,702.59,7183.80,Paid,,2025-04-26
CLM513445,ENC113445,PT11694,PY01,2025-03-20,2025-03-28,1001.97,0.00,0.00,0.00,Appealed,Coding Error,
CLM513446,ENC113446,PT12823,PY04,2025-03-20,2025-03-25,3180.31,1705.42,209.95,1495.47,Paid,,2025-04-13
CLM513447,ENC113447,PT13234,PY02,2025-03-22,2025-03-23,16686.37,5187.18,297.83,4889.35,Paid,,2025-05-06
CLM513448,ENC113448,PT13951,PY01,2025-03-23,2025-03-25,13847.79,4637.28,175.59,4461.69,Paid,,2025-04-01
CLM513449,ENC113449,PT12007,PY02,2025-03-20,2025-03-26,313.81,0.00,0.00,0.00,Denied,Eligibility / Coverage,
CLM513450,ENC113450,PT11985,PY04,2025-03-20,2025-03-28,362.29,204.66,30.75,173.91,Paid,,2025-04-10
CLM513451,ENC113451,PT10679,PY01,2025-03-20,2025-03-21,207.71,63.05,8.16,54.89,Paid,,2025-04-05
CLM513452,ENC113452,PT13874,PY01,2025-03-20,2025-03-27,9192.99,2885.01,335.64,2549.37,Paid,,2025-04-12
CLM513453,ENC113453,PT10254,PY06,2025-03-22,2025-03-26,14821.30,7509.57,816.51,6693.06,Paid,,2025-04-09
CLM513454,ENC113454,PT12255,PY03,2025-03-20,2025-03-28,333.21,69.84,0.00,69.84,Paid,,2025-05-22
CLM513455,ENC113455,PT13852,PY01,2025-03-20,2025-03-23,1302.34,441.82,70.10,371.72,Paid,,2025-04-09
CLM513456,ENC113456,PT12137,PY03,2025-03-20,2025-03-25,399.66,84.43,0.00,84.43,Paid,,2025-04-28
CLM513457,ENC113457,PT10208,PY03,2025-03-20,2025-03-23,341.71,81.29,0.00,81.29,Paid,,2025-04-06
CLM513458,ENC113458,PT13847,PY05,2025-03-22,2025-03-23,11625.95,0.00,0.00,0.00,Denied,Medical Necessity,
CLM513459,ENC113459,PT12176,PY02,2025-03-20,2025-03-28,428.99,129.55,10.23,119.32,Paid,,2025-05-03
CLM513460,ENC113460,PT10202,PY01,2025-03-20,2025-03-23,351.58,102.17,8.13,94.04,Paid,,2025-04-05
CLM513462,ENC113462,PT10994,PY03,2025-03-22,2025-03-24,10835.69,2952.27,0.00,2952.27,Paid,,2025-04-07
CLM513463,ENC113463,PT13964,PY01,2025-03-27,2025-03-28,66654.32,21761.91,2111.27,19650.64,Paid,,2025-04-14
CLM513464,ENC113464,PT13531,PY03,2025-03-20,2025-03-22,228.50,55.40,0.00,55.40,Paid,,2025-04-24
CLM513465,ENC113465,PT10170,PY02,2025-03-20,2025-03-23,1627.29,537.90,58.77,479.13,Paid,,2025-04-16
CLM513466,ENC113466,PT13956,PY03,2025-03-20,2025-03-26,742.28,182.77,0.00,182.77,Paid,,2025-05-04
CLM513467,ENC113467,PT12354,PY01,2025-03-26,2025-03-29,62397.98,20715.25,2694.11,18021.14,Paid,,2025-04-14
CLM513468,ENC113468,PT10246,PY04,2025-03-20,2025-03-22,169.09,82.74,2.43,80.31,Paid,,2025-04-27
CLM513469,ENC113469,PT12955,PY02,2025-03-20,2025-03-26,123.55,40.16,0.00,40.16,Paid,,2025-04-12
CLM513470,ENC113470,PT12490,PY06,2025-03-23,2025-03-26,22759.45,13824.23,2239.42,11584.81,Paid,,2025-04-14
CLM513472,ENC113472,PT12739,PY04,2025-03-20,2025-03-22,3446.92,1684.71,256.55,1428.16,Paid,,2025-04-30
CLM513473,ENC113473,PT11929,PY04,2025-03-25,2025-03-29,21509.99,11683.20,2484.85,9198.35,Paid,,2025-04-11
CLM513474,ENC113474,PT11567,PY06,2025-03-20,2025-03-23,366.02,198.72,28.91,169.81,Paid,,2025-04-04
CLM513475,ENC113475,PT11645,PY04,2025-03-20,2025-03-24,391.32,201.11,26.92,174.19,Paid,,2025-04-30
CLM513476,ENC113476,PT12475,PY03,2025-03-20,2025-03-25,1386.02,340.27,0.00,340.27,Paid,,2025-04-22
CLM513478,ENC113478,PT13402,PY05,2025-03-20,2025-03-28,694.50,319.23,18.00,301.23,Paid,,2025-04-21
CLM513479,ENC113479,PT12261,PY03,2025-03-29,2025-03-31,23632.11,5696.05,0.00,5696.05,Paid,,2025-04-25
CLM513480,ENC113480,PT11801,PY07,2025-03-20,2025-03-24,1229.11,473.57,473.57,0.00,Pending,,
CLM513481,ENC113481,PT12819,PY02,2025-03-20,2025-03-27,3192.41,1163.43,15.43,1148.00,Paid,,2025-04-26
CLM513482,ENC113482,PT11819,PY04,2025-03-21,2025-03-29,2771.00,1452.13,202.12,1250.01,Paid,,2025-04-11
CLM513483,ENC113483,PT12774,PY05,2025-03-23,2025-03-30,19005.17,8362.78,876.20,7486.58,Paid,,2025-05-01
CLM513484,ENC113484,PT12047,PY05,2025-03-24,2025-03-27,65204.76,0.00,0.00,0.00,Appealed,Coding Error,
CLM513485,ENC113485,PT11141,PY02,2025-03-24,2025-03-27,23886.80,7147.88,236.61,6911.27,Paid,,2025-04-25
CLM513486,ENC113486,PT12796,PY03,2025-03-21,2025-03-28,805.42,180.84,0.00,180.84,Paid,,2025-04-13
CLM513487,ENC113487,PT12942,PY06,2025-03-21,2025-03-23,714.81,0.00,0.00,0.00,Denied,Coding Error,
CLM513488,ENC113488,PT11326,PY01,2025-03-25,2025-03-28,23508.02,8067.05,1051.41,7015.64,Paid,,2025-04-09
CLM513489,ENC113489,PT10021,PY06,2025-03-21,2025-03-23,1593.91,894.83,30.90,863.93,Paid,,2025-04-24
CLM513490,ENC113490,PT12385,PY05,2025-03-21,2025-03-31,3196.74,1671.30,93.52,1577.78,Paid,,2025-04-23
CLM513491,ENC113491,PT12753,PY03,2025-03-21,2025-03-27,5328.92,1284.20,0.00,1284.20,Paid,,2025-05-03
CLM513492,ENC113492,PT13345,PY02,2025-03-21,2025-03-23,397.63,118.42,2.66,115.76,Paid,,2025-04-02
CLM513493,ENC113493,PT10822,PY01,2025-03-21,2025-03-23,336.62,94.21,9.80,84.41,Paid,,2025-04-11
CLM513494,ENC113494,PT11308,PY04,2025-03-21,2025-03-27,170.28,84.41,4.35,80.06,Paid,,2025-04-20
CLM513496,ENC113496,PT10620,PY03,2025-03-25,2025-03-29,22334.17,5008.72,0.00,3616.85,Partially Paid,Coding Error,2025-05-01
CLM513497,ENC113497,PT11343,PY06,2025-03-21,2025-03-24,372.18,222.35,21.47,200.88,Paid,,2025-04-23
CLM513498,ENC113498,PT12473,PY03,2025-03-21,2025-03-25,686.55,147.60,0.00,147.60,Paid,,2025-05-12
CLM513499,ENC113499,PT12526,PY02,2025-03-21,2025-03-25,408.03,138.65,5.52,62.24,Partially Paid,Coding Error,2025-04-15
CLM513500,ENC113500,PT11261,PY01,2025-03-21,2025-03-25,231.53,71.01,8.35,62.66,Paid,,2025-04-07
CLM513502,ENC113502,PT13196,PY02,2025-03-21,2025-03-22,4679.22,1403.69,0.00,745.69,Partially Paid,Medical Necessity,2025-04-05
CLM513504,ENC113504,PT12454,PY02,2025-03-21,2025-03-24,465.08,0.00,0.00,0.00,Denied,Medical Necessity,
CLM513505,ENC113505,PT11015,PY05,2025-03-21,2025-03-24,3122.56,1614.15,213.53,1400.62,Paid,,2025-06-04
CLM513506,ENC113506,PT11872,PY03,2025-03-21,2025-03-25,458.89,107.81,0.00,107.81,Paid,,2025-04-17
CLM513507,ENC113507,PT10679,PY01,2025-03-21,2025-03-25,353.55,117.75,11.24,106.51,Paid,,2025-04-05
CLM513508,ENC113508,PT12314,PY04,2025-03-21,2025-03-23,150.82,80.91,12.71,68.20,Paid,,2025-04-07
CLM513509,ENC113509,PT12802,PY06,2025-03-21,2025-03-27,486.43,277.99,17.41,131.86,Partially Paid,Coding Error,2025-05-02
CLM513510,ENC113510,PT13767,PY01,2025-03-25,2025-03-30,20146.56,6185.28,489.81,5695.47,Paid,,2025-04-20
CLM513511,ENC113511,PT11097,PY05,2025-03-21,2025-03-25,271.52,131.54,22.62,108.92,Paid,,2025-04-17
CLM513512,ENC113512,PT12282,PY04,2025-03-21,2025-03-24,390.79,0.00,0.00,0.00,Denied,Duplicate Claim,
CLM513513,ENC113513,PT13733,PY06,2025-03-21,2025-03-23,441.90,228.39,30.85,197.54,Paid,,2025-04-14
CLM513515,ENC113515,PT13091,PY04,2025-03-21,2025-03-25,3065.91,1650.96,259.22,1391.74,Paid,,2025-05-10
CLM513516,ENC113516,PT11303,PY03,2025-03-21,2025-03-24,3791.66,883.62,0.00,883.62,Paid,,2025-04-25
CLM513519,ENC113519,PT13997,PY05,2025-03-23,2025-03-26,11872.05,5161.41,705.22,4456.19,Paid,,2025-04-20
CLM513520,ENC113520,PT10271,PY04,2025-03-22,2025-03-28,5574.60,2882.43,333.13,2549.30,Paid,,2025-04-21
CLM513521,ENC113521,PT12704,PY06,2025-03-23,2025-03-26,17832.74,9226.64,614.94,8611.70,Paid,,2025-05-12
CLM513522,ENC113522,PT10850,PY04,2025-03-22,2025-03-24,6123.40,3193.59,199.06,2994.53,Paid,,2025-05-24
CLM513523,ENC113523,PT10235,PY04,2025-03-27,2025-03-30,18406.36,9733.22,1532.37,8200.85,Paid,,2025-04-10
CLM513524,ENC113524,PT10961,PY06,2025-03-22,2025-03-25,3700.40,2156.53,330.63,1825.90,Paid,,2025-04-09
CLM513525,ENC113525,PT10647,PY03,2025-03-22,2025-03-25,1222.32,307.77,0.00,307.77,Paid,,2025-04-16
CLM513527,ENC113527,PT11571,PY05,2025-03-22,2025-03-25,4813.89,2321.94,148.06,2173.88,Paid,,2025-04-25
CLM513528,ENC113528,PT11049,PY06,2025-03-22,2025-03-24,893.34,465.02,108.60,193.83,Partially Paid,Coding Error,2025-04-11
CLM513530,ENC113530,PT12419,PY05,2025-03-22,2025-03-25,1360.68,613.22,41.15,572.07,Paid,,2025-05-06
CLM513531,ENC113531,PT11916,PY04,2025-03-22,2025-03-28,4629.80,2100.17,108.07,1162.94,Partially Paid,Medical Necessity,2025-04-17
CLM513532,ENC113532,PT11416,PY03,2025-03-22,2025-03-24,2569.33,576.79,0.00,576.79,Paid,,2025-06-12
CLM513533,ENC113533,PT12441,PY07,2025-03-22,2025-03-26,3161.84,1351.87,1351.87,0.00,Pending,,
CLM513534,ENC113534,PT10283,PY01,2025-03-24,2025-03-27,7133.80,2108.62,237.03,1871.59,Paid,,2025-04-09
CLM513537,ENC113537,PT12455,PY01,2025-03-23,2025-03-28,3108.57,1089.56,81.12,1008.44,Paid,,2025-04-09
CLM513538,ENC113538,PT13163,PY07,2025-03-23,2025-03-26,1450.06,568.44,568.44,568.44,Paid,,2025-06-12
CLM513539,ENC113539,PT12128,PY03,2025-03-23,2025-03-28,1087.53,250.82,0.00,250.82,Paid,,2025-05-01
CLM513540,ENC113540,PT12116,PY04,2025-03-27,2025-03-30,46911.18,22198.19,2398.78,19799.41,Paid,,2025-04-21
CLM513541,ENC113541,PT10481,PY01,2025-03-23,2025-03-26,1456.67,443.47,41.86,401.61,Paid,,2025-04-30
CLM513542,ENC113542,PT11835,PY05,2025-03-23,2025-03-24,3096.85,1564.93,78.70,1486.23,Paid,,2025-05-03
CLM513543,ENC113543,PT13645,PY01,2025-03-23,2025-03-24,2507.05,816.27,39.48,776.79,Paid,,2025-04-05
CLM513544,ENC113544,PT12938,PY01,2025-03-25,2025-03-28,63552.44,18778.73,3239.59,15539.14,Paid,,2025-04-11
CLM513545,ENC113545,PT12236,PY04,2025-03-23,2025-03-27,859.78,454.19,70.27,383.92,Paid,,2025-04-27
CLM513546,ENC113546,PT13443,PY06,2025-03-23,2025-03-25,808.42,430.66,24.73,405.93,Paid,,2025-04-22
CLM513547,ENC113547,PT10291,PY05,2025-03-23,2025-03-28,2932.21,0.00,0.00,0.00,Denied,Authorization Required,
CLM513548,ENC113548,PT10913,PY01,2025-03-23,2025-03-29,6140.35,0.00,0.00,0.00,Denied,Coding Error,
CLM513549,ENC113549,PT10177,PY02,2025-03-26,2025-03-28,18964.59,6303.23,379.36,5923.87,Paid,,2025-05-01
CLM513550,ENC113550,PT11056,PY04,2025-03-24,2025-03-26,2753.90,1196.13,124.67,1071.46,Paid,,2025-04-23
CLM513552,ENC113552,PT10411,PY01,2025-03-26,2025-03-31,18398.10,5772.19,783.37,3280.89,Partially Paid,Coding Error,2025-04-18
CLM513553,ENC113553,PT13362,PY06,2025-03-24,2025-03-28,517.08,286.45,32.41,254.04,Paid,,2025-04-14
CLM513554,ENC113554,PT13961,PY05,2025-03-26,2025-03-28,10365.04,0.00,0.00,0.00,Denied,Coding Error,
CLM513556,ENC113556,PT10439,PY03,2025-03-24,2025-03-27,4077.52,832.79,0.00,832.79,Paid,,2025-05-12
CLM513558,ENC113558,PT12249,PY04,2025-03-24,2025-03-27,333.29,159.53,22.72,136.81,Paid,,2025-04-30
CLM513559,ENC113559,PT12637,PY02,2025-03-24,2025-03-25,1389.57,455.79,1.01,454.78,Paid,,2025-04-30
CLM513561,ENC113561,PT12735,PY03,2025-03-27,2025-03-28,25110.39,5404.39,0.00,5404.39,Paid,,2025-05-04
CLM513562,ENC113562,PT13226,PY01,2025-03-28,2025-03-30,50680.59,15338.82,318.79,15020.03,Paid,,2025-04-09
CLM513563,ENC113563,PT11070,PY04,2025-03-24,2025-03-27,1743.07,905.49,70.24,835.25,Paid,,2025-04-09
CLM513564,ENC113564,PT13380,PY06,2025-03-24,2025-03-27,282.95,146.41,16.51,129.90,Paid,,2025-05-05
CLM513566,ENC113566,PT10790,PY03,2025-03-24,2025-03-30,723.29,169.46,0.00,169.46,Paid,,2025-04-16
CLM513567,ENC113567,PT10680,PY05,2025-03-24,2025-03-26,265.21,132.14,9.81,122.33,Paid,,2025-04-29
CLM513570,ENC113570,PT13379,PY05,2025-03-26,2025-03-31,16665.30,7659.35,766.63,6892.72,Paid,,2025-04-24
CLM513571,ENC113571,PT13784,PY01,2025-03-24,2025-03-28,4803.36,1386.99,72.02,1314.97,Paid,,2025-04-03
CLM513572,ENC113572,PT12687,PY01,2025-03-24,2025-03-31,213.83,61.76,5.77,55.99,Paid,,2025-04-11
CLM513573,ENC113573,PT10961,PY06,2025-03-24,2025-03-27,1879.12,967.86,128.69,349.59,Partially Paid,Coding Error,2025-04-08
CLM513575,ENC113575,PT13711,PY05,2025-03-27,2025-03-30,26541.27,13331.47,259.58,13071.89,Paid,,2025-04-20
CLM513576,ENC113576,PT10632,PY05,2025-03-24,2025-03-27,244.73,110.64,12.17,98.47,Paid,,2025-04-21
CLM513580,ENC113580,PT11115,PY02,2025-03-24,2025-03-28,395.56,117.92,0.00,117.92,Paid,,2025-04-16
CLM513582,ENC113582,PT13730,PY05,2025-03-24,2025-03-28,218.22,110.51,8.71,101.80,Paid,,2025-04-09
CLM513583,ENC113583,PT13373,PY05,2025-03-24,2025-03-27,323.82,179.70,8.38,171.32,Paid,,2025-04-18
CLM513584,ENC113584,PT12633,PY05,2025-03-24,2025-03-30,396.97,0.00,0.00,0.00,Appealed,Missing Documentation,
CLM513585,ENC113585,PT13860,PY07,2025-03-24,2025-03-25,10019.11,4707.95,4707.95,4707.95,Paid,,2025-05-29
CLM513586,ENC113586,PT11052,PY05,2025-03-24,2025-03-29,1321.50,602.11,61.23,540.88,Paid,,2025-05-10
CLM513587,ENC113587,PT12420,PY05,2025-03-24,2025-03-31,3228.45,1439.83,316.29,1123.54,Paid,,2025-04-19
CLM513588,ENC113588,PT10594,PY01,2025-03-24,2025-03-25,460.56,128.97,9.31,119.66,Paid,,2025-04-05
CLM513590,ENC113590,PT10583,PY01,2025-03-24,2025-03-28,186.03,62.79,6.21,56.58,Paid,,2025-04-09
CLM513592,ENC113592,PT13070,PY01,2025-03-24,2025-03-28,376.35,118.31,8.65,109.66,Paid,,2025-04-05
CLM513593,ENC113593,PT13903,PY01,2025-03-28,2025-03-30,14826.76,4574.47,174.58,4399.89,Paid,,2025-04-16
CLM513594,ENC113594,PT11219,PY05,2025-03-24,2025-03-28,489.29,232.94,8.36,224.58,Paid,,2025-04-17
CLM513597,ENC113597,PT10768,PY05,2025-03-25,2025-03-29,2352.44,1113.40,180.40,560.48,Partially Paid,Missing Documentation,2025-04-23
CLM513599,ENC113599,PT13657,PY04,2025-03-25,2025-03-30,2176.67,1071.38,0.00,1071.38,Paid,,2025-05-01
CLM513600,ENC113600,PT11111,PY01,2025-03-25,2025-03-28,1332.82,431.24,32.51,398.73,Paid,,2025-04-16
CLM513601,ENC113601,PT10491,PY06,2025-03-25,2025-03-31,545.88,308.14,39.87,268.27,Paid,,2025-04-30
CLM513603,ENC113603,PT13261,PY02,2025-03-26,2025-03-29,6144.53,0.00,0.00,0.00,Denied,Authorization Required,
CLM513604,ENC113604,PT11785,PY01,2025-03-25,2025-03-31,3066.51,0.00,0.00,0.00,Denied,Medical Necessity,
CLM513606,ENC113606,PT11831,PY02,2025-03-25,2025-03-28,219.68,68.39,2.17,38.77,Partially Paid,Missing Documentation,2025-04-20
CLM513609,ENC113609,PT13682,PY03,2025-03-25,2025-03-29,456.00,102.11,0.00,102.11,Paid,,2025-06-10
CLM513610,ENC113610,PT12176,PY02,2025-03-25,2025-03-28,246.03,86.35,7.63,78.72,Paid,,2025-04-17
CLM513611,ENC113611,PT10285,PY01,2025-03-25,2025-03-30,475.80,148.49,11.74,136.75,Paid,,2025-04-26
CLM513612,ENC113612,PT10673,PY05,2025-03-25,2025-03-27,197.69,94.74,6.31,88.43,Paid,,2025-04-17
CLM513613,ENC113613,PT13610,PY01,2025-03-25,2025-03-29,4132.29,1345.00,187.01,1157.99,Paid,,2025-04-09
CLM513614,ENC113614,PT13090,PY01,2025-03-25,2025-03-30,318.23,101.85,14.01,87.84,Paid,,2025-04-10
CLM513616,ENC113616,PT10192,PY06,2025-03-25,2025-03-29,437.36,243.86,22.10,221.76,Paid,,2025-04-13
CLM513617,ENC113617,PT10062,PY01,2025-03-25,2025-03-29,790.30,279.60,31.04,248.56,Paid,,2025-04-10
CLM513620,ENC113620,PT13273,PY01,2025-03-25,2025-03-30,236.93,69.04,7.05,61.99,Paid,,2025-04-19
CLM513622,ENC113622,PT13264,PY04,2025-03-25,2025-03-30,321.09,0.00,0.00,0.00,Appealed,Authorization Required,
CLM513623,ENC113623,PT10074,PY02,2025-03-25,2025-03-30,486.43,163.20,13.92,149.28,Paid,,2025-04-28
CLM513624,ENC113624,PT10312,PY05,2025-03-25,2025-03-29,8422.50,3843.75,44.53,3799.22,Paid,,2025-04-28
CLM513627,ENC113627,PT13193,PY02,2025-03-25,2025-03-29,217.27,0.00,0.00,0.00,Denied,Medical Necessity,
CLM513628,ENC113628,PT13128,PY06,2025-03-25,2025-03-31,2781.12,1453.43,47.92,1405.51,Paid,,2025-04-25
CLM513629,ENC113629,PT10113,PY06,2025-03-25,2025-03-27,3884.95,2280.10,241.02,2039.08,Paid,,2025-04-16
CLM513633,ENC113633,PT12682,PY05,2025-03-29,2025-03-31,39502.32,20389.58,2501.61,17887.97,Paid,,2025-05-03
CLM513634,ENC113634,PT13743,PY02,2025-03-26,2025-03-27,1881.65,621.86,50.92,570.94,Paid,,2025-04-26
CLM513635,ENC113635,PT12436,PY01,2025-03-26,2025-03-29,166.69,51.25,4.14,47.11,Paid,,2025-04-14
CLM513637,ENC113637,PT12359,PY01,2025-03-26,2025-03-31,7540.30,2299.65,304.02,1995.63,Paid,,2025-04-10
CLM513638,ENC113638,PT11352,PY05,2025-03-26,2025-03-29,406.37,190.94,15.00,175.94,Paid,,2025-04-21
CLM513639,ENC113639,PT13517,PY03,2025-03-26,2025-03-31,383.43,90.57,0.00,90.57,Paid,,2025-04-20
CLM513640,ENC113640,PT10950,PY03,2025-03-26,2025-03-29,278.30,60.57,0.00,60.57,Paid,,2025-05-05
CLM513641,ENC113641,PT13946,PY02,2025-03-27,2025-03-29,13806.02,5316.72,279.36,5037.36,Paid,,2025-04-29
CLM513647,ENC113647,PT10217,PY01,2025-03-26,2025-03-30,415.08,135.43,11.79,123.64,Paid,,2025-04-20
CLM513649,ENC113649,PT10134,PY02,2025-03-26,2025-03-28,17507.40,0.00,0.00,0.00,Denied,Authorization Required,
CLM513652,ENC113652,PT12551,PY01,2025-03-26,2025-03-31,553.32,0.00,0.00,0.00,Appealed,Medical Necessity,
CLM513653,ENC113653,PT13824,PY01,2025-03-26,2025-03-29,391.65,108.97,9.16,99.81,Paid,,2025-04-09
CLM513655,ENC113655,PT10884,PY02,2025-03-26,2025-03-29,2013.63,0.00,0.00,0.00,Denied,Eligibility / Coverage,
CLM513657,ENC113657,PT11012,PY07,2025-03-26,2025-03-28,476.77,210.83,210.83,23.15,Partially Paid,,2025-05-13
CLM513658,ENC113658,PT10764,PY06,2025-03-26,2025-03-29,1173.36,632.49,97.49,535.00,Paid,,2025-04-13
CLM513660,ENC113660,PT11660,PY01,2025-03-26,2025-03-28,1491.28,441.95,55.51,386.44,Paid,,2025-04-13
CLM513661,ENC113661,PT10763,PY01,2025-03-26,2025-03-30,272.79,88.85,8.09,80.76,Paid,,2025-04-11
CLM513664,ENC113664,PT11435,PY01,2025-03-26,2025-03-27,1465.30,400.09,38.08,362.01,Paid,,2025-04-02
CLM513665,ENC113665,PT11210,PY03,2025-03-26,2025-03-31,2155.22,0.00,0.00,0.00,Denied,Authorization Required,
CLM513667,ENC113667,PT10613,PY07,2025-03-26,2025-03-27,5370.31,2025.03,2025.03,1167.18,Partially Paid,,2025-06-30
CLM513668,ENC113668,PT13487,PY03,2025-03-26,2025-03-31,1414.82,335.30,0.00,335.30,Paid,,2025-05-22
CLM513672,ENC113672,PT10032,PY03,2025-03-27,2025-03-30,875.22,190.02,0.00,190.02,Paid,,2025-05-27
CLM513674,ENC113674,PT10356,PY01,2025-03-27,2025-03-30,135.90,41.27,3.86,37.41,Paid,,2025-04-04
CLM513675,ENC113675,PT13966,PY02,2025-03-27,2025-03-28,14298.42,4560.89,418.87,4142.02,Paid,,2025-04-22
CLM513676,ENC113676,PT11523,PY04,2025-03-28,2025-03-31,7537.84,3771.01,525.84,3245.17,Paid,,2025-04-16
CLM513682,ENC113682,PT12818,PY02,2025-03-27,2025-03-30,514.90,186.03,3.30,146.59,Partially Paid,Coding Error,2025-04-14
CLM513683,ENC113683,PT12667,PY05,2025-03-27,2025-03-29,721.24,370.13,11.37,358.76,Paid,,2025-04-22
CLM513686,ENC113686,PT13936,PY01,2025-03-27,2025-03-29,288.32,86.90,6.24,80.66,Paid,,2025-04-23
CLM513688,ENC113688,PT10957,PY01,2025-03-27,2025-03-28,229.07,66.02,4.75,61.27,Paid,,2025-04-27
CLM513694,ENC113694,PT12169,PY05,2025-03-27,2025-03-31,331.40,160.67,37.95,122.72,Paid,,2025-04-25
CLM513696,ENC113696,PT13291,PY03,2025-03-27,2025-03-31,453.48,101.89,0.00,101.89,Paid,,2025-04-20
CLM513697,ENC113697,PT11287,PY06,2025-03-27,2025-03-31,3012.91,1667.87,170.37,1497.50,Paid,,2025-04-19
CLM513699,ENC113699,PT12654,PY01,2025-03-27,2025-03-29,681.20,201.34,12.33,189.01,Paid,,2025-04-09
CLM513702,ENC113702,PT11242,PY04,2025-03-29,2025-03-31,8298.38,4292.42,34.19,4258.23,Paid,,2025-05-05
CLM513705,ENC113705,PT13305,PY04,2025-03-27,2025-03-29,888.38,0.00,0.00,0.00,Appealed,Authorization Required,
CLM513706,ENC113706,PT12011,PY04,2025-03-28,2025-03-31,615.24,320.42,35.95,284.47,Paid,,2025-05-24
CLM513709,ENC113709,PT10180,PY02,2025-03-28,2025-03-30,435.39,129.15,0.00,129.15,Paid,,2025-04-25
CLM513710,ENC113710,PT11814,PY03,2025-03-28,2025-03-31,321.86,80.96,0.00,80.96,Paid,,2025-05-11
CLM513718,ENC113718,PT11038,PY03,2025-03-28,2025-03-30,2658.24,591.18,0.00,591.18,Paid,,2025-05-18
CLM513719,ENC113719,PT10941,PY01,2025-03-28,2025-03-31,955.82,284.91,26.19,258.72,Paid,,2025-04-13
CLM513720,ENC113720,PT13425,PY03,2025-03-28,2025-03-31,148.90,36.20,0.00,36.20,Paid,,2025-04-30
CLM513721,ENC113721,PT10012,PY06,2025-03-28,2025-03-30,5498.52,2600.56,187.25,2413.31,Paid,,2025-04-13
CLM513722,ENC113722,PT12643,PY02,2025-03-28,2025-03-30,14122.94,4296.71,146.71,4150.00,Paid,,2025-04-13
CLM513732,ENC113732,PT12425,PY04,2025-03-28,2025-03-31,420.47,190.09,35.95,154.14,Paid,,2025-04-14
CLM513735,ENC113735,PT12982,PY02,2025-03-28,2025-03-31,328.87,98.39,3.68,94.71,Paid,,2025-04-13
CLM513738,ENC113738,PT12254,PY04,2025-03-28,2025-03-30,295.64,142.17,15.53,96.18,Partially Paid,Medical Necessity,2025-04-27
CLM513740,ENC113740,PT10123,PY04,2025-03-28,2025-03-30,7729.75,4183.05,584.42,3598.63,Paid,,2025-04-14
CLM513741,ENC113741,PT11941,PY01,2025-03-29,2025-03-31,5897.08,1649.65,147.27,1502.38,Paid,,2025-04-10
CLM513742,ENC113742,PT13900,PY01,2025-03-28,2025-03-30,485.97,141.06,7.79,133.27,Paid,,2025-04-09
CLM513752,ENC113752,PT12292,PY02,2025-03-29,2025-03-30,4872.49,1507.64,112.38,1395.26,Paid,,2025-04-18
CLM513756,ENC113756,PT13690,PY02,2025-03-29,2025-03-31,3855.24,1194.72,53.91,1140.81,Paid,,2025-04-20
CLM513757,ENC113757,PT12049,PY01,2025-03-30,2025-03-31,7532.88,2510.37,204.54,2305.83,Paid,,2025-04-09
CLM513763,ENC113763,PT13306,PY05,2025-03-29,2025-03-31,2421.55,1101.49,162.51,938.98,Paid,,2025-04-22
