ClaimID,EncounterID,PatientID,PayerID,ServiceDate,SubmitDate,BilledAmount,AllowedAmount,PatientResponsibility,PaidAmount,ClaimStatus,DenialReason,PaidDate
CLM507700,ENC107700,PT10937,PY02,2024-09-26,2025-02-09,530.83,172.28,0.00,172.28,Paid,,2025-02-28
CLM507820,ENC107820,PT12029,PY02,2024-10-01,2025-02-12,185.96,60.70,4.47,56.23,Paid,,2025-03-27
CLM508251,ENC108251,PT13149,PY02,2024-10-20,2025-02-08,30688.92,9478.78,327.79,9150.99,Paid,,2025-02-19
CLM508380,ENC108380,PT10856,PY01,2024-10-21,2025-02-17,233.10,65.50,5.84,59.66,Paid,,2025-02-23
CLM508416,ENC108416,PT12796,PY03,2024-10-22,2025-02-09,7962.30,1958.62,0.00,1958.62,Paid,,2025-03-07
CLM508531,ENC108531,PT12365,PY03,2024-10-27,2025-02-22,9523.25,2215.90,0.00,2215.90,Paid,,2025-04-10
CLM509122,ENC109122,PT12731,PY05,2024-11-14,2025-02-05,879.23,438.16,48.55,389.61,Paid,,2025-03-19
CLM509184,ENC109184,PT13736,PY05,2024-11-15,2025-02-06,1286.43,534.70,52.74,481.96,Paid,,2025-03-10
CLM509200,ENC109200,PT12179,PY07,2024-11-16,2025-02-24,2078.10,951.62,951.62,699.71,Partially Paid,,2025-04-21
CLM509319,ENC109319,PT10231,PY01,2024-11-20,2025-02-26,340.19,110.66,4.66,106.00,Paid,,2025-03-12
CLM509379,ENC109379,PT13662,PY04,2024-11-23,2025-02-27,10515.96,0.00,0.00,0.00,Denied,Timely Filing,
CLM509536,ENC109536,PT11399,PY01,2024-11-27,2025-02-03,3726.51,1095.61,69.85,1025.76,Paid,,2025-02-15
CLM509723,ENC109723,PT10480,PY03,2024-12-05,2025-02-08,8235.22,2073.71,0.00,2073.71,Paid,,2025-03-13
CLM509962,ENC109962,PT11701,PY01,2024-12-10,2025-02-19,2817.22,854.87,85.66,615.58,Partially Paid,Coding Error,2025-03-01
CLM510011,ENC110011,PT10135,PY03,2024-12-12,2025-02-02,3173.66,813.26,0.00,813.26,Paid,,2025-03-24
CLM510311,ENC110311,PT11908,PY04,2024-12-20,2025-02-24,337.81,177.59,23.95,153.64,Paid,,2025-03-14
CLM510354,ENC110354,PT13256,PY06,2024-12-27,2025-02-05,27372.32,14195.59,680.14,13515.45,Paid,,2025-02-14
CLM510581,ENC110581,PT12602,PY06,2025-01-03,2025-02-26,55284.47,31468.42,2939.57,28528.85,Paid,,2025-03-13
CLM511144,ENC111144,PT10417,PY02,2025-01-21,2025-02-01,62593.62,21426.35,1426.33,20000.02,Paid,,2025-03-26
CLM511156,ENC111156,PT13054,PY05,2025-01-13,2025-02-07,107.12,0.00,0.00,0.00,Denied,Medical Necessity,
CLM511193,ENC111193,PT12335,PY05,2025-01-14,2025-02-07,917.08,459.26,51.11,242.55,Partially Paid,Coding Error,2025-03-19
CLM511212,ENC111212,PT11167,PY02,2025-01-14,2025-02-23,452.37,175.54,21.47,154.07,Paid,,2025-04-01
CLM511227,ENC111227,PT11854,PY01,2025-01-30,2025-02-14,146635.19,43234.73,4997.22,38237.51,Paid,,2025-02-23
CLM511240,ENC111240,PT11840,PY02,2025-01-15,2025-02-05,849.05,283.98,14.69,269.29,Paid,,2025-03-02
CLM511277,ENC111277,PT10514,PY05,2025-01-16,2025-02-09,2577.44,1323.46,270.98,1052.48,Paid,,2025-03-19
CLM511278,ENC111278,PT10462,PY06,2025-01-16,2025-02-01,354.69,181.13,23.42,157.71,Paid,,2025-02-11
CLM511282,ENC111282,PT11155,PY05,2025-01-30,2025-02-03,29998.42,16641.74,2395.70,10646.49,Partially Paid,Coding Error,2025-03-25
CLM511319,ENC111319,PT11641,PY06,2025-01-29,2025-02-01,33208.41,0.00,0.00,0.00,Denied,Coding Error,
CLM511350,ENC111350,PT10346,PY02,2025-01-20,2025-02-07,12296.60,3925.23,335.71,2166.44,Partially Paid,Coding Error,2025-02-19
CLM511357,ENC111357,PT11346,PY01,2025-01-22,2025-02-06,13260.87,4139.47,539.18,3600.29,Paid,,2025-02-20
CLM511384,ENC111384,PT13021,PY01,2025-01-22,2025-02-11,21049.28,6269.66,951.44,5318.22,Paid,,2025-03-02
CLM511386,ENC111386,PT13073,PY02,2025-01-24,2025-02-02,12600.15,4046.31,143.33,3902.98,Paid,,2025-02-25
CLM511402,ENC111402,PT11952,PY02,2025-02-01,2025-02-03,93422.94,31900.52,1383.15,30517.37,Paid,,2025-02-28
CLM511409,ENC111409,PT11494,PY02,2025-01-25,2025-02-03,82402.14,23530.79,2269.52,21261.27,Paid,,2025-03-18
CLM511410,ENC111410,PT12576,PY01,2025-01-26,2025-02-01,33824.54,11092.73,750.76,10341.97,Paid,,2025-02-12
CLM511415,ENC111415,PT11656,PY07,2025-01-28,2025-02-02,74694.27,34773.99,34773.99,15581.31,Partially Paid,,2025-04-15
CLM511420,ENC111420,PT13234,PY02,2025-01-25,2025-02-04,14984.08,5559.45,423.41,5136.04,Paid,,2025-02-21
CLM511434,ENC111434,PT11631,PY05,2025-01-21,2025-02-04,6710.37,2892.13,491.60,2400.53,Paid,,2025-03-02
CLM511437,ENC111437,PT10798,PY06,2025-02-06,2025-02-08,38896.60,20299.00,1540.39,18758.61,Paid,,2025-03-17
CLM511440,ENC111440,PT11249,PY06,2025-01-21,2025-02-28,704.94,417.19,24.47,222.05,Partially Paid,Missing Documentation,2025-03-27
CLM511449,ENC111449,PT13493,PY05,2025-01-21,2025-02-01,274.84,107.49,4.88,81.32,Partially Paid,Coding Error,2025-03-07
CLM511451,ENC111451,PT10429,PY02,2025-01-24,2025-02-02,9570.08,3564.13,193.04,3371.09,Paid,,2025-03-01
CLM511466,ENC111466,PT10179,PY05,2025-01-22,2025-02-03,431.02,241.41,44.72,196.69,Paid,,2025-03-10
CLM511482,ENC111482,PT13704,PY01,2025-01-29,2025-02-01,25040.74,7213.39,631.04,6582.35,Paid,,2025-02-21
CLM511485,ENC111485,PT10450,PY01,2025-01-24,2025-02-03,12413.34,3427.38,0.25,3427.13,Paid,,2025-02-17
CLM511487,ENC111487,PT11800,PY01,2025-01-26,2025-02-01,21283.17,7425.71,319.11,7106.60,Paid,,2025-02-24
CLM511495,ENC111495,PT11372,PY02,2025-01-27,2025-02-04,17354.07,5539.37,222.49,5316.88,Paid,,2025-03-23
CLM511500,ENC111500,PT11188,PY01,2025-01-29,2025-02-01,53062.75,16590.36,2499.67,14090.69,Paid,,2025-02-14
CLM511509,ENC111509,PT13744,PY01,2025-01-30,2025-02-05,35823.13,11356.44,1587.05,9769.39,Paid,,2025-02-23
CLM511511,ENC111511,PT10471,PY05,2025-01-29,2025-02-02,30302.96,15473.16,2156.70,13316.46,Paid,,2025-03-08
CLM511513,ENC111513,PT11232,PY03,2025-01-25,2025-02-10,15953.63,3882.49,0.00,3882.49,Paid,,2025-03-12
CLM511516,ENC111516,PT12256,PY05,2025-01-23,2025-02-07,439.38,198.81,7.60,191.21,Paid,,2025-03-12
CLM511518,ENC111518,PT11703,PY03,2025-01-25,2025-02-02,14307.37,3243.50,0.00,3243.50,Paid,,2025-03-06
CLM511534,ENC111534,PT10801,PY06,2025-01-29,2025-02-01,25772.54,14598.00,1002.88,13595.12,Paid,,2025-02-14
CLM511538,ENC111538,PT13757,PY01,2025-01-24,2025-02-01,1097.24,365.71,61.12,304.59,Paid,,2025-02-20
CLM511541,ENC111541,PT11412,PY01,2025-01-27,2025-02-02,15987.50,0.00,0.00,0.00,Denied,Authorization Required,
CLM511543,ENC111543,PT11908,PY04,2025-01-24,2025-02-03,5144.72,2707.61,283.24,2424.37,Paid,,2025-03-03
CLM511545,ENC111545,PT11938,PY04,2025-01-29,2025-02-03,12514.77,6328.85,288.46,6040.39,Paid,,2025-02-24
CLM511546,ENC111546,PT12632,PY05,2025-01-24,2025-02-09,120.34,55.13,3.91,51.22,Paid,,2025-02-27
CLM511547,ENC111547,PT10613,PY07,2025-01-28,2025-02-05,19503.17,8218.05,8218.05,0.00,Pending,,
CLM511549,ENC111549,PT11486,PY03,2025-01-24,2025-02-01,98.34,25.50,0.00,25.50,Paid,,2025-03-06
CLM511551,ENC111551,PT13133,PY05,2025-01-26,2025-02-06,12712.76,6175.88,698.25,5477.63,Paid,,2025-03-25
CLM511554,ENC111554,PT11296,PY05,2025-01-24,2025-02-02,284.80,134.39,14.05,120.34,Paid,,2025-03-02
CLM511557,ENC111557,PT13831,PY05,2025-01-24,2025-02-06,97.76,44.12,3.78,40.34,Paid,,2025-03-05
CLM511560,ENC111560,PT13231,PY01,2025-01-24,2025-02-01,239.80,69.92,4.96,64.96,Paid,,2025-02-14
CLM511564,ENC111564,PT12440,PY01,2025-01-24,2025-02-09,393.43,149.38,8.34,141.04,Paid,,2025-02-19
CLM511570,ENC111570,PT11178,PY05,2025-01-26,2025-02-09,16476.46,8122.52,544.49,7578.03,Paid,,2025-03-27
CLM511572,ENC111572,PT10587,PY04,2025-01-24,2025-02-05,230.63,113.50,3.66,109.84,Paid,,2025-03-18
CLM511578,ENC111578,PT12683,PY01,2025-01-25,2025-02-04,4977.86,1585.65,167.02,1418.63,Paid,,2025-02-19
CLM511580,ENC111580,PT12972,PY01,2025-02-03,2025-02-10,72635.34,23427.80,2040.00,21387.80,Paid,,2025-03-03
CLM511582,ENC111582,PT10893,PY03,2025-01-25,2025-02-04,2804.80,629.15,0.00,629.15,Paid,,2025-03-14
CLM511583,ENC111583,PT13479,PY03,2025-01-25,2025-02-03,1050.37,0.00,0.00,0.00,Denied,Authorization Required,
CLM511586,ENC111586,PT11664,PY03,2025-01-25,2025-02-03,1210.81,288.54,0.00,288.54,Paid,,2025-03-25
CLM511591,ENC111591,PT10769,PY01,2025-02-06,2025-02-09,45147.30,14034.57,1954.19,12080.38,Paid,,2025-02-22
CLM511593,ENC111593,PT13810,PY04,2025-01-30,2025-02-03,40855.60,24598.78,4348.95,20249.83,Paid,,2025-02-22
CLM511595,ENC111595,PT11031,PY01,2025-01-26,2025-02-04,9517.77,2923.15,365.59,2557.56,Paid,,2025-02-20
CLM511596,ENC111596,PT13203,PY03,2025-01-25,2025-02-01,2650.14,585.06,0.00,585.06,Paid,,2025-03-04
CLM511597,ENC111597,PT12333,PY01,2025-02-02,2025-02-07,37504.67,11925.08,949.92,10975.16,Paid,,2025-02-15
CLM511599,ENC111599,PT13220,PY07,2025-01-26,2025-02-04,8771.37,3700.88,3700.88,3700.88,Paid,,2025-03-29
CLM511603,ENC111603,PT11597,PY03,2025-01-25,2025-02-03,1876.68,475.74,0.00,475.74,Paid,,2025-03-13
CLM511604,ENC111604,PT12674,PY01,2025-01-29,2025-02-02,20077.13,5782.98,241.78,5541.20,Paid,,2025-02-20
CLM511605,ENC111605,PT13402,PY05,2025-01-26,2025-02-07,1304.31,613.22,112.98,500.24,Paid,,2025-03-04
CLM511606,ENC111606,PT10915,PY06,2025-01-26,2025-02-03,1453.26,694.47,13.95,680.52,Paid,,2025-02-18
CLM511610,ENC111610,PT12707,PY01,2025-01-28,2025-02-01,13070.77,3738.89,188.08,3550.81,Paid,,2025-02-12
CLM511611,ENC111611,PT12185,PY04,2025-01-28,2025-02-03,12324.52,7553.63,1169.75,6383.88,Paid,,2025-02-17
CLM511612,ENC111612,PT11327,PY01,2025-02-01,2025-02-06,69681.38,0.00,0.00,0.00,Appealed,Coding Error,
CLM511615,ENC111615,PT13458,PY02,2025-01-26,2025-02-07,2201.57,816.97,64.61,752.36,Paid,,2025-03-17
CLM511616,ENC111616,PT10480,PY03,2025-01-30,2025-02-11,20968.11,0.00,0.00,0.00,Denied,Authorization Required,
CLM511618,ENC111618,PT12770,PY04,2025-02-03,2025-02-08,24212.86,11803.57,1359.10,10444.47,Paid,,2025-02-22
CLM511620,ENC111620,PT10794,PY02,2025-01-26,2025-02-01,569.16,186.75,10.13,176.62,Paid,,2025-02-18
CLM511622,ENC111622,PT10843,PY07,2025-01-26,2025-02-02,1638.03,640.45,640.45,289.56,Partially Paid,,2025-04-19
CLM511624,ENC111624,PT12586,PY06,2025-01-26,2025-02-02,3188.27,1927.19,183.51,1743.68,Paid,,2025-02-21
CLM511627,ENC111627,PT13010,PY05,2025-01-26,2025-02-06,5438.28,2236.70,231.03,2005.67,Paid,,2025-03-02
CLM511628,ENC111628,PT10533,PY02,2025-02-01,2025-02-03,33945.99,11323.81,784.76,10539.05,Paid,,2025-02-25
CLM511629,ENC111629,PT13234,PY02,2025-02-01,2025-02-05,30355.56,10234.72,0.00,10234.72,Paid,,2025-03-03
CLM511632,ENC111632,PT11273,PY01,2025-02-01,2025-02-08,34761.21,10914.22,507.67,6342.41,Partially Paid,Medical Necessity,2025-02-19
CLM511633,ENC111633,PT11447,PY06,2025-01-28,2025-02-08,23599.62,11698.58,1561.04,10137.54,Paid,,2025-03-02
CLM511635,ENC111635,PT12070,PY04,2025-01-26,2025-02-03,3205.92,1700.25,180.75,1085.22,Partially Paid,Medical Necessity,2025-02-19
CLM511636,ENC111636,PT12220,PY04,2025-02-01,2025-02-07,20737.87,0.00,0.00,0.00,Denied,Medical Necessity,
CLM511639,ENC111639,PT13003,PY01,2025-01-29,2025-02-01,41566.16,12504.45,1314.34,11190.11,Paid,,2025-02-11
CLM511640,ENC111640,PT13319,PY04,2025-01-27,2025-02-03,13020.75,6570.43,1042.03,5528.40,Paid,,2025-03-03
CLM511644,ENC111644,PT11171,PY01,2025-02-04,2025-02-09,75218.91,26157.35,2076.29,24081.06,Paid,,2025-02-26
CLM511645,ENC111645,PT10876,PY03,2025-01-27,2025-02-01,464.35,109.16,0.00,109.16,Paid,,2025-02-22
CLM511647,ENC111647,PT10227,PY01,2025-01-27,2025-02-15,353.10,113.37,8.66,80.54,Partially Paid,Coding Error,2025-02-25
CLM511648,ENC111648,PT12206,PY03,2025-01-27,2025-02-19,358.92,0.00,0.00,0.00,Denied,Eligibility / Coverage,
CLM511649,ENC111649,PT12045,PY06,2025-01-27,2025-02-01,333.50,206.64,24.73,181.91,Paid,,2025-03-04
CLM511651,ENC111651,PT12600,PY02,2025-01-27,2025-02-01,225.61,80.25,7.74,72.51,Paid,,2025-03-01
CLM511653,ENC111653,PT10413,PY07,2025-01-27,2025-02-02,246.09,89.17,89.17,30.75,Partially Paid,,2025-03-18
CLM511654,ENC111654,PT11782,PY04,2025-01-27,2025-02-01,421.89,224.44,40.13,149.66,Partially Paid,Medical Necessity,2025-03-01
CLM511655,ENC111655,PT10808,PY01,2025-01-27,2025-02-02,409.24,134.13,14.41,119.72,Paid,,2025-02-15
CLM511656,ENC111656,PT10194,PY06,2025-01-30,2025-02-08,24848.07,12815.67,420.72,12394.95,Paid,,2025-03-06
CLM511658,ENC111658,PT11754,PY05,2025-01-27,2025-02-01,159.74,0.00,0.00,0.00,Appealed,Authorization Required,
CLM511659,ENC111659,PT10743,PY02,2025-01-27,2025-02-07,97.99,28.39,1.40,26.99,Paid,,2025-03-03
CLM511660,ENC111660,PT12757,PY05,2025-02-04,2025-02-07,28999.79,11958.16,1233.63,10724.53,Paid,,2025-03-08
CLM511662,ENC111662,PT12747,PY02,2025-01-27,2025-02-01,119.30,39.41,2.69,36.72,Paid,,2025-02-19
CLM511663,ENC111663,PT10241,PY04,2025-02-01,2025-02-05,58697.92,30549.87,1994.45,28555.42,Paid,,2025-03-12
CLM511674,ENC111674,PT13157,PY04,2025-01-30,2025-02-09,14810.50,7508.85,1093.50,6415.35,Paid,,2025-03-11
CLM511677,ENC111677,PT11283,PY02,2025-01-27,2025-02-01,3891.43,1288.00,41.27,1246.73,Paid,,2025-02-27
CLM511680,ENC111680,PT10169,PY01,2025-01-30,2025-02-02,19299.93,5805.18,772.99,5032.19,Paid,,2025-02-22
CLM511681,ENC111681,PT11021,PY04,2025-01-28,2025-02-07,2902.13,1505.53,124.67,1380.86,Paid,,2025-02-28
CLM511684,ENC111684,PT10101,PY02,2025-01-28,2025-02-06,3159.82,889.18,27.72,861.46,Paid,,2025-03-09
CLM511687,ENC111687,PT12426,PY01,2025-01-29,2025-02-08,51143.57,18273.87,1915.89,16357.98,Paid,,2025-02-23
CLM511691,ENC111691,PT10645,PY05,2025-02-04,2025-02-10,62972.02,29728.47,1747.55,27980.92,Paid,,2025-03-17
CLM511692,ENC111692,PT12126,PY01,2025-01-28,2025-02-07,241.84,0.00,0.00,0.00,Appealed,Medical Necessity,
CLM511694,ENC111694,PT10676,PY01,2025-02-01,2025-02-09,24181.77,7822.56,369.04,7453.52,Paid,,2025-02-20
CLM511695,ENC111695,PT11798,PY02,2025-01-28,2025-02-09,17760.67,0.00,0.00,0.00,Appealed,Missing Documentation,
CLM511697,ENC111697,PT12826,PY01,2025-02-01,2025-02-04,25816.06,7140.17,622.68,6517.49,Paid,,2025-02-20
CLM511699,ENC111699,PT10800,PY04,2025-01-28,2025-02-01,407.35,0.00,0.00,0.00,Denied,Missing Documentation,
CLM511700,ENC111700,PT11543,PY03,2025-01-28,2025-02-03,117.78,27.81,0.00,18.63,Partially Paid,Missing Documentation,2025-03-10
CLM511701,ENC111701,PT11115,PY02,2025-02-02,2025-02-12,17510.97,0.00,0.00,0.00,Appealed,Coding Error,
CLM511703,ENC111703,PT10974,PY01,2025-01-28,2025-02-07,127.86,35.34,3.81,31.53,Paid,,2025-02-14
CLM511705,ENC111705,PT13544,PY04,2025-01-28,2025-02-07,2221.33,1132.72,70.66,1062.06,Paid,,2025-03-13
CLM511706,ENC111706,PT12745,PY01,2025-01-28,2025-02-03,253.56,85.52,9.81,75.71,Paid,,2025-02-26
CLM511707,ENC111707,PT12345,PY01,2025-02-05,2025-02-06,50652.44,15902.86,1566.45,14336.41,Paid,,2025-02-21
CLM511708,ENC111708,PT11657,PY08,2025-01-28,2025-02-04,215.19,124.12,0.00,124.12,Paid,,2025-03-13
CLM511711,ENC111711,PT10552,PY01,2025-02-03,2025-02-12,29465.44,9436.31,467.84,8968.47,Paid,,2025-02-27
CLM511712,ENC111712,PT10316,PY02,2025-01-28,2025-02-01,2748.75,789.60,65.57,724.03,Paid,,2025-03-03
CLM511713,ENC111713,PT10944,PY03,2025-01-28,2025-02-02,2934.10,676.35,0.00,676.35,Paid,,2025-03-23
CLM511714,ENC111714,PT12444,PY04,2025-01-28,2025-02-01,1465.18,788.89,87.87,701.02,Paid,,2025-03-11
CLM511715,ENC111715,PT13495,PY01,2025-01-29,2025-02-07,2116.13,627.73,63.80,563.93,Paid,,2025-02-18
CLM511716,ENC111716,PT12506,PY06,2025-02-04,2025-02-07,63375.32,32388.47,3773.07,28615.40,Paid,,2025-03-08
CLM511718,ENC111718,PT12780,PY01,2025-01-29,2025-02-03,5793.54,2044.76,324.62,1453.45,Partially Paid,Medical Necessity,2025-02-14
CLM511719,ENC111719,PT12043,PY01,2025-01-29,2025-02-06,3449.95,1084.18,188.13,896.05,Paid,,2025-02-13
CLM511720,ENC111720,PT13377,PY07,2025-01-29,2025-02-05,1354.15,544.12,544.12,544.12,Paid,,2025-03-29
CLM511721,ENC111721,PT11733,PY02,2025-01-29,2025-02-09,1696.22,507.13,14.43,492.70,Paid,,2025-03-07
CLM511722,ENC111722,PT10605,PY02,2025-01-29,2025-02-01,3419.75,1105.48,93.75,1011.73,Paid,,2025-02-27
CLM511723,ENC111723,PT13999,PY04,2025-01-31,2025-02-07,18748.05,11143.38,1597.27,9546.11,Paid,,2025-02-25
CLM511724,ENC111724,PT12428,PY06,2025-01-31,2025-02-03,12667.36,7059.18,583.30,6475.88,Paid,,2025-02-19
CLM511725,ENC111725,PT13021,PY01,2025-01-31,2025-02-01,56942.32,16679.03,1189.14,15489.89,Paid,,2025-02-06
CLM511726,ENC111726,PT10074,PY02,2025-01-30,2025-02-02,30637.65,9436.65,220.29,9216.36,Paid,,2025-03-17
CLM511727,ENC111727,PT12572,PY02,2025-02-03,2025-02-10,54330.53,18916.10,0.00,18916.10,Paid,,2025-02-22
CLM511728,ENC111728,PT11241,PY07,2025-01-29,2025-02-03,330.73,137.11,137.11,0.00,Pending,,
CLM511729,ENC111729,PT10911,PY02,2025-01-31,2025-02-03,13975.45,0.00,0.00,0.00,Appealed,Medical Necessity,
CLM511730,ENC111730,PT11520,PY03,2025-01-29,2025-02-01,470.18,123.49,0.00,123.49,Paid,,2025-03-28
CLM511731,ENC111731,PT13265,PY03,2025-01-29,2025-02-02,159.41,39.42,0.00,39.42,Paid,,2025-03-04
CLM511732,ENC111732,PT11489,PY02,2025-01-29,2025-02-03,234.48,84.02,6.50,77.52,Paid,,2025-02-25
CLM511733,ENC111733,PT13991,PY02,2025-01-29,2025-02-07,229.95,85.71,3.72,81.99,Paid,,2025-02-28
CLM511734,ENC111734,PT11207,PY01,2025-01-29,2025-02-02,224.62,62.72,8.79,53.93,Paid,,2025-02-09
CLM511736,ENC111736,PT12666,PY06,2025-01-29,2025-02-04,347.07,175.62,22.66,152.96,Paid,,2025-03-02
CLM511737,ENC111737,PT10906,PY04,2025-01-31,2025-02-02,52054.49,25286.70,170.19,25116.51,Paid,,2025-02-19
CLM511738,ENC111738,PT13249,PY02,2025-02-02,2025-02-06,69983.92,0.00,0.00,0.00,Denied,Authorization Required,
CLM511739,ENC111739,PT10211,PY04,2025-02-02,2025-02-05,24204.23,12679.92,1362.90,11317.02,Paid,,2025-02-19
CLM511740,ENC111740,PT11255,PY04,2025-01-29,2025-02-04,309.48,167.43,15.94,121.07,Partially Paid,Medical Necessity,2025-02-27
CLM511741,ENC111741,PT11965,PY06,2025-01-29,2025-02-02,297.83,159.77,20.76,139.01,Paid,,2025-02-23
CLM511742,ENC111742,PT13311,PY03,2025-02-08,2025-02-13,40963.41,9382.04,0.00,9382.04,Paid,,2025-03-18
CLM511743,ENC111743,PT10742,PY02,2025-01-29,2025-02-02,4637.63,1302.81,88.25,1214.56,Paid,,2025-02-24
CLM511744,ENC111744,PT10279,PY04,2025-01-29,2025-02-01,269.05,0.00,0.00,0.00,Denied,Coding Error,
CLM511745,ENC111745,PT12628,PY05,2025-01-29,2025-02-03,361.27,166.02,17.07,148.95,Paid,,2025-03-16
CLM511746,ENC111746,PT13432,PY03,2025-01-29,2025-02-02,1162.69,239.76,0.00,239.76,Paid,,2025-03-15
CLM511747,ENC111747,PT11335,PY03,2025-01-29,2025-02-02,227.45,57.11,0.00,57.11,Paid,,2025-03-08
CLM511749,ENC111749,PT11819,PY04,2025-02-02,2025-02-05,38696.11,21413.95,1763.73,13414.48,Partially Paid,Missing Documentation,2025-03-12
CLM511750,ENC111750,PT12121,PY03,2025-01-29,2025-02-02,3921.43,987.80,0.00,761.55,Partially Paid,Coding Error,2025-04-23
CLM511751,ENC111751,PT12984,PY07,2025-01-29,2025-02-07,3918.95,1711.13,1711.13,0.00,Pending,,
CLM511752,ENC111752,PT10840,PY01,2025-01-29,2025-02-01,2292.32,719.94,87.98,631.96,Paid,,2025-02-12
CLM511753,ENC111753,PT11594,PY01,2025-01-29,2025-02-06,10871.00,3482.19,423.61,1883.62,Partially Paid,Missing Documentation,2025-02-12
CLM511754,ENC111754,PT13603,PY02,2025-02-03,2025-02-07,20673.25,6597.31,347.53,6249.78,Paid,,2025-04-08
CLM511755,ENC111755,PT12799,PY03,2025-01-29,2025-02-02,167.35,36.09,0.00,36.09,Paid,,2025-03-16
CLM511757,ENC111757,PT13897,PY06,2025-01-29,2025-02-04,316.57,178.46,2.76,175.70,Paid,,2025-02-23
CLM511758,ENC111758,PT12429,PY01,2025-01-29,2025-02-07,252.85,80.83,9.11,71.72,Paid,,2025-02-16
CLM511759,ENC111759,PT10853,PY04,2025-01-29,2025-02-03,100.43,44.72,4.34,40.38,Paid,,2025-03-04
CLM511760,ENC111760,PT10333,PY01,2025-01-29,2025-02-02,205.26,60.01,2.80,57.21,Paid,,2025-02-13
CLM511761,ENC111761,PT10796,PY01,2025-01-29,2025-02-03,355.24,93.63,13.47,80.16,Paid,,2025-02-25
CLM511762,ENC111762,PT13140,PY04,2025-02-09,2025-02-13,124174.61,72638.68,8698.41,63940.27,Paid,,2025-03-03
CLM511763,ENC111763,PT11298,PY02,2025-02-05,2025-02-07,42721.45,14416.35,0.00,14416.35,Paid,,2025-03-21
CLM511764,ENC111764,PT12235,PY05,2025-01-29,2025-02-06,1659.27,762.56,62.02,700.54,Paid,,2025-03-22
CLM511765,ENC111765,PT11232,PY03,2025-01-29,2025-02-08,1387.76,335.32,0.00,335.32,Paid,,2025-04-09
CLM511766,ENC111766,PT10084,PY02,2025-02-02,2025-02-06,18554.49,0.00,0.00,0.00,Appealed,Authorization Required,
CLM511767,ENC111767,PT11985,PY04,2025-02-03,2025-02-08,19880.51,10138.77,1207.86,8930.91,Paid,,2025-02-22
CLM511768,ENC111768,PT11331,PY01,2025-01-30,2025-02-01,990.44,312.85,37.15,275.70,Paid,,2025-02-23
CLM511769,ENC111769,PT10048,PY03,2025-01-31,2025-02-09,12704.55,2684.57,0.00,2684.57,Paid,,2025-04-01
CLM511770,ENC111770,PT12192,PY05,2025-02-05,2025-02-13,28824.77,15075.06,1100.84,9887.71,Partially Paid,Coding Error,2025-03-26
CLM511771,ENC111771,PT11763,PY06,2025-02-03,2025-02-11,17205.96,9901.58,340.82,7552.55,Partially Paid,Coding Error,2025-03-01
CLM511772,ENC111772,PT11496,PY01,2025-01-30,2025-02-04,2736.70,940.29,60.32,879.97,Paid,,2025-02-27
CLM511773,ENC111773,PT11868,PY03,2025-02-01,2025-02-04,11365.56,0.00,0.00,0.00,Denied,Missing Documentation,
CLM511774,ENC111774,PT12399,PY02,2025-01-31,2025-02-10,60810.70,20130.35,1496.94,18633.41,Paid,,2025-03-08
CLM511775,ENC111775,PT10913,PY01,2025-01-30,2025-02-03,458.00,135.62,14.92,120.70,Paid,,2025-02-13
CLM511776,ENC111776,PT11897,PY02,2025-01-30,2025-02-03,7374.92,2334.52,247.96,2086.56,Paid,,2025-02-26
CLM511777,ENC111777,PT11125,PY02,2025-01-30,2025-02-01,3405.20,1089.67,92.37,997.30,Paid,,2025-03-04
CLM511778,ENC111778,PT11461,PY03,2025-01-30,2025-02-01,7218.99,0.00,0.00,0.00,Denied,Coding Error,
CLM511779,ENC111779,PT11004,PY02,2025-02-03,2025-02-04,22109.66,7497.59,437.58,7060.01,Paid,,2025-03-03
CLM511780,ENC111780,PT11492,PY02,2025-01-30,2025-02-05,512.28,163.64,1.08,162.56,Paid,,2025-02-27
CLM511781,ENC111781,PT12780,PY01,2025-01-30,2025-02-06,384.48,137.02,12.22,124.80,Paid,,2025-02-28
CLM511782,ENC111782,PT13500,PY01,2025-01-31,2025-02-03,3958.70,1045.42,166.97,878.45,Paid,,2025-02-15
CLM511783,ENC111783,PT11930,PY01,2025-02-03,2025-02-04,12718.54,3964.74,586.07,3378.67,Paid,,2025-02-09
CLM511784,ENC111784,PT11883,PY05,2025-01-30,2025-02-04,464.68,237.61,16.12,221.49,Paid,,2025-03-19
CLM511785,ENC111785,PT13013,PY03,2025-01-30,2025-02-10,318.88,76.27,0.00,76.27,Paid,,2025-03-22
CLM511786,ENC111786,PT12485,PY01,2025-02-01,2025-02-08,19135.34,5670.05,748.62,4921.43,Paid,,2025-02-13
CLM511787,ENC111787,PT11450,PY07,2025-01-30,2025-02-05,3247.49,1202.85,1202.85,0.00,Pending,,
CLM511788,ENC111788,PT12979,PY03,2025-01-30,2025-02-05,5010.01,1277.38,0.00,1277.38,Paid,,2025-03-20
CLM511789,ENC111789,PT12698,PY03,2025-01-30,2025-02-05,291.39,65.64,0.00,65.64,Paid,,2025-03-08
CLM511790,ENC111790,PT10117,PY04,2025-01-30,2025-02-08,321.70,167.55,20.55,147.00,Paid,,2025-02-27
CLM511791,ENC111791,PT13976,PY01,2025-02-02,2025-02-10,63343.44,19601.24,2616.10,16985.14,Paid,,2025-02-27
CLM511792,ENC111792,PT11641,PY06,2025-01-30,2025-02-14,376.03,225.16,5.17,219.99,Paid,,2025-03-03
CLM511793,ENC111793,PT10854,PY05,2025-01-30,2025-02-07,351.06,171.83,9.84,161.99,Paid,,2025-03-08
CLM511794,ENC111794,PT12799,PY03,2025-01-30,2025-02-02,421.52,98.90,0.00,98.90,Paid,,2025-03-12
CLM511795,ENC111795,PT12576,PY01,2025-02-01,2025-02-05,15894.45,5004.60,445.95,4558.65,Paid,,2025-02-20
CLM511796,ENC111796,PT12549,PY01,2025-02-04,2025-02-06,25020.05,7631.91,763.82,6868.09,Paid,,2025-02-15
CLM511797,ENC111797,PT10870,PY02,2025-01-30,2025-02-01,391.58,128.45,16.98,111.47,Paid,,2025-03-10
CLM511798,ENC111798,PT12058,PY01,2025-02-01,2025-02-03,12882.04,4206.85,319.63,3887.22,Paid,,2025-02-21
CLM511799,ENC111799,PT13502,PY01,2025-01-30,2025-02-04,1438.10,455.23,62.48,392.75,Paid,,2025-02-14
CLM511800,ENC111800,PT12735,PY03,2025-01-30,2025-02-02,144.72,34.93,0.00,34.93,Paid,,2025-03-09
CLM511801,ENC111801,PT13041,PY01,2025-01-30,2025-02-04,267.08,74.46,6.90,67.56,Paid,,2025-02-27
CLM511802,ENC111802,PT11302,PY05,2025-01-30,2025-02-04,106.93,54.46,5.45,49.01,Paid,,2025-03-09
CLM511803,ENC111803,PT10076,PY02,2025-01-30,2025-02-11,428.88,157.74,8.92,148.82,Paid,,2025-03-12
CLM511804,ENC111804,PT13568,PY07,2025-01-30,2025-02-10,325.44,136.34,136.34,32.13,Partially Paid,,2025-03-22
CLM511806,ENC111806,PT10331,PY01,2025-01-30,2025-02-03,1603.11,515.33,53.67,461.66,Paid,,2025-02-18
CLM511807,ENC111807,PT11957,PY06,2025-01-30,2025-02-03,481.80,0.00,0.00,0.00,Appealed,Authorization Required,
CLM511808,ENC111808,PT13173,PY06,2025-01-30,2025-02-03,421.44,209.17,15.88,193.29,Paid,,2025-02-22
CLM511809,ENC111809,PT11662,PY04,2025-01-30,2025-02-02,357.69,200.42,39.44,160.98,Paid,,2025-03-02
CLM511810,ENC111810,PT11179,PY07,2025-01-30,2025-02-03,333.59,115.14,115.14,53.11,Partially Paid,,2025-04-24
CLM511811,ENC111811,PT11501,PY05,2025-01-30,2025-02-06,3214.82,1399.43,346.75,1052.68,Paid,,2025-02-25
CLM511812,ENC111812,PT10386,PY05,2025-01-30,2025-02-01,1958.59,0.00,0.00,0.00,Denied,Authorization Required,
CLM511813,ENC111813,PT10602,PY03,2025-02-04,2025-02-13,54964.28,0.00,0.00,0.00,Denied,Authorization Required,
CLM511814,ENC111814,PT12669,PY01,2025-01-30,2025-02-05,5689.82,1703.30,165.42,1537.88,Paid,,2025-02-19
CLM511815,ENC111815,PT10499,PY01,2025-01-30,2025-02-01,906.72,281.31,16.12,265.19,Paid,,2025-02-11
CLM511816,ENC111816,PT10175,PY04,2025-01-31,2025-02-08,594.49,320.49,48.06,272.43,Paid,,2025-02-27
CLM511817,ENC111817,PT12628,PY05,2025-02-01,2025-02-12,9453.77,4299.34,271.01,4028.33,Paid,,2025-03-23
CLM511818,ENC111818,PT10464,PY05,2025-02-05,2025-02-12,19910.69,8465.38,581.88,7883.50,Paid,,2025-03-21
CLM511819,ENC111819,PT12613,PY02,2025-02-02,2025-02-06,43759.52,15513.67,1140.60,14373.07,Paid,,2025-03-07
CLM511820,ENC111820,PT12781,PY03,2025-01-31,2025-02-05,372.05,103.80,0.00,103.80,Paid,,2025-02-27
CLM511821,ENC111821,PT12438,PY02,2025-02-07,2025-02-09,37308.20,11272.79,475.83,10796.96,Paid,,2025-02-28
CLM511822,ENC111822,PT10823,PY05,2025-01-31,2025-02-10,3012.71,1500.85,94.98,1405.87,Paid,,2025-03-05
CLM511823,ENC111823,PT12782,PY01,2025-01-31,2025-02-03,195.62,67.19,4.24,62.95,Paid,,2025-02-18
CLM511824,ENC111824,PT12550,PY03,2025-01-31,2025-02-11,295.56,72.41,0.00,72.41,Paid,,2025-03-25
CLM511825,ENC111825,PT11276,PY01,2025-01-31,2025-02-06,222.97,70.01,7.12,62.89,Paid,,2025-02-18
CLM511826,ENC111826,PT10101,PY02,2025-01-31,2025-02-02,109.82,38.35,2.19,36.16,Paid,,2025-03-11
CLM511827,ENC111827,PT10548,PY01,2025-02-01,2025-02-07,9726.17,2916.23,237.52,2678.71,Paid,,2025-02-21
CLM511828,ENC111828,PT11193,PY01,2025-01-31,2025-02-05,14919.36,4900.83,565.34,4335.49,Paid,,2025-02-19
CLM511829,ENC111829,PT10916,PY01,2025-02-02,2025-02-06,9021.43,2631.60,241.04,2390.56,Paid,,2025-02-17
CLM511830,ENC111830,PT11209,PY01,2025-02-02,2025-02-04,17285.99,5493.04,542.31,4950.73,Paid,,2025-02-19
CLM511831,ENC111831,PT12850,PY06,2025-01-31,2025-02-08,6655.98,3675.20,705.93,2610.74,Partially Paid,Medical Necessity,2025-02-22
CLM511832,ENC111832,PT12383,PY04,2025-01-31,2025-02-02,236.98,132.46,26.61,105.85,Paid,,2025-02-14
CLM511834,ENC111834,PT13219,PY02,2025-01-31,2025-02-10,274.47,0.00,0.00,0.00,Denied,Medical Necessity,
CLM511835,ENC111835,PT13904,PY02,2025-01-31,2025-02-02,923.07,301.56,9.42,292.14,Paid,,2025-03-14
CLM511836,ENC111836,PT11247,PY04,2025-01-31,2025-02-06,277.99,141.97,18.17,123.80,Paid,,2025-02-25
CLM511837,ENC111837,PT11410,PY05,2025-01-31,2025-02-03,1651.84,849.09,120.54,728.55,Paid,,2025-02-28
CLM511839,ENC111839,PT13271,PY01,2025-02-01,2025-02-06,4284.76,1473.04,100.90,1372.14,Paid,,2025-02-14
CLM511840,ENC111840,PT12035,PY02,2025-01-31,2025-02-02,588.62,206.32,10.45,195.87,Paid,,2025-02-22
CLM511841,ENC111841,PT12888,PY05,2025-02-04,2025-02-07,47373.66,20929.43,1710.01,19219.42,Paid,,2025-03-04
CLM511842,ENC111842,PT12776,PY02,2025-02-03,2025-02-06,12241.19,3979.26,295.89,3683.37,Paid,,2025-03-08
CLM511843,ENC111843,PT10582,PY04,2025-01-31,2025-02-04,1670.28,861.64,115.63,746.01,Paid,,2025-03-01
CLM511844,ENC111844,PT10113,PY06,2025-01-31,2025-02-10,322.08,177.04,27.10,149.94,Paid,,2025-03-09
CLM511845,ENC111845,PT10877,PY03,2025-01-31,2025-02-04,380.08,101.01,0.00,101.01,Paid,,2025-03-11
CLM511846,ENC111846,PT13037,PY02,2025-01-31,2025-02-04,146.75,50.47,3.48,29.03,Partially Paid,Missing Documentation,2025-02-19
CLM511847,ENC111847,PT11808,PY04,2025-01-31,2025-02-04,428.05,218.43,38.98,179.45,Paid,,2025-03-04
CLM511848,ENC111848,PT13793,PY04,2025-01-31,2025-02-03,3241.52,1806.56,50.92,1755.64,Paid,,2025-02-28
CLM511849,ENC111849,PT13961,PY05,2025-02-02,2025-02-03,11337.19,5757.38,642.65,5114.73,Paid,,2025-03-08
CLM511850,ENC111850,PT10393,PY01,2025-02-02,2025-02-07,8100.73,2654.01,292.52,2361.49,Paid,,2025-02-18
CLM511851,ENC111851,PT13614,PY03,2025-02-05,2025-02-09,22409.15,6106.06,0.00,6106.06,Paid,,2025-03-18
CLM511852,ENC111852,PT11003,PY03,2025-01-31,2025-02-02,4563.50,0.00,0.00,0.00,Denied,Authorization Required,
CLM511853,ENC111853,PT12008,PY01,2025-02-01,2025-02-05,547.69,175.28,12.64,162.64,Paid,,2025-02-16
CLM511854,ENC111854,PT12368,PY05,2025-02-01,2025-02-08,2776.94,1583.21,168.10,1415.11,Paid,,2025-03-15
CLM511855,ENC111855,PT10396,PY04,2025-02-01,2025-02-05,1150.19,560.06,58.77,501.29,Paid,,2025-03-20
CLM511856,ENC111856,PT11293,PY03,2025-02-02,2025-02-04,10863.00,2560.37,0.00,2560.37,Paid,,2025-03-09
CLM511857,ENC111857,PT10773,PY02,2025-02-13,2025-02-26,45854.58,16559.86,734.67,6655.71,Partially Paid,Coding Error,2025-04-01
CLM511858,ENC111858,PT10075,PY02,2025-02-01,2025-02-03,1359.32,422.00,18.67,403.33,Paid,,2025-03-13
CLM511859,ENC111859,PT10153,PY06,2025-02-01,2025-02-03,650.58,334.19,60.13,274.06,Paid,,2025-03-04
CLM511860,ENC111860,PT10416,PY07,2025-02-01,2025-02-03,3485.08,1275.99,1275.99,0.00,Pending,,
CLM511861,ENC111861,PT10703,PY03,2025-02-06,2025-02-09,24204.01,6079.48,0.00,6079.48,Paid,,2025-03-08
CLM511863,ENC111863,PT12686,PY04,2025-02-04,2025-02-08,15858.24,8150.33,1218.46,5778.07,Partially Paid,Missing Documentation,2025-03-06
CLM511864,ENC111864,PT12873,PY01,2025-02-01,2025-02-05,541.13,0.00,0.00,0.00,Denied,Eligibility / Coverage,
CLM511865,ENC111865,PT10937,PY02,2025-02-02,2025-02-05,6171.67,2004.86,106.45,1898.41,Paid,,2025-02-24
CLM511866,ENC111866,PT12469,PY01,2025-02-02,2025-02-04,8597.67,2808.71,339.84,2468.87,Paid,,2025-02-16
CLM511867,ENC111867,PT12115,PY04,2025-02-01,2025-02-07,3635.67,1978.80,300.77,1678.03,Paid,,2025-03-09
CLM511868,ENC111868,PT11896,PY03,2025-02-02,2025-02-16,8953.83,1868.31,0.00,1039.04,Partially Paid,Coding Error,2025-03-21
CLM511869,ENC111869,PT12754,PY02,2025-02-04,2025-02-10,25907.82,8023.66,590.08,7433.58,Paid,,2025-03-06
CLM511870,ENC111870,PT11919,PY02,2025-02-10,2025-02-18,41069.82,15857.82,1128.72,14729.10,Paid,,2025-03-25
CLM511871,ENC111871,PT11207,PY01,2025-02-07,2025-02-10,39089.40,11902.07,0.00,11902.07,Paid,,2025-02-22
CLM511872,ENC111872,PT13762,PY06,2025-02-05,2025-02-10,18851.49,9696.87,521.20,4996.29,Partially Paid,Missing Documentation,2025-02-22
CLM511873,ENC111873,PT12774,PY05,2025-02-02,2025-02-12,5587.77,2525.54,49.87,2475.67,Paid,,2025-03-16
CLM511874,ENC111874,PT10321,PY04,2025-02-02,2025-02-05,3632.25,2002.05,67.48,1934.57,Paid,,2025-02-19
CLM511875,ENC111875,PT11288,PY03,2025-02-03,2025-02-10,7302.48,1659.26,0.00,1659.26,Paid,,2025-03-03
CLM511876,ENC111876,PT10316,PY02,2025-02-04,2025-02-06,26626.82,0.00,0.00,0.00,Denied,Missing Documentation,
CLM511877,ENC111877,PT13561,PY04,2025-02-08,2025-02-15,28386.51,14849.65,1651.20,13198.45,Paid,,2025-03-11
CLM511878,ENC111878,PT10946,PY03,2025-02-08,2025-02-19,18210.62,4631.30,0.00,4631.30,Paid,,2025-03-16
CLM511879,ENC111879,PT10408,PY03,2025-02-02,2025-02-11,1347.30,297.04,0.00,297.04,Paid,,2025-03-20
CLM511880,ENC111880,PT10252,PY05,2025-02-15,2025-02-17,100929.04,47315.78,4032.13,43283.65,Paid,,2025-03-15
CLM511881,ENC111881,PT11805,PY07,2025-02-02,2025-02-06,6908.58,2769.51,2769.51,0.00,Pending,,
CLM511882,ENC111882,PT11549,PY02,2025-02-05,2025-02-07,34290.07,11327.84,969.05,10358.79,Paid,,2025-02-23
CLM511883,ENC111883,PT13362,PY06,2025-02-03,2025-02-05,7110.73,3885.07,523.91,3361.16,Paid,,2025-03-14
CLM511884,ENC111884,PT10291,PY05,2025-02-05,2025-02-09,24777.75,13147.81,1261.70,11886.11,Paid,,2025-03-06
CLM511885,ENC111885,PT12543,PY02,2025-02-02,2025-02-07,4410.57,1586.53,81.72,1504.81,Paid,,2025-03-07
CLM511886,ENC111886,PT10642,PY03,2025-02-09,2025-02-10,53610.75,13759.69,0.00,13759.69,Paid,,2025-03-23
CLM511887,ENC111887,PT12183,PY02,2025-02-04,2025-02-09,5710.41,1749.34,187.03,1562.31,Paid,,2025-03-09
CLM511888,ENC111888,PT13014,PY03,2025-02-02,2025-02-07,3595.47,875.07,0.00,875.07,Paid,,2025-03-07
CLM511889,ENC111889,PT13498,PY03,2025-02-02,2025-02-07,1455.69,394.96,0.00,394.96,Paid,,2025-03-20
CLM511890,ENC111890,PT13309,PY02,2025-02-02,2025-02-07,861.75,253.63,6.56,247.07,Paid,,2025-02-25
CLM511891,ENC111891,PT12603,PY03,2025-02-02,2025-02-06,2164.98,485.28,0.00,246.22,Partially Paid,Coding Error,2025-02-28
CLM511892,ENC111892,PT13304,PY05,2025-02-06,2025-02-11,21672.20,10450.40,1153.54,9296.86,Paid,,2025-03-12
CLM511893,ENC111893,PT13805,PY02,2025-02-03,2025-02-05,5452.55,1711.51,94.64,1616.87,Paid,,2025-02-23
CLM511894,ENC111894,PT13837,PY04,2025-02-03,2025-02-08,3374.23,1791.13,140.94,1650.19,Paid,,2025-03-04
CLM511895,ENC111895,PT12081,PY01,2025-02-02,2025-02-06,869.54,268.23,21.27,246.96,Paid,,2025-02-15
CLM511897,ENC111897,PT11482,PY05,2025-02-05,2025-02-08,11138.20,5777.91,848.35,4929.56,Paid,,2025-03-12
CLM511898,ENC111898,PT11326,PY01,2025-02-07,2025-02-10,24325.38,7889.21,1022.14,6867.07,Paid,,2025-02-24
CLM511899,ENC111899,PT13622,PY01,2025-02-05,2025-02-08,59121.24,18559.67,0.00,18559.67,Paid,,2025-02-18
CLM511900,ENC111900,PT11899,PY03,2025-02-03,2025-02-09,1290.33,311.97,0.00,311.97,Paid,,2025-03-06
CLM511901,ENC111901,PT12445,PY01,2025-02-03,2025-02-05,285.21,90.18,14.42,75.76,Paid,,2025-02-18
CLM511902,ENC111902,PT10138,PY03,2025-02-03,2025-02-17,301.98,72.26,0.00,72.26,Paid,,2025-03-13
CLM511903,ENC111903,PT11683,PY01,2025-02-15,2025-02-19,117739.93,37725.71,3371.11,34354.60,Paid,,2025-02-26
CLM511904,ENC111904,PT13788,PY02,2025-02-03,2025-02-08,224.51,79.66,4.96,74.70,Paid,,2025-03-25
CLM511905,ENC111905,PT10705,PY06,2025-02-03,2025-02-10,312.96,0.00,0.00,0.00,Denied,Coding Error,
CLM511906,ENC111906,PT10132,PY01,2025-02-03,2025-02-08,302.13,91.42,14.25,77.17,Paid,,2025-02-19
CLM511907,ENC111907,PT11414,PY05,2025-02-03,2025-02-09,302.25,132.49,17.21,115.28,Paid,,2025-03-12
CLM511908,ENC111908,PT10423,PY02,2025-02-03,2025-02-12,400.73,125.15,13.87,111.28,Paid,,2025-03-22
CLM511909,ENC111909,PT10751,PY05,2025-02-03,2025-02-09,380.68,0.00,0.00,0.00,Appealed,Missing Documentation,
CLM511910,ENC111910,PT12405,PY05,2025-02-03,2025-02-05,103.76,43.96,3.89,40.07,Paid,,2025-03-20
CLM511911,ENC111911,PT13325,PY03,2025-02-09,2025-02-17,35821.75,9632.31,0.00,9632.31,Paid,,2025-04-15
CLM511912,ENC111912,PT10056,PY07,2025-02-10,2025-02-15,20935.61,9732.36,9732.36,6575.36,Partially Paid,,2025-04-27
CLM511913,ENC111913,PT12401,PY02,2025-02-03,2025-02-06,381.44,129.69,14.06,115.63,Paid,,2025-03-04
CLM511914,ENC111914,PT13319,PY04,2025-02-03,2025-02-05,3549.54,1906.33,145.35,1515.60,Partially Paid,Medical Necessity,2025-03-07
CLM511915,ENC111915,PT10511,PY06,2025-02-03,2025-02-08,11943.22,0.00,0.00,0.00,Appealed,Medical Necessity,
CLM511916,ENC111916,PT12963,PY01,2025-02-03,2025-02-08,281.53,91.51,11.47,80.04,Paid,,2025-02-26
CLM511917,ENC111917,PT10418,PY03,2025-02-03,2025-02-09,431.32,104.06,0.00,104.06,Paid,,2025-03-23
CLM511918,ENC111918,PT10979,PY04,2025-02-09,2025-02-15,59377.67,28897.68,375.83,28521.85,Paid,,2025-02-26
CLM511919,ENC111919,PT11306,PY03,2025-02-03,2025-02-05,285.43,67.43,0.00,67.43,Paid,,2025-03-03
CLM511920,ENC111920,PT10660,PY03,2025-02-05,2025-02-16,11019.73,2420.62,0.00,2420.62,Paid,,2025-03-29
CLM511921,ENC111921,PT10755,PY04,2025-02-06,2025-02-09,20304.21,8963.86,1564.59,7399.27,Paid,,2025-03-09
CLM511922,ENC111922,PT13793,PY04,2025-02-09,2025-02-11,24789.83,12626.79,1196.21,11430.58,Paid,,2025-03-05
CLM511923,ENC111923,PT10193,PY07,2025-02-04,2025-02-07,12662.07,5381.30,5381.30,0.00,Pending,,
CLM511924,ENC111924,PT12911,PY01,2025-02-03,2025-02-05,137.69,39.28,3.12,36.16,Paid,,2025-02-23
CLM511925,ENC111925,PT10533,PY02,2025-02-10,2025-02-13,55275.65,16799.11,1161.73,8675.90,Partially Paid,Medical Necessity,2025-03-23
CLM511926,ENC111926,PT11134,PY04,2025-02-03,2025-02-07,351.27,190.39,20.08,86.49,Partially Paid,Coding Error,2025-03-17
CLM511927,ENC111927,PT10092,PY05,2025-02-03,2025-02-07,3022.78,1410.83,143.60,1267.23,Paid,,2025-03-10
CLM511928,ENC111928,PT12060,PY06,2025-02-06,2025-02-13,22525.26,12806.88,1585.96,11220.92,Paid,,2025-04-02
CLM511929,ENC111929,PT11156,PY05,2025-02-03,2025-02-04,308.10,131.41,14.27,117.14,Paid,,2025-03-08
CLM511930,ENC111930,PT12918,PY01,2025-02-03,2025-02-04,427.61,126.38,15.37,111.01,Paid,,2025-02-14
CLM511931,ENC111931,PT12656,PY01,2025-02-03,2025-02-09,2748.31,931.75,54.08,877.67,Paid,,2025-03-06
CLM511932,ENC111932,PT13357,PY03,2025-02-03,2025-02-07,3759.03,939.98,0.00,939.98,Paid,,2025-03-19
CLM511933,ENC111933,PT13615,PY05,2025-02-03,2025-02-05,692.97,310.08,43.10,266.98,Paid,,2025-03-02
CLM511934,ENC111934,PT10048,PY03,2025-02-08,2025-02-12,17435.07,4066.02,0.00,4066.02,Paid,,2025-03-15
CLM511935,ENC111935,PT10593,PY02,2025-02-04,2025-02-10,3306.56,1076.08,0.00,1076.08,Paid,,2025-03-12
CLM511936,ENC111936,PT13212,PY06,2025-02-05,2025-02-09,8098.12,4431.58,722.95,3708.63,Paid,,2025-03-07
CLM511937,ENC111937,PT12610,PY05,2025-02-06,2025-02-14,19613.39,10666.91,1862.14,8804.77,Paid,,2025-02-28
CLM511938,ENC111938,PT12052,PY04,2025-02-04,2025-02-06,4091.08,0.00,0.00,0.00,Denied,Missing Documentation,
CLM511939,ENC111939,PT12141,PY05,2025-02-07,2025-02-09,19094.89,9002.87,370.22,8632.65,Paid,,2025-03-19
CLM511940,ENC111940,PT12748,PY06,2025-02-06,2025-02-10,15797.68,9292.81,1656.65,7636.16,Paid,,2025-02-24
CLM511941,ENC111941,PT13513,PY03,2025-02-04,2025-02-08,2866.46,676.38,0.00,590.09,Partially Paid,Medical Necessity,2025-04-16
CLM511942,ENC111942,PT12513,PY02,2025-02-11,2025-02-18,24839.77,0.00,0.00,0.00,Appealed,Medical Necessity,
CLM511943,ENC111943,PT12576,PY01,2025-02-04,2025-02-07,1760.35,582.34,76.66,505.68,Paid,,2025-02-16
CLM511945,ENC111945,PT10535,PY02,2025-02-04,2025-02-05,866.52,274.61,11.32,263.29,Paid,,2025-03-06
CLM511946,ENC111946,PT11473,PY07,2025-02-04,2025-02-09,2479.84,1035.16,1035.16,0.00,Pending,,
CLM511947,ENC111947,PT13305,PY04,2025-02-04,2025-02-06,399.58,203.51,32.34,171.17,Paid,,2025-03-01
CLM511948,ENC111948,PT12248,PY04,2025-02-04,2025-02-09,8783.50,4774.10,523.05,4251.05,Paid,,2025-03-04
CLM511949,ENC111949,PT12130,PY02,2025-02-04,2025-02-05,355.25,109.69,6.50,103.19,Paid,,2025-02-24
CLM511950,ENC111950,PT13346,PY06,2025-02-05,2025-02-12,6938.38,4015.25,250.54,3764.71,Paid,,2025-02-24
CLM511951,ENC111951,PT11985,PY04,2025-02-16,2025-02-23,40210.09,22250.33,1426.95,20823.38,Paid,,2025-03-09
CLM511952,ENC111952,PT10830,PY05,2025-02-04,2025-02-07,212.97,107.62,22.24,85.38,Paid,,2025-03-13
CLM511953,ENC111953,PT12906,PY02,2025-02-04,2025-02-06,396.09,118.49,2.69,115.80,Paid,,2025-03-23
CLM511954,ENC111954,PT10165,PY02,2025-02-04,2025-02-10,323.76,110.59,1.98,108.61,Paid,,2025-03-06
CLM511955,ENC111955,PT13269,PY07,2025-02-04,2025-02-10,159.09,62.75,62.75,42.55,Partially Paid,,2025-05-31
CLM511956,ENC111956,PT13527,PY05,2025-02-04,2025-02-07,414.97,0.00,0.00,0.00,Appealed,Missing Documentation,
CLM511957,ENC111957,PT10227,PY01,2025-02-04,2025-02-10,425.64,121.79,8.93,112.86,Paid,,2025-02-16
CLM511959,ENC111959,PT10418,PY03,2025-02-04,2025-02-12,3158.70,695.66,0.00,695.66,Paid,,2025-02-21
CLM511960,ENC111960,PT10321,PY04,2025-02-05,2025-02-15,12566.85,5892.63,779.21,5113.42,Paid,,2025-03-05
CLM511961,ENC111961,PT11200,PY03,2025-02-04,2025-02-07,3641.87,0.00,0.00,0.00,Appealed,Coding Error,
CLM511962,ENC111962,PT13492,PY07,2025-02-04,2025-02-09,1251.25,490.82,490.82,92.70,Partially Paid,,2025-04-13
CLM511963,ENC111963,PT13587,PY02,2025-02-06,2025-02-08,12725.92,4422.41,220.70,4201.71,Paid,,2025-03-07
CLM511964,ENC111964,PT13917,PY01,2025-02-04,2025-02-05,7694.23,2570.67,219.78,2350.89,Paid,,2025-02-28
CLM511965,ENC111965,PT11475,PY01,2025-02-08,2025-02-16,18785.10,0.00,0.00,0.00,Denied,Eligibility / Coverage,
CLM511966,ENC111966,PT12616,PY03,2025-02-04,2025-02-05,1371.58,327.03,0.00,327.03,Paid,,2025-03-02
CLM511967,ENC111967,PT10198,PY06,2025-02-04,2025-02-09,315.34,179.78,20.13,159.65,Paid,,2025-02-23
CLM511968,ENC111968,PT11299,PY06,2025-02-04,2025-02-07,139.28,81.83,13.10,68.73,Paid,,2025-03-11
CLM511970,ENC111970,PT12524,PY01,2025-02-04,2025-02-05,3989.77,1286.79,87.49,1199.30,Paid,,2025-02-21
CLM511971,ENC111971,PT11194,PY01,2025-02-05,2025-02-07,10434.15,3244.72,451.79,2792.93,Paid,,2025-03-03
CLM511972,ENC111972,PT11668,PY04,2025-02-05,2025-02-11,26939.61,13149.47,1474.87,11674.60,Paid,,2025-03-07
CLM511973,ENC111973,PT12027,PY01,2025-02-04,2025-02-21,394.98,124.58,5.02,119.56,Paid,,2025-03-08
CLM511974,ENC111974,PT12989,PY04,2025-02-04,2025-02-08,167.22,84.73,5.28,63.33,Partially Paid,Medical Necessity,2025-03-06
CLM511975,ENC111975,PT11650,PY03,2025-02-04,2025-02-12,615.48,152.96,0.00,152.96,Paid,,2025-03-21
CLM511976,ENC111976,PT10857,PY01,2025-02-04,2025-02-14,15746.91,4928.53,476.57,4451.96,Paid,,2025-02-23
CLM511977,ENC111977,PT12465,PY03,2025-02-04,2025-02-12,3640.29,864.50,0.00,864.50,Paid,,2025-03-25
CLM511978,ENC111978,PT11332,PY04,2025-02-04,2025-02-05,3368.15,1415.60,152.67,1262.93,Paid,,2025-02-28
CLM511979,ENC111979,PT10250,PY01,2025-02-04,2025-02-10,301.80,92.71,8.86,83.85,Paid,,2025-02-17
CLM511980,ENC111980,PT11195,PY01,2025-02-04,2025-02-09,108.69,33.58,3.09,30.49,Paid,,2025-02-25
CLM511981,ENC111981,PT13841,PY02,2025-02-04,2025-02-10,259.26,89.14,4.92,84.22,Paid,,2025-03-17
CLM511982,ENC111982,PT13590,PY07,2025-02-04,2025-02-11,365.96,141.49,141.49,41.60,Partially Paid,,2025-04-09
CLM511983,ENC111983,PT10165,PY02,2025-02-13,2025-02-14,62229.05,21092.48,1613.43,19479.05,Paid,,2025-03-09
CLM511984,ENC111984,PT13628,PY07,2025-02-09,2025-02-11,26528.65,10545.63,10545.63,0.00,Pending,,
CLM511985,ENC111985,PT10192,PY06,2025-02-09,2025-02-19,94169.03,51984.17,7439.70,19425.47,Partially Paid,Medical Necessity,2025-03-05
CLM511986,ENC111986,PT13981,PY02,2025-02-05,2025-02-11,6455.68,1916.58,108.52,1808.06,Paid,,2025-03-11
CLM511987,ENC111987,PT11008,PY03,2025-02-08,2025-02-15,15653.67,3834.75,0.00,3834.75,Paid,,2025-03-20
CLM511988,ENC111988,PT11794,PY02,2025-02-04,2025-02-10,1802.07,617.60,48.74,568.86,Paid,,2025-03-25
CLM511989,ENC111989,PT10858,PY07,2025-02-09,2025-02-11,23811.56,9225.24,9225.24,9225.24,Paid,,2025-04-25
CLM511990,ENC111990,PT12238,PY07,2025-02-11,2025-02-12,32220.52,13450.10,13450.10,4001.19,Partially Paid,,2025-03-19
CLM511991,ENC111991,PT12542,PY01,2025-02-05,2025-02-07,968.67,304.14,24.35,198.42,Partially Paid,Coding Error,2025-02-16
CLM511992,ENC111992,PT12535,PY06,2025-02-06,2025-02-08,27770.69,15614.92,1657.59,13957.33,Paid,,2025-03-07
CLM511993,ENC111993,PT11530,PY03,2025-02-05,2025-02-13,2483.80,565.29,0.00,565.29,Paid,,2025-03-29
CLM511994,ENC111994,PT13265,PY03,2025-02-10,2025-02-14,24357.15,5922.29,0.00,5922.29,Paid,,2025-03-11
CLM511995,ENC111995,PT13471,PY04,2025-02-05,2025-02-08,635.15,0.00,0.00,0.00,Denied,Missing Documentation,
CLM511996,ENC111996,PT10502,PY07,2025-02-05,2025-02-07,264.40,104.94,104.94,0.00,Pending,,
CLM511997,ENC111997,PT13525,PY07,2025-02-05,2025-02-11,434.47,186.04,186.04,0.00,Pending,,
CLM511998,ENC111998,PT10471,PY05,2025-02-09,2025-02-16,16331.88,7781.83,662.34,7119.49,Paid,,2025-03-19
CLM511999,ENC111999,PT11096,PY01,2025-02-05,2025-02-07,1342.81,420.99,37.36,143.37,Partially Paid,Medical Necessity,2025-02-16
CLM512000,ENC112000,PT13013,PY03,2025-02-05,2025-02-08,529.58,126.48,0.00,126.48,Paid,,2025-03-14
CLM512001,ENC112001,PT13960,PY01,2025-02-05,2025-02-07,156.94,48.50,4.70,43.80,Paid,,2025-02-21
CLM512002,ENC112002,PT13629,PY05,2025-02-05,2025-02-07,822.11,393.86,51.65,342.21,Paid,,2025-02-25
CLM512003,ENC112003,PT10560,PY05,2025-02-11,2025-02-16,81635.77,40308.20,3941.75,36366.45,Paid,,2025-03-14
CLM512004,ENC112004,PT10894,PY03,2025-02-05,2025-02-09,3559.64,834.98,0.00,834.98,Paid,,2025-04-23
CLM512005,ENC112005,PT12584,PY02,2025-02-05,2025-02-11,1729.17,562.98,13.95,549.03,Paid,,2025-03-06
CLM512006,ENC112006,PT11472,PY01,2025-02-10,2025-02-15,34463.21,10603.48,526.49,10076.99,Paid,,2025-03-03
CLM512007,ENC112007,PT10475,PY06,2025-02-05,2025-02-22,283.05,150.31,17.41,132.90,Paid,,2025-04-01
CLM512008,ENC112008,PT11599,PY01,2025-02-05,2025-02-09,203.01,66.96,5.60,61.36,Paid,,2025-02-22
CLM512009,ENC112009,PT13115,PY04,2025-02-05,2025-02-09,187.05,93.00,5.55,87.45,Paid,,2025-03-01
CLM512010,ENC112010,PT13491,PY05,2025-02-05,2025-02-08,1448.12,0.00,0.00,0.00,Denied,Authorization Required,
CLM512011,ENC112011,PT11872,PY03,2025-02-05,2025-02-09,463.85,102.00,0.00,102.00,Paid,,2025-03-07
CLM512012,ENC112012,PT12194,PY01,2025-02-05,2025-02-08,109.71,33.18,4.91,28.27,Paid,,2025-02-17
CLM512013,ENC112013,PT11856,PY05,2025-02-05,2025-02-11,9302.59,4720.05,576.75,3668.88,Partially Paid,Coding Error,2025-03-18
CLM512014,ENC112014,PT11637,PY03,2025-02-05,2025-02-13,2614.47,580.34,0.00,580.34,Paid,,2025-03-16
CLM512015,ENC112015,PT10356,PY01,2025-02-05,2025-02-07,365.19,110.92,13.03,97.89,Paid,,2025-02-27
CLM512016,ENC112016,PT11992,PY07,2025-02-05,2025-02-09,98.57,39.71,39.71,39.71,Paid,,2025-03-27
CLM512017,ENC112017,PT11685,PY06,2025-02-05,2025-02-07,432.94,216.08,17.74,198.34,Paid,,2025-03-01
CLM512018,ENC112018,PT11138,PY06,2025-02-05,2025-02-12,10682.86,5664.29,784.46,4879.83,Paid,,2025-03-06
CLM512019,ENC112019,PT13800,PY02,2025-02-05,2025-02-08,336.58,98.78,5.65,93.13,Paid,,2025-02-26
CLM512020,ENC112020,PT13932,PY03,2025-02-05,2025-02-10,341.14,71.55,0.00,71.55,Paid,,2025-03-11
CLM512021,ENC112021,PT11927,PY05,2025-02-07,2025-02-11,7546.91,3767.11,505.81,3261.30,Paid,,2025-03-26
CLM512022,ENC112022,PT11661,PY04,2025-02-05,2025-02-07,1488.17,698.95,30.55,668.40,Paid,,2025-03-14
CLM512023,ENC112023,PT11712,PY01,2025-02-05,2025-02-11,308.34,93.89,3.30,62.99,Partially Paid,Coding Error,2025-02-24
CLM512024,ENC112024,PT11330,PY04,2025-02-07,2025-02-10,6112.23,3469.39,680.45,2788.94,Paid,,2025-03-26
CLM512025,ENC112025,PT11481,PY04,2025-02-11,2025-02-12,17839.79,8990.18,1546.84,7443.34,Paid,,2025-03-04
CLM512026,ENC112026,PT13917,PY01,2025-02-10,2025-02-17,24385.27,7836.68,1006.96,6829.72,Paid,,2025-03-02
CLM512027,ENC112027,PT10491,PY08,2025-02-05,2025-02-08,491.19,298.84,0.00,298.84,Paid,,2025-04-08
CLM512029,ENC112029,PT11056,PY04,2025-02-08,2025-02-14,13520.49,6343.80,624.98,5718.82,Paid,,2025-03-21
CLM512031,ENC112031,PT12972,PY01,2025-02-09,2025-02-12,54383.38,18245.76,1398.32,16847.44,Paid,,2025-02-23
CLM512032,ENC112032,PT11841,PY06,2025-02-06,2025-02-09,1602.35,852.51,101.51,751.00,Paid,,2025-02-27
CLM512033,ENC112033,PT10592,PY02,2025-02-11,2025-02-14,30941.69,10465.07,493.82,9971.25,Paid,,2025-04-07
CLM512034,ENC112034,PT13213,PY03,2025-02-10,2025-02-27,27171.60,6433.84,0.00,6433.84,Paid,,2025-04-03
CLM512035,ENC112035,PT11003,PY03,2025-02-06,2025-02-10,1626.92,381.28,0.00,381.28,Paid,,2025-03-03
CLM512036,ENC112036,PT12401,PY02,2025-02-08,2025-02-11,54894.01,17853.59,502.67,17350.92,Paid,,2025-03-11
CLM512037,ENC112037,PT10679,PY01,2025-02-08,2025-02-25,41141.05,13237.09,724.11,12512.98,Paid,,2025-03-04
CLM512038,ENC112038,PT13761,PY01,2025-02-14,2025-02-17,17222.50,5121.66,439.12,4682.54,Paid,,2025-03-02
CLM512039,ENC112039,PT12292,PY02,2025-02-12,2025-02-16,44281.28,13518.96,927.47,12591.49,Paid,,2025-03-19
CLM512040,ENC112040,PT10455,PY05,2025-02-11,2025-02-13,24792.61,0.00,0.00,0.00,Appealed,Coding Error,
CLM512041,ENC112041,PT11199,PY06,2025-02-06,2025-02-07,454.04,244.47,26.35,181.05,Partially Paid,Missing Documentation,2025-02-28
CLM512042,ENC112042,PT11733,PY02,2025-02-06,2025-02-09,1825.12,588.73,24.80,563.93,Paid,,2025-03-25
CLM512043,ENC112043,PT10644,PY01,2025-02-12,2025-02-14,29320.53,8813.72,1240.49,7573.23,Paid,,2025-03-11
CLM512044,ENC112044,PT12695,PY04,2025-02-06,2025-02-12,10750.97,5891.30,1300.88,3126.85,Partially Paid,Coding Error,2025-02-28
CLM512046,ENC112046,PT10894,PY03,2025-02-10,2025-02-16,15560.87,3896.47,0.00,3896.47,Paid,,2025-04-10
CLM512047,ENC112047,PT11029,PY05,2025-02-06,2025-02-08,1547.14,677.32,73.80,322.90,Partially Paid,Missing Documentation,2025-03-27
CLM512048,ENC112048,PT11625,PY03,2025-02-06,2025-02-09,4061.42,953.41,0.00,953.41,Paid,,2025-03-24
CLM512049,ENC112049,PT13869,PY01,2025-02-06,2025-02-08,256.25,85.89,6.35,79.54,Paid,,2025-03-02
CLM512050,ENC112050,PT13321,PY07,2025-02-06,2025-02-14,344.50,132.17,132.17,63.22,Partially Paid,,2025-04-02
CLM512051,ENC112051,PT12078,PY04,2025-02-06,2025-02-08,487.33,294.52,44.02,250.50,Paid,,2025-03-06
CLM512052,ENC112052,PT11776,PY01,2025-02-06,2025-02-11,1412.08,431.79,22.80,408.99,Paid,,2025-02-23
CLM512053,ENC112053,PT10761,PY02,2025-02-06,2025-02-08,184.93,65.43,5.33,60.10,Paid,,2025-02-26
CLM512054,ENC112054,PT10843,PY07,2025-02-06,2025-02-14,1377.56,554.79,554.79,0.00,Pending,,
CLM512055,ENC112055,PT11144,PY05,2025-02-06,2025-02-08,356.77,166.84,10.75,156.09,Paid,,2025-02-25
CLM512057,ENC112057,PT10480,PY03,2025-02-06,2025-02-16,4476.80,0.00,0.00,0.00,Denied,Duplicate Claim,
CLM512059,ENC112059,PT12478,PY01,2025-02-06,2025-02-08,3419.22,1008.77,98.08,910.69,Paid,,2025-02-17
CLM512060,ENC112060,PT12703,PY02,2025-02-08,2025-02-10,11034.93,3325.98,236.09,3089.89,Paid,,2025-03-07
CLM512061,ENC112061,PT10552,PY01,2025-02-06,2025-02-08,2761.05,806.18,94.42,711.76,Paid,,2025-03-04
CLM512062,ENC112062,PT10975,PY02,2025-02-06,2025-02-24,128.34,41.06,3.10,37.96,Paid,,2025-03-25
CLM512063,ENC112063,PT12144,PY01,2025-02-11,2025-02-18,25561.45,7677.01,1037.08,6639.93,Paid,,2025-03-06
CLM512064,ENC112064,PT11322,PY04,2025-02-07,2025-02-14,8752.96,4788.14,0.00,4788.14,Paid,,2025-03-09
CLM512065,ENC112065,PT13780,PY06,2025-02-06,2025-02-09,342.72,198.33,13.89,184.44,Paid,,2025-02-28
CLM512066,ENC112066,PT12176,PY02,2025-02-06,2025-02-11,1129.04,391.48,22.47,369.01,Paid,,2025-03-03
CLM512067,ENC112067,PT13810,PY04,2025-02-14,2025-02-18,88763.63,47880.02,3171.66,44708.36,Paid,,2025-03-04
CLM512068,ENC112068,PT10652,PY05,2025-02-13,2025-02-17,36436.31,0.00,0.00,0.00,Denied,Medical Necessity,
CLM512069,ENC112069,PT12925,PY06,2025-02-11,2025-02-17,16520.31,8658.33,605.41,8052.92,Paid,,2025-03-18
CLM512070,ENC112070,PT10422,PY01,2025-02-06,2025-02-09,257.80,92.33,10.56,81.77,Paid,,2025-02-23
CLM512071,ENC112071,PT10084,PY02,2025-02-06,2025-02-15,167.40,57.89,4.68,53.21,Paid,,2025-03-18
CLM512072,ENC112072,PT11430,PY04,2025-02-06,2025-02-11,4646.36,2282.22,277.43,2004.79,Paid,,2025-03-05
CLM512073,ENC112073,PT13669,PY02,2025-02-11,2025-02-16,54069.29,18207.80,598.37,14060.16,Partially Paid,Coding Error,2025-03-05
CLM512074,ENC112074,PT11836,PY05,2025-02-06,2025-02-12,247.26,142.74,20.13,93.12,Partially Paid,Medical Necessity,2025-03-22
CLM512075,ENC112075,PT10555,PY02,2025-02-06,2025-02-12,235.73,70.86,4.36,66.50,Paid,,2025-03-06
CLM512076,ENC112076,PT10618,PY01,2025-02-14,2025-02-19,24131.99,7062.66,327.23,6735.43,Paid,,2025-03-04
CLM512077,ENC112077,PT12280,PY07,2025-02-07,2025-02-09,19573.63,8021.28,8021.28,0.00,Pending,,
CLM512078,ENC112078,PT10136,PY06,2025-02-07,2025-02-11,3468.21,1947.64,66.05,1881.59,Paid,,2025-03-03
CLM512079,ENC112079,PT10328,PY04,2025-02-10,2025-02-13,20922.26,11122.87,1364.27,9758.60,Paid,,2025-03-03
CLM512080,ENC112080,PT13900,PY01,2025-02-15,2025-02-21,40189.87,13276.19,727.42,12548.77,Paid,,2025-03-08
CLM512082,ENC112082,PT11237,PY02,2025-02-09,2025-02-13,11552.01,0.00,0.00,0.00,Appealed,Eligibility / Coverage,
CLM512083,ENC112083,PT10032,PY03,2025-02-11,2025-02-15,18730.23,4125.39,0.00,4125.39,Paid,,2025-04-05
CLM512085,ENC112085,PT13985,PY01,2025-02-21,2025-02-25,67851.07,24338.12,2151.32,22186.80,Paid,,2025-03-06
CLM512086,ENC112086,PT10676,PY01,2025-02-10,2025-02-11,65582.95,20932.79,2444.63,18488.16,Paid,,2025-03-04
CLM512087,ENC112087,PT11751,PY03,2025-02-07,2025-02-13,1338.51,321.10,0.00,321.10,Paid,,2025-04-18
CLM512088,ENC112088,PT13743,PY02,2025-02-07,2025-02-10,139.26,46.68,4.58,42.10,Paid,,2025-03-19
CLM512089,ENC112089,PT13734,PY01,2025-02-07,2025-02-11,2811.02,872.93,22.56,850.37,Paid,,2025-02-19
CLM512090,ENC112090,PT12399,PY02,2025-02-07,2025-02-12,306.31,111.03,9.50,101.53,Paid,,2025-03-17
CLM512091,ENC112091,PT10503,PY03,2025-02-07,2025-02-13,892.72,206.35,0.00,206.35,Paid,,2025-03-15
CLM512092,ENC112092,PT13196,PY02,2025-02-07,2025-02-12,370.28,112.21,0.42,111.79,Paid,,2025-03-08
CLM512093,ENC112093,PT10497,PY02,2025-02-07,2025-02-15,191.35,61.21,4.83,56.38,Paid,,2025-03-16
CLM512094,ENC112094,PT11608,PY04,2025-02-07,2025-02-11,302.22,159.22,26.18,133.04,Paid,,2025-03-04
CLM512095,ENC112095,PT12138,PY01,2025-02-10,2025-02-15,20813.88,6138.54,381.67,5756.87,Paid,,2025-03-02
CLM512096,ENC112096,PT10752,PY03,2025-02-19,2025-02-26,126999.12,31776.99,0.00,19109.25,Partially Paid,Coding Error,2025-03-26
CLM512097,ENC112097,PT11578,PY02,2025-02-07,2025-02-09,515.15,159.71,11.28,148.43,Paid,,2025-02-25
CLM512098,ENC112098,PT10023,PY03,2025-02-07,2025-02-13,407.82,87.44,0.00,87.44,Paid,,2025-03-17
CLM512099,ENC112099,PT11062,PY04,2025-02-07,2025-02-10,1326.36,811.71,47.34,764.37,Paid,,2025-02-23
CLM512100,ENC112100,PT12455,PY01,2025-02-14,2025-02-18,22074.67,7405.91,460.98,6944.93,Paid,,2025-03-01
CLM512101,ENC112101,PT11111,PY01,2025-02-07,2025-02-12,309.89,81.77,13.14,28.00,Partially Paid,Medical Necessity,2025-02-18
CLM512102,ENC112102,PT13122,PY05,2025-02-07,2025-02-08,15896.15,7902.09,1295.39,6606.70,Paid,,2025-03-19
CLM512103,ENC112103,PT10381,PY02,2025-02-12,2025-02-16,41177.14,12698.37,745.31,8179.01,Partially Paid,Medical Necessity,2025-03-14
CLM512104,ENC112104,PT12823,PY04,2025-02-19,2025-02-21,106961.84,64377.26,3360.62,61016.64,Paid,,2025-03-16
CLM512105,ENC112105,PT10029,PY02,2025-02-11,2025-02-12,13473.29,3988.29,268.94,3719.35,Paid,,2025-03-14
CLM512106,ENC112106,PT10257,PY01,2025-02-07,2025-02-11,240.48,89.58,10.76,78.82,Paid,,2025-02-25
CLM512107,ENC112107,PT10340,PY05,2025-02-13,2025-02-18,25461.35,12700.33,2990.83,9709.50,Paid,,2025-03-03
CLM512108,ENC112108,PT10569,PY01,2025-02-07,2025-02-10,130.88,42.04,3.46,38.58,Paid,,2025-02-20
CLM512109,ENC112109,PT13117,PY03,2025-02-07,2025-02-10,218.56,56.44,0.00,56.44,Paid,,2025-03-02
CLM512110,ENC112110,PT11842,PY01,2025-02-07,2025-02-08,4578.53,1518.84,149.13,1369.71,Paid,,2025-02-19
CLM512111,ENC112111,PT11466,PY06,2025-02-07,2025-02-10,1173.85,622.71,54.03,568.68,Paid,,2025-02-21
CLM512112,ENC112112,PT13980,PY01,2025-02-12,2025-02-16,21661.68,6210.11,484.63,5725.48,Paid,,2025-03-05
CLM512113,ENC112113,PT13544,PY04,2025-02-07,2025-02-09,541.08,322.37,59.49,262.88,Paid,,2025-03-02
CLM512114,ENC112114,PT12494,PY03,2025-02-12,2025-02-17,21205.76,5080.78,0.00,5080.78,Paid,,2025-03-22
CLM512115,ENC112115,PT10936,PY05,2025-02-07,2025-02-15,985.88,520.68,83.31,437.37,Paid,,2025-04-02
CLM512116,ENC112116,PT11218,PY04,2025-02-07,2025-02-09,1725.17,871.03,8.34,862.69,Paid,,2025-03-12
CLM512117,ENC112117,PT12387,PY03,2025-02-08,2025-02-21,4239.10,969.46,0.00,969.46,Paid,,2025-05-13
CLM512118,ENC112118,PT11876,PY03,2025-02-08,2025-02-11,1753.06,0.00,0.00,0.00,Denied,Medical Necessity,
CLM512119,ENC112119,PT11396,PY04,2025-02-08,2025-02-12,2113.10,975.48,64.05,911.43,Paid,,2025-03-07
CLM512120,ENC112120,PT10346,PY02,2025-02-08,2025-02-12,6201.61,1927.54,81.54,1846.00,Paid,,2025-02-28
CLM512121,ENC112121,PT10981,PY01,2025-02-08,2025-02-11,1384.47,389.26,45.94,343.32,Paid,,2025-02-26
CLM512122,ENC112122,PT13168,PY04,2025-02-08,2025-02-10,1202.00,644.30,46.62,597.68,Paid,,2025-02-28
CLM512123,ENC112123,PT10463,PY02,2025-02-08,2025-02-11,2433.62,877.78,25.47,852.31,Paid,,2025-02-28
CLM512124,ENC112124,PT11298,PY02,2025-02-14,2025-02-16,40235.06,0.00,0.00,0.00,Denied,Authorization Required,
CLM512125,ENC112125,PT13770,PY03,2025-02-08,2025-02-14,2841.48,0.00,0.00,0.00,Denied,Eligibility / Coverage,
CLM512126,ENC112126,PT10556,PY03,2025-02-11,2025-02-14,18923.83,4276.36,0.00,4276.36,Paid,,2025-04-03
CLM512127,ENC112127,PT12745,PY01,2025-02-08,2025-02-13,3441.47,1131.88,178.25,953.63,Paid,,2025-03-02
CLM512128,ENC112128,PT10193,PY07,2025-02-08,2025-02-10,1483.49,647.28,647.28,471.60,Partially Paid,,2025-04-19
CLM512129,ENC112129,PT13600,PY02,2025-02-16,2025-02-22,90864.39,30668.48,1849.79,28818.69,Paid,,2025-03-21
CLM512131,ENC112131,PT13991,PY02,2025-02-13,2025-02-24,23571.43,8255.12,464.85,7790.27,Paid,,2025-03-25
CLM512132,ENC112132,PT12071,PY06,2025-02-08,2025-02-14,1665.03,997.28,73.88,923.40,Paid,,2025-03-02
CLM512133,ENC112133,PT12749,PY02,2025-02-09,2025-02-16,8013.94,2441.84,188.74,2253.10,Paid,,2025-03-18
CLM512134,ENC112134,PT10981,PY01,2025-02-09,2025-02-12,2421.07,671.85,98.82,573.03,Paid,,2025-02-21
CLM512135,ENC112135,PT12444,PY04,2025-02-12,2025-02-17,15607.32,7582.47,1015.94,6566.53,Paid,,2025-02-28
CLM512136,ENC112136,PT10220,PY07,2025-02-12,2025-02-18,18965.09,7281.96,7281.96,0.00,Pending,,
CLM512137,ENC112137,PT12993,PY04,2025-02-09,2025-02-13,994.98,544.87,56.69,353.45,Partially Paid,Medical Necessity,2025-03-20
CLM512138,ENC112138,PT11854,PY01,2025-02-21,2025-02-25,91991.06,26391.80,405.07,25986.73,Paid,,2025-03-09
CLM512139,ENC112139,PT13266,PY01,2025-02-09,2025-02-11,1561.90,488.05,63.51,424.54,Paid,,2025-02-27
CLM512140,ENC112140,PT12092,PY03,2025-02-09,2025-02-14,667.09,151.36,0.00,151.36,Paid,,2025-02-25
CLM512141,ENC112141,PT12192,PY05,2025-02-13,2025-02-22,18604.03,10148.96,877.61,7466.51,Partially Paid,Medical Necessity,2025-04-11
CLM512142,ENC112142,PT13733,PY06,2025-02-09,2025-02-12,1077.98,0.00,0.00,0.00,Appealed,Coding Error,
CLM512143,ENC112143,PT10230,PY02,2025-02-09,2025-02-11,2793.67,846.75,85.10,761.65,Paid,,2025-03-18
CLM512144,ENC112144,PT13636,PY04,2025-02-15,2025-02-18,66370.79,41791.73,6361.93,35429.80,Paid,,2025-03-12
CLM512145,ENC112145,PT10140,PY06,2025-02-09,2025-02-20,967.61,523.61,59.87,463.74,Paid,,2025-03-05
CLM512146,ENC112146,PT11527,PY01,2025-02-09,2025-02-11,869.37,0.00,0.00,0.00,Denied,Authorization Required,
CLM512147,ENC112147,PT13095,PY05,2025-02-09,2025-02-14,5038.59,2394.21,280.30,2113.91,Paid,,2025-03-11
CLM512148,ENC112148,PT12027,PY01,2025-02-14,2025-02-24,26620.10,7607.03,1123.56,6483.47,Paid,,2025-03-09
CLM512149,ENC112149,PT13907,PY03,2025-02-09,2025-02-10,862.98,222.77,0.00,222.77,Paid,,2025-03-08
CLM512150,ENC112150,PT10590,PY04,2025-02-09,2025-02-11,1495.40,702.54,167.03,535.51,Paid,,2025-03-07
CLM512151,ENC112151,PT12242,PY02,2025-02-09,2025-02-12,3950.60,1266.50,88.36,843.95,Partially Paid,Coding Error,2025-03-09
CLM512153,ENC112153,PT12093,PY08,2025-02-09,2025-02-11,3165.63,1870.04,0.00,1870.04,Paid,,2025-04-16
CLM512154,ENC112154,PT12127,PY06,2025-02-10,2025-02-16,8374.29,4198.53,660.60,2202.38,Partially Paid,Medical Necessity,2025-03-10
CLM512155,ENC112155,PT12223,PY03,2025-02-12,2025-02-15,14275.49,3447.58,0.00,3447.58,Paid,,2025-04-14
CLM512156,ENC112156,PT11597,PY03,2025-02-09,2025-02-14,1584.75,429.53,0.00,429.53,Paid,,2025-03-05
CLM512157,ENC112157,PT11463,PY03,2025-02-09,2025-02-18,3163.92,752.16,0.00,752.16,Paid,,2025-03-12
CLM512158,ENC112158,PT11843,PY05,2025-02-09,2025-02-10,739.30,345.80,22.90,322.90,Paid,,2025-04-04
CLM512159,ENC112159,PT13138,PY05,2025-02-09,2025-02-14,551.26,275.53,1.17,193.65,Partially Paid,Coding Error,2025-03-14
CLM512160,ENC112160,PT13000,PY01,2025-02-09,2025-02-16,495.91,146.49,4.52,141.97,Paid,,2025-03-11
CLM512161,ENC112161,PT10030,PY01,2025-02-10,2025-02-16,5962.12,1887.20,192.07,1695.13,Paid,,2025-03-10
CLM512162,ENC112162,PT11810,PY06,2025-02-11,2025-02-21,38247.18,20778.43,1373.13,19405.30,Paid,,2025-03-10
CLM512163,ENC112163,PT13726,PY01,2025-02-10,2025-02-11,7513.84,2498.52,292.00,2206.52,Paid,,2025-02-21
CLM512164,ENC112164,PT11349,PY01,2025-02-10,2025-02-17,1576.79,475.08,46.46,428.62,Paid,,2025-03-09
CLM512165,ENC112165,PT12421,PY06,2025-02-10,2025-02-13,820.48,434.97,25.50,409.47,Paid,,2025-02-26
CLM512166,ENC112166,PT11933,PY06,2025-02-10,2025-02-13,1009.95,551.92,42.33,509.59,Paid,,2025-02-27
CLM512167,ENC112167,PT11785,PY01,2025-02-10,2025-02-12,898.68,280.65,26.30,254.35,Paid,,2025-03-13
CLM512168,ENC112168,PT10519,PY02,2025-02-10,2025-02-15,251.92,82.87,8.89,73.98,Paid,,2025-03-28
CLM512170,ENC112170,PT13989,PY01,2025-02-10,2025-02-13,194.52,59.56,9.07,50.49,Paid,,2025-03-02
CLM512171,ENC112171,PT12749,PY02,2025-02-10,2025-02-19,329.01,104.21,5.41,98.80,Paid,,2025-04-14
CLM512172,ENC112172,PT13993,PY05,2025-02-16,2025-02-22,68086.74,34189.12,4404.32,29784.80,Paid,,2025-03-17
CLM512173,ENC112173,PT12486,PY05,2025-02-10,2025-02-13,5856.55,2675.34,278.00,2397.34,Paid,,2025-03-11
CLM512174,ENC112174,PT10013,PY02,2025-02-13,2025-02-20,32973.66,10351.82,567.36,9784.46,Paid,,2025-03-12
CLM512175,ENC112175,PT11131,PY07,2025-02-11,2025-02-12,5021.77,2076.33,2076.33,0.00,Pending,,
CLM512176,ENC112176,PT10004,PY04,2025-02-10,2025-02-15,125.40,68.63,9.97,58.66,Paid,,2025-03-18
CLM512177,ENC112177,PT11939,PY01,2025-02-12,2025-02-22,25629.37,7637.51,522.15,7115.36,Paid,,2025-03-12
CLM512178,ENC112178,PT12651,PY02,2025-02-10,2025-02-13,4984.70,1769.33,160.35,1608.98,Paid,,2025-04-03
CLM512179,ENC112179,PT13979,PY01,2025-02-10,2025-02-13,2993.15,995.54,112.51,883.03,Paid,,2025-02-26
CLM512180,ENC112180,PT11153,PY05,2025-02-10,2025-02-14,417.05,0.00,0.00,0.00,Appealed,Authorization Required,
CLM512181,ENC112181,PT10489,PY02,2025-02-10,2025-02-18,4452.02,1314.93,117.68,1197.25,Paid,,2025-03-23
CLM512182,ENC112182,PT12891,PY01,2025-02-10,2025-02-22,957.31,302.56,29.81,272.75,Paid,,2025-03-11
CLM512183,ENC112183,PT13922,PY03,2025-02-10,2025-02-13,326.26,82.29,0.00,82.29,Paid,,2025-04-10
CLM512184,ENC112184,PT11436,PY02,2025-02-10,2025-02-18,429.38,149.21,12.28,136.93,Paid,,2025-04-11
CLM512185,ENC112185,PT10500,PY05,2025-02-10,2025-02-12,98.84,46.53,6.88,39.65,Paid,,2025-03-27
CLM512186,ENC112186,PT13309,PY02,2025-02-10,2025-02-15,3015.69,0.00,0.00,0.00,Denied,Coding Error,
CLM512187,ENC112187,PT10949,PY01,2025-02-15,2025-02-26,9352.47,3052.46,344.62,2707.84,Paid,,2025-03-16
CLM512188,ENC112188,PT11909,PY04,2025-02-10,2025-02-11,349.98,190.87,24.89,165.98,Paid,,2025-03-14
CLM512189,ENC112189,PT13660,PY04,2025-02-14,2025-02-20,29390.22,15162.74,2926.33,12236.41,Paid,,2025-03-18
CLM512190,ENC112190,PT10444,PY01,2025-02-12,2025-02-13,11960.67,0.00,0.00,0.00,Denied,Authorization Required,
CLM512191,ENC112191,PT12992,PY03,2025-02-10,2025-02-24,3733.66,890.45,0.00,890.45,Paid,,2025-04-10
CLM512192,ENC112192,PT12601,PY04,2025-02-10,2025-02-12,116.14,59.96,6.58,37.58,Partially Paid,Medical Necessity,2025-03-13
CLM512193,ENC112193,PT13751,PY02,2025-02-10,2025-02-17,3632.26,1238.46,94.30,1144.16,Paid,,2025-03-12
CLM512194,ENC112194,PT11414,PY05,2025-02-10,2025-02-13,1598.11,0.00,0.00,0.00,Denied,Medical Necessity,
CLM512195,ENC112195,PT13485,PY04,2025-02-10,2025-02-16,3107.47,1677.06,148.70,1528.36,Paid,,2025-03-09
CLM512196,ENC112196,PT12116,PY04,2025-02-13,2025-02-16,27511.43,14119.86,1384.22,12735.64,Paid,,2025-03-19
CLM512197,ENC112197,PT11388,PY08,2025-02-10,2025-02-14,2708.25,1857.46,0.00,1857.46,Paid,,2025-04-18
CLM512198,ENC112198,PT13511,PY05,2025-02-10,2025-02-14,635.37,311.43,38.48,272.95,Paid,,2025-03-21
CLM512199,ENC112199,PT12342,PY06,2025-02-11,2025-02-17,2694.94,1367.52,168.96,1198.56,Paid,,2025-03-08
CLM512200,ENC112200,PT10749,PY01,2025-02-11,2025-02-15,1216.14,368.66,33.40,335.26,Paid,,2025-03-11
CLM512201,ENC112201,PT11983,PY03,2025-02-13,2025-02-17,15998.08,3897.08,0.00,3897.08,Paid,,2025-03-29
CLM512202,ENC112202,PT10801,PY06,2025-02-14,2025-02-15,13292.98,7818.56,1102.88,5084.68,Partially Paid,Coding Error,2025-02-28
CLM512203,ENC112203,PT10756,PY06,2025-02-11,2025-02-17,2554.58,1239.89,149.28,1090.61,Paid,,2025-03-16
CLM512204,ENC112204,PT13224,PY02,2025-02-17,2025-02-21,22844.40,0.00,0.00,0.00,Denied,Authorization Required,
CLM512205,ENC112205,PT12445,PY01,2025-02-12,2025-02-14,4787.49,1244.11,118.56,1125.55,Paid,,2025-03-06
CLM512206,ENC112206,PT13767,PY01,2025-02-11,2025-02-14,1526.26,0.00,0.00,0.00,Appealed,Authorization Required,
CLM512207,ENC112207,PT12585,PY01,2025-02-11,2025-02-13,285.26,98.30,15.65,82.65,Paid,,2025-02-20
CLM512208,ENC112208,PT10527,PY02,2025-02-13,2025-02-16,9135.70,2806.60,137.61,2668.99,Paid,,2025-03-11
CLM512209,ENC112209,PT13511,PY05,2025-02-11,2025-02-14,544.92,248.81,13.65,235.16,Paid,,2025-03-29
CLM512210,ENC112210,PT11921,PY04,2025-02-11,2025-02-12,206.49,0.00,0.00,0.00,Denied,Authorization Required,
CLM512211,ENC112211,PT12262,PY06,2025-02-11,2025-02-15,266.69,139.30,16.50,122.80,Paid,,2025-03-09
CLM512212,ENC112212,PT12511,PY02,2025-02-14,2025-02-15,17565.50,5490.08,187.96,3642.05,Partially Paid,Coding Error,2025-03-06
CLM512213,ENC112213,PT13590,PY07,2025-02-11,2025-02-16,198.97,81.59,81.59,14.07,Partially Paid,,2025-04-12
CLM512214,ENC112214,PT13966,PY02,2025-02-11,2025-02-12,120.55,39.26,1.00,38.26,Paid,,2025-03-11
CLM512215,ENC112215,PT12940,PY05,2025-02-11,2025-02-13,372.93,179.74,20.41,159.33,Paid,,2025-03-05
CLM512216,ENC112216,PT11266,PY03,2025-02-11,2025-02-15,312.53,79.89,0.00,79.89,Paid,,2025-03-21
CLM512217,ENC112217,PT12109,PY04,2025-02-11,2025-02-12,245.24,129.76,6.35,123.41,Paid,,2025-03-11
CLM512218,ENC112218,PT13936,PY01,2025-02-11,2025-02-16,121.97,39.45,2.79,36.66,Paid,,2025-02-25
CLM512220,ENC112220,PT12075,PY04,2025-02-12,2025-02-15,16179.57,8669.70,702.85,7966.85,Paid,,2025-03-02
CLM512221,ENC112221,PT10188,PY03,2025-02-11,2025-02-16,105.21,24.07,0.00,24.07,Paid,,2025-03-24
CLM512222,ENC112222,PT11232,PY03,2025-02-11,2025-02-14,10721.04,2259.24,0.00,2259.24,Paid,,2025-05-01
CLM512224,ENC112224,PT11421,PY05,2025-02-11,2025-02-13,1776.05,790.84,95.96,694.88,Paid,,2025-03-08
CLM512225,ENC112225,PT12456,PY04,2025-02-27,2025-02-28,165467.20,88755.80,7486.28,81269.52,Paid,,2025-03-19
CLM512226,ENC112226,PT13405,PY04,2025-02-11,2025-02-15,452.71,271.16,22.68,248.48,Paid,,2025-03-14
CLM512227,ENC112227,PT11161,PY01,2025-02-11,2025-02-13,118.22,38.06,2.44,35.62,Paid,,2025-02-25
CLM512228,ENC112228,PT13266,PY01,2025-02-11,2025-02-14,327.89,102.31,12.90,89.41,Paid,,2025-03-15
CLM512229,ENC112229,PT11797,PY06,2025-02-11,2025-02-16,310.35,183.89,20.40,82.51,Partially Paid,Medical Necessity,2025-03-09
CLM512230,ENC112230,PT13350,PY05,2025-02-11,2025-02-13,130.56,0.00,0.00,0.00,Denied,Missing Documentation,
CLM512231,ENC112231,PT11501,PY05,2025-02-11,2025-02-15,2012.76,969.25,88.70,880.55,Paid,,2025-03-14
CLM512232,ENC112232,PT11815,PY03,2025-02-11,2025-02-20,302.65,76.60,0.00,76.60,Paid,,2025-03-26
CLM512233,ENC112233,PT12059,PY01,2025-02-11,2025-02-15,388.26,110.81,16.79,94.02,Paid,,2025-02-24
CLM512234,ENC112234,PT12400,PY07,2025-02-11,2025-02-16,296.58,119.28,119.28,0.00,Pending,,
CLM512235,ENC112235,PT10079,PY06,2025-02-15,2025-02-16,19650.29,10054.14,677.08,9377.06,Paid,,2025-03-01
CLM512236,ENC112236,PT13728,PY06,2025-02-11,2025-02-15,4332.00,2485.27,237.48,2247.79,Paid,,2025-03-11
CLM512237,ENC112237,PT12188,PY03,2025-02-11,2025-02-19,4128.33,1012.01,0.00,1012.01,Paid,,2025-04-05
CLM512238,ENC112238,PT10772,PY02,2025-02-11,2025-02-18,371.65,121.60,10.35,111.25,Paid,,2025-03-13
CLM512239,ENC112239,PT10127,PY01,2025-02-18,2025-02-25,48871.94,15627.34,2255.04,13372.30,Paid,,2025-03-09
CLM512240,ENC112240,PT12622,PY06,2025-02-11,2025-02-14,5219.47,0.00,0.00,0.00,Denied,Coding Error,
CLM512241,ENC112241,PT11390,PY01,2025-02-11,2025-02-20,279.15,86.02,4.11,43.66,Partially Paid,Coding Error,2025-03-11
CLM512242,ENC112242,PT10264,PY04,2025-02-11,2025-02-20,4132.17,2172.18,121.60,2050.58,Paid,,2025-03-21
CLM512243,ENC112243,PT11207,PY01,2025-02-15,2025-02-19,11066.95,3457.60,256.68,3200.92,Paid,,2025-03-05
CLM512244,ENC112244,PT11965,PY06,2025-02-11,2025-02-19,1286.83,787.50,66.00,721.50,Paid,,2025-03-07
CLM512245,ENC112245,PT10384,PY03,2025-02-11,2025-02-16,1304.75,314.32,0.00,314.32,Paid,,2025-03-29
CLM512246,ENC112246,PT13186,PY05,2025-02-16,2025-02-21,49958.32,23065.49,1920.72,21144.77,Paid,,2025-03-22
CLM512247,ENC112247,PT13942,PY02,2025-02-16,2025-02-18,46921.59,0.00,0.00,0.00,Denied,Coding Error,
CLM512248,ENC112248,PT11657,PY06,2025-02-12,2025-02-16,1556.37,873.63,96.01,777.62,Paid,,2025-03-09
CLM512250,ENC112250,PT11260,PY03,2025-02-12,2025-02-18,3564.70,790.89,0.00,790.89,Paid,,2025-03-22
CLM512251,ENC112251,PT11254,PY06,2025-02-12,2025-02-14,3118.68,1522.23,99.33,1422.90,Paid,,2025-03-03
CLM512252,ENC112252,PT11687,PY07,2025-02-17,2025-02-23,24426.74,11249.51,11249.51,0.00,Pending,,
CLM512253,ENC112253,PT11582,PY02,2025-02-13,2025-02-15,5463.39,0.00,0.00,0.00,Appealed,Authorization Required,
CLM512254,ENC112254,PT13012,PY05,2025-02-12,2025-02-17,1033.31,461.24,41.44,419.80,Paid,,2025-03-17
CLM512255,ENC112255,PT12806,PY06,2025-02-12,2025-02-16,3923.36,1971.46,250.63,1720.83,Paid,,2025-03-11
CLM512256,ENC112256,PT10536,PY04,2025-02-12,2025-02-17,461.70,252.37,31.13,221.24,Paid,,2025-03-19
CLM512258,ENC112258,PT12811,PY04,2025-02-12,2025-02-16,411.55,214.93,50.79,164.14,Paid,,2025-03-04
CLM512259,ENC112259,PT10894,PY03,2025-02-12,2025-02-15,134.25,0.00,0.00,0.00,Denied,Authorization Required,
CLM512260,ENC112260,PT12949,PY03,2025-02-12,2025-02-26,364.40,78.68,0.00,78.68,Paid,,2025-03-29
CLM512261,ENC112261,PT13341,PY04,2025-02-12,2025-02-15,4621.04,2667.00,184.99,2482.01,Paid,,2025-03-07
CLM512262,ENC112262,PT12045,PY06,2025-02-15,2025-02-17,13395.78,7476.94,693.29,6783.65,Paid,,2025-03-16
CLM512263,ENC112263,PT12973,PY02,2025-02-12,2025-02-14,290.65,0.00,0.00,0.00,Appealed,Missing Documentation,
CLM512265,ENC112265,PT10043,PY05,2025-02-12,2025-02-16,399.17,196.26,16.09,180.17,Paid,,2025-03-05
CLM512266,ENC112266,PT11563,PY04,2025-02-12,2025-02-14,409.55,201.10,6.98,194.12,Paid,,2025-03-12
CLM512267,ENC112267,PT13941,PY06,2025-02-20,2025-02-22,35285.96,0.00,0.00,0.00,Denied,Coding Error,
CLM512268,ENC112268,PT12950,PY01,2025-02-12,2025-02-15,398.18,128.40,7.79,120.61,Paid,,2025-02-24
CLM512269,ENC112269,PT12737,PY01,2025-02-12,2025-02-16,275.31,0.00,0.00,0.00,Denied,Coding Error,
CLM512270,ENC112270,PT13389,PY01,2025-02-12,2025-02-15,495.44,155.09,16.15,138.94,Paid,,2025-03-03
CLM512271,ENC112271,PT11749,PY07,2025-02-12,2025-02-17,7260.59,3157.92,3157.92,0.00,Pending,,
CLM512272,ENC112272,PT13523,PY04,2025-02-12,2025-02-14,717.69,358.55,24.52,334.03,Paid,,2025-03-14
CLM512273,ENC112273,PT10406,PY05,2025-02-12,2025-02-20,194.74,103.41,7.42,95.99,Paid,,2025-03-19
CLM512274,ENC112274,PT11560,PY04,2025-02-12,2025-02-15,1844.45,853.93,74.29,779.64,Paid,,2025-03-09
CLM512275,ENC112275,PT11209,PY01,2025-02-19,2025-02-24,35318.71,10614.10,920.05,9694.05,Paid,,2025-03-04
CLM512276,ENC112276,PT13517,PY03,2025-02-13,2025-02-15,7176.34,1849.37,0.00,1849.37,Paid,,2025-03-10
CLM512277,ENC112277,PT12032,PY03,2025-02-12,2025-02-14,1449.88,351.15,0.00,351.15,Paid,,2025-03-13
CLM512278,ENC112278,PT10811,PY05,2025-02-13,2025-02-15,3080.36,1516.84,50.91,1465.93,Paid,,2025-04-08
CLM512279,ENC112279,PT12978,PY01,2025-02-13,2025-02-17,2109.56,589.69,59.81,529.88,Paid,,2025-02-24
CLM512280,ENC112280,PT12355,PY01,2025-02-17,2025-02-20,16784.24,0.00,0.00,0.00,Appealed,Authorization Required,
CLM512281,ENC112281,PT10597,PY01,2025-02-14,2025-02-17,7179.17,2240.44,206.25,2034.19,Paid,,2025-03-05
CLM512282,ENC112282,PT10533,PY02,2025-02-15,2025-02-16,17637.71,6084.54,434.82,5649.72,Paid,,2025-03-15
CLM512284,ENC112284,PT13647,PY01,2025-02-13,2025-02-16,473.68,137.01,12.15,124.86,Paid,,2025-03-13
CLM512285,ENC112285,PT10047,PY03,2025-02-13,2025-02-19,329.01,0.00,0.00,0.00,Denied,Medical Necessity,
CLM512286,ENC112286,PT11746,PY03,2025-02-13,2025-02-17,325.78,77.67,0.00,77.67,Paid,,2025-04-11
CLM512287,ENC112287,PT12718,PY03,2025-02-13,2025-02-19,121.29,29.72,0.00,29.72,Paid,,2025-04-12
CLM512288,ENC112288,PT13751,PY02,2025-02-13,2025-02-16,123.56,43.47,2.74,40.73,Paid,,2025-03-07
CLM512289,ENC112289,PT11831,PY02,2025-02-13,2025-02-16,8207.40,2395.70,217.09,2178.61,Paid,,2025-03-09
CLM512290,ENC112290,PT11846,PY06,2025-02-13,2025-02-28,1588.93,988.21,127.12,706.10,Partially Paid,Missing Documentation,2025-03-13
CLM512291,ENC112291,PT13055,PY02,2025-02-13,2025-02-19,253.05,76.97,4.37,72.60,Paid,,2025-03-11
CLM512292,ENC112292,PT11028,PY07,2025-02-13,2025-02-21,123.51,45.83,45.83,5.80,Partially Paid,,2025-06-10
CLM512293,ENC112293,PT13163,PY07,2025-02-13,2025-02-14,219.14,89.12,89.12,89.12,Paid,,2025-06-01
CLM512294,ENC112294,PT11582,PY02,2025-02-13,2025-02-15,495.75,176.46,17.19,159.27,Paid,,2025-03-06
CLM512296,ENC112296,PT12657,PY01,2025-02-13,2025-02-17,1526.18,479.10,23.82,455.28,Paid,,2025-03-04
CLM512297,ENC112297,PT11581,PY01,2025-02-17,2025-02-19,13308.83,0.00,0.00,0.00,Appealed,Missing Documentation,
CLM512298,ENC112298,PT12902,PY07,2025-02-13,2025-02-15,357.97,143.99,143.99,0.00,Pending,,
CLM512299,ENC112299,PT13984,PY01,2025-02-13,2025-02-18,519.38,142.26,15.24,127.02,Paid,,2025-03-01
CLM512300,ENC112300,PT11706,PY02,2025-02-13,2025-02-24,188.57,59.72,2.92,56.80,Paid,,2025-03-28
CLM512301,ENC112301,PT10875,PY02,2025-02-13,2025-02-21,297.47,99.71,8.68,91.03,Paid,,2025-04-06
CLM512302,ENC112302,PT12160,PY03,2025-02-13,2025-02-19,346.85,81.09,0.00,81.09,Paid,,2025-03-19
CLM512303,ENC112303,PT10011,PY01,2025-02-13,2025-02-16,372.88,127.83,10.06,117.77,Paid,,2025-03-03
CLM512304,ENC112304,PT10882,PY04,2025-02-13,2025-02-21,455.73,244.31,25.40,218.91,Paid,,2025-03-16
CLM512305,ENC112305,PT12542,PY01,2025-02-13,2025-02-18,240.57,67.43,6.67,60.76,Paid,,2025-03-09
CLM512306,ENC112306,PT11873,PY07,2025-02-13,2025-02-18,627.65,239.35,239.35,125.20,Partially Paid,,2025-04-24
CLM512307,ENC112307,PT12064,PY03,2025-02-13,2025-02-19,324.54,79.00,0.00,79.00,Paid,,2025-03-22
CLM512309,ENC112309,PT13354,PY01,2025-02-17,2025-02-20,12461.20,3619.32,240.78,2020.32,Partially Paid,Coding Error,2025-03-02
CLM512310,ENC112310,PT13562,PY06,2025-02-17,2025-02-20,25533.70,15285.23,2070.53,13214.70,Paid,,2025-02-28
CLM512311,ENC112311,PT12238,PY07,2025-02-13,2025-02-19,358.23,143.81,143.81,0.00,Pending,,
CLM512312,ENC112312,PT13097,PY01,2025-02-13,2025-02-16,415.42,127.16,20.51,106.65,Paid,,2025-02-24
CLM512313,ENC112313,PT13910,PY04,2025-02-13,2025-02-19,4139.08,2040.76,262.80,1777.96,Paid,,2025-03-05
CLM512314,ENC112314,PT12322,PY01,2025-02-13,2025-02-18,4973.54,1493.11,128.11,1365.00,Paid,,2025-03-11
CLM512315,ENC112315,PT10979,PY04,2025-02-17,2025-02-26,16742.23,8409.06,1221.08,7187.98,Paid,,2025-03-20
CLM512316,ENC112316,PT12077,PY03,2025-02-15,2025-02-17,7554.29,1784.77,0.00,1784.77,Paid,,2025-03-27
CLM512317,ENC112317,PT10987,PY01,2025-02-13,2025-02-20,246.71,75.40,7.47,67.93,Paid,,2025-03-12
CLM512318,ENC112318,PT13554,PY03,2025-02-13,2025-02-17,512.44,125.92,0.00,125.92,Paid,,2025-03-19
CLM512319,ENC112319,PT10659,PY03,2025-02-13,2025-02-21,1308.57,346.88,0.00,346.88,Paid,,2025-03-23
CLM512320,ENC112320,PT13520,PY03,2025-02-13,2025-02-17,329.58,76.85,0.00,76.85,Paid,,2025-03-15
CLM512321,ENC112321,PT11873,PY07,2025-02-15,2025-02-20,14302.43,5528.81,5528.81,4174.08,Partially Paid,,2025-06-13
CLM512322,ENC112322,PT13496,PY04,2025-02-13,2025-02-15,725.92,396.91,31.81,365.10,Paid,,2025-03-01
CLM512323,ENC112323,PT12973,PY02,2025-02-18,2025-02-26,27933.57,10283.58,699.15,9584.43,Paid,,2025-03-15
CLM512324,ENC112324,PT12657,PY01,2025-02-16,2025-02-21,15199.77,4240.91,456.29,1440.74,Partially Paid,Medical Necessity,2025-03-19
CLM512325,ENC112325,PT10751,PY05,2025-02-13,2025-02-19,4683.56,2248.00,308.17,1939.83,Paid,,2025-03-16
CLM512326,ENC112326,PT13410,PY06,2025-02-18,2025-02-21,54625.60,30044.38,4917.52,25126.86,Paid,,2025-03-19
CLM512327,ENC112327,PT11417,PY01,2025-02-21,2025-02-24,59051.46,20577.17,2022.00,18555.17,Paid,,2025-03-11
CLM512328,ENC112328,PT10821,PY04,2025-02-14,2025-02-18,4812.76,2621.65,332.10,1715.74,Partially Paid,Missing Documentation,2025-03-14
CLM512329,ENC112329,PT13849,PY03,2025-02-14,2025-02-17,612.60,152.80,0.00,152.80,Paid,,2025-03-21
CLM512330,ENC112330,PT10464,PY05,2025-02-20,2025-02-23,28200.39,0.00,0.00,0.00,Denied,Authorization Required,
CLM512331,ENC112331,PT12037,PY03,2025-02-14,2025-02-20,2129.39,486.09,0.00,486.09,Paid,,2025-04-29
CLM512332,ENC112332,PT12526,PY02,2025-02-14,2025-02-16,393.14,131.60,6.12,125.48,Paid,,2025-03-02
CLM512333,ENC112333,PT12289,PY03,2025-02-14,2025-02-21,753.04,200.59,0.00,200.59,Paid,,2025-03-16
CLM512334,ENC112334,PT10477,PY05,2025-02-14,2025-02-20,5921.84,2500.80,216.25,2284.55,Paid,,2025-03-18
CLM512335,ENC112335,PT10397,PY05,2025-02-14,2025-02-15,3347.01,1478.43,287.86,1190.57,Paid,,2025-03-25
CLM512336,ENC112336,PT13767,PY01,2025-02-19,2025-02-24,26030.16,9395.44,1247.14,8148.30,Paid,,2025-03-24
CLM512337,ENC112337,PT12200,PY03,2025-02-14,2025-02-19,129.85,31.98,0.00,31.98,Paid,,2025-03-30
CLM512338,ENC112338,PT10337,PY03,2025-02-14,2025-02-17,260.15,57.51,0.00,57.51,Paid,,2025-03-24
CLM512339,ENC112339,PT11659,PY03,2025-02-18,2025-02-19,41912.67,10106.43,0.00,10106.43,Paid,,2025-03-26
CLM512340,ENC112340,PT13692,PY03,2025-02-14,2025-02-21,317.25,79.30,0.00,79.30,Paid,,2025-03-30
CLM512341,ENC112341,PT12363,PY04,2025-02-14,2025-02-17,272.16,0.00,0.00,0.00,Appealed,Missing Documentation,
CLM512342,ENC112342,PT13407,PY01,2025-02-23,2025-02-26,42275.85,12864.74,1912.20,10952.54,Paid,,2025-03-15
CLM512343,ENC112343,PT10063,PY02,2025-02-14,2025-02-18,124.88,39.71,2.07,24.39,Partially Paid,Medical Necessity,2025-03-18
CLM512344,ENC112344,PT11909,PY04,2025-02-19,2025-02-22,21644.99,12435.93,2004.41,10431.52,Paid,,2025-03-10
CLM512345,ENC112345,PT10303,PY04,2025-02-16,2025-02-20,10651.54,5724.67,467.13,2278.07,Partially Paid,Medical Necessity,2025-03-09
CLM512346,ENC112346,PT11305,PY01,2025-02-14,2025-02-26,476.77,146.67,12.93,133.74,Paid,,2025-03-23
CLM512347,ENC112347,PT10859,PY07,2025-02-14,2025-02-23,347.03,149.20,149.20,0.00,Pending,,
CLM512348,ENC112348,PT11709,PY04,2025-02-14,2025-02-19,605.46,290.42,6.92,283.50,Paid,,2025-03-12
CLM512349,ENC112349,PT11749,PY07,2025-02-14,2025-02-18,792.27,302.67,302.67,242.00,Partially Paid,,2025-03-25
CLM512350,ENC112350,PT10717,PY06,2025-02-14,2025-02-17,285.46,184.29,13.16,171.13,Paid,,2025-03-19
CLM512351,ENC112351,PT11923,PY02,2025-02-14,2025-02-18,501.41,172.71,0.62,172.09,Paid,,2025-03-24
CLM512352,ENC112352,PT10028,PY04,2025-02-14,2025-02-21,1957.31,978.14,87.01,891.13,Paid,,2025-03-14
CLM512353,ENC112353,PT12671,PY06,2025-02-14,2025-02-18,274.78,152.82,15.39,137.43,Paid,,2025-03-07
CLM512354,ENC112354,PT10810,PY05,2025-02-14,2025-02-19,121.74,56.37,4.72,51.65,Paid,,2025-03-11
CLM512355,ENC112355,PT13640,PY05,2025-02-17,2025-02-20,10999.42,6001.87,373.69,5628.18,Paid,,2025-03-12
CLM512357,ENC112357,PT10450,PY01,2025-02-17,2025-02-19,18995.89,5865.95,653.74,5212.21,Paid,,2025-03-03
CLM512358,ENC112358,PT10326,PY05,2025-02-14,2025-02-21,1385.26,0.00,0.00,0.00,Denied,Authorization Required,
CLM512359,ENC112359,PT10552,PY01,2025-02-18,2025-02-20,18440.45,4990.67,447.25,4543.42,Paid,,2025-03-05
CLM512360,ENC112360,PT11343,PY06,2025-02-14,2025-02-18,1493.76,859.35,22.27,629.52,Partially Paid,Coding Error,2025-03-19
CLM512361,ENC112361,PT13702,PY05,2025-02-15,2025-02-18,1305.87,615.25,95.18,520.07,Paid,,2025-03-15
CLM512362,ENC112362,PT11793,PY04,2025-02-20,2025-02-24,19694.57,9712.31,1267.80,8444.51,Paid,,2025-04-08
CLM512363,ENC112363,PT10169,PY01,2025-02-24,2025-02-27,69556.10,20660.60,1170.57,19490.03,Paid,,2025-03-13
CLM512364,ENC112364,PT12940,PY05,2025-02-20,2025-02-23,26930.09,12145.76,1017.67,11128.09,Paid,,2025-04-02
CLM512365,ENC112365,PT10433,PY05,2025-02-20,2025-02-25,34164.16,0.00,0.00,0.00,Appealed,Authorization Required,
CLM512366,ENC112366,PT11838,PY05,2025-02-15,2025-02-21,2202.35,948.17,55.73,892.44,Paid,,2025-04-17
CLM512367,ENC112367,PT13639,PY06,2025-02-19,2025-02-27,18093.25,10134.73,610.87,9523.86,Paid,,2025-03-19
CLM512368,ENC112368,PT10987,PY01,2025-02-15,2025-02-19,1827.39,596.46,86.52,509.94,Paid,,2025-02-27
CLM512370,ENC112370,PT13548,PY02,2025-02-20,2025-02-24,16001.60,4635.94,231.30,4404.64,Paid,,2025-04-02
CLM512371,ENC112371,PT12745,PY01,2025-02-15,2025-02-18,573.07,176.98,13.01,163.97,Paid,,2025-02-28
CLM512372,ENC112372,PT10430,PY03,2025-02-16,2025-02-17,5949.20,1405.61,0.00,1405.61,Paid,,2025-04-01
CLM512373,ENC112373,PT12525,PY03,2025-02-15,2025-02-21,3041.04,0.00,0.00,0.00,Denied,Authorization Required,
CLM512374,ENC112374,PT12161,PY06,2025-02-20,2025-02-24,18673.89,10883.59,1412.65,9470.94,Paid,,2025-03-31
CLM512375,ENC112375,PT10293,PY01,2025-02-17,2025-02-26,8382.95,2635.37,147.45,2487.92,Paid,,2025-03-07
CLM512376,ENC112376,PT10965,PY02,2025-02-15,2025-02-18,2157.57,699.96,73.40,626.56,Paid,,2025-04-02
CLM512377,ENC112377,PT12684,PY06,2025-02-19,2025-02-23,15958.25,9212.67,1055.00,8157.67,Paid,,2025-03-12
CLM512378,ENC112378,PT13614,PY03,2025-02-19,2025-02-21,14991.25,3275.72,0.00,3275.72,Paid,,2025-03-15
CLM512379,ENC112379,PT10366,PY04,2025-02-15,2025-02-25,6175.78,3301.41,527.49,2773.92,Paid,,2025-03-11
CLM512380,ENC112380,PT13897,PY06,2025-02-16,2025-02-19,1210.91,621.45,96.79,524.66,Paid,,2025-03-03
CLM512381,ENC112381,PT13395,PY02,2025-02-18,2025-02-21,13939.64,4929.14,480.41,4448.73,Paid,,2025-04-05
CLM512382,ENC112382,PT10673,PY05,2025-02-16,2025-02-17,3997.94,1846.61,267.27,1579.34,Paid,,2025-03-18
CLM512383,ENC112383,PT13193,PY02,2025-02-19,2025-02-23,11452.81,3887.05,334.73,3552.32,Paid,,2025-04-01
CLM512384,ENC112384,PT13253,PY02,2025-02-18,2025-02-23,10509.36,3499.07,161.95,3337.12,Paid,,2025-03-17
CLM512385,ENC112385,PT10469,PY01,2025-02-16,2025-02-20,577.04,183.67,16.05,167.62,Paid,,2025-03-10
CLM512386,ENC112386,PT11952,PY02,2025-02-16,2025-02-25,1916.43,688.17,58.02,630.15,Paid,,2025-03-30
CLM512387,ENC112387,PT13517,PY03,2025-02-23,2025-02-25,46669.36,11958.82,0.00,11958.82,Paid,,2025-04-02
CLM512388,ENC112388,PT10189,PY01,2025-02-16,2025-02-23,2635.18,826.07,102.79,723.28,Paid,,2025-03-19
CLM512390,ENC112390,PT10992,PY03,2025-02-16,2025-02-17,3249.09,836.94,0.00,836.94,Paid,,2025-03-12
CLM512391,ENC112391,PT11656,PY07,2025-02-21,2025-02-25,21455.55,7939.65,7939.65,2628.42,Partially Paid,,2025-05-24
CLM512393,ENC112393,PT10800,PY04,2025-02-16,2025-02-22,4101.47,2219.48,285.91,1933.57,Paid,,2025-03-16
CLM512394,ENC112394,PT11787,PY05,2025-02-18,2025-02-19,8214.63,3816.20,479.06,3337.14,Paid,,2025-03-31
CLM512395,ENC112395,PT10539,PY05,2025-02-17,2025-02-20,8107.74,3907.78,505.73,3402.05,Paid,,2025-03-22
CLM512399,ENC112399,PT10909,PY04,2025-02-16,2025-02-17,1363.37,624.88,52.36,572.52,Paid,,2025-03-14
CLM512400,ENC112400,PT13084,PY02,2025-02-16,2025-02-22,612.11,223.85,21.00,202.85,Paid,,2025-03-21
CLM512401,ENC112401,PT13779,PY04,2025-02-17,2025-02-18,529.13,312.54,25.38,287.16,Paid,,2025-03-12
CLM512402,ENC112402,PT13754,PY03,2025-02-17,2025-02-21,3313.30,797.41,0.00,797.41,Paid,,2025-03-11
CLM512403,ENC112403,PT10285,PY01,2025-02-17,2025-02-18,1126.88,339.38,31.00,308.38,Paid,,2025-03-09
CLM512404,ENC112404,PT11424,PY02,2025-02-18,2025-02-22,5717.50,1952.81,27.78,1925.03,Paid,,2025-04-01
CLM512405,ENC112405,PT10139,PY05,2025-02-19,2025-02-21,15184.85,7260.92,686.76,6574.16,Paid,,2025-04-08
CLM512406,ENC112406,PT12911,PY01,2025-02-20,2025-02-26,61096.21,18578.02,376.70,18201.32,Paid,,2025-03-09
CLM512407,ENC112407,PT12045,PY06,2025-02-17,2025-02-21,477.19,0.00,0.00,0.00,Denied,Medical Necessity,
CLM512408,ENC112408,PT11961,PY05,2025-02-17,2025-02-21,1422.26,711.75,93.71,618.04,Paid,,2025-03-12
CLM512409,ENC112409,PT13439,PY02,2025-02-17,2025-02-20,268.25,96.32,4.82,42.00,Partially Paid,Coding Error,2025-03-22
CLM512410,ENC112410,PT11333,PY01,2025-02-20,2025-02-28,38972.97,13848.94,1416.13,6016.84,Partially Paid,Coding Error,2025-03-16
CLM512411,ENC112411,PT11195,PY01,2025-02-17,2025-02-18,458.89,153.45,0.00,116.81,Partially Paid,Coding Error,2025-02-25
CLM512412,ENC112412,PT10055,PY04,2025-02-17,2025-02-24,14063.84,7534.11,664.96,6869.15,Paid,,2025-03-19
CLM512414,ENC112414,PT10063,PY02,2025-02-17,2025-02-21,6558.68,2241.19,216.59,2024.60,Paid,,2025-03-08
CLM512415,ENC112415,PT10473,PY03,2025-02-17,2025-02-23,355.95,88.90,0.00,88.90,Paid,,2025-03-19
CLM512416,ENC112416,PT11732,PY03,2025-02-17,2025-02-23,341.04,0.00,0.00,0.00,Denied,Authorization Required,
CLM512417,ENC112417,PT10267,PY04,2025-02-17,2025-02-20,264.94,144.39,16.83,127.56,Paid,,2025-03-17
CLM512418,ENC112418,PT10929,PY07,2025-02-17,2025-02-20,3974.30,1572.67,1572.67,0.00,Pending,,
CLM512419,ENC112419,PT12461,PY02,2025-02-17,2025-02-23,1857.95,592.14,16.37,575.77,Paid,,2025-03-07
CLM512421,ENC112421,PT13881,PY04,2025-02-17,2025-02-26,116.82,67.33,12.89,54.44,Paid,,2025-03-14
CLM512422,ENC112422,PT12035,PY02,2025-02-17,2025-02-28,3146.70,1055.08,93.31,961.77,Paid,,2025-04-04
CLM512423,ENC112423,PT10714,PY01,2025-02-17,2025-02-21,3371.64,913.47,74.14,839.33,Paid,,2025-02-28
CLM512424,ENC112424,PT10605,PY02,2025-02-17,2025-02-22,440.83,132.84,8.80,124.04,Paid,,2025-03-25
CLM512425,ENC112425,PT12787,PY03,2025-02-20,2025-02-26,13882.72,3315.24,0.00,2789.62,Partially Paid,Coding Error,2025-04-18
CLM512426,ENC112426,PT12481,PY04,2025-02-17,2025-02-26,204.80,99.18,8.01,91.17,Paid,,2025-04-05
CLM512427,ENC112427,PT13761,PY01,2025-02-24,2025-02-26,35672.15,11631.21,841.42,10789.79,Paid,,2025-03-13
CLM512428,ENC112428,PT12643,PY02,2025-02-17,2025-02-21,1161.48,422.75,38.02,384.73,Paid,,2025-03-29
CLM512429,ENC112429,PT13464,PY02,2025-02-17,2025-02-27,394.39,0.00,0.00,0.00,Denied,Authorization Required,
CLM512431,ENC112431,PT12494,PY03,2025-02-17,2025-02-24,327.48,72.63,0.00,72.63,Paid,,2025-04-01
CLM512432,ENC112432,PT13774,PY01,2025-02-17,2025-02-20,7285.47,2501.78,30.21,2471.57,Paid,,2025-03-07
CLM512434,ENC112434,PT12311,PY03,2025-02-17,2025-02-21,579.20,154.53,0.00,154.53,Paid,,2025-04-02
CLM512435,ENC112435,PT12833,PY05,2025-02-17,2025-02-20,568.24,280.35,20.35,260.00,Paid,,2025-04-01
CLM512436,ENC112436,PT10897,PY01,2025-02-17,2025-02-21,131.29,40.45,7.01,33.44,Paid,,2025-02-26
CLM512437,ENC112437,PT12145,PY05,2025-02-17,2025-02-27,214.13,107.02,11.61,95.41,Paid,,2025-04-15
CLM512438,ENC112438,PT13569,PY03,2025-02-17,2025-02-19,1520.33,371.36,0.00,371.36,Paid,,2025-03-21
CLM512439,ENC112439,PT12860,PY07,2025-02-19,2025-02-21,11654.50,5216.59,5216.59,998.77,Partially Paid,,2025-04-09
CLM512440,ENC112440,PT12153,PY01,2025-02-20,2025-02-24,31584.00,9536.27,855.88,8680.39,Paid,,2025-03-11
CLM512441,ENC112441,PT11066,PY01,2025-02-20,2025-02-23,11616.43,3280.62,314.79,2965.83,Paid,,2025-03-11
CLM512442,ENC112442,PT10295,PY03,2025-02-26,2025-02-27,39733.78,10497.79,0.00,10497.79,Paid,,2025-03-29
CLM512443,ENC112443,PT11560,PY04,2025-02-22,2025-02-27,43404.16,24058.00,3115.04,20942.96,Paid,,2025-03-25
CLM512445,ENC112445,PT11086,PY05,2025-02-18,2025-02-25,6777.18,3532.53,245.19,2533.75,Partially Paid,Missing Documentation,2025-03-22
CLM512447,ENC112447,PT11121,PY01,2025-02-18,2025-02-21,5246.77,1681.81,126.46,1555.35,Paid,,2025-03-08
CLM512448,ENC112448,PT10593,PY02,2025-02-21,2025-02-23,18079.46,5632.50,355.34,5277.16,Paid,,2025-03-07
CLM512449,ENC112449,PT11069,PY05,2025-02-18,2025-02-22,200.51,96.30,9.61,86.69,Paid,,2025-04-12
CLM512451,ENC112451,PT12760,PY03,2025-02-18,2025-02-26,321.92,75.94,0.00,75.94,Paid,,2025-04-08
CLM512452,ENC112452,PT11376,PY01,2025-02-18,2025-02-26,123.55,38.74,5.70,33.04,Paid,,2025-03-17
CLM512453,ENC112453,PT10398,PY01,2025-02-18,2025-02-21,544.00,163.32,4.49,158.83,Paid,,2025-03-12
CLM512454,ENC112454,PT10452,PY01,2025-02-18,2025-02-24,129.33,42.16,3.49,38.67,Paid,,2025-03-09
CLM512455,ENC112455,PT10040,PY01,2025-02-18,2025-02-28,198.23,56.87,3.71,53.16,Paid,,2025-03-24
CLM512456,ENC112456,PT12850,PY06,2025-02-18,2025-02-27,180.08,96.64,10.59,86.05,Paid,,2025-03-24
CLM512457,ENC112457,PT12138,PY01,2025-02-18,2025-02-28,197.97,53.07,0.00,53.07,Paid,,2025-03-23
CLM512459,ENC112459,PT12647,PY02,2025-02-18,2025-02-23,1917.91,685.26,15.86,669.40,Paid,,2025-03-25
CLM512460,ENC112460,PT13600,PY02,2025-02-18,2025-02-21,147.26,50.11,2.59,47.52,Paid,,2025-03-09
CLM512461,ENC112461,PT10915,PY06,2025-02-24,2025-02-28,35064.09,19059.83,3068.37,15991.46,Paid,,2025-04-04
CLM512462,ENC112462,PT12907,PY06,2025-02-18,2025-02-24,1264.66,675.42,72.73,602.69,Paid,,2025-03-12
CLM512463,ENC112463,PT11310,PY01,2025-02-18,2025-02-22,251.92,75.83,5.12,70.71,Paid,,2025-03-04
CLM512464,ENC112464,PT13538,PY01,2025-02-18,2025-02-25,100.50,28.49,3.31,25.18,Paid,,2025-03-02
CLM512465,ENC112465,PT12706,PY05,2025-02-18,2025-02-19,354.10,170.50,16.80,88.17,Partially Paid,Coding Error,2025-04-13
CLM512466,ENC112466,PT12873,PY01,2025-02-18,2025-02-23,137.00,40.83,4.19,36.64,Paid,,2025-03-12
CLM512467,ENC112467,PT10306,PY02,2025-02-18,2025-02-20,349.32,118.58,2.45,76.62,Partially Paid,Coding Error,2025-03-11
CLM512469,ENC112469,PT12855,PY05,2025-02-18,2025-02-19,9465.32,4622.45,174.88,4447.57,Paid,,2025-03-16
CLM512470,ENC112470,PT13406,PY06,2025-02-18,2025-02-20,9034.05,4909.33,768.28,4141.05,Paid,,2025-03-22
CLM512471,ENC112471,PT12209,PY02,2025-02-23,2025-02-25,15129.95,5480.25,2.20,5478.05,Paid,,2025-03-10
CLM512472,ENC112472,PT10303,PY04,2025-02-18,2025-02-25,3604.89,1902.72,102.79,1799.93,Paid,,2025-04-06
CLM512473,ENC112473,PT10403,PY01,2025-02-18,2025-02-21,709.22,211.69,20.45,191.24,Paid,,2025-03-07
CLM512475,ENC112475,PT10278,PY05,2025-02-18,2025-02-20,96.28,49.62,7.02,42.60,Paid,,2025-03-25
CLM512476,ENC112476,PT10789,PY01,2025-02-18,2025-02-20,1703.31,550.67,40.30,510.37,Paid,,2025-03-10
CLM512477,ENC112477,PT10615,PY07,2025-02-18,2025-02-21,1782.81,669.10,669.10,0.00,Pending,,
CLM512478,ENC112478,PT11168,PY01,2025-02-20,2025-02-24,7732.76,2316.07,144.42,1737.71,Partially Paid,Missing Documentation,2025-04-02
CLM512479,ENC112479,PT12048,PY03,2025-02-18,2025-02-21,749.07,193.43,0.00,193.43,Paid,,2025-04-08
CLM512480,ENC112480,PT10661,PY02,2025-02-25,2025-02-26,28327.05,9586.35,157.30,9429.05,Paid,,2025-03-25
CLM512481,ENC112481,PT11583,PY03,2025-02-18,2025-02-20,1581.73,363.83,0.00,363.83,Paid,,2025-03-20
CLM512482,ENC112482,PT13340,PY05,2025-02-19,2025-02-22,3411.64,1836.13,291.24,557.87,Partially Paid,Medical Necessity,2025-03-26
CLM512483,ENC112483,PT12543,PY02,2025-02-20,2025-02-26,9682.49,3248.68,35.45,3213.23,Paid,,2025-03-27
CLM512485,ENC112485,PT11052,PY05,2025-02-19,2025-02-22,476.60,236.11,35.00,201.11,Paid,,2025-03-16
CLM512486,ENC112486,PT10611,PY03,2025-02-19,2025-02-26,785.30,183.61,0.00,183.61,Paid,,2025-04-07
CLM512487,ENC112487,PT11123,PY03,2025-02-19,2025-02-23,449.14,106.63,0.00,106.63,Paid,,2025-04-11
CLM512488,ENC112488,PT13316,PY04,2025-02-19,2025-02-25,291.38,146.42,16.53,129.89,Paid,,2025-03-27
CLM512489,ENC112489,PT11639,PY06,2025-02-19,2025-02-20,2182.78,1220.35,183.11,1037.24,Paid,,2025-03-18
CLM512490,ENC112490,PT12892,PY06,2025-02-21,2025-02-23,29862.82,18244.36,2013.72,16230.64,Paid,,2025-03-06
CLM512492,ENC112492,PT13917,PY01,2025-02-22,2025-02-27,13269.53,4094.35,223.23,3871.12,Paid,,2025-03-18
CLM512494,ENC112494,PT11863,PY02,2025-02-19,2025-02-20,321.60,98.62,7.08,91.54,Paid,,2025-03-18
CLM512496,ENC112496,PT13178,PY01,2025-02-19,2025-02-20,451.03,0.00,0.00,0.00,Denied,Authorization Required,
CLM512497,ENC112497,PT11550,PY07,2025-02-21,2025-02-23,27860.56,10572.21,10572.21,0.00,Pending,,
CLM512498,ENC112498,PT10891,PY01,2025-02-19,2025-02-23,320.34,98.57,8.55,90.02,Paid,,2025-03-08
CLM512499,ENC112499,PT11199,PY06,2025-02-19,2025-02-22,142.08,83.23,0.45,82.78,Paid,,2025-03-22
CLM512500,ENC112500,PT10174,PY02,2025-02-19,2025-02-24,482.96,0.00,0.00,0.00,Appealed,Medical Necessity,
CLM512501,ENC112501,PT10450,PY01,2025-02-19,2025-02-26,368.79,113.15,15.02,98.13,Paid,,2025-03-15
CLM512503,ENC112503,PT13925,PY01,2025-02-19,2025-02-24,297.15,87.30,3.00,84.30,Paid,,2025-03-09
CLM512504,ENC112504,PT11083,PY03,2025-02-19,2025-02-25,3681.32,843.48,0.00,843.48,Paid,,2025-03-30
CLM512505,ENC112505,PT12413,PY03,2025-02-19,2025-02-24,3956.65,919.05,0.00,919.05,Paid,,2025-03-30
CLM512506,ENC112506,PT10029,PY02,2025-02-21,2025-02-26,11206.30,0.00,0.00,0.00,Denied,Medical Necessity,
CLM512507,ENC112507,PT11713,PY02,2025-02-24,2025-02-28,28753.06,10090.04,466.82,9623.22,Paid,,2025-04-05
CLM512508,ENC112508,PT13262,PY02,2025-02-24,2025-02-28,37660.05,13807.23,1134.87,12672.36,Paid,,2025-03-18
CLM512509,ENC112509,PT10628,PY02,2025-02-19,2025-02-21,5442.19,1653.81,67.50,1586.31,Paid,,2025-03-05
CLM512510,ENC112510,PT13066,PY07,2025-02-19,2025-02-26,108.13,44.21,44.21,0.00,Pending,,
CLM512513,ENC112513,PT12272,PY04,2025-02-19,2025-02-21,426.07,197.53,10.55,186.98,Paid,,2025-03-07
CLM512514,ENC112514,PT10408,PY03,2025-02-21,2025-02-23,27774.05,6738.47,0.00,6738.47,Paid,,2025-04-02
CLM512515,ENC112515,PT12785,PY05,2025-02-19,2025-02-23,1146.50,556.31,112.12,444.19,Paid,,2025-03-05
CLM512516,ENC112516,PT12125,PY02,2025-02-19,2025-02-21,318.39,104.74,6.68,98.06,Paid,,2025-03-11
CLM512519,ENC112519,PT12671,PY06,2025-02-19,2025-02-24,2374.12,1179.13,27.41,1151.72,Paid,,2025-03-14
CLM512520,ENC112520,PT13752,PY03,2025-02-19,2025-02-20,1546.70,0.00,0.00,0.00,Denied,Coding Error,
CLM512521,ENC112521,PT13234,PY02,2025-02-20,2025-02-24,3782.56,1198.95,90.17,1108.78,Paid,,2025-03-13
CLM512522,ENC112522,PT12301,PY01,2025-02-23,2025-02-27,23094.16,6939.17,542.96,6396.21,Paid,,2025-03-09
CLM512523,ENC112523,PT11137,PY05,2025-02-19,2025-02-24,3698.29,1645.72,214.56,1431.16,Paid,,2025-03-22
CLM512525,ENC112525,PT10961,PY06,2025-02-20,2025-02-25,3843.69,2222.06,309.51,1912.55,Paid,,2025-03-15
CLM512526,ENC112526,PT12935,PY01,2025-02-19,2025-02-20,498.81,163.66,20.15,143.51,Paid,,2025-03-14
CLM512527,ENC112527,PT13930,PY04,2025-02-20,2025-02-23,4973.61,2519.73,371.60,2148.13,Paid,,2025-03-24
CLM512529,ENC112529,PT10341,PY04,2025-02-21,2025-02-25,19221.17,9307.71,1532.46,7775.25,Paid,,2025-03-23
CLM512532,ENC112532,PT13561,PY04,2025-02-22,2025-02-25,14508.50,7320.77,891.14,6429.63,Paid,,2025-04-03
CLM512534,ENC112534,PT11190,PY03,2025-02-22,2025-02-26,11203.90,2507.84,0.00,2507.84,Paid,,2025-05-03
CLM512535,ENC112535,PT10601,PY05,2025-02-22,2025-02-26,15245.06,7227.84,796.84,6431.00,Paid,,2025-04-18
CLM512538,ENC112538,PT12033,PY05,2025-02-20,2025-02-22,690.69,302.09,15.20,286.89,Paid,,2025-04-01
CLM512539,ENC112539,PT13829,PY02,2025-02-20,2025-02-28,248.80,70.02,5.20,64.82,Paid,,2025-03-25
CLM512540,ENC112540,PT12330,PY02,2025-02-20,2025-02-25,930.69,0.00,0.00,0.00,Appealed,Missing Documentation,
CLM512542,ENC112542,PT12411,PY05,2025-02-20,2025-02-24,172.82,94.60,12.18,82.42,Paid,,2025-03-21
CLM512543,ENC112543,PT11121,PY01,2025-02-20,2025-02-22,224.04,68.64,3.46,65.18,Paid,,2025-03-05
CLM512544,ENC112544,PT10078,PY03,2025-02-20,2025-02-21,393.44,81.12,0.00,81.12,Paid,,2025-03-25
CLM512545,ENC112545,PT12568,PY03,2025-02-20,2025-02-24,363.67,88.22,0.00,88.22,Paid,,2025-04-13
CLM512546,ENC112546,PT13951,PY01,2025-02-24,2025-02-28,9861.85,3256.86,167.51,3089.35,Paid,,2025-03-11
CLM512548,ENC112548,PT12105,PY02,2025-02-20,2025-02-25,1055.08,365.52,27.04,338.48,Paid,,2025-03-20
CLM512549,ENC112549,PT10257,PY01,2025-02-20,2025-02-24,5737.40,1695.76,128.23,1567.53,Paid,,2025-03-12
CLM512551,ENC112551,PT10974,PY01,2025-02-20,2025-02-25,432.07,129.03,6.07,122.96,Paid,,2025-03-10
CLM512552,ENC112552,PT12234,PY04,2025-02-20,2025-02-22,491.94,259.04,38.92,220.12,Paid,,2025-04-07
CLM512553,ENC112553,PT11749,PY07,2025-02-20,2025-02-23,206.79,87.09,87.09,0.00,Pending,,
CLM512554,ENC112554,PT11078,PY07,2025-02-20,2025-02-21,89.17,32.85,32.85,4.67,Partially Paid,,2025-04-07
CLM512555,ENC112555,PT11938,PY04,2025-02-20,2025-02-28,100.38,58.98,6.63,34.37,Partially Paid,Medical Necessity,2025-04-04
CLM512556,ENC112556,PT11718,PY05,2025-02-20,2025-02-25,3503.29,1552.61,123.56,1429.05,Paid,,2025-03-17
CLM512558,ENC112558,PT13267,PY03,2025-02-20,2025-02-24,445.61,116.59,0.00,116.59,Paid,,2025-03-18
CLM512560,ENC112560,PT12492,PY06,2025-02-20,2025-02-22,170.13,95.10,16.10,79.00,Paid,,2025-03-19
CLM512561,ENC112561,PT13667,PY04,2025-02-20,2025-02-23,130.12,0.00,0.00,0.00,Denied,Authorization Required,
CLM512562,ENC112562,PT13117,PY03,2025-02-20,2025-02-24,2988.64,801.97,0.00,801.97,Paid,,2025-04-06
CLM512564,ENC112564,PT12953,PY03,2025-02-27,2025-02-28,25867.73,6949.29,0.00,6949.29,Paid,,2025-03-29
CLM512565,ENC112565,PT12503,PY04,2025-02-20,2025-02-22,6631.05,3777.03,379.88,2002.54,Partially Paid,Medical Necessity,2025-03-05
CLM512566,ENC112566,PT12769,PY04,2025-02-20,2025-02-23,1422.14,702.02,117.45,584.57,Paid,,2025-03-13
CLM512567,ENC112567,PT12774,PY05,2025-02-22,2025-02-25,28454.27,15328.57,1922.37,13406.20,Paid,,2025-03-29
CLM512568,ENC112568,PT10030,PY01,2025-02-20,2025-02-22,2085.30,654.33,61.38,592.95,Paid,,2025-03-05
CLM512569,ENC112569,PT11862,PY02,2025-02-20,2025-02-26,672.53,214.87,8.92,205.95,Paid,,2025-03-28
CLM512570,ENC112570,PT12446,PY03,2025-02-20,2025-02-22,1138.58,276.96,0.00,276.96,Paid,,2025-03-24
CLM512571,ENC112571,PT13017,PY04,2025-02-20,2025-02-23,3112.44,1587.76,155.54,1432.22,Paid,,2025-03-19
CLM512575,ENC112575,PT11434,PY04,2025-02-21,2025-02-25,3843.71,2168.51,256.96,1911.55,Paid,,2025-03-18
CLM512576,ENC112576,PT10762,PY04,2025-02-23,2025-02-25,20989.93,11059.49,1691.92,9367.57,Paid,,2025-03-18
CLM512578,ENC112578,PT12330,PY02,2025-02-21,2025-02-24,6856.57,2219.09,199.86,2019.23,Paid,,2025-03-23
CLM512579,ENC112579,PT10847,PY02,2025-02-21,2025-02-24,336.86,118.99,14.58,104.41,Paid,,2025-03-24
CLM512580,ENC112580,PT13907,PY03,2025-02-23,2025-02-26,25382.34,5337.23,0.00,5337.23,Paid,,2025-03-29
CLM512581,ENC112581,PT11678,PY01,2025-02-21,2025-02-26,282.54,75.64,7.36,68.28,Paid,,2025-03-10
CLM512582,ENC112582,PT12368,PY05,2025-02-21,2025-02-25,5127.13,2756.31,297.17,2459.14,Paid,,2025-03-14
CLM512583,ENC112583,PT12115,PY04,2025-02-21,2025-02-22,797.02,403.95,67.99,335.96,Paid,,2025-03-11
CLM512585,ENC112585,PT11612,PY02,2025-02-21,2025-02-25,385.51,0.00,0.00,0.00,Denied,Coding Error,
CLM512586,ENC112586,PT11017,PY05,2025-02-21,2025-02-26,2772.67,1322.31,158.85,1163.46,Paid,,2025-04-18
CLM512587,ENC112587,PT11535,PY05,2025-02-21,2025-02-26,1450.65,623.28,79.66,543.62,Paid,,2025-03-20
CLM512588,ENC112588,PT10025,PY03,2025-02-21,2025-02-23,308.98,72.60,0.00,72.60,Paid,,2025-04-01
CLM512589,ENC112589,PT12988,PY07,2025-02-21,2025-02-25,508.45,232.12,232.12,232.12,Paid,,2025-04-17
CLM512590,ENC112590,PT11410,PY05,2025-02-21,2025-02-23,647.55,0.00,0.00,0.00,Denied,Medical Necessity,
CLM512591,ENC112591,PT11722,PY05,2025-02-21,2025-02-26,12329.75,6016.86,1236.07,4780.79,Paid,,2025-03-31
CLM512592,ENC112592,PT13261,PY02,2025-02-21,2025-02-23,1066.29,340.99,43.18,297.81,Paid,,2025-04-03
CLM512593,ENC112593,PT13748,PY05,2025-02-21,2025-02-23,210.94,110.63,8.16,102.47,Paid,,2025-04-03
CLM512594,ENC112594,PT12178,PY01,2025-02-21,2025-02-26,379.41,0.00,0.00,0.00,Appealed,Medical Necessity,
CLM512595,ENC112595,PT11968,PY03,2025-02-21,2025-02-25,2259.91,476.77,0.00,476.77,Paid,,2025-04-12
CLM512596,ENC112596,PT12570,PY02,2025-02-21,2025-02-25,478.28,155.42,7.60,147.82,Paid,,2025-03-21
CLM512597,ENC112597,PT10850,PY04,2025-02-21,2025-02-24,240.63,128.23,6.22,122.01,Paid,,2025-04-03
CLM512599,ENC112599,PT13064,PY03,2025-02-21,2025-02-27,2943.76,679.28,0.00,679.28,Paid,,2025-03-25
CLM512601,ENC112601,PT11767,PY05,2025-02-21,2025-02-25,1128.52,498.89,25.85,473.04,Paid,,2025-03-20
CLM512602,ENC112602,PT10370,PY01,2025-02-21,2025-02-24,261.34,81.58,6.83,74.75,Paid,,2025-03-07
CLM512603,ENC112603,PT12512,PY04,2025-02-21,2025-02-23,385.69,208.90,32.15,176.75,Paid,,2025-03-24
CLM512604,ENC112604,PT12469,PY01,2025-02-21,2025-02-24,290.94,90.06,7.27,82.79,Paid,,2025-03-15
CLM512605,ENC112605,PT13772,PY04,2025-02-21,2025-02-25,955.26,447.07,4.21,442.86,Paid,,2025-04-10
CLM512606,ENC112606,PT12934,PY07,2025-02-21,2025-02-27,303.75,125.68,125.68,12.70,Partially Paid,,2025-04-26
CLM512607,ENC112607,PT11280,PY02,2025-02-21,2025-02-24,4317.24,1292.85,37.41,1255.44,Paid,,2025-03-22
CLM512609,ENC112609,PT10827,PY01,2025-02-21,2025-02-22,2094.04,637.61,57.93,579.68,Paid,,2025-03-19
CLM512610,ENC112610,PT12524,PY01,2025-02-25,2025-02-27,60958.85,17919.00,1632.74,16286.26,Paid,,2025-03-13
CLM512611,ENC112611,PT12167,PY05,2025-02-22,2025-02-26,5239.88,2412.98,285.40,2127.58,Paid,,2025-04-07
CLM512612,ENC112612,PT13607,PY03,2025-02-22,2025-02-26,1343.40,311.64,0.00,311.64,Paid,,2025-03-31
CLM512613,ENC112613,PT13997,PY05,2025-02-25,2025-02-28,14842.97,7284.90,800.74,6484.16,Paid,,2025-03-18
CLM512614,ENC112614,PT13462,PY03,2025-02-22,2025-02-25,536.70,140.91,0.00,140.91,Paid,,2025-04-10
CLM512616,ENC112616,PT11717,PY03,2025-02-22,2025-02-25,1366.61,307.98,0.00,307.98,Paid,,2025-03-31
CLM512619,ENC112619,PT12629,PY03,2025-02-22,2025-02-25,1229.55,285.15,0.00,285.15,Paid,,2025-03-23
CLM512620,ENC112620,PT12027,PY01,2025-02-23,2025-02-27,8471.66,2818.64,171.07,2647.57,Paid,,2025-03-13
CLM512621,ENC112621,PT12490,PY06,2025-02-22,2025-02-25,2970.45,1880.67,91.36,1789.31,Paid,,2025-03-15
CLM512622,ENC112622,PT10004,PY04,2025-02-22,2025-02-28,3421.14,1845.99,44.97,1801.02,Paid,,2025-03-19
CLM512623,ENC112623,PT11056,PY04,2025-02-22,2025-02-25,3844.81,1883.87,172.73,1711.14,Paid,,2025-03-24
CLM512625,ENC112625,PT13164,PY05,2025-02-22,2025-02-24,757.32,328.99,22.41,306.58,Paid,,2025-04-01
CLM512628,ENC112628,PT10491,PY06,2025-02-22,2025-02-24,3517.85,1907.33,191.88,1715.45,Paid,,2025-03-28
CLM512629,ENC112629,PT12030,PY04,2025-02-22,2025-02-27,6019.45,2891.93,298.13,2593.80,Paid,,2025-03-22
CLM512634,ENC112634,PT10999,PY04,2025-02-23,2025-02-27,646.43,300.66,47.55,253.11,Paid,,2025-03-25
CLM512635,ENC112635,PT12366,PY06,2025-02-22,2025-02-25,759.35,0.00,0.00,0.00,Denied,Medical Necessity,
CLM512636,ENC112636,PT11513,PY03,2025-02-23,2025-02-25,1051.37,259.71,0.00,259.71,Paid,,2025-04-05
CLM512639,ENC112639,PT11893,PY03,2025-02-23,2025-02-28,4098.01,1007.63,0.00,1007.63,Paid,,2025-04-09
CLM512641,ENC112641,PT10224,PY04,2025-02-23,2025-02-25,775.48,424.23,38.88,385.35,Paid,,2025-03-29
CLM512644,ENC112644,PT12237,PY07,2025-02-23,2025-02-28,3203.22,1279.86,1279.86,0.00,Pending,,
CLM512648,ENC112648,PT11532,PY01,2025-02-23,2025-02-27,4391.79,1404.21,110.74,1293.47,Paid,,2025-03-07
CLM512653,ENC112653,PT11614,PY07,2025-02-25,2025-02-27,13180.64,5915.17,5915.17,1168.36,Partially Paid,,2025-04-08
CLM512656,ENC112656,PT13697,PY01,2025-02-24,2025-02-26,5827.83,1731.94,85.76,1646.18,Paid,,2025-03-05
CLM512658,ENC112658,PT12235,PY05,2025-02-24,2025-02-26,827.46,390.43,49.28,341.15,Paid,,2025-03-15
CLM512659,ENC112659,PT12161,PY06,2025-02-24,2025-02-28,343.53,211.61,27.85,183.76,Paid,,2025-03-30
CLM512661,ENC112661,PT10781,PY05,2025-02-24,2025-02-28,267.74,133.57,17.20,116.37,Paid,,2025-04-01
CLM512665,ENC112665,PT12778,PY01,2025-02-24,2025-02-26,2713.88,787.15,99.76,687.39,Paid,,2025-03-10
CLM512666,ENC112666,PT11924,PY06,2025-02-24,2025-02-26,562.51,332.07,11.24,320.83,Paid,,2025-03-28
CLM512668,ENC112668,PT13967,PY04,2025-02-24,2025-02-28,4589.75,2650.23,539.86,2110.37,Paid,,2025-03-20
CLM512669,ENC112669,PT11844,PY03,2025-02-24,2025-02-27,156.78,39.10,0.00,39.10,Paid,,2025-03-18
CLM512673,ENC112673,PT10018,PY06,2025-02-24,2025-02-27,2917.00,1571.65,126.71,1444.94,Paid,,2025-04-06
CLM512676,ENC112676,PT13157,PY04,2025-02-24,2025-02-26,291.84,147.74,21.47,126.27,Paid,,2025-03-16
CLM512677,ENC112677,PT12605,PY02,2025-02-24,2025-02-27,16578.65,5436.56,312.67,5123.89,Paid,,2025-04-08
CLM512680,ENC112680,PT11785,PY01,2025-02-24,2025-02-27,425.68,138.35,16.32,122.03,Paid,,2025-03-15
CLM512681,ENC112681,PT11876,PY03,2025-02-24,2025-02-28,4029.29,912.69,0.00,912.69,Paid,,2025-04-24
CLM512683,ENC112683,PT13868,PY01,2025-02-24,2025-02-27,341.86,105.58,15.54,90.04,Paid,,2025-03-25
CLM512685,ENC112685,PT13797,PY06,2025-02-24,2025-02-27,131.76,76.24,4.89,71.35,Paid,,2025-03-14
CLM512686,ENC112686,PT13554,PY03,2025-02-24,2025-02-25,4791.92,1151.47,0.00,1151.47,Paid,,2025-04-20
CLM512688,ENC112688,PT13372,PY02,2025-02-24,2025-02-25,429.31,135.50,9.03,126.47,Paid,,2025-03-20
CLM512692,ENC112692,PT10741,PY01,2025-02-24,2025-02-28,11876.65,3671.21,602.14,3069.07,Paid,,2025-03-22
CLM512694,ENC112694,PT13727,PY04,2025-02-24,2025-02-27,202.61,104.66,8.53,96.13,Paid,,2025-04-05
CLM512695,ENC112695,PT13483,PY04,2025-02-24,2025-02-27,1206.00,663.66,77.21,586.45,Paid,,2025-03-19
CLM512696,ENC112696,PT11433,PY01,2025-02-24,2025-02-26,2752.83,0.00,0.00,0.00,Denied,Eligibility / Coverage,
CLM512697,ENC112697,PT10288,PY01,2025-02-27,2025-02-28,21969.40,6763.51,480.37,6283.14,Paid,,2025-03-09
CLM512698,ENC112698,PT10230,PY02,2025-02-24,2025-02-25,519.34,170.54,10.22,160.32,Paid,,2025-04-07
CLM512699,ENC112699,PT12168,PY07,2025-02-24,2025-02-28,511.07,212.31,212.31,0.00,Pending,,
CLM512700,ENC112700,PT10786,PY07,2025-02-24,2025-02-26,831.93,294.31,294.31,0.00,Pending,,
CLM512703,ENC112703,PT11345,PY04,2025-02-24,2025-02-26,2317.38,1141.49,250.78,711.29,Partially Paid,Medical Necessity,2025-03-16
CLM512705,ENC112705,PT10905,PY07,2025-02-24,2025-02-27,3965.48,1331.72,1331.72,0.00,Pending,,
CLM512713,ENC112713,PT13209,PY04,2025-02-25,2025-02-28,2829.24,1359.76,119.19,1240.57,Paid,,2025-04-03
CLM512726,ENC112726,PT10096,PY05,2025-02-25,2025-02-27,551.24,261.18,13.11,248.07,Paid,,2025-04-11
CLM512727,ENC112727,PT13545,PY05,2025-02-25,2025-02-27,3730.48,1809.57,103.96,1705.61,Paid,,2025-03-23
CLM512733,ENC112733,PT11427,PY02,2025-02-25,2025-02-28,4557.68,1458.12,102.02,827.67,Partially Paid,Missing Documentation,2025-03-19
CLM512734,ENC112734,PT11003,PY03,2025-02-25,2025-02-27,263.33,57.29,0.00,57.29,Paid,,2025-04-09
CLM512735,ENC112735,PT10971,PY04,2025-02-25,2025-02-28,222.56,124.73,16.54,108.19,Paid,,2025-03-14
CLM512740,ENC112740,PT10198,PY06,2025-02-25,2025-02-28,220.49,0.00,0.00,0.00,Denied,Eligibility / Coverage,
CLM512746,ENC112746,PT10733,PY01,2025-02-25,2025-02-27,1374.36,365.49,22.39,343.10,Paid,,2025-03-07
CLM512751,ENC112751,PT12633,PY05,2025-02-26,2025-02-28,11752.78,5795.41,335.46,5459.95,Paid,,2025-04-04
CLM512766,ENC112766,PT12513,PY02,2025-02-26,2025-02-28,3945.93,1458.20,90.05,1368.15,Paid,,2025-03-19
CLM512776,ENC112776,PT12898,PY03,2025-02-26,2025-02-27,395.16,85.29,0.00,85.29,Paid,,2025-04-12
CLM512780,ENC112780,PT11499,PY04,2025-02-26,2025-02-27,270.66,157.88,14.51,143.37,Paid,,2025-03-31
CLM512782,ENC112782,PT13578,PY04,2025-02-26,2025-02-28,380.73,181.82,23.97,157.85,Paid,,2025-03-21
CLM512788,ENC112788,PT13630,PY06,2025-02-26,2025-02-28,4800.90,2552.77,340.49,2212.28,Paid,,2025-03-18
CLM512802,ENC112802,PT10413,PY07,2025-02-27,2025-02-28,412.22,162.64,162.64,74.39,Partially Paid,,2025-04-28
CLM512810,ENC112810,PT11196,PY05,2025-02-27,2025-02-28,1293.77,622.44,99.15,523.29,Paid,,2025-03-24
CLM512820,ENC112820,PT13783,PY03,2025-02-27,2025-02-28,3235.43,799.15,0.00,799.15,Paid,,2025-04-08
CLM512822,ENC112822,PT12254,PY04,2025-02-27,2025-02-28,361.60,168.83,21.32,147.51,Paid,,2025-03-19
