ClaimID,EncounterID,PatientID,PayerID,ServiceDate,SubmitDate,BilledAmount,AllowedAmount,PatientResponsibility,PaidAmount,ClaimStatus,DenialReason,PaidDate
CLM506775,ENC106775,PT13333,PY04,2024-08-24,2025-01-07,21476.68,0.00,0.00,0.00,Appealed,Timely Filing,
CLM506894,ENC106894,PT13191,PY05,2024-08-26,2025-01-02,2518.19,0.00,0.00,0.00,Denied,Timely Filing,
CLM507174,ENC107174,PT11749,PY07,2024-09-13,2025-01-30,63636.62,25259.39,25259.39,0.00,Pending,,
CLM507240,ENC107240,PT13993,PY05,2024-09-09,2025-01-10,440.65,0.00,0.00,0.00,Denied,Timely Filing,
CLM507288,ENC107288,PT11089,PY01,2024-09-10,2025-01-17,295.50,88.86,7.46,81.40,Paid,,2025-01-24
CLM507323,ENC107323,PT12934,PY07,2024-09-12,2025-01-07,2651.94,1128.46,1128.46,662.93,Partially Paid,,2025-04-02
CLM507380,ENC107380,PT13444,PY05,2024-09-14,2025-01-28,1303.94,0.00,0.00,0.00,Denied,Timely Filing,
CLM507384,ENC107384,PT11016,PY04,2024-09-14,2025-01-14,1604.87,0.00,0.00,0.00,Denied,Timely Filing,
CLM507408,ENC107408,PT10444,PY01,2024-09-20,2025-01-16,79771.60,26772.46,2609.18,24163.28,Paid,,2025-02-06
CLM507415,ENC107415,PT13424,PY05,2024-09-16,2025-01-29,14969.61,0.00,0.00,0.00,Appealed,Timely Filing,
CLM507426,ENC107426,PT12600,PY02,2024-09-16,2025-01-17,308.86,97.51,12.41,85.10,Paid,,2025-02-28
CLM507541,ENC107541,PT11636,PY01,2024-09-20,2025-01-14,421.63,136.82,7.84,128.98,Paid,,2025-02-15
CLM507542,ENC107542,PT11828,PY06,2024-09-20,2025-01-06,801.80,0.00,0.00,0.00,Appealed,Timely Filing,
CLM507632,ENC107632,PT10658,PY03,2024-09-24,2025-01-16,505.62,120.11,0.00,120.11,Paid,,2025-02-19
CLM507838,ENC107838,PT12467,PY04,2024-10-01,2025-01-18,1455.08,0.00,0.00,0.00,Appealed,Timely Filing,
CLM507991,ENC107991,PT11041,PY02,2024-10-07,2025-01-25,329.89,112.46,11.41,101.05,Paid,,2025-02-28
CLM508075,ENC108075,PT13494,PY02,2024-10-09,2025-01-28,4785.12,1821.19,67.69,1753.50,Paid,,2025-02-15
CLM508223,ENC108223,PT11202,PY04,2024-10-15,2025-01-01,3719.91,1884.75,0.00,1884.75,Paid,,2025-01-28
CLM508379,ENC108379,PT13637,PY06,2024-10-26,2025-01-30,21606.98,0.00,0.00,0.00,Denied,Timely Filing,
CLM508391,ENC108391,PT13940,PY05,2024-10-21,2025-01-16,2016.32,980.41,254.09,726.32,Paid,,2025-03-09
CLM508463,ENC108463,PT13798,PY05,2024-10-27,2025-01-30,10605.95,5565.48,665.94,4899.54,Paid,,2025-03-24
CLM508503,ENC108503,PT11585,PY05,2024-10-24,2025-01-05,2003.84,0.00,0.00,0.00,Denied,Coding Error,
CLM508592,ENC108592,PT11131,PY07,2024-10-29,2025-01-27,211.95,89.68,89.68,89.68,Paid,,2025-03-31
CLM508694,ENC108694,PT10799,PY04,2024-11-06,2025-01-14,28650.13,15009.09,877.51,14131.58,Paid,,2025-02-03
CLM508785,ENC108785,PT10641,PY05,2024-11-04,2025-01-25,612.96,298.08,15.31,282.77,Paid,,2025-02-10
CLM508879,ENC108879,PT11648,PY05,2024-11-07,2025-01-30,2268.06,1137.32,61.23,1076.09,Paid,,2025-04-07
CLM509047,ENC109047,PT12205,PY05,2024-11-12,2025-01-25,5860.23,2620.58,260.02,2360.56,Paid,,2025-02-12
CLM509259,ENC109259,PT11127,PY04,2024-11-18,2025-01-29,1579.29,817.40,26.71,790.69,Paid,,2025-03-02
CLM509357,ENC109357,PT11544,PY05,2024-11-25,2025-01-27,21060.39,11441.30,715.88,10725.42,Paid,,2025-02-13
CLM509436,ENC109436,PT12912,PY05,2024-11-25,2025-01-24,301.33,0.00,0.00,0.00,Denied,Missing Documentation,
CLM509447,ENC109447,PT11333,PY01,2024-11-25,2025-01-31,408.09,149.31,25.55,123.76,Paid,,2025-02-08
CLM509495,ENC109495,PT12030,PY04,2024-12-01,2025-01-24,38747.01,21223.12,850.51,20372.61,Paid,,2025-02-14
CLM509576,ENC109576,PT11341,PY04,2024-11-30,2025-01-18,66817.29,31698.43,4410.96,27287.47,Paid,,2025-02-11
CLM509785,ENC109785,PT11320,PY01,2024-12-05,2025-01-16,195.36,57.39,4.78,52.61,Paid,,2025-01-23
CLM509793,ENC109793,PT11861,PY02,2024-12-10,2025-01-22,24164.20,8602.94,316.52,8286.42,Paid,,2025-02-24
CLM509890,ENC109890,PT11622,PY01,2024-12-26,2025-01-04,180457.20,54280.33,7619.84,17438.13,Partially Paid,Medical Necessity,2025-01-14
CLM509945,ENC109945,PT11783,PY03,2024-12-10,2025-01-31,388.66,96.23,0.00,96.23,Paid,,2025-03-02
CLM510022,ENC110022,PT13598,PY02,2024-12-29,2025-01-03,77967.18,29880.03,800.03,29080.00,Paid,,2025-02-19
CLM510085,ENC110085,PT13745,PY06,2024-12-13,2025-01-27,379.16,207.99,33.08,174.91,Paid,,2025-03-01
CLM510111,ENC110111,PT12745,PY01,2024-12-28,2025-01-06,119598.59,35582.69,3602.32,31980.37,Paid,,2025-01-24
CLM510146,ENC110146,PT11176,PY01,2025-01-01,2025-01-05,125504.99,38074.96,2918.96,35156.00,Paid,,2025-01-16
CLM510182,ENC110182,PT10640,PY07,2024-12-17,2025-01-01,135.16,54.26,54.26,32.16,Partially Paid,,2025-02-08
CLM510206,ENC110206,PT10352,PY01,2024-12-24,2025-01-01,26836.33,8687.34,705.60,7981.74,Paid,,2025-01-16
CLM510238,ENC110238,PT11237,PY02,2024-12-18,2025-01-31,397.70,129.08,8.44,120.64,Paid,,2025-02-18
CLM510263,ENC110263,PT12030,PY04,2024-12-23,2025-01-27,23276.31,0.00,0.00,0.00,Denied,Authorization Required,
CLM510293,ENC110293,PT10634,PY07,2024-12-24,2025-01-05,18800.67,7113.00,7113.00,3888.90,Partially Paid,,2025-02-25
CLM510342,ENC110342,PT13025,PY01,2024-12-22,2025-01-04,5977.75,1707.58,186.11,1521.47,Paid,,2025-01-20
CLM510350,ENC110350,PT11153,PY05,2024-12-21,2025-01-07,1623.71,810.01,162.90,647.11,Paid,,2025-02-01
CLM510358,ENC110358,PT12190,PY04,2024-12-26,2025-01-03,23926.87,12894.58,1047.72,11846.86,Paid,,2025-02-19
CLM510368,ENC110368,PT12506,PY06,2024-12-22,2025-01-01,1745.64,1128.05,65.21,1062.84,Paid,,2025-01-18
CLM510371,ENC110371,PT13675,PY05,2024-12-22,2025-01-28,1508.00,0.00,0.00,0.00,Denied,Coding Error,
CLM510372,ENC110372,PT12133,PY02,2025-01-03,2025-01-07,137793.93,45254.19,2085.06,43169.13,Paid,,2025-01-23
CLM510373,ENC110373,PT11301,PY04,2025-01-07,2025-01-09,60997.07,30654.90,3495.50,27159.40,Paid,,2025-02-21
CLM510376,ENC110376,PT12478,PY01,2024-12-28,2025-01-04,28337.55,8522.85,1457.00,7065.85,Paid,,2025-01-27
CLM510378,ENC110378,PT12895,PY04,2025-01-01,2025-01-05,155455.92,91766.50,5233.74,86532.76,Paid,,2025-01-23
CLM510382,ENC110382,PT10186,PY01,2024-12-31,2025-01-11,66509.83,22257.77,1750.17,20507.60,Paid,,2025-01-23
CLM510384,ENC110384,PT10050,PY04,2024-12-25,2025-01-03,36482.06,21015.27,2098.39,10038.92,Partially Paid,Missing Documentation,2025-02-04
CLM510388,ENC110388,PT10657,PY03,2024-12-23,2025-01-02,238.15,63.04,0.00,63.04,Paid,,2025-02-04
CLM510391,ENC110391,PT12668,PY05,2024-12-31,2025-01-03,37579.22,17970.55,3333.30,14637.25,Paid,,2025-02-17
CLM510392,ENC110392,PT12092,PY03,2024-12-23,2025-01-03,1239.80,273.40,0.00,273.40,Paid,,2025-02-08
CLM510411,ENC110411,PT13080,PY06,2024-12-23,2025-01-03,211.74,134.02,31.98,102.04,Paid,,2025-01-18
CLM510420,ENC110420,PT12638,PY05,2024-12-24,2025-01-03,688.31,354.03,60.68,293.35,Paid,,2025-03-09
CLM510421,ENC110421,PT10757,PY04,2024-12-27,2025-01-01,15782.63,7867.55,1282.96,6584.59,Paid,,2025-01-31
CLM510427,ENC110427,PT10470,PY03,2024-12-24,2025-01-06,1146.29,283.54,0.00,283.54,Paid,,2025-02-05
CLM510428,ENC110428,PT11582,PY02,2024-12-25,2025-01-11,44849.00,15225.46,952.39,14273.07,Paid,,2025-02-08
CLM510432,ENC110432,PT13042,PY04,2024-12-24,2025-01-05,1145.02,577.01,86.87,490.14,Paid,,2025-02-09
CLM510439,ENC110439,PT10771,PY06,2024-12-24,2025-01-03,316.83,192.58,28.26,164.32,Paid,,2025-01-23
CLM510445,ENC110445,PT13545,PY05,2025-01-01,2025-01-03,79303.35,40473.16,4090.80,32313.88,Partially Paid,Coding Error,2025-02-13
CLM510446,ENC110446,PT11849,PY02,2024-12-24,2025-01-01,1187.66,408.82,6.62,252.56,Partially Paid,Medical Necessity,2025-01-24
CLM510450,ENC110450,PT13839,PY03,2024-12-24,2025-01-18,220.81,52.08,0.00,52.08,Paid,,2025-02-21
CLM510452,ENC110452,PT13766,PY05,2024-12-27,2025-01-02,55267.24,22853.66,1063.51,21790.15,Paid,,2025-02-08
CLM510458,ENC110458,PT13585,PY06,2024-12-25,2025-01-04,3355.79,0.00,0.00,0.00,Denied,Authorization Required,
CLM510459,ENC110459,PT10988,PY01,2024-12-28,2025-01-01,11691.32,3045.89,167.95,1954.46,Partially Paid,Coding Error,2025-01-18
CLM510460,ENC110460,PT13333,PY04,2024-12-25,2025-01-05,3086.83,1344.81,190.69,1154.12,Paid,,2025-02-05
CLM510462,ENC110462,PT12270,PY01,2024-12-25,2025-01-03,445.50,140.36,7.92,132.44,Paid,,2025-01-19
CLM510463,ENC110463,PT12594,PY01,2024-12-25,2025-01-06,1037.68,263.95,22.02,241.93,Paid,,2025-01-23
CLM510466,ENC110466,PT11559,PY03,2024-12-25,2025-01-01,301.50,72.83,0.00,72.83,Paid,,2025-02-10
CLM510468,ENC110468,PT10743,PY02,2024-12-30,2025-01-03,23268.85,7522.96,578.65,6944.31,Paid,,2025-02-17
CLM510469,ENC110469,PT11262,PY04,2024-12-25,2025-01-01,476.50,240.13,26.03,214.10,Paid,,2025-01-15
CLM510475,ENC110475,PT11771,PY03,2024-12-26,2025-01-02,8305.49,1810.47,0.00,1810.47,Paid,,2025-01-25
CLM510483,ENC110483,PT10261,PY03,2024-12-25,2025-01-02,362.07,89.49,0.00,89.49,Paid,,2025-01-25
CLM510488,ENC110488,PT12867,PY01,2024-12-25,2025-01-02,194.16,62.85,6.42,56.43,Paid,,2025-01-10
CLM510499,ENC110499,PT13630,PY06,2024-12-28,2025-01-01,17644.66,9408.43,1583.73,7824.70,Paid,,2025-01-17
CLM510500,ENC110500,PT11397,PY03,2024-12-28,2025-01-02,36248.15,9418.86,0.00,9418.86,Paid,,2025-01-21
CLM510502,ENC110502,PT11038,PY03,2024-12-26,2025-01-01,5672.20,1236.29,0.00,1236.29,Paid,,2025-02-19
CLM510503,ENC110503,PT12167,PY05,2024-12-29,2025-01-05,65988.69,34088.43,1874.07,17436.30,Partially Paid,Missing Documentation,2025-02-05
CLM510504,ENC110504,PT10899,PY01,2025-01-03,2025-01-10,66350.71,25516.37,2952.61,22563.76,Paid,,2025-01-21
CLM510507,ENC110507,PT13958,PY05,2025-01-03,2025-01-06,68643.68,31462.37,1444.77,30017.60,Paid,,2025-02-05
CLM510508,ENC110508,PT11045,PY04,2025-01-01,2025-01-06,53173.14,25130.55,3417.38,21713.17,Paid,,2025-01-23
CLM510509,ENC110509,PT12486,PY05,2024-12-31,2025-01-07,29518.40,13993.50,1441.60,12551.90,Paid,,2025-01-27
CLM510511,ENC110511,PT13390,PY04,2024-12-26,2025-01-09,282.47,140.08,17.78,122.30,Paid,,2025-01-18
CLM510512,ENC110512,PT13834,PY01,2025-01-04,2025-01-10,35468.90,10487.74,1275.67,9212.07,Paid,,2025-01-22
CLM510513,ENC110513,PT11000,PY05,2025-01-02,2025-01-08,31528.36,16582.93,1560.33,15022.60,Paid,,2025-02-09
CLM510516,ENC110516,PT12484,PY01,2024-12-26,2025-01-02,353.53,109.41,16.89,92.52,Paid,,2025-01-15
CLM510520,ENC110520,PT11205,PY03,2024-12-30,2025-01-03,10361.64,2395.20,0.00,2395.20,Paid,,2025-02-11
CLM510523,ENC110523,PT10332,PY01,2024-12-26,2025-01-01,266.98,72.52,5.87,66.65,Paid,,2025-01-18
CLM510524,ENC110524,PT11876,PY03,2024-12-26,2025-01-02,263.66,65.52,0.00,65.52,Paid,,2025-02-14
CLM510527,ENC110527,PT11500,PY01,2024-12-30,2025-01-01,22707.65,6118.24,224.90,5893.34,Paid,,2025-01-12
CLM510532,ENC110532,PT10461,PY01,2024-12-26,2025-01-06,422.23,116.57,19.76,96.81,Paid,,2025-01-13
CLM510536,ENC110536,PT10293,PY01,2025-01-02,2025-01-05,38099.24,11953.52,1654.68,10298.84,Paid,,2025-01-17
CLM510538,ENC110538,PT10057,PY06,2024-12-29,2025-01-08,16987.45,8804.49,871.53,7932.96,Paid,,2025-02-01
CLM510539,ENC110539,PT10697,PY07,2024-12-26,2025-01-02,1299.21,478.51,478.51,0.00,Pending,,
CLM510540,ENC110540,PT12579,PY02,2024-12-26,2025-01-04,2255.48,0.00,0.00,0.00,Denied,Medical Necessity,
CLM510541,ENC110541,PT12600,PY02,2024-12-27,2025-01-04,5439.81,1819.80,104.78,1074.89,Partially Paid,Missing Documentation,2025-01-22
CLM510543,ENC110543,PT10703,PY03,2025-01-02,2025-01-08,75464.12,0.00,0.00,0.00,Appealed,Eligibility / Coverage,
CLM510544,ENC110544,PT10141,PY01,2024-12-31,2025-01-08,20917.47,6251.95,401.68,5850.27,Paid,,2025-01-20
CLM510545,ENC110545,PT10963,PY05,2024-12-27,2025-01-02,1118.76,531.99,48.13,483.86,Paid,,2025-02-14
CLM510546,ENC110546,PT12804,PY03,2024-12-31,2025-01-06,15791.68,0.00,0.00,0.00,Denied,Eligibility / Coverage,
CLM510547,ENC110547,PT12318,PY01,2024-12-31,2025-01-05,24895.20,7641.89,889.13,6752.76,Paid,,2025-01-15
CLM510548,ENC110548,PT10771,PY06,2024-12-31,2025-01-06,24388.87,13667.59,1240.03,12427.56,Paid,,2025-01-18
CLM510549,ENC110549,PT10390,PY01,2024-12-27,2025-01-03,7840.77,2365.21,246.34,2118.87,Paid,,2025-01-22
CLM510551,ENC110551,PT11934,PY07,2024-12-27,2025-01-01,237.44,96.53,96.53,21.02,Partially Paid,,2025-02-23
CLM510552,ENC110552,PT13283,PY03,2025-01-01,2025-01-03,52316.97,12496.24,0.00,12496.24,Paid,,2025-02-11
CLM510557,ENC110557,PT11905,PY02,2024-12-27,2025-01-01,223.73,86.91,8.16,78.75,Paid,,2025-01-25
CLM510559,ENC110559,PT13549,PY02,2024-12-27,2025-01-02,400.73,163.85,7.42,156.43,Paid,,2025-01-22
CLM510560,ENC110560,PT13760,PY05,2024-12-31,2025-01-14,22866.90,11156.05,1030.14,10125.91,Paid,,2025-02-11
CLM510562,ENC110562,PT12514,PY03,2025-01-01,2025-01-03,26647.95,6387.85,0.00,6387.85,Paid,,2025-02-26
CLM510564,ENC110564,PT10508,PY02,2024-12-27,2025-01-05,390.01,155.12,8.87,81.49,Partially Paid,Medical Necessity,2025-02-05
CLM510565,ENC110565,PT11754,PY05,2024-12-27,2025-01-01,572.37,294.66,21.10,177.18,Partially Paid,Coding Error,2025-01-28
CLM510566,ENC110566,PT13305,PY04,2024-12-27,2025-01-04,3303.38,1736.54,129.25,1607.29,Paid,,2025-01-20
CLM510567,ENC110567,PT11724,PY01,2024-12-27,2025-01-01,4582.59,1286.92,257.38,1029.54,Paid,,2025-01-11
CLM510568,ENC110568,PT12047,PY05,2024-12-27,2025-01-03,567.17,294.64,32.05,262.59,Paid,,2025-02-16
CLM510569,ENC110569,PT12676,PY01,2024-12-27,2025-01-03,325.10,94.74,10.75,83.99,Paid,,2025-01-15
CLM510570,ENC110570,PT13320,PY02,2024-12-27,2025-01-03,3204.93,1030.43,35.27,653.22,Partially Paid,Coding Error,2025-01-31
CLM510572,ENC110572,PT13755,PY01,2024-12-27,2025-01-04,5191.96,1559.10,169.79,1389.31,Paid,,2025-01-15
CLM510574,ENC110574,PT11109,PY07,2024-12-27,2025-01-06,869.42,347.95,347.95,0.00,Pending,,
CLM510575,ENC110575,PT12398,PY02,2024-12-27,2025-01-01,113.00,0.00,0.00,0.00,Denied,Duplicate Claim,
CLM510576,ENC110576,PT12542,PY01,2024-12-27,2025-01-02,351.97,97.07,10.45,86.62,Paid,,2025-01-25
CLM510582,ENC110582,PT10784,PY02,2025-01-01,2025-01-04,17877.15,0.00,0.00,0.00,Denied,Coding Error,
CLM510583,ENC110583,PT12274,PY03,2024-12-28,2025-01-02,4052.68,935.91,0.00,935.91,Paid,,2025-03-22
CLM510584,ENC110584,PT10500,PY05,2025-01-01,2025-01-04,48056.23,0.00,0.00,0.00,Appealed,Missing Documentation,
CLM510585,ENC110585,PT10431,PY01,2024-12-28,2025-01-02,886.80,269.38,28.24,241.14,Paid,,2025-01-23
CLM510586,ENC110586,PT11058,PY02,2024-12-28,2025-01-01,1290.00,395.35,32.44,362.91,Paid,,2025-01-15
CLM510587,ENC110587,PT13309,PY02,2025-01-01,2025-01-05,18710.21,5840.70,105.51,5735.19,Paid,,2025-01-24
CLM510588,ENC110588,PT10013,PY02,2024-12-28,2025-01-02,5893.27,1861.68,159.57,1702.11,Paid,,2025-02-12
CLM510589,ENC110589,PT10568,PY02,2025-01-01,2025-01-05,26241.95,8115.83,541.97,4264.33,Partially Paid,Coding Error,2025-01-22
CLM510590,ENC110590,PT11188,PY01,2024-12-28,2025-01-03,2043.95,648.36,50.57,374.27,Partially Paid,Missing Documentation,2025-01-11
CLM510592,ENC110592,PT11141,PY02,2025-01-03,2025-01-06,42255.73,13047.25,731.54,12315.71,Paid,,2025-02-06
CLM510593,ENC110593,PT13200,PY07,2024-12-28,2025-01-03,2746.87,1206.20,1206.20,875.19,Partially Paid,,2025-03-14
CLM510594,ENC110594,PT11374,PY01,2024-12-28,2025-01-01,5862.34,1898.48,182.03,1716.45,Paid,,2025-01-11
CLM510595,ENC110595,PT10039,PY03,2025-01-05,2025-01-07,80544.11,18308.01,0.00,18308.01,Paid,,2025-01-25
CLM510596,ENC110596,PT13847,PY05,2024-12-29,2025-01-04,9494.83,4171.96,628.72,3543.24,Paid,,2025-02-07
CLM510598,ENC110598,PT12264,PY01,2025-01-03,2025-01-06,25192.09,7365.25,431.27,6933.98,Paid,,2025-01-16
CLM510600,ENC110600,PT12688,PY03,2024-12-31,2025-01-06,20737.44,5304.65,0.00,5304.65,Paid,,2025-02-26
CLM510602,ENC110602,PT12158,PY03,2024-12-29,2025-01-04,3247.09,694.39,0.00,694.39,Paid,,2025-02-08
CLM510604,ENC110604,PT12025,PY06,2024-12-31,2025-01-03,16269.57,8876.93,548.74,8328.19,Paid,,2025-01-30
CLM510605,ENC110605,PT12072,PY01,2024-12-29,2025-01-01,4549.27,1238.33,87.91,1150.42,Paid,,2025-01-16
CLM510606,ENC110606,PT10279,PY04,2024-12-29,2025-01-03,1283.19,594.26,37.23,557.03,Paid,,2025-01-27
CLM510608,ENC110608,PT10550,PY01,2025-01-03,2025-01-10,73228.36,22265.26,2189.39,20075.87,Paid,,2025-02-07
CLM510609,ENC110609,PT11075,PY05,2025-01-01,2025-01-05,27736.98,13049.84,1438.83,11611.01,Paid,,2025-01-23
CLM510610,ENC110610,PT11332,PY04,2024-12-29,2025-01-05,1163.86,584.44,97.08,250.08,Partially Paid,Medical Necessity,2025-01-30
CLM510611,ENC110611,PT10368,PY02,2024-12-29,2025-01-03,4975.74,1523.54,126.87,1396.67,Paid,,2025-01-25
CLM510612,ENC110612,PT10019,PY04,2025-01-01,2025-01-10,19438.89,9815.50,1582.81,8232.69,Paid,,2025-02-02
CLM510613,ENC110613,PT12272,PY04,2024-12-29,2025-01-02,485.86,263.71,24.71,239.00,Paid,,2025-02-02
CLM510614,ENC110614,PT11900,PY06,2024-12-29,2025-01-01,4195.49,2430.95,355.75,2075.20,Paid,,2025-01-24
CLM510615,ENC110615,PT11888,PY04,2024-12-30,2025-01-06,8161.30,4241.75,653.67,1475.31,Partially Paid,Missing Documentation,2025-01-25
CLM510616,ENC110616,PT12414,PY03,2025-01-01,2025-01-02,16813.01,3958.40,0.00,3958.40,Paid,,2025-02-18
CLM510617,ENC110617,PT13660,PY04,2024-12-29,2025-01-04,567.95,285.21,6.39,278.82,Paid,,2025-01-28
CLM510618,ENC110618,PT13554,PY03,2025-01-01,2025-01-05,13793.19,3309.20,0.00,3309.20,Paid,,2025-02-21
CLM510620,ENC110620,PT11513,PY03,2025-01-06,2025-01-13,30917.55,8181.66,0.00,8181.66,Paid,,2025-03-17
CLM510622,ENC110622,PT10910,PY05,2024-12-29,2025-01-09,6627.21,3443.44,93.05,2246.20,Partially Paid,Coding Error,2025-02-13
CLM510623,ENC110623,PT11017,PY05,2024-12-29,2025-01-03,1218.81,0.00,0.00,0.00,Appealed,Medical Necessity,
CLM510624,ENC110624,PT12826,PY01,2024-12-31,2025-01-06,6721.14,2274.02,191.24,2082.78,Paid,,2025-01-18
CLM510625,ENC110625,PT12865,PY02,2024-12-29,2025-01-01,8352.56,0.00,0.00,0.00,Denied,Missing Documentation,
CLM510626,ENC110626,PT12314,PY04,2025-01-01,2025-01-04,21545.24,10381.91,1674.69,8707.22,Paid,,2025-01-19
CLM510628,ENC110628,PT10644,PY01,2025-01-05,2025-01-09,54996.54,17120.19,2220.93,11110.26,Partially Paid,Medical Necessity,2025-02-03
CLM510629,ENC110629,PT12691,PY07,2024-12-30,2025-01-01,619.78,265.17,265.17,0.00,Pending,,
CLM510630,ENC110630,PT10442,PY06,2025-01-02,2025-01-04,16911.20,9075.11,1510.26,7564.85,Paid,,2025-02-05
CLM510631,ENC110631,PT10881,PY05,2024-12-30,2025-01-05,1602.27,770.28,55.81,714.47,Paid,,2025-02-01
CLM510632,ENC110632,PT12185,PY04,2024-12-31,2025-01-07,9949.28,5578.97,119.13,5459.84,Paid,,2025-02-14
CLM510633,ENC110633,PT13335,PY02,2024-12-30,2025-01-02,353.19,0.00,0.00,0.00,Denied,Authorization Required,
CLM510634,ENC110634,PT12931,PY02,2024-12-30,2025-01-12,223.11,70.01,1.75,25.24,Partially Paid,Medical Necessity,2025-02-16
CLM510635,ENC110635,PT12500,PY06,2024-12-30,2025-01-02,130.67,76.82,10.07,66.75,Paid,,2025-01-22
CLM510636,ENC110636,PT12754,PY02,2024-12-30,2025-01-10,484.63,157.65,11.32,146.33,Paid,,2025-02-09
CLM510637,ENC110637,PT10516,PY05,2024-12-30,2025-01-07,484.75,214.24,27.40,186.84,Paid,,2025-01-26
CLM510638,ENC110638,PT12170,PY01,2024-12-30,2025-01-01,3657.89,1310.11,160.58,1149.53,Paid,,2025-01-18
CLM510639,ENC110639,PT12444,PY04,2024-12-30,2025-01-09,282.25,153.77,12.45,141.32,Paid,,2025-02-04
CLM510640,ENC110640,PT10634,PY07,2024-12-30,2025-01-04,300.62,133.20,133.20,0.00,Pending,,
CLM510641,ENC110641,PT10097,PY01,2024-12-30,2025-01-03,1712.82,538.45,73.93,464.52,Paid,,2025-01-20
CLM510642,ENC110642,PT12954,PY06,2025-01-03,2025-01-07,17033.15,9481.69,1520.44,7961.25,Paid,,2025-01-20
CLM510643,ENC110643,PT12878,PY04,2025-01-01,2025-01-13,8443.00,4243.59,808.83,3434.76,Paid,,2025-02-04
CLM510644,ENC110644,PT10876,PY03,2024-12-30,2025-01-06,1462.51,345.59,0.00,345.59,Paid,,2025-02-12
CLM510645,ENC110645,PT13273,PY01,2024-12-30,2025-01-24,153.53,44.94,4.47,36.16,Partially Paid,Medical Necessity,2025-02-02
CLM510646,ENC110646,PT10368,PY02,2024-12-30,2025-01-02,6355.52,1935.30,23.54,1911.76,Paid,,2025-01-31
CLM510647,ENC110647,PT13954,PY05,2024-12-30,2025-01-10,270.99,119.24,21.77,97.47,Paid,,2025-02-08
CLM510648,ENC110648,PT12641,PY04,2025-01-03,2025-01-06,39934.80,21363.41,1289.90,20073.51,Paid,,2025-02-22
CLM510649,ENC110649,PT11396,PY04,2024-12-30,2025-01-07,901.01,449.34,27.43,421.91,Paid,,2025-01-23
CLM510650,ENC110650,PT11771,PY03,2024-12-30,2025-01-05,396.38,0.00,0.00,0.00,Appealed,Eligibility / Coverage,
CLM510651,ENC110651,PT13901,PY04,2024-12-30,2025-01-03,336.35,0.00,0.00,0.00,Denied,Missing Documentation,
CLM510653,ENC110653,PT11380,PY01,2024-12-30,2025-01-01,129.58,35.59,5.02,30.57,Paid,,2025-01-19
CLM510655,ENC110655,PT10708,PY05,2024-12-30,2025-01-03,5455.58,2279.60,152.53,2127.07,Paid,,2025-02-01
CLM510656,ENC110656,PT12310,PY01,2024-12-31,2025-01-03,6158.43,1864.47,202.72,1661.75,Paid,,2025-01-19
CLM510657,ENC110657,PT13000,PY01,2024-12-30,2025-01-01,3261.37,890.25,165.06,725.19,Paid,,2025-01-13
CLM510660,ENC110660,PT13278,PY04,2024-12-30,2025-01-04,141.06,68.64,8.50,60.14,Paid,,2025-01-26
CLM510661,ENC110661,PT11196,PY05,2024-12-30,2025-01-03,282.56,129.01,17.03,111.98,Paid,,2025-01-28
CLM510663,ENC110663,PT13211,PY01,2024-12-30,2025-01-05,243.05,72.54,3.31,69.23,Paid,,2025-02-09
CLM510664,ENC110664,PT11696,PY01,2025-01-04,2025-01-10,25224.94,8135.12,1009.93,7125.19,Paid,,2025-01-22
CLM510665,ENC110665,PT13985,PY01,2025-01-03,2025-01-04,31966.98,9267.73,1083.96,8183.77,Paid,,2025-01-18
CLM510666,ENC110666,PT11050,PY06,2024-12-30,2025-01-02,3865.79,2414.28,505.33,1908.95,Paid,,2025-01-28
CLM510667,ENC110667,PT13189,PY01,2025-01-03,2025-01-10,17438.46,5447.39,614.00,4833.39,Paid,,2025-01-19
CLM510668,ENC110668,PT10455,PY05,2024-12-30,2025-01-01,1348.95,642.50,57.90,584.60,Paid,,2025-01-28
CLM510669,ENC110669,PT11287,PY06,2025-01-06,2025-01-12,65357.42,33470.47,3363.24,30107.23,Paid,,2025-01-23
CLM510670,ENC110670,PT11184,PY07,2024-12-31,2025-01-03,1140.71,493.04,493.04,0.00,Pending,,
CLM510671,ENC110671,PT12405,PY05,2024-12-31,2025-01-06,433.32,206.65,8.96,197.69,Paid,,2025-01-25
CLM510672,ENC110672,PT10535,PY02,2024-12-31,2025-01-05,396.96,131.28,10.46,120.82,Paid,,2025-01-26
CLM510673,ENC110673,PT13292,PY02,2024-12-31,2025-01-03,439.46,145.33,5.90,139.43,Paid,,2025-02-10
CLM510674,ENC110674,PT10641,PY05,2024-12-31,2025-01-05,273.30,125.66,5.34,120.32,Paid,,2025-02-05
CLM510675,ENC110675,PT13632,PY02,2024-12-31,2025-01-03,443.07,174.85,4.45,170.40,Paid,,2025-01-18
CLM510676,ENC110676,PT12298,PY03,2024-12-31,2025-01-03,242.28,55.71,0.00,55.71,Paid,,2025-02-17
CLM510677,ENC110677,PT11121,PY01,2025-01-03,2025-01-04,11918.29,3295.97,520.14,2775.83,Paid,,2025-01-20
CLM510678,ENC110678,PT10657,PY03,2025-01-01,2025-01-06,3973.79,0.00,0.00,0.00,Denied,Coding Error,
CLM510679,ENC110679,PT11406,PY02,2024-12-31,2025-01-05,500.22,142.53,8.78,68.66,Partially Paid,Coding Error,2025-02-07
CLM510680,ENC110680,PT11453,PY03,2024-12-31,2025-01-04,255.02,0.00,0.00,0.00,Denied,Eligibility / Coverage,
CLM510681,ENC110681,PT12867,PY01,2024-12-31,2025-01-04,445.03,127.74,16.31,111.43,Paid,,2025-01-16
CLM510682,ENC110682,PT10849,PY04,2024-12-31,2025-01-21,1351.17,686.47,76.19,610.28,Paid,,2025-03-02
CLM510683,ENC110683,PT10116,PY02,2025-01-14,2025-01-15,136726.43,0.00,0.00,0.00,Denied,Authorization Required,
CLM510684,ENC110684,PT10832,PY04,2024-12-31,2025-01-04,2856.30,1270.65,176.17,1094.48,Paid,,2025-01-27
CLM510685,ENC110685,PT10601,PY05,2025-01-08,2025-01-10,71535.80,32986.97,2925.52,30061.45,Paid,,2025-02-06
CLM510686,ENC110686,PT10994,PY03,2024-12-31,2025-01-04,343.10,82.71,0.00,82.71,Paid,,2025-02-04
CLM510687,ENC110687,PT10335,PY01,2025-01-02,2025-01-03,9533.76,2412.48,294.77,2117.71,Paid,,2025-01-30
CLM510688,ENC110688,PT13201,PY04,2024-12-31,2025-01-07,403.61,208.10,30.25,177.85,Paid,,2025-02-09
CLM510689,ENC110689,PT12156,PY03,2024-12-31,2025-01-02,364.53,93.41,0.00,93.41,Paid,,2025-02-11
CLM510690,ENC110690,PT12910,PY05,2025-01-03,2025-01-04,7588.98,3711.94,538.88,3173.06,Paid,,2025-02-06
CLM510691,ENC110691,PT11327,PY01,2024-12-31,2025-01-03,3105.95,998.26,102.96,895.30,Paid,,2025-01-20
CLM510692,ENC110692,PT12164,PY02,2024-12-31,2025-01-05,430.02,141.35,9.99,131.36,Paid,,2025-01-20
CLM510693,ENC110693,PT11688,PY02,2024-12-31,2025-01-01,130.09,42.73,0.00,42.73,Paid,,2025-02-02
CLM510694,ENC110694,PT10953,PY04,2024-12-31,2025-01-02,147.51,77.28,3.83,73.45,Paid,,2025-01-18
CLM510695,ENC110695,PT11005,PY05,2024-12-31,2025-01-06,779.19,422.24,25.76,396.48,Paid,,2025-01-29
CLM510697,ENC110697,PT10743,PY02,2024-12-31,2025-01-01,311.99,94.69,7.86,86.83,Paid,,2025-02-06
CLM510698,ENC110698,PT12197,PY03,2024-12-31,2025-01-07,1484.42,362.90,0.00,362.90,Paid,,2025-02-24
CLM510699,ENC110699,PT13976,PY01,2024-12-31,2025-01-10,281.46,90.67,5.60,85.07,Paid,,2025-01-24
CLM510700,ENC110700,PT10172,PY01,2024-12-31,2025-01-04,159.25,48.02,0.00,48.02,Paid,,2025-01-25
CLM510701,ENC110701,PT10422,PY01,2024-12-31,2025-01-04,115.32,38.99,2.61,36.38,Paid,,2025-01-17
CLM510702,ENC110702,PT13941,PY06,2024-12-31,2025-01-04,457.59,220.01,31.33,188.68,Paid,,2025-01-17
CLM510703,ENC110703,PT10563,PY03,2024-12-31,2025-01-03,10732.92,2442.70,0.00,2442.70,Paid,,2025-01-30
CLM510704,ENC110704,PT13798,PY05,2025-01-01,2025-01-04,13668.42,6624.55,847.28,5777.27,Paid,,2025-02-08
CLM510705,ENC110705,PT12494,PY03,2025-01-04,2025-01-06,29625.63,6212.61,0.00,6212.61,Paid,,2025-02-10
CLM510706,ENC110706,PT11145,PY05,2025-01-04,2025-01-07,24359.81,12532.31,756.08,11776.23,Paid,,2025-02-07
CLM510707,ENC110707,PT13218,PY06,2025-01-07,2025-01-08,33984.50,18709.86,1463.57,17246.29,Paid,,2025-01-21
CLM510708,ENC110708,PT11689,PY01,2025-01-01,2025-01-04,5338.48,1490.89,90.34,1400.55,Paid,,2025-01-15
CLM510709,ENC110709,PT11876,PY03,2024-12-31,2025-01-02,3471.75,854.35,0.00,854.35,Paid,,2025-02-22
CLM510710,ENC110710,PT11398,PY04,2024-12-31,2025-01-08,1825.39,953.25,130.73,822.52,Paid,,2025-01-31
CLM510711,ENC110711,PT12128,PY03,2025-01-01,2025-01-05,595.04,136.53,0.00,136.53,Paid,,2025-03-03
CLM510712,ENC110712,PT11367,PY04,2025-01-01,2025-01-06,3571.22,1956.39,273.41,1682.98,Paid,,2025-01-29
CLM510713,ENC110713,PT13324,PY05,2025-01-04,2025-01-07,10673.63,5294.14,672.68,4621.46,Paid,,2025-02-09
CLM510714,ENC110714,PT10258,PY02,2025-01-05,2025-01-07,23167.91,9012.44,541.86,8470.58,Paid,,2025-01-27
CLM510715,ENC110715,PT13365,PY03,2025-01-01,2025-01-03,1557.95,386.99,0.00,386.99,Paid,,2025-02-15
CLM510716,ENC110716,PT13152,PY03,2025-01-01,2025-01-02,277.43,60.99,0.00,60.99,Paid,,2025-01-24
CLM510717,ENC110717,PT13437,PY05,2025-01-01,2025-01-08,241.35,127.43,19.76,107.67,Paid,,2025-01-22
CLM510718,ENC110718,PT11455,PY02,2025-01-01,2025-01-03,2579.55,766.21,57.72,708.49,Paid,,2025-01-15
CLM510719,ENC110719,PT11191,PY04,2025-01-01,2025-01-03,188.82,96.84,8.96,87.88,Paid,,2025-03-07
CLM510720,ENC110720,PT11607,PY01,2025-01-01,2025-01-09,269.36,93.98,12.79,53.69,Partially Paid,Missing Documentation,2025-01-20
CLM510721,ENC110721,PT10529,PY01,2025-01-04,2025-01-09,14193.39,4546.72,470.57,4076.15,Paid,,2025-01-30
CLM510722,ENC110722,PT12589,PY02,2025-01-01,2025-01-05,230.85,73.18,8.06,65.12,Paid,,2025-01-27
CLM510723,ENC110723,PT10321,PY04,2025-01-01,2025-01-05,6915.23,3719.01,207.03,1465.64,Partially Paid,Coding Error,2025-01-22
CLM510724,ENC110724,PT12272,PY04,2025-01-07,2025-01-23,18778.86,9058.58,641.30,8417.28,Paid,,2025-02-15
CLM510725,ENC110725,PT12903,PY03,2025-01-01,2025-01-07,482.23,111.90,0.00,111.90,Paid,,2025-02-07
CLM510726,ENC110726,PT11101,PY01,2025-01-07,2025-01-12,37731.01,10734.46,847.03,9887.43,Paid,,2025-01-30
CLM510727,ENC110727,PT13413,PY04,2025-01-01,2025-01-02,9202.13,4859.24,385.23,4474.01,Paid,,2025-01-28
CLM510728,ENC110728,PT11858,PY01,2025-01-01,2025-01-05,293.01,90.23,2.83,87.40,Paid,,2025-01-18
CLM510729,ENC110729,PT10897,PY01,2025-01-01,2025-01-05,482.43,158.75,9.58,149.17,Paid,,2025-01-18
CLM510730,ENC110730,PT12226,PY01,2025-01-01,2025-01-03,346.23,105.99,10.63,95.36,Paid,,2025-01-17
CLM510731,ENC110731,PT13303,PY01,2025-01-01,2025-01-05,471.04,156.99,18.86,138.13,Paid,,2025-01-17
CLM510732,ENC110732,PT13581,PY01,2025-01-04,2025-01-05,36112.28,0.00,0.00,0.00,Appealed,Coding Error,
CLM510733,ENC110733,PT13219,PY02,2025-01-01,2025-01-22,191.04,0.00,0.00,0.00,Denied,Authorization Required,
CLM510734,ENC110734,PT13605,PY06,2025-01-01,2025-01-02,315.65,175.29,18.28,157.01,Paid,,2025-01-29
CLM510735,ENC110735,PT12429,PY01,2025-01-01,2025-01-05,189.34,58.77,7.90,50.87,Paid,,2025-02-01
CLM510736,ENC110736,PT12099,PY01,2025-01-01,2025-01-04,144.18,44.00,4.95,27.91,Partially Paid,Coding Error,2025-01-10
CLM510737,ENC110737,PT13335,PY02,2025-01-01,2025-01-11,206.04,69.29,3.47,65.82,Paid,,2025-01-27
CLM510738,ENC110738,PT12632,PY05,2025-01-01,2025-01-03,292.94,161.63,17.14,144.49,Paid,,2025-02-08
CLM510739,ENC110739,PT13087,PY01,2025-01-01,2025-01-04,391.78,123.32,12.73,110.59,Paid,,2025-01-16
CLM510740,ENC110740,PT10753,PY04,2025-01-01,2025-01-06,157.43,79.15,2.23,76.92,Paid,,2025-01-19
CLM510741,ENC110741,PT11663,PY03,2025-01-03,2025-01-05,26169.57,6406.82,0.00,6406.82,Paid,,2025-02-25
CLM510742,ENC110742,PT13915,PY02,2025-01-04,2025-01-05,15321.28,5101.00,381.88,4719.12,Paid,,2025-02-07
CLM510743,ENC110743,PT11625,PY03,2025-01-02,2025-01-05,15841.99,3554.51,0.00,3554.51,Paid,,2025-02-06
CLM510744,ENC110744,PT10444,PY01,2025-01-03,2025-01-05,48442.42,15131.95,1176.63,13955.32,Paid,,2025-01-18
CLM510745,ENC110745,PT12947,PY03,2025-01-06,2025-01-08,13774.11,3355.89,0.00,3355.89,Paid,,2025-02-15
CLM510746,ENC110746,PT11069,PY05,2025-01-02,2025-01-05,4511.71,2243.78,212.20,2031.58,Paid,,2025-02-09
CLM510747,ENC110747,PT11596,PY04,2025-01-10,2025-01-15,87037.78,46985.95,4578.01,42407.94,Paid,,2025-02-05
CLM510748,ENC110748,PT10252,PY05,2025-01-02,2025-01-06,1740.98,788.08,95.33,692.75,Paid,,2025-02-18
CLM510749,ENC110749,PT12238,PY07,2025-01-11,2025-01-14,81781.81,32977.34,32977.34,24909.64,Partially Paid,,2025-02-11
CLM510750,ENC110750,PT12369,PY04,2025-01-02,2025-01-04,208.90,115.10,5.12,109.98,Paid,,2025-01-23
CLM510751,ENC110751,PT10950,PY03,2025-01-02,2025-01-04,176.77,42.92,0.00,20.69,Partially Paid,Coding Error,2025-02-05
CLM510752,ENC110752,PT11758,PY07,2025-01-02,2025-01-12,387.65,157.93,157.93,23.93,Partially Paid,,2025-02-24
CLM510753,ENC110753,PT12170,PY01,2025-01-02,2025-01-03,283.53,83.26,8.74,61.40,Partially Paid,Coding Error,2025-01-15
CLM510754,ENC110754,PT10101,PY02,2025-01-02,2025-01-03,367.72,132.54,15.21,117.33,Paid,,2025-02-08
CLM510755,ENC110755,PT11494,PY02,2025-01-02,2025-01-14,437.49,135.89,2.41,133.48,Paid,,2025-02-18
CLM510756,ENC110756,PT12695,PY04,2025-01-05,2025-01-15,10621.58,5352.73,659.11,4693.62,Paid,,2025-02-20
CLM510757,ENC110757,PT10648,PY07,2025-01-02,2025-01-17,1049.61,412.06,412.06,303.68,Partially Paid,,2025-02-24
CLM510758,ENC110758,PT10475,PY06,2025-01-02,2025-01-08,460.88,268.98,38.44,230.54,Paid,,2025-01-23
CLM510759,ENC110759,PT13065,PY01,2025-01-02,2025-01-09,278.73,84.08,12.70,71.38,Paid,,2025-01-29
CLM510760,ENC110760,PT13320,PY02,2025-01-02,2025-01-04,1727.32,564.45,28.34,536.11,Paid,,2025-01-26
CLM510761,ENC110761,PT13741,PY02,2025-01-06,2025-01-10,31627.72,10045.98,788.74,9257.24,Paid,,2025-02-20
CLM510762,ENC110762,PT10906,PY04,2025-01-02,2025-01-12,420.49,218.39,27.38,191.01,Paid,,2025-02-20
CLM510763,ENC110763,PT12818,PY02,2025-01-02,2025-01-04,466.73,152.69,2.10,150.59,Paid,,2025-01-30
CLM510764,ENC110764,PT12285,PY05,2025-01-02,2025-01-07,201.13,0.00,0.00,0.00,Denied,Authorization Required,
CLM510765,ENC110765,PT12533,PY03,2025-01-02,2025-01-08,812.85,203.83,0.00,203.83,Paid,,2025-02-02
CLM510766,ENC110766,PT10711,PY03,2025-01-02,2025-01-03,6805.23,1411.63,0.00,1411.63,Paid,,2025-02-06
CLM510767,ENC110767,PT11253,PY01,2025-01-02,2025-01-14,394.61,146.47,21.94,124.53,Paid,,2025-01-31
CLM510768,ENC110768,PT12963,PY01,2025-01-02,2025-01-03,217.63,70.63,8.94,61.69,Paid,,2025-01-24
CLM510769,ENC110769,PT12522,PY07,2025-01-02,2025-01-05,1127.43,406.10,406.10,0.00,Pending,,
CLM510770,ENC110770,PT13387,PY03,2025-01-02,2025-01-13,273.10,65.11,0.00,65.11,Paid,,2025-02-19
CLM510771,ENC110771,PT13394,PY03,2025-01-02,2025-01-10,251.01,65.89,0.00,65.89,Paid,,2025-03-02
CLM510772,ENC110772,PT10635,PY02,2025-01-02,2025-01-06,265.52,80.43,8.71,71.72,Paid,,2025-02-08
CLM510773,ENC110773,PT12789,PY01,2025-01-02,2025-01-13,396.35,128.54,14.02,114.52,Paid,,2025-01-25
CLM510774,ENC110774,PT11628,PY02,2025-01-02,2025-01-09,153.45,55.59,1.54,54.05,Paid,,2025-02-10
CLM510775,ENC110775,PT11545,PY01,2025-01-08,2025-01-16,70175.49,21426.85,4107.63,17319.22,Paid,,2025-02-03
CLM510776,ENC110776,PT12169,PY05,2025-01-02,2025-01-04,304.68,151.36,22.50,128.86,Paid,,2025-01-24
CLM510777,ENC110777,PT11665,PY06,2025-01-02,2025-01-06,365.11,197.44,16.60,180.84,Paid,,2025-01-24
CLM510778,ENC110778,PT13995,PY01,2025-01-02,2025-01-05,2888.50,973.83,41.32,932.51,Paid,,2025-01-13
CLM510779,ENC110779,PT12704,PY06,2025-01-12,2025-01-18,34645.11,19936.36,1446.09,18490.27,Paid,,2025-02-11
CLM510780,ENC110780,PT11758,PY07,2025-01-06,2025-01-10,23294.72,9909.13,9909.13,0.00,Pending,,
CLM510781,ENC110781,PT13839,PY03,2025-01-02,2025-01-04,1993.58,427.39,0.00,427.39,Paid,,2025-02-04
CLM510782,ENC110782,PT10809,PY03,2025-01-02,2025-01-07,183.85,46.02,0.00,46.02,Paid,,2025-01-31
CLM510783,ENC110783,PT13860,PY07,2025-01-02,2025-01-04,386.18,145.91,145.91,0.00,Pending,,
CLM510784,ENC110784,PT10259,PY01,2025-01-02,2025-01-05,117.34,33.98,3.75,30.23,Paid,,2025-01-21
CLM510785,ENC110785,PT10443,PY02,2025-01-02,2025-01-05,424.47,0.00,0.00,0.00,Appealed,Missing Documentation,
CLM510786,ENC110786,PT10725,PY03,2025-01-02,2025-01-05,105.41,28.29,0.00,28.29,Paid,,2025-02-15
CLM510787,ENC110787,PT11623,PY01,2025-01-02,2025-01-04,5611.27,1654.63,135.80,1518.83,Paid,,2025-01-15
CLM510788,ENC110788,PT12015,PY04,2025-01-06,2025-01-23,23338.39,11813.00,637.53,11175.47,Paid,,2025-02-03
CLM510790,ENC110790,PT10695,PY03,2025-01-02,2025-01-05,1281.12,324.23,0.00,324.23,Paid,,2025-02-22
CLM510791,ENC110791,PT10220,PY07,2025-01-04,2025-01-09,13130.81,4973.68,4973.68,0.00,Pending,,
CLM510792,ENC110792,PT13870,PY07,2025-01-02,2025-01-07,4749.54,1826.28,1826.28,0.00,Pending,,
CLM510793,ENC110793,PT13269,PY07,2025-01-02,2025-01-06,5239.19,2077.25,2077.25,1146.28,Partially Paid,,2025-04-08
CLM510794,ENC110794,PT12020,PY03,2025-01-02,2025-01-05,824.66,208.72,0.00,208.72,Paid,,2025-01-25
CLM510795,ENC110795,PT12434,PY01,2025-01-03,2025-01-11,6082.58,2122.14,337.53,1784.61,Paid,,2025-01-22
CLM510796,ENC110796,PT12789,PY01,2025-01-03,2025-01-11,745.70,257.70,19.27,238.43,Paid,,2025-01-21
CLM510797,ENC110797,PT13061,PY03,2025-01-03,2025-01-07,1031.47,257.24,0.00,257.24,Paid,,2025-01-22
CLM510798,ENC110798,PT13300,PY05,2025-01-03,2025-01-04,11989.70,5940.23,854.34,5085.89,Paid,,2025-02-01
CLM510799,ENC110799,PT10366,PY04,2025-01-03,2025-01-07,218.33,129.34,8.64,120.70,Paid,,2025-01-31
CLM510800,ENC110800,PT11050,PY06,2025-01-03,2025-01-08,167.38,80.88,14.08,66.80,Paid,,2025-01-29
CLM510801,ENC110801,PT13856,PY04,2025-01-03,2025-01-05,110.04,59.49,0.00,59.49,Paid,,2025-02-10
CLM510802,ENC110802,PT11756,PY04,2025-01-08,2025-01-18,29599.26,15128.95,1242.70,13886.25,Paid,,2025-02-14
CLM510803,ENC110803,PT12309,PY03,2025-01-03,2025-01-05,656.08,155.24,0.00,155.24,Paid,,2025-01-29
CLM510804,ENC110804,PT10652,PY05,2025-01-03,2025-01-06,4878.71,2077.88,290.59,1787.29,Paid,,2025-02-05
CLM510805,ENC110805,PT10432,PY01,2025-01-03,2025-01-08,4646.04,0.00,0.00,0.00,Denied,Coding Error,
CLM510806,ENC110806,PT10304,PY01,2025-01-03,2025-01-07,792.61,253.70,14.24,239.46,Paid,,2025-01-13
CLM510807,ENC110807,PT11024,PY05,2025-01-03,2025-01-06,485.97,206.26,14.51,191.75,Paid,,2025-01-26
CLM510808,ENC110808,PT10915,PY06,2025-01-03,2025-01-06,1062.78,558.41,58.48,499.93,Paid,,2025-01-28
CLM510809,ENC110809,PT12897,PY01,2025-01-03,2025-01-07,626.62,189.64,16.68,172.96,Paid,,2025-01-27
CLM510810,ENC110810,PT11977,PY04,2025-01-05,2025-01-09,11479.66,0.00,0.00,0.00,Denied,Coding Error,
CLM510811,ENC110811,PT12572,PY02,2025-01-03,2025-01-10,402.79,0.00,0.00,0.00,Denied,Missing Documentation,
CLM510812,ENC110812,PT13751,PY02,2025-01-03,2025-01-11,354.41,99.72,1.09,98.63,Paid,,2025-02-09
CLM510813,ENC110813,PT10230,PY02,2025-01-03,2025-01-11,108.64,40.16,0.00,40.16,Paid,,2025-02-07
CLM510814,ENC110814,PT11837,PY06,2025-01-03,2025-01-08,591.64,335.21,28.44,306.77,Paid,,2025-02-04
CLM510815,ENC110815,PT11274,PY01,2025-01-03,2025-01-09,562.79,166.43,27.43,139.00,Paid,,2025-01-21
CLM510816,ENC110816,PT11138,PY06,2025-01-03,2025-01-07,413.97,236.35,45.27,191.08,Paid,,2025-02-03
CLM510817,ENC110817,PT12776,PY02,2025-01-09,2025-01-13,41433.73,13257.74,788.06,12469.68,Paid,,2025-02-15
CLM510818,ENC110818,PT13500,PY01,2025-01-03,2025-01-05,285.00,0.00,0.00,0.00,Denied,Authorization Required,
CLM510819,ENC110819,PT12866,PY03,2025-01-03,2025-01-08,542.28,0.00,0.00,0.00,Denied,Coding Error,
CLM510820,ENC110820,PT10489,PY02,2025-01-03,2025-01-06,99.19,34.13,4.21,29.92,Paid,,2025-02-08
CLM510821,ENC110821,PT11075,PY05,2025-01-05,2025-01-10,19238.72,9440.65,1809.43,7631.22,Paid,,2025-02-14
CLM510822,ENC110822,PT12801,PY05,2025-01-03,2025-01-07,410.57,185.97,18.44,167.53,Paid,,2025-02-03
CLM510823,ENC110823,PT13102,PY04,2025-01-03,2025-01-05,285.68,139.19,23.82,90.57,Partially Paid,Coding Error,2025-01-30
CLM510824,ENC110824,PT12546,PY04,2025-01-03,2025-01-08,1382.13,636.52,14.87,621.65,Paid,,2025-02-06
CLM510825,ENC110825,PT11813,PY05,2025-01-03,2025-01-09,11868.18,5614.42,376.85,5237.57,Paid,,2025-02-11
CLM510826,ENC110826,PT13773,PY07,2025-01-03,2025-01-05,594.07,223.00,223.00,143.47,Partially Paid,,2025-02-15
CLM510827,ENC110827,PT11568,PY07,2025-01-03,2025-01-05,518.83,182.29,182.29,137.50,Partially Paid,,2025-04-30
CLM510828,ENC110828,PT11762,PY03,2025-01-05,2025-01-08,11411.42,0.00,0.00,0.00,Appealed,Medical Necessity,
CLM510829,ENC110829,PT13650,PY04,2025-01-03,2025-01-07,116.82,0.00,0.00,0.00,Denied,Authorization Required,
CLM510830,ENC110830,PT10369,PY01,2025-01-03,2025-01-08,1154.72,389.49,44.59,344.90,Paid,,2025-01-25
CLM510831,ENC110831,PT13484,PY02,2025-01-04,2025-01-09,4715.78,1665.62,89.19,1576.43,Paid,,2025-02-08
CLM510832,ENC110832,PT12086,PY04,2025-01-03,2025-01-06,599.34,312.15,51.64,260.51,Paid,,2025-02-08
CLM510833,ENC110833,PT12745,PY01,2025-01-08,2025-01-30,48858.56,16680.57,803.46,15877.11,Paid,,2025-02-12
CLM510834,ENC110834,PT11715,PY04,2025-01-04,2025-01-07,2932.16,1929.70,71.77,1573.30,Partially Paid,Coding Error,2025-03-02
CLM510835,ENC110835,PT11221,PY02,2025-01-03,2025-01-06,764.62,249.56,25.95,223.61,Paid,,2025-02-07
CLM510836,ENC110836,PT10362,PY03,2025-01-03,2025-01-06,1152.00,292.92,0.00,292.92,Paid,,2025-02-02
CLM510837,ENC110837,PT13343,PY01,2025-01-04,2025-01-12,4042.30,1272.60,39.32,1233.28,Paid,,2025-02-05
CLM510838,ENC110838,PT10044,PY04,2025-01-04,2025-01-08,1653.50,0.00,0.00,0.00,Denied,Authorization Required,
CLM510839,ENC110839,PT13879,PY07,2025-01-05,2025-01-09,17576.71,6537.30,6537.30,0.00,Pending,,
CLM510840,ENC110840,PT10615,PY07,2025-01-04,2025-01-06,1965.05,810.09,810.09,510.02,Partially Paid,,2025-02-17
CLM510841,ENC110841,PT13985,PY01,2025-01-04,2025-01-07,3420.72,1059.68,27.06,1032.62,Paid,,2025-01-18
CLM510842,ENC110842,PT11199,PY06,2025-01-04,2025-01-07,462.17,228.32,19.16,209.16,Paid,,2025-01-22
CLM510843,ENC110843,PT12836,PY03,2025-01-04,2025-01-08,656.92,160.77,0.00,160.77,Paid,,2025-02-11
CLM510844,ENC110844,PT11866,PY06,2025-01-11,2025-01-17,40611.34,21764.15,3200.21,18563.94,Paid,,2025-02-11
CLM510845,ENC110845,PT13465,PY01,2025-01-04,2025-01-12,3317.71,1127.19,74.15,1053.04,Paid,,2025-01-24
CLM510846,ENC110846,PT10877,PY03,2025-01-08,2025-01-12,16258.28,3955.70,0.00,2951.90,Partially Paid,Coding Error,2025-02-21
CLM510847,ENC110847,PT13174,PY01,2025-01-04,2025-01-07,4356.94,0.00,0.00,0.00,Denied,Eligibility / Coverage,
CLM510848,ENC110848,PT12991,PY01,2025-01-11,2025-01-15,67153.41,21205.29,2309.71,18895.58,Paid,,2025-01-29
CLM510849,ENC110849,PT11023,PY01,2025-01-05,2025-01-09,4865.67,1387.26,72.42,1314.84,Paid,,2025-02-01
CLM510850,ENC110850,PT13346,PY06,2025-01-05,2025-01-07,6664.40,3758.80,351.62,3407.18,Paid,,2025-02-13
CLM510851,ENC110851,PT11872,PY03,2025-01-06,2025-01-09,11753.03,2961.05,0.00,2961.05,Paid,,2025-01-30
CLM510852,ENC110852,PT12914,PY01,2025-01-09,2025-01-12,24932.27,7123.61,597.78,5394.38,Partially Paid,Medical Necessity,2025-01-26
CLM510853,ENC110853,PT12533,PY03,2025-01-06,2025-01-13,6111.47,0.00,0.00,0.00,Denied,Medical Necessity,
CLM510854,ENC110854,PT10279,PY04,2025-01-05,2025-01-06,3537.97,1992.53,229.79,1762.74,Paid,,2025-01-28
CLM510855,ENC110855,PT10011,PY01,2025-01-05,2025-01-12,7102.62,2004.66,78.60,1926.06,Paid,,2025-02-03
CLM510856,ENC110856,PT11628,PY02,2025-01-05,2025-01-06,2329.16,732.09,81.32,650.77,Paid,,2025-02-08
CLM510857,ENC110857,PT13653,PY04,2025-01-05,2025-01-11,1599.37,919.70,86.84,832.86,Paid,,2025-02-19
CLM510858,ENC110858,PT12937,PY05,2025-01-05,2025-01-10,3041.28,0.00,0.00,0.00,Denied,Authorization Required,
CLM510859,ENC110859,PT11553,PY05,2025-01-05,2025-01-07,2845.54,1157.47,141.84,1015.63,Paid,,2025-02-05
CLM510860,ENC110860,PT11095,PY06,2025-01-05,2025-01-14,2419.78,1480.88,196.31,1284.57,Paid,,2025-02-03
CLM510861,ENC110861,PT12933,PY01,2025-01-05,2025-01-13,1707.43,538.46,16.46,522.00,Paid,,2025-01-25
CLM510862,ENC110862,PT10524,PY05,2025-01-05,2025-01-09,1094.73,560.20,78.85,481.35,Paid,,2025-02-02
CLM510863,ENC110863,PT11889,PY04,2025-01-08,2025-01-14,14931.67,7170.09,226.98,6943.11,Paid,,2025-02-05
CLM510864,ENC110864,PT11155,PY05,2025-01-05,2025-01-07,3744.39,1664.07,117.08,670.45,Partially Paid,Coding Error,2025-01-26
CLM510865,ENC110865,PT13499,PY01,2025-01-10,2025-01-19,38855.89,12923.97,1154.64,11769.33,Paid,,2025-02-17
CLM510866,ENC110866,PT13715,PY02,2025-01-12,2025-01-15,32912.35,11284.28,25.76,11258.52,Paid,,2025-02-07
CLM510867,ENC110867,PT11721,PY03,2025-01-05,2025-01-08,6401.26,1508.70,0.00,1508.70,Paid,,2025-02-23
CLM510868,ENC110868,PT10065,PY01,2025-01-05,2025-01-10,1451.71,429.71,27.86,401.85,Paid,,2025-01-19
CLM510869,ENC110869,PT12113,PY01,2025-01-05,2025-01-06,2914.11,894.28,105.82,788.46,Paid,,2025-01-23
CLM510870,ENC110870,PT11185,PY06,2025-01-05,2025-01-07,2647.20,1564.25,98.42,1465.83,Paid,,2025-03-15
CLM510871,ENC110871,PT13276,PY04,2025-01-05,2025-01-17,5712.21,2996.84,81.95,2914.89,Paid,,2025-02-06
CLM510872,ENC110872,PT11001,PY05,2025-01-05,2025-01-09,1745.62,871.66,89.49,782.17,Paid,,2025-02-03
CLM510873,ENC110873,PT10377,PY03,2025-01-08,2025-01-11,17421.46,3904.85,0.00,3904.85,Paid,,2025-02-10
CLM510874,ENC110874,PT11204,PY02,2025-01-12,2025-01-16,29103.37,8708.13,284.53,8423.60,Paid,,2025-02-21
CLM510875,ENC110875,PT10538,PY05,2025-01-06,2025-01-09,1629.66,791.99,74.40,717.59,Paid,,2025-02-01
CLM510876,ENC110876,PT12963,PY01,2025-01-12,2025-01-16,36050.83,11562.41,691.94,10870.47,Paid,,2025-01-31
CLM510877,ENC110877,PT11948,PY01,2025-01-06,2025-01-07,616.72,165.36,2.39,162.97,Paid,,2025-01-23
CLM510878,ENC110878,PT12402,PY05,2025-01-08,2025-01-14,19402.63,8735.05,1297.12,7437.93,Paid,,2025-02-11
CLM510879,ENC110879,PT12514,PY03,2025-01-07,2025-01-13,12133.50,2826.73,0.00,2826.73,Paid,,2025-02-05
CLM510881,ENC110881,PT13429,PY04,2025-01-06,2025-01-12,2378.15,1270.21,185.77,1084.44,Paid,,2025-02-07
CLM510882,ENC110882,PT13910,PY04,2025-01-11,2025-01-18,106094.89,58783.57,10840.87,47942.70,Paid,,2025-02-04
CLM510883,ENC110883,PT12895,PY04,2025-01-18,2025-01-19,98240.35,52113.37,3386.38,48726.99,Paid,,2025-02-15
CLM510884,ENC110884,PT11620,PY01,2025-01-06,2025-01-09,303.36,91.14,15.05,76.09,Paid,,2025-01-25
CLM510885,ENC110885,PT10002,PY01,2025-01-06,2025-01-09,3559.37,1106.04,107.32,756.22,Partially Paid,Medical Necessity,2025-01-20
CLM510886,ENC110886,PT11800,PY01,2025-01-06,2025-01-09,15176.95,4996.98,513.41,4483.57,Paid,,2025-01-16
CLM510887,ENC110887,PT13959,PY02,2025-01-06,2025-01-09,405.38,0.00,0.00,0.00,Denied,Eligibility / Coverage,
CLM510888,ENC110888,PT13708,PY06,2025-01-06,2025-01-14,17057.68,9312.87,1900.16,7412.71,Paid,,2025-02-06
CLM510889,ENC110889,PT13250,PY01,2025-01-08,2025-01-18,10706.72,3225.03,137.13,3087.90,Paid,,2025-01-28
CLM510890,ENC110890,PT10305,PY03,2025-01-06,2025-01-13,881.91,204.77,0.00,204.77,Paid,,2025-02-26
CLM510891,ENC110891,PT11812,PY02,2025-01-11,2025-01-18,23337.44,6461.70,475.08,5986.62,Paid,,2025-02-05
CLM510892,ENC110892,PT12865,PY02,2025-01-07,2025-01-10,5187.64,1553.83,146.96,1406.87,Paid,,2025-02-11
CLM510893,ENC110893,PT10085,PY04,2025-01-06,2025-01-15,276.25,144.11,5.43,75.93,Partially Paid,Coding Error,2025-01-30
CLM510894,ENC110894,PT10370,PY01,2025-01-07,2025-01-15,6299.82,1935.73,272.86,1662.87,Paid,,2025-01-24
CLM510895,ENC110895,PT13608,PY06,2025-01-06,2025-01-12,308.42,164.66,13.52,151.14,Paid,,2025-02-04
CLM510896,ENC110896,PT11664,PY03,2025-01-06,2025-01-10,1905.91,426.33,0.00,426.33,Paid,,2025-03-11
CLM510897,ENC110897,PT13594,PY03,2025-01-06,2025-01-07,311.69,73.85,0.00,49.09,Partially Paid,Coding Error,2025-02-15
CLM510898,ENC110898,PT13721,PY04,2025-01-06,2025-01-10,7443.54,3896.14,265.48,3630.66,Paid,,2025-01-26
CLM510899,ENC110899,PT10019,PY04,2025-01-06,2025-01-11,496.67,272.92,31.27,241.65,Paid,,2025-02-15
CLM510900,ENC110900,PT10264,PY04,2025-01-09,2025-01-16,13917.66,8116.95,486.51,7630.44,Paid,,2025-02-10
CLM510901,ENC110901,PT13587,PY02,2025-01-06,2025-01-07,1341.57,441.42,23.89,417.53,Paid,,2025-01-25
CLM510902,ENC110902,PT11830,PY06,2025-01-08,2025-01-11,14092.19,7169.34,1072.05,6097.29,Paid,,2025-02-06
CLM510903,ENC110903,PT12611,PY01,2025-01-06,2025-01-09,468.80,127.25,15.64,111.61,Paid,,2025-01-26
CLM510904,ENC110904,PT11923,PY02,2025-01-10,2025-01-14,18543.95,0.00,0.00,0.00,Denied,Coding Error,
CLM510905,ENC110905,PT11691,PY05,2025-01-06,2025-01-08,908.28,399.36,45.81,251.84,Partially Paid,Coding Error,2025-01-22
CLM510906,ENC110906,PT13344,PY01,2025-01-06,2025-01-11,217.25,64.32,9.31,55.01,Paid,,2025-01-19
CLM510907,ENC110907,PT13678,PY02,2025-01-06,2025-01-11,440.68,0.00,0.00,0.00,Appealed,Medical Necessity,
CLM510908,ENC110908,PT12333,PY01,2025-01-06,2025-01-09,318.48,91.01,11.65,79.36,Paid,,2025-01-21
CLM510909,ENC110909,PT11502,PY03,2025-01-06,2025-01-10,2424.45,0.00,0.00,0.00,Denied,Authorization Required,
CLM510910,ENC110910,PT12915,PY04,2025-01-06,2025-01-10,446.43,0.00,0.00,0.00,Appealed,Medical Necessity,
CLM510912,ENC110912,PT12444,PY04,2025-01-06,2025-01-17,2542.05,1354.83,92.49,1262.34,Paid,,2025-02-07
CLM510913,ENC110913,PT13044,PY03,2025-01-06,2025-01-09,1570.30,0.00,0.00,0.00,Denied,Coding Error,
CLM510914,ENC110914,PT12901,PY06,2025-01-06,2025-01-12,3790.94,2293.56,208.23,2085.33,Paid,,2025-01-31
CLM510915,ENC110915,PT13404,PY03,2025-01-06,2025-01-08,1489.50,368.92,0.00,368.92,Paid,,2025-02-02
CLM510916,ENC110916,PT13751,PY02,2025-01-06,2025-01-12,253.69,84.01,7.00,77.01,Paid,,2025-03-15
CLM510917,ENC110917,PT12741,PY05,2025-01-06,2025-01-12,190.71,90.54,3.27,87.27,Paid,,2025-02-14
CLM510918,ENC110918,PT11705,PY05,2025-01-06,2025-01-10,635.34,338.64,48.96,289.68,Paid,,2025-01-29
CLM510919,ENC110919,PT13372,PY02,2025-01-17,2025-01-22,63749.80,22881.56,774.47,22107.09,Paid,,2025-03-19
CLM510920,ENC110920,PT12633,PY05,2025-01-08,2025-01-10,17934.54,8050.61,1034.85,7015.76,Paid,,2025-02-11
CLM510921,ENC110921,PT11163,PY01,2025-01-06,2025-01-08,4540.86,1352.25,69.74,1282.51,Paid,,2025-01-20
CLM510923,ENC110923,PT10225,PY03,2025-01-06,2025-01-15,724.63,179.63,0.00,179.63,Paid,,2025-02-10
CLM510924,ENC110924,PT11972,PY01,2025-01-09,2025-01-11,17052.17,5626.22,238.24,5387.98,Paid,,2025-01-19
CLM510925,ENC110925,PT11917,PY05,2025-01-08,2025-01-11,19421.34,0.00,0.00,0.00,Denied,Authorization Required,
CLM510926,ENC110926,PT13088,PY03,2025-01-08,2025-01-24,47044.20,0.00,0.00,0.00,Appealed,Eligibility / Coverage,
CLM510927,ENC110927,PT12927,PY01,2025-01-09,2025-01-16,42638.14,12404.50,1701.89,10702.61,Paid,,2025-01-27
CLM510928,ENC110928,PT11816,PY01,2025-01-07,2025-01-11,208.59,64.56,10.75,53.81,Paid,,2025-02-01
CLM510929,ENC110929,PT13413,PY04,2025-01-07,2025-01-12,8619.51,4688.73,526.10,2919.25,Partially Paid,Coding Error,2025-02-06
CLM510930,ENC110930,PT13132,PY04,2025-01-07,2025-01-08,353.05,0.00,0.00,0.00,Denied,Coding Error,
CLM510931,ENC110931,PT11689,PY01,2025-01-07,2025-01-11,160.68,46.89,4.06,42.83,Paid,,2025-01-24
CLM510932,ENC110932,PT11483,PY04,2025-01-07,2025-01-09,435.76,207.45,28.68,160.20,Partially Paid,Coding Error,2025-02-12
CLM510933,ENC110933,PT12586,PY06,2025-01-07,2025-01-09,124.64,73.06,4.71,68.35,Paid,,2025-01-23
CLM510934,ENC110934,PT12854,PY02,2025-01-07,2025-01-14,5105.42,1606.52,56.96,1549.56,Paid,,2025-01-31
CLM510935,ENC110935,PT13237,PY01,2025-01-07,2025-01-11,320.83,93.19,3.43,89.76,Paid,,2025-01-17
CLM510936,ENC110936,PT13681,PY06,2025-01-07,2025-01-11,992.87,532.64,71.25,461.39,Paid,,2025-01-27
CLM510937,ENC110937,PT12542,PY01,2025-01-07,2025-01-11,6122.44,1914.16,136.31,1777.85,Paid,,2025-01-24
CLM510938,ENC110938,PT12951,PY05,2025-01-07,2025-01-11,4002.02,0.00,0.00,0.00,Denied,Authorization Required,
CLM510939,ENC110939,PT13437,PY05,2025-01-07,2025-01-16,599.01,343.23,51.36,291.87,Paid,,2025-02-19
CLM510941,ENC110941,PT13126,PY04,2025-01-07,2025-01-09,286.20,134.19,16.80,117.39,Paid,,2025-01-27
CLM510942,ENC110942,PT10165,PY02,2025-01-07,2025-01-15,9205.31,3039.91,183.79,2856.12,Paid,,2025-02-21
CLM510943,ENC110943,PT11293,PY03,2025-01-07,2025-01-09,290.22,75.94,0.00,75.94,Paid,,2025-01-28
CLM510944,ENC110944,PT13606,PY07,2025-01-07,2025-01-12,98.62,40.32,40.32,40.32,Paid,,2025-03-09
CLM510945,ENC110945,PT11582,PY02,2025-01-07,2025-01-16,3493.47,1093.58,10.84,1082.74,Paid,,2025-01-29
CLM510946,ENC110946,PT13320,PY02,2025-01-07,2025-01-10,232.12,82.41,5.67,76.74,Paid,,2025-01-26
CLM510947,ENC110947,PT13273,PY01,2025-01-07,2025-01-11,269.42,86.63,3.66,82.97,Paid,,2025-01-21
CLM510948,ENC110948,PT11962,PY05,2025-01-07,2025-01-14,265.91,138.97,23.52,115.45,Paid,,2025-02-09
CLM510949,ENC110949,PT11320,PY01,2025-01-07,2025-01-09,11341.40,4029.30,278.08,3751.22,Paid,,2025-01-20
CLM510950,ENC110950,PT10816,PY06,2025-01-07,2025-01-13,356.16,185.19,23.29,161.90,Paid,,2025-02-02
CLM510951,ENC110951,PT10261,PY03,2025-01-07,2025-01-13,3574.71,874.36,0.00,874.36,Paid,,2025-02-09
CLM510952,ENC110952,PT11420,PY02,2025-01-12,2025-01-14,64067.75,20016.48,1123.38,18893.10,Paid,,2025-03-01
CLM510953,ENC110953,PT10534,PY05,2025-01-11,2025-01-23,16335.56,7242.82,848.26,3472.70,Partially Paid,Coding Error,2025-02-20
CLM510954,ENC110954,PT13517,PY03,2025-01-11,2025-01-13,22267.85,5119.15,0.00,5119.15,Paid,,2025-02-19
CLM510955,ENC110955,PT10217,PY01,2025-01-14,2025-01-18,22453.27,6545.32,234.77,6310.55,Paid,,2025-01-27
CLM510956,ENC110956,PT13707,PY03,2025-01-07,2025-01-08,8267.81,2091.78,0.00,2091.78,Paid,,2025-02-14
CLM510957,ENC110957,PT12504,PY01,2025-01-19,2025-01-26,52897.86,16079.48,1254.08,14825.40,Paid,,2025-02-05
CLM510958,ENC110958,PT10785,PY04,2025-01-18,2025-01-20,68689.71,0.00,0.00,0.00,Appealed,Eligibility / Coverage,
CLM510959,ENC110959,PT10232,PY06,2025-01-11,2025-01-16,13197.21,7614.56,818.66,6795.90,Paid,,2025-02-02
CLM510960,ENC110960,PT12131,PY06,2025-01-07,2025-01-09,3013.59,1417.51,147.69,1269.82,Paid,,2025-01-25
CLM510961,ENC110961,PT11125,PY02,2025-01-07,2025-01-12,1141.91,0.00,0.00,0.00,Denied,Medical Necessity,
CLM510962,ENC110962,PT10516,PY05,2025-01-08,2025-01-11,3048.10,0.00,0.00,0.00,Denied,Authorization Required,
CLM510963,ENC110963,PT10543,PY06,2025-01-11,2025-01-25,13688.09,7394.53,768.03,6626.50,Paid,,2025-02-13
CLM510964,ENC110964,PT11885,PY05,2025-01-08,2025-01-12,4852.53,2226.81,358.84,1867.97,Paid,,2025-02-09
CLM510965,ENC110965,PT12183,PY02,2025-01-13,2025-01-15,82379.35,26387.36,2279.66,24107.70,Paid,,2025-02-15
CLM510966,ENC110966,PT12487,PY01,2025-01-08,2025-01-12,1693.40,520.33,55.12,465.21,Paid,,2025-01-23
CLM510967,ENC110967,PT11138,PY06,2025-01-11,2025-01-16,27045.66,16252.36,2019.53,14232.83,Paid,,2025-02-02
CLM510968,ENC110968,PT12285,PY05,2025-01-08,2025-01-10,279.20,129.18,18.94,110.24,Paid,,2025-02-09
CLM510969,ENC110969,PT11582,PY02,2025-01-08,2025-01-10,430.41,134.46,8.59,125.87,Paid,,2025-02-08
CLM510970,ENC110970,PT11488,PY07,2025-01-08,2025-01-10,265.29,114.65,114.65,41.78,Partially Paid,,2025-03-28
CLM510971,ENC110971,PT13002,PY04,2025-01-08,2025-01-10,3668.09,2084.95,311.78,1773.17,Paid,,2025-02-01
CLM510972,ENC110972,PT10649,PY01,2025-01-11,2025-01-16,14874.56,4890.00,626.43,4263.57,Paid,,2025-02-01
CLM510973,ENC110973,PT11382,PY01,2025-01-12,2025-01-20,26952.14,8236.19,263.88,7972.31,Paid,,2025-02-09
CLM510974,ENC110974,PT11237,PY02,2025-01-08,2025-01-20,471.48,136.16,4.67,131.49,Paid,,2025-02-15
CLM510975,ENC110975,PT11701,PY01,2025-01-09,2025-01-15,29564.23,10043.71,752.33,9291.38,Paid,,2025-01-30
CLM510976,ENC110976,PT10873,PY01,2025-01-08,2025-01-12,353.47,99.66,9.16,90.50,Paid,,2025-01-23
CLM510977,ENC110977,PT12065,PY06,2025-01-08,2025-01-19,3797.02,2355.09,450.54,1904.55,Paid,,2025-02-05
CLM510978,ENC110978,PT10031,PY04,2025-01-08,2025-01-11,550.74,306.44,21.19,285.25,Paid,,2025-02-07
CLM510979,ENC110979,PT13900,PY01,2025-01-08,2025-01-15,450.46,133.30,6.81,126.49,Paid,,2025-01-31
CLM510980,ENC110980,PT13252,PY01,2025-01-08,2025-01-12,380.14,132.73,12.75,119.98,Paid,,2025-01-31
CLM510981,ENC110981,PT13469,PY01,2025-01-08,2025-01-13,4291.12,1323.95,177.48,1146.47,Paid,,2025-02-04
CLM510982,ENC110982,PT12342,PY06,2025-01-08,2025-01-09,369.94,206.18,20.72,185.46,Paid,,2025-01-24
CLM510983,ENC110983,PT11806,PY06,2025-01-08,2025-01-12,360.52,185.04,2.19,182.85,Paid,,2025-01-25
CLM510984,ENC110984,PT12737,PY01,2025-01-11,2025-01-13,10520.63,3071.78,79.69,2992.09,Paid,,2025-01-23
CLM510985,ENC110985,PT11154,PY02,2025-01-08,2025-01-13,835.17,274.25,19.86,254.39,Paid,,2025-02-04
CLM510986,ENC110986,PT11741,PY01,2025-01-08,2025-01-17,134.94,41.20,1.68,39.52,Paid,,2025-01-27
CLM510987,ENC110987,PT11976,PY04,2025-01-08,2025-01-11,7413.09,3689.84,509.06,3180.78,Paid,,2025-02-04
CLM510988,ENC110988,PT13274,PY03,2025-01-08,2025-01-10,473.81,124.51,0.00,124.51,Paid,,2025-02-10
CLM510989,ENC110989,PT10444,PY01,2025-01-08,2025-01-10,3793.84,1175.31,90.04,1085.27,Paid,,2025-01-23
CLM510990,ENC110990,PT11842,PY01,2025-01-08,2025-01-15,314.33,92.33,4.84,87.49,Paid,,2025-02-02
CLM510991,ENC110991,PT12481,PY04,2025-01-08,2025-01-12,226.30,113.28,3.45,109.83,Paid,,2025-01-26
CLM510992,ENC110992,PT10272,PY04,2025-01-08,2025-01-14,5207.98,2630.03,307.07,2322.96,Paid,,2025-02-03
CLM510993,ENC110993,PT10565,PY04,2025-01-14,2025-01-19,58890.28,31191.09,4149.88,27041.21,Paid,,2025-02-16
CLM510994,ENC110994,PT11411,PY04,2025-01-08,2025-01-12,1774.37,1050.32,73.32,977.00,Paid,,2025-01-31
CLM510995,ENC110995,PT12197,PY03,2025-01-08,2025-01-12,3101.70,0.00,0.00,0.00,Appealed,Missing Documentation,
CLM510997,ENC110997,PT12873,PY01,2025-01-09,2025-01-11,3511.97,1138.99,106.60,1032.39,Paid,,2025-01-17
CLM510998,ENC110998,PT10743,PY02,2025-01-10,2025-01-16,6523.48,2296.21,182.76,2113.45,Paid,,2025-02-11
CLM510999,ENC110999,PT10628,PY02,2025-01-09,2025-01-12,8994.18,0.00,0.00,0.00,Denied,Coding Error,
CLM511000,ENC111000,PT13529,PY01,2025-01-09,2025-01-11,3201.41,1146.15,142.08,1004.07,Paid,,2025-01-24
CLM511001,ENC111001,PT13009,PY04,2025-01-09,2025-01-15,730.20,413.15,88.98,324.17,Paid,,2025-04-07
CLM511002,ENC111002,PT10619,PY07,2025-01-09,2025-01-16,3927.80,1409.40,1409.40,548.73,Partially Paid,,2025-03-09
CLM511003,ENC111003,PT11104,PY01,2025-01-09,2025-01-13,1280.28,0.00,0.00,0.00,Appealed,Medical Necessity,
CLM511004,ENC111004,PT11919,PY02,2025-01-11,2025-01-21,9111.80,3115.15,157.02,1433.31,Partially Paid,Coding Error,2025-04-15
CLM511006,ENC111006,PT10694,PY03,2025-01-11,2025-01-23,10539.19,2372.73,0.00,2372.73,Paid,,2025-03-16
CLM511007,ENC111007,PT13903,PY01,2025-01-09,2025-01-15,656.60,221.19,22.25,198.94,Paid,,2025-01-27
CLM511008,ENC111008,PT11852,PY01,2025-01-09,2025-01-13,102.20,32.26,1.29,30.97,Paid,,2025-01-23
CLM511009,ENC111009,PT10416,PY07,2025-01-09,2025-01-15,9629.86,3713.59,3713.59,0.00,Pending,,
CLM511010,ENC111010,PT13581,PY01,2025-01-09,2025-01-15,12944.97,3384.68,364.30,3020.38,Paid,,2025-01-26
CLM511011,ENC111011,PT11645,PY04,2025-01-09,2025-01-12,133.43,0.00,0.00,0.00,Denied,Authorization Required,
CLM511012,ENC111012,PT10511,PY06,2025-01-14,2025-01-17,19563.20,10823.55,2271.23,8552.32,Paid,,2025-02-07
CLM511013,ENC111013,PT13369,PY03,2025-01-09,2025-01-21,2926.56,736.92,0.00,736.92,Paid,,2025-03-04
CLM511014,ENC111014,PT11537,PY05,2025-01-09,2025-01-19,2609.58,1129.47,15.62,925.12,Partially Paid,Coding Error,2025-02-08
CLM511015,ENC111015,PT11758,PY07,2025-01-09,2025-01-17,187.82,70.59,70.59,34.38,Partially Paid,,2025-02-24
CLM511016,ENC111016,PT11277,PY02,2025-01-09,2025-01-14,104.69,32.41,2.37,30.04,Paid,,2025-02-16
CLM511018,ENC111018,PT11883,PY05,2025-01-09,2025-01-14,101.51,41.82,6.07,35.75,Paid,,2025-02-08
CLM511019,ENC111019,PT12897,PY01,2025-01-09,2025-01-16,1229.04,420.34,49.45,370.89,Paid,,2025-02-06
CLM511020,ENC111020,PT10443,PY02,2025-01-13,2025-01-16,21386.48,6705.14,408.92,6296.22,Paid,,2025-03-07
CLM511021,ENC111021,PT10513,PY04,2025-01-09,2025-01-14,1433.77,748.80,71.52,677.28,Paid,,2025-02-03
CLM511022,ENC111022,PT13276,PY04,2025-01-09,2025-01-14,393.23,194.12,18.50,175.62,Paid,,2025-02-07
CLM511023,ENC111023,PT12641,PY04,2025-01-09,2025-01-20,302.33,0.00,0.00,0.00,Appealed,Authorization Required,
CLM511024,ENC111024,PT12369,PY04,2025-01-09,2025-01-17,127.52,65.89,1.63,64.26,Paid,,2025-02-21
CLM511025,ENC111025,PT10618,PY01,2025-01-09,2025-01-11,141.38,42.62,6.54,36.08,Paid,,2025-01-22
CLM511026,ENC111026,PT13231,PY01,2025-01-09,2025-01-15,261.64,74.24,11.50,62.74,Paid,,2025-01-28
CLM511027,ENC111027,PT13774,PY01,2025-01-09,2025-01-13,498.65,164.99,9.61,155.38,Paid,,2025-01-24
CLM511028,ENC111028,PT12435,PY01,2025-01-09,2025-01-12,503.53,155.56,30.22,125.34,Paid,,2025-02-07
CLM511029,ENC111029,PT12237,PY07,2025-01-09,2025-01-13,854.07,315.30,315.30,245.02,Partially Paid,,2025-04-05
CLM511030,ENC111030,PT13818,PY04,2025-01-12,2025-01-13,11791.07,5457.29,0.00,5457.29,Paid,,2025-01-30
CLM511031,ENC111031,PT13970,PY05,2025-01-09,2025-01-12,217.35,112.56,12.25,100.31,Paid,,2025-01-31
CLM511033,ENC111033,PT11244,PY03,2025-01-09,2025-01-15,591.06,144.25,0.00,144.25,Paid,,2025-02-24
CLM511035,ENC111035,PT13671,PY01,2025-01-09,2025-01-14,1172.55,0.00,0.00,0.00,Denied,Missing Documentation,
CLM511036,ENC111036,PT13252,PY01,2025-01-09,2025-01-26,3276.04,960.42,128.07,832.35,Paid,,2025-02-12
CLM511037,ENC111037,PT10901,PY01,2025-01-09,2025-01-15,6458.24,2056.80,306.13,1750.67,Paid,,2025-02-02
CLM511038,ENC111038,PT12562,PY04,2025-01-09,2025-01-10,3533.12,2163.62,432.61,1731.01,Paid,,2025-01-30
CLM511039,ENC111039,PT13205,PY06,2025-01-09,2025-01-11,1281.28,740.61,36.39,704.22,Paid,,2025-02-14
CLM511040,ENC111040,PT11817,PY03,2025-01-10,2025-01-11,3552.40,846.33,0.00,846.33,Paid,,2025-02-03
CLM511041,ENC111041,PT11346,PY01,2025-01-13,2025-01-22,30930.61,9609.04,1149.34,8459.70,Paid,,2025-01-31
CLM511042,ENC111042,PT11114,PY06,2025-01-10,2025-01-18,9442.74,4609.80,419.17,4190.63,Paid,,2025-02-02
CLM511043,ENC111043,PT10031,PY04,2025-01-19,2025-01-22,28327.50,14156.51,1412.12,12744.39,Paid,,2025-02-18
CLM511044,ENC111044,PT12325,PY04,2025-01-11,2025-01-13,4259.68,2305.16,457.09,1848.07,Paid,,2025-02-08
CLM511045,ENC111045,PT10715,PY03,2025-01-17,2025-01-20,80694.99,19601.32,0.00,19601.32,Paid,,2025-02-19
CLM511046,ENC111046,PT13152,PY03,2025-01-10,2025-01-13,457.62,0.00,0.00,0.00,Appealed,Duplicate Claim,
CLM511048,ENC111048,PT12639,PY06,2025-01-10,2025-01-15,349.66,189.61,9.21,180.40,Paid,,2025-02-02
CLM511049,ENC111049,PT10263,PY07,2025-01-10,2025-01-13,270.81,114.37,114.37,114.37,Paid,,2025-03-28
CLM511050,ENC111050,PT11468,PY07,2025-01-10,2025-01-18,258.26,94.77,94.77,0.00,Pending,,
CLM511052,ENC111052,PT12177,PY05,2025-01-10,2025-01-13,266.07,123.40,4.15,119.25,Paid,,2025-02-13
CLM511053,ENC111053,PT12861,PY05,2025-01-10,2025-01-17,229.79,111.96,15.38,34.96,Partially Paid,Missing Documentation,2025-02-25
CLM511054,ENC111054,PT12938,PY01,2025-01-10,2025-01-12,14120.76,4452.00,223.04,4228.96,Paid,,2025-01-22
CLM511055,ENC111055,PT11302,PY05,2025-01-12,2025-01-29,17989.49,0.00,0.00,0.00,Denied,Duplicate Claim,
CLM511056,ENC111056,PT13877,PY02,2025-01-10,2025-01-12,1585.21,469.21,48.82,420.39,Paid,,2025-01-27
CLM511057,ENC111057,PT13645,PY01,2025-01-14,2025-01-18,12776.77,3840.37,335.69,3504.68,Paid,,2025-02-02
CLM511058,ENC111058,PT13581,PY01,2025-01-10,2025-01-12,244.50,0.00,0.00,0.00,Appealed,Authorization Required,
CLM511059,ENC111059,PT13785,PY02,2025-01-10,2025-01-16,1491.72,492.96,36.59,456.37,Paid,,2025-02-05
CLM511060,ENC111060,PT10286,PY04,2025-01-10,2025-01-11,399.46,220.15,12.89,207.26,Paid,,2025-01-29
CLM511061,ENC111061,PT10669,PY01,2025-01-10,2025-01-18,228.70,69.03,6.47,62.56,Paid,,2025-02-05
CLM511062,ENC111062,PT10594,PY01,2025-01-11,2025-01-13,6818.02,0.00,0.00,0.00,Appealed,Eligibility / Coverage,
CLM511063,ENC111063,PT10750,PY01,2025-01-10,2025-01-15,1073.62,322.00,39.83,282.17,Paid,,2025-01-24
CLM511064,ENC111064,PT10668,PY02,2025-01-10,2025-01-12,623.05,189.49,3.98,185.51,Paid,,2025-01-31
CLM511065,ENC111065,PT13128,PY06,2025-01-10,2025-01-15,446.29,260.00,43.54,110.68,Partially Paid,Medical Necessity,2025-02-04
CLM511066,ENC111066,PT12222,PY01,2025-01-10,2025-01-13,3863.08,1229.57,146.74,1082.83,Paid,,2025-02-07
CLM511067,ENC111067,PT10489,PY02,2025-01-14,2025-01-16,16132.72,6053.22,424.09,5629.13,Paid,,2025-02-12
CLM511068,ENC111068,PT10344,PY04,2025-01-14,2025-01-17,24976.35,13014.50,2293.77,10720.73,Paid,,2025-02-03
CLM511069,ENC111069,PT10683,PY06,2025-01-15,2025-01-20,27310.10,15126.88,1347.28,10988.30,Partially Paid,Coding Error,2025-02-21
CLM511070,ENC111070,PT12706,PY05,2025-01-10,2025-01-14,285.67,131.61,10.93,120.68,Paid,,2025-02-21
CLM511071,ENC111071,PT11557,PY05,2025-01-10,2025-01-16,112.11,57.61,7.25,50.36,Paid,,2025-02-07
CLM511073,ENC111073,PT11459,PY06,2025-01-10,2025-01-13,132.57,75.20,9.96,65.24,Paid,,2025-02-02
CLM511074,ENC111074,PT11934,PY07,2025-01-10,2025-01-18,7489.23,3197.32,3197.32,0.00,Pending,,
CLM511075,ENC111075,PT11317,PY07,2025-01-10,2025-01-11,392.26,171.74,171.74,171.74,Paid,,2025-02-26
CLM511076,ENC111076,PT10073,PY01,2025-01-10,2025-01-22,1231.96,358.65,35.83,322.82,Paid,,2025-02-02
CLM511077,ENC111077,PT12922,PY01,2025-01-10,2025-01-12,3334.19,1061.87,122.86,378.54,Partially Paid,Medical Necessity,2025-01-23
CLM511078,ENC111078,PT10952,PY03,2025-01-10,2025-01-12,934.27,0.00,0.00,0.00,Denied,Eligibility / Coverage,
CLM511079,ENC111079,PT12060,PY06,2025-01-18,2025-01-22,89500.47,45787.79,7684.77,38103.02,Paid,,2025-02-09
CLM511080,ENC111080,PT10676,PY01,2025-01-18,2025-01-21,33768.16,9396.69,971.89,8424.80,Paid,,2025-02-11
CLM511081,ENC111081,PT12623,PY04,2025-01-11,2025-01-18,4226.06,2224.70,364.56,1860.14,Paid,,2025-02-20
CLM511082,ENC111082,PT12553,PY05,2025-01-16,2025-01-28,71129.40,35220.31,2699.23,32521.08,Paid,,2025-03-15
CLM511083,ENC111083,PT12049,PY01,2025-01-13,2025-01-18,34428.75,10030.07,274.61,9755.46,Paid,,2025-02-02
CLM511084,ENC111084,PT11676,PY03,2025-01-11,2025-01-14,1263.89,297.77,0.00,297.77,Paid,,2025-02-10
CLM511085,ENC111085,PT11725,PY04,2025-01-11,2025-01-16,5730.31,3204.32,453.16,2751.16,Paid,,2025-01-31
CLM511086,ENC111086,PT13588,PY03,2025-01-11,2025-01-16,3645.75,902.49,0.00,902.49,Paid,,2025-02-20
CLM511087,ENC111087,PT11782,PY04,2025-01-11,2025-01-14,1603.38,824.86,82.81,742.05,Paid,,2025-02-03
CLM511088,ENC111088,PT13303,PY01,2025-01-15,2025-01-23,38453.48,12833.94,707.31,12126.63,Paid,,2025-02-02
CLM511089,ENC111089,PT11336,PY06,2025-01-16,2025-01-19,69733.36,40830.48,3814.77,37015.71,Paid,,2025-02-05
CLM511090,ENC111090,PT11013,PY03,2025-01-11,2025-01-13,751.28,179.74,0.00,179.74,Paid,,2025-02-20
CLM511091,ENC111091,PT11333,PY01,2025-01-11,2025-01-13,1312.48,0.00,0.00,0.00,Appealed,Medical Necessity,
CLM511092,ENC111092,PT10499,PY01,2025-01-11,2025-01-14,3862.77,1212.03,34.17,1177.86,Paid,,2025-02-10
CLM511093,ENC111093,PT11024,PY05,2025-01-12,2025-01-16,8579.81,3303.75,214.21,3089.54,Paid,,2025-03-23
CLM511094,ENC111094,PT12193,PY01,2025-01-13,2025-01-21,9169.12,2826.70,305.11,2521.59,Paid,,2025-02-04
CLM511095,ENC111095,PT13621,PY06,2025-01-11,2025-01-13,4008.02,2062.24,244.30,1817.94,Paid,,2025-01-24
CLM511096,ENC111096,PT13081,PY06,2025-01-17,2025-01-21,57182.10,34091.59,1168.00,32923.59,Paid,,2025-02-18
CLM511097,ENC111097,PT11704,PY03,2025-01-14,2025-01-31,9557.26,2336.49,0.00,2336.49,Paid,,2025-02-22
CLM511098,ENC111098,PT13674,PY06,2025-01-11,2025-01-13,4894.99,0.00,0.00,0.00,Appealed,Medical Necessity,
CLM511099,ENC111099,PT10378,PY01,2025-01-11,2025-01-17,2800.85,792.59,95.67,696.92,Paid,,2025-02-02
CLM511101,ENC111101,PT12264,PY01,2025-01-14,2025-01-17,16418.17,4712.25,271.17,4441.08,Paid,,2025-01-23
CLM511102,ENC111102,PT13585,PY06,2025-01-13,2025-01-17,8997.31,5180.98,374.16,4806.82,Paid,,2025-01-31
CLM511103,ENC111103,PT13486,PY05,2025-01-11,2025-01-16,6749.89,3459.40,191.92,3267.48,Paid,,2025-02-22
CLM511104,ENC111104,PT12676,PY01,2025-01-17,2025-01-23,110148.87,35691.39,3949.05,31742.34,Paid,,2025-02-13
CLM511105,ENC111105,PT13010,PY05,2025-01-12,2025-01-26,13054.78,6241.76,912.98,5328.78,Paid,,2025-03-09
CLM511106,ENC111106,PT13251,PY07,2025-01-12,2025-01-14,8218.14,3225.67,3225.67,0.00,Pending,,
CLM511107,ENC111107,PT11278,PY02,2025-01-17,2025-01-21,19329.61,0.00,0.00,0.00,Appealed,Missing Documentation,
CLM511108,ENC111108,PT11415,PY07,2025-01-12,2025-01-19,886.06,397.86,397.86,249.80,Partially Paid,,2025-03-17
CLM511109,ENC111109,PT11371,PY01,2025-01-18,2025-01-24,25943.27,7926.90,1175.67,6751.23,Paid,,2025-02-04
CLM511110,ENC111110,PT13187,PY02,2025-01-17,2025-01-21,39131.74,12151.11,1255.52,10895.59,Paid,,2025-02-17
CLM511111,ENC111111,PT13426,PY03,2025-01-12,2025-01-13,1475.58,355.34,0.00,355.34,Paid,,2025-03-24
CLM511112,ENC111112,PT12593,PY02,2025-01-12,2025-01-15,3348.85,1177.53,53.44,1124.09,Paid,,2025-02-15
CLM511113,ENC111113,PT10076,PY02,2025-01-12,2025-01-22,2095.02,657.88,49.87,608.01,Paid,,2025-02-14
CLM511114,ENC111114,PT11101,PY01,2025-01-19,2025-01-28,39804.20,11344.04,930.03,10414.01,Paid,,2025-02-10
CLM511115,ENC111115,PT11715,PY04,2025-01-12,2025-01-16,5809.09,3016.15,715.35,2300.80,Paid,,2025-01-28
CLM511116,ENC111116,PT12240,PY05,2025-01-12,2025-01-13,2996.74,1380.56,229.26,1151.30,Paid,,2025-02-07
CLM511117,ENC111117,PT11923,PY02,2025-01-18,2025-01-22,30667.36,10355.51,533.18,9822.33,Paid,,2025-02-27
CLM511118,ENC111118,PT12277,PY02,2025-01-12,2025-01-13,4033.93,1365.92,100.12,651.48,Partially Paid,Coding Error,2025-02-14
CLM511119,ENC111119,PT11696,PY01,2025-01-12,2025-01-15,1231.89,380.21,32.27,347.94,Paid,,2025-02-01
CLM511120,ENC111120,PT10900,PY02,2025-01-16,2025-01-17,15523.02,5155.55,495.60,4659.95,Paid,,2025-02-14
CLM511121,ENC111121,PT11987,PY02,2025-01-13,2025-01-19,9624.43,2625.43,240.77,2384.66,Paid,,2025-02-22
CLM511122,ENC111122,PT13623,PY04,2025-01-12,2025-01-16,678.02,347.36,30.79,316.57,Paid,,2025-02-19
CLM511123,ENC111123,PT12436,PY01,2025-01-12,2025-01-14,2372.95,677.41,39.33,638.08,Paid,,2025-01-25
CLM511124,ENC111124,PT13086,PY01,2025-01-17,2025-01-18,21879.88,6925.78,625.92,3710.18,Partially Paid,Medical Necessity,2025-01-31
CLM511125,ENC111125,PT10795,PY05,2025-01-15,2025-01-20,37923.36,16547.26,2340.51,14206.75,Paid,,2025-02-21
CLM511126,ENC111126,PT13991,PY02,2025-01-14,2025-01-17,12522.51,4601.63,229.16,4372.47,Paid,,2025-02-08
CLM511127,ENC111127,PT10722,PY04,2025-01-14,2025-01-16,17118.38,9476.79,910.62,8566.17,Paid,,2025-02-07
CLM511128,ENC111128,PT10928,PY04,2025-01-12,2025-01-16,1812.30,930.53,51.46,879.07,Paid,,2025-03-02
CLM511129,ENC111129,PT10251,PY01,2025-01-19,2025-01-20,27229.98,9252.25,1419.57,7832.68,Paid,,2025-02-09
CLM511130,ENC111130,PT13718,PY03,2025-01-12,2025-01-14,1222.46,297.82,0.00,297.82,Paid,,2025-02-16
CLM511131,ENC111131,PT13531,PY03,2025-01-12,2025-01-13,1239.68,300.94,0.00,300.94,Paid,,2025-02-09
CLM511132,ENC111132,PT10285,PY01,2025-01-16,2025-01-19,16889.14,4959.48,290.58,4668.90,Paid,,2025-01-30
CLM511133,ENC111133,PT11461,PY03,2025-01-16,2025-01-19,35850.28,9244.85,0.00,9244.85,Paid,,2025-03-09
CLM511134,ENC111134,PT13850,PY01,2025-01-16,2025-01-19,45708.19,13367.49,1731.53,11635.96,Paid,,2025-02-01
CLM511135,ENC111135,PT13543,PY03,2025-01-12,2025-01-16,1729.47,400.46,0.00,143.44,Partially Paid,Coding Error,2025-03-05
CLM511136,ENC111136,PT10691,PY04,2025-01-12,2025-01-16,3069.35,1620.00,272.18,1347.82,Paid,,2025-02-24
CLM511137,ENC111137,PT12093,PY04,2025-01-16,2025-01-27,42793.86,22935.12,1246.36,21688.76,Paid,,2025-02-16
CLM511138,ENC111138,PT12455,PY01,2025-01-24,2025-01-27,48028.29,16639.50,906.60,15732.90,Paid,,2025-02-11
CLM511139,ENC111139,PT12817,PY07,2025-01-13,2025-01-15,4375.74,1851.74,1851.74,1366.46,Partially Paid,,2025-03-01
CLM511140,ENC111140,PT10961,PY06,2025-01-13,2025-01-20,2948.72,1745.15,90.48,1654.67,Paid,,2025-02-12
CLM511141,ENC111141,PT11545,PY01,2025-01-17,2025-01-21,30651.52,10293.33,1086.93,9206.40,Paid,,2025-02-10
CLM511142,ENC111142,PT10905,PY07,2025-01-13,2025-01-17,1753.91,689.26,689.26,185.69,Partially Paid,,2025-03-02
CLM511143,ENC111143,PT13750,PY04,2025-01-13,2025-01-20,2177.28,1057.72,139.21,918.51,Paid,,2025-02-28
CLM511145,ENC111145,PT11209,PY01,2025-01-13,2025-01-16,266.42,85.68,1.83,83.85,Paid,,2025-01-30
CLM511146,ENC111146,PT13306,PY05,2025-01-13,2025-01-16,325.22,182.93,11.12,171.81,Paid,,2025-03-25
CLM511147,ENC111147,PT12158,PY03,2025-01-13,2025-01-15,897.21,195.27,0.00,195.27,Paid,,2025-02-08
CLM511148,ENC111148,PT12176,PY02,2025-01-13,2025-01-23,1731.22,602.21,28.63,573.58,Paid,,2025-02-10
CLM511150,ENC111150,PT12611,PY01,2025-01-13,2025-01-17,880.56,287.65,28.04,259.61,Paid,,2025-01-31
CLM511151,ENC111151,PT13047,PY05,2025-01-13,2025-01-19,170.14,83.68,9.25,74.43,Paid,,2025-02-16
CLM511152,ENC111152,PT12192,PY05,2025-01-15,2025-01-17,11711.10,5733.81,404.09,5329.72,Paid,,2025-02-18
CLM511153,ENC111153,PT13703,PY04,2025-01-13,2025-01-14,386.16,204.14,21.78,182.36,Paid,,2025-02-20
CLM511154,ENC111154,PT12430,PY02,2025-01-13,2025-01-16,97.19,30.64,2.23,28.41,Paid,,2025-02-03
CLM511155,ENC111155,PT13420,PY04,2025-01-13,2025-01-30,821.73,457.91,65.55,392.36,Paid,,2025-03-03
CLM511157,ENC111157,PT10332,PY01,2025-01-13,2025-01-14,445.96,126.30,8.50,117.80,Paid,,2025-01-31
CLM511158,ENC111158,PT10968,PY01,2025-01-13,2025-01-18,327.94,97.93,5.60,92.33,Paid,,2025-02-02
CLM511159,ENC111159,PT10592,PY02,2025-01-15,2025-01-17,9226.18,3317.67,230.27,3087.40,Paid,,2025-02-14
CLM511160,ENC111160,PT10604,PY04,2025-01-17,2025-01-24,46111.93,23822.71,3585.98,20236.73,Paid,,2025-02-13
CLM511161,ENC111161,PT10021,PY06,2025-01-14,2025-01-21,9777.01,5261.83,521.73,4740.10,Paid,,2025-02-25
CLM511162,ENC111162,PT10003,PY02,2025-01-13,2025-01-17,568.13,171.71,13.78,157.93,Paid,,2025-02-15
CLM511163,ENC111163,PT11544,PY05,2025-01-13,2025-01-24,123.17,60.83,2.96,57.87,Paid,,2025-02-22
CLM511164,ENC111164,PT13446,PY04,2025-01-13,2025-01-14,449.82,249.16,10.16,239.00,Paid,,2025-01-31
CLM511165,ENC111165,PT11831,PY02,2025-01-13,2025-01-19,709.16,0.00,0.00,0.00,Denied,Coding Error,
CLM511166,ENC111166,PT10814,PY06,2025-01-13,2025-01-18,760.20,423.44,68.62,354.82,Paid,,2025-02-06
CLM511167,ENC111167,PT11016,PY04,2025-01-13,2025-01-16,227.62,119.66,20.33,99.33,Paid,,2025-02-07
CLM511168,ENC111168,PT11666,PY02,2025-01-16,2025-01-21,17460.99,5363.41,150.30,5213.11,Paid,,2025-02-24
CLM511169,ENC111169,PT10728,PY04,2025-01-20,2025-01-22,36790.28,21374.15,2490.15,18884.00,Paid,,2025-02-14
CLM511170,ENC111170,PT13907,PY03,2025-01-17,2025-01-22,12708.08,3117.59,0.00,3117.59,Paid,,2025-02-20
CLM511171,ENC111171,PT12484,PY01,2025-01-15,2025-01-20,15267.59,4881.50,500.95,4380.55,Paid,,2025-02-08
CLM511172,ENC111172,PT10201,PY02,2025-01-13,2025-01-15,2824.17,818.33,21.94,796.39,Paid,,2025-02-14
CLM511173,ENC111173,PT13354,PY01,2025-01-13,2025-01-16,1679.65,573.11,25.49,547.62,Paid,,2025-02-02
CLM511174,ENC111174,PT11954,PY02,2025-01-13,2025-01-20,333.27,113.13,6.25,106.88,Paid,,2025-02-08
CLM511175,ENC111175,PT12316,PY02,2025-01-13,2025-01-16,125.99,40.00,2.17,37.83,Paid,,2025-02-04
CLM511176,ENC111176,PT12865,PY02,2025-01-13,2025-01-14,1408.86,422.94,29.51,393.43,Paid,,2025-03-08
CLM511177,ENC111177,PT12745,PY01,2025-01-13,2025-01-16,355.76,102.97,10.90,92.07,Paid,,2025-01-28
CLM511178,ENC111178,PT10752,PY03,2025-01-13,2025-01-17,1948.54,480.19,0.00,480.19,Paid,,2025-04-02
CLM511179,ENC111179,PT13683,PY05,2025-01-13,2025-01-17,1774.68,888.49,132.91,755.58,Paid,,2025-02-23
CLM511180,ENC111180,PT10522,PY04,2025-01-13,2025-01-15,2090.14,1198.23,147.20,1051.03,Paid,,2025-02-01
CLM511181,ENC111181,PT13581,PY01,2025-01-18,2025-01-23,18532.70,5368.99,258.20,5110.79,Paid,,2025-02-15
CLM511182,ENC111182,PT12473,PY03,2025-01-15,2025-01-25,35546.44,8031.25,0.00,8031.25,Paid,,2025-03-01
CLM511183,ENC111183,PT10399,PY05,2025-01-21,2025-01-27,39212.89,18390.06,9.12,18380.94,Paid,,2025-02-21
CLM511184,ENC111184,PT13087,PY01,2025-01-17,2025-01-23,55942.14,17448.22,2733.14,14715.08,Paid,,2025-02-05
CLM511186,ENC111186,PT10959,PY06,2025-01-14,2025-01-18,1394.35,0.00,0.00,0.00,Denied,Duplicate Claim,
CLM511187,ENC111187,PT13219,PY02,2025-01-15,2025-01-17,10158.39,3499.77,293.05,3206.72,Paid,,2025-02-12
CLM511188,ENC111188,PT13686,PY01,2025-01-19,2025-01-23,77803.76,27971.19,1900.93,26070.26,Paid,,2025-01-30
CLM511190,ENC111190,PT12420,PY05,2025-01-15,2025-01-17,40948.84,22511.86,3392.29,19119.57,Paid,,2025-02-14
CLM511191,ENC111191,PT11514,PY01,2025-01-17,2025-01-22,14026.34,0.00,0.00,0.00,Denied,Medical Necessity,
CLM511192,ENC111192,PT11767,PY05,2025-01-14,2025-01-20,980.24,511.11,82.94,428.17,Paid,,2025-03-18
CLM511194,ENC111194,PT10557,PY05,2025-01-14,2025-01-20,237.23,124.13,19.25,64.27,Partially Paid,Coding Error,2025-02-05
CLM511195,ENC111195,PT13914,PY05,2025-01-20,2025-01-22,29569.55,14239.77,691.98,13547.79,Paid,,2025-02-10
CLM511196,ENC111196,PT12799,PY03,2025-01-14,2025-01-21,201.19,46.21,0.00,46.21,Paid,,2025-03-03
CLM511197,ENC111197,PT10233,PY06,2025-01-14,2025-01-18,268.77,132.87,7.55,125.32,Paid,,2025-02-08
CLM511198,ENC111198,PT10089,PY06,2025-01-14,2025-01-15,247.10,125.19,8.47,116.72,Paid,,2025-02-10
CLM511199,ENC111199,PT12372,PY05,2025-01-14,2025-01-22,340.09,147.67,25.11,122.56,Paid,,2025-02-12
CLM511200,ENC111200,PT10443,PY02,2025-01-18,2025-01-21,27363.29,10454.34,741.92,9712.42,Paid,,2025-02-20
CLM511201,ENC111201,PT10360,PY02,2025-01-14,2025-01-17,12402.28,3743.54,382.08,3361.46,Paid,,2025-03-03
CLM511202,ENC111202,PT12512,PY04,2025-01-14,2025-01-20,428.60,200.39,35.14,165.25,Paid,,2025-02-20
CLM511203,ENC111203,PT11408,PY03,2025-01-14,2025-01-17,482.76,0.00,0.00,0.00,Appealed,Duplicate Claim,
CLM511204,ENC111204,PT13174,PY01,2025-01-14,2025-01-16,520.88,144.52,24.32,120.20,Paid,,2025-02-06
CLM511205,ENC111205,PT11209,PY01,2025-01-14,2025-01-18,418.25,137.11,22.79,114.32,Paid,,2025-02-03
CLM511206,ENC111206,PT12385,PY05,2025-01-14,2025-01-21,125.24,58.39,9.42,48.97,Paid,,2025-02-13
CLM511207,ENC111207,PT13253,PY02,2025-01-14,2025-01-16,496.18,174.09,20.24,153.85,Paid,,2025-03-05
CLM511208,ENC111208,PT11934,PY07,2025-01-14,2025-01-15,11536.03,4274.27,4274.27,2511.88,Partially Paid,,2025-03-01
CLM511209,ENC111209,PT12270,PY01,2025-01-15,2025-01-20,6554.82,1749.63,169.75,1579.88,Paid,,2025-02-07
CLM511210,ENC111210,PT13789,PY01,2025-01-14,2025-01-24,10758.19,3386.51,385.68,3000.83,Paid,,2025-02-06
CLM511211,ENC111211,PT10372,PY01,2025-01-14,2025-01-18,4283.92,1184.28,222.55,961.73,Paid,,2025-01-30
CLM511213,ENC111213,PT10219,PY01,2025-01-14,2025-01-17,1636.64,464.05,39.77,424.28,Paid,,2025-01-26
CLM511214,ENC111214,PT13934,PY04,2025-01-14,2025-01-19,130.54,0.00,0.00,0.00,Denied,Medical Necessity,
CLM511215,ENC111215,PT11403,PY03,2025-01-14,2025-01-15,5365.59,1371.81,0.00,1371.81,Paid,,2025-02-12
CLM511216,ENC111216,PT13609,PY06,2025-01-14,2025-01-18,335.39,191.75,14.07,83.68,Partially Paid,Missing Documentation,2025-02-03
CLM511217,ENC111217,PT12510,PY05,2025-01-14,2025-01-17,1249.75,557.15,25.34,531.81,Paid,,2025-02-18
CLM511218,ENC111218,PT10213,PY05,2025-01-16,2025-01-25,5952.42,2890.56,77.12,2813.44,Paid,,2025-02-25
CLM511219,ENC111219,PT12002,PY04,2025-01-14,2025-01-19,1679.71,0.00,0.00,0.00,Denied,Authorization Required,
CLM511220,ENC111220,PT13970,PY05,2025-01-15,2025-01-20,6827.42,3604.80,526.32,3078.48,Paid,,2025-02-23
CLM511221,ENC111221,PT11459,PY06,2025-01-14,2025-01-16,1954.28,990.18,74.86,915.32,Paid,,2025-02-27
CLM511222,ENC111222,PT12878,PY04,2025-01-17,2025-01-18,13819.55,6991.03,912.66,6078.37,Paid,,2025-02-06
CLM511223,ENC111223,PT11247,PY04,2025-01-14,2025-01-21,4667.79,2349.09,228.62,2120.47,Paid,,2025-02-14
CLM511224,ENC111224,PT10119,PY03,2025-01-22,2025-01-30,26964.62,0.00,0.00,0.00,Denied,Medical Necessity,
CLM511225,ENC111225,PT10652,PY05,2025-01-20,2025-01-24,60727.45,27641.81,3957.67,23684.14,Paid,,2025-03-05
CLM511226,ENC111226,PT13398,PY03,2025-01-15,2025-01-23,2519.90,0.00,0.00,0.00,Denied,Coding Error,
CLM511228,ENC111228,PT11125,PY02,2025-01-16,2025-01-19,6066.48,1903.44,150.36,1753.08,Paid,,2025-02-13
CLM511229,ENC111229,PT10151,PY06,2025-01-15,2025-01-17,467.35,296.96,25.83,271.13,Paid,,2025-02-05
CLM511230,ENC111230,PT11551,PY02,2025-01-15,2025-01-25,6309.00,1996.72,203.65,1793.07,Paid,,2025-03-16
CLM511231,ENC111231,PT11719,PY01,2025-01-15,2025-01-20,1501.06,455.09,69.61,385.48,Paid,,2025-02-03
CLM511232,ENC111232,PT13057,PY05,2025-01-15,2025-01-21,176.35,87.51,14.68,72.83,Paid,,2025-02-24
CLM511233,ENC111233,PT13536,PY02,2025-01-19,2025-01-24,23835.84,7826.55,550.71,7275.84,Paid,,2025-03-08
CLM511234,ENC111234,PT11641,PY06,2025-01-15,2025-01-18,285.17,172.77,35.22,137.55,Paid,,2025-02-21
CLM511235,ENC111235,PT13899,PY05,2025-01-15,2025-01-16,401.67,189.76,35.89,153.87,Paid,,2025-03-07
CLM511236,ENC111236,PT10802,PY02,2025-01-15,2025-01-18,16397.79,5990.60,354.10,5636.50,Paid,,2025-02-14
CLM511238,ENC111238,PT11333,PY01,2025-01-15,2025-01-30,2201.81,0.00,0.00,0.00,Denied,Authorization Required,
CLM511239,ENC111239,PT13983,PY02,2025-01-15,2025-01-25,3732.68,1245.38,80.01,1165.37,Paid,,2025-02-18
CLM511241,ENC111241,PT11818,PY01,2025-01-15,2025-01-21,271.64,82.09,5.83,76.26,Paid,,2025-02-04
CLM511242,ENC111242,PT11492,PY02,2025-01-15,2025-01-18,139.12,0.00,0.00,0.00,Denied,Missing Documentation,
CLM511243,ENC111243,PT11131,PY07,2025-01-19,2025-01-26,30320.76,11358.72,11358.72,0.00,Pending,,
CLM511244,ENC111244,PT12494,PY03,2025-01-20,2025-01-23,22337.29,5396.13,0.00,5396.13,Paid,,2025-02-24
CLM511245,ENC111245,PT12429,PY01,2025-01-15,2025-01-16,724.51,221.09,29.02,192.07,Paid,,2025-01-28
CLM511246,ENC111246,PT12697,PY04,2025-01-15,2025-01-19,362.41,185.66,36.18,149.48,Paid,,2025-02-05
CLM511247,ENC111247,PT10889,PY06,2025-01-17,2025-01-19,29968.16,15013.46,3061.50,11951.96,Paid,,2025-02-09
CLM511248,ENC111248,PT12256,PY05,2025-01-15,2025-01-24,1582.78,791.97,96.31,695.66,Paid,,2025-03-02
CLM511249,ENC111249,PT10171,PY01,2025-01-19,2025-01-20,18956.94,6188.18,841.55,5346.63,Paid,,2025-02-05
CLM511250,ENC111250,PT11353,PY06,2025-01-15,2025-01-17,555.65,308.70,49.22,259.48,Paid,,2025-02-06
CLM511251,ENC111251,PT12893,PY04,2025-01-16,2025-01-18,8410.08,4469.94,578.50,3891.44,Paid,,2025-02-21
CLM511252,ENC111252,PT10321,PY04,2025-01-17,2025-01-27,9278.94,4525.68,477.55,4048.13,Paid,,2025-02-26
CLM511253,ENC111253,PT10610,PY04,2025-01-18,2025-01-22,15846.72,0.00,0.00,0.00,Denied,Medical Necessity,
CLM511256,ENC111256,PT12958,PY02,2025-01-16,2025-01-25,5112.95,1818.59,142.37,1676.22,Paid,,2025-04-05
CLM511257,ENC111257,PT12636,PY01,2025-01-21,2025-01-26,24715.00,7415.37,570.97,6844.40,Paid,,2025-02-09
CLM511258,ENC111258,PT13821,PY06,2025-01-19,2025-01-22,18753.47,9248.68,1908.62,7340.06,Paid,,2025-02-14
CLM511259,ENC111259,PT13979,PY01,2025-01-16,2025-01-19,1267.48,0.00,0.00,0.00,Appealed,Eligibility / Coverage,
CLM511260,ENC111260,PT12177,PY05,2025-01-16,2025-01-20,178.32,90.75,10.68,80.07,Paid,,2025-02-13
CLM511261,ENC111261,PT11551,PY02,2025-01-24,2025-01-31,103664.29,34278.40,2758.68,31519.72,Paid,,2025-02-18
CLM511262,ENC111262,PT12890,PY03,2025-01-16,2025-01-18,106.04,25.42,0.00,25.42,Paid,,2025-02-13
CLM511263,ENC111263,PT13734,PY01,2025-01-17,2025-01-23,11145.28,3736.66,330.16,3406.50,Paid,,2025-02-11
CLM511264,ENC111264,PT10248,PY04,2025-01-16,2025-01-19,346.57,178.43,22.34,156.09,Paid,,2025-02-09
CLM511265,ENC111265,PT11428,PY01,2025-01-17,2025-01-22,5783.16,1644.31,147.29,1497.02,Paid,,2025-02-08
CLM511266,ENC111266,PT11413,PY03,2025-01-16,2025-01-17,141.53,40.54,0.00,40.54,Paid,,2025-02-14
CLM511267,ENC111267,PT13570,PY04,2025-01-16,2025-01-19,713.22,445.47,44.89,400.58,Paid,,2025-02-08
CLM511268,ENC111268,PT12608,PY06,2025-01-16,2025-01-19,464.84,237.83,18.56,219.27,Paid,,2025-02-08
CLM511269,ENC111269,PT11716,PY02,2025-01-16,2025-01-20,278.85,92.47,5.00,87.47,Paid,,2025-02-07
CLM511270,ENC111270,PT10474,PY05,2025-01-16,2025-01-23,304.07,156.77,18.74,138.03,Paid,,2025-02-15
CLM511271,ENC111271,PT10301,PY03,2025-01-16,2025-01-19,473.68,111.37,0.00,111.37,Paid,,2025-02-14
CLM511272,ENC111272,PT11762,PY03,2025-01-16,2025-01-19,5976.25,1322.12,0.00,1322.12,Paid,,2025-02-16
CLM511273,ENC111273,PT12791,PY03,2025-01-16,2025-01-23,266.78,65.80,0.00,65.80,Paid,,2025-03-08
CLM511274,ENC111274,PT12142,PY07,2025-01-16,2025-01-21,2776.54,964.19,964.19,964.19,Paid,,2025-03-12
CLM511275,ENC111275,PT12052,PY04,2025-01-16,2025-01-20,1489.24,0.00,0.00,0.00,Denied,Authorization Required,
CLM511276,ENC111276,PT10822,PY01,2025-01-16,2025-01-18,1011.37,324.33,22.55,301.78,Paid,,2025-02-01
CLM511279,ENC111279,PT11504,PY01,2025-01-16,2025-01-21,282.54,92.85,10.63,82.22,Paid,,2025-02-03
CLM511280,ENC111280,PT13057,PY05,2025-01-16,2025-01-20,3663.83,1659.12,355.49,1303.63,Paid,,2025-02-10
CLM511281,ENC111281,PT10002,PY01,2025-01-16,2025-01-29,140.01,43.82,2.28,41.54,Paid,,2025-02-09
CLM511283,ENC111283,PT11696,PY01,2025-01-16,2025-01-22,537.08,154.08,8.26,145.82,Paid,,2025-02-04
CLM511284,ENC111284,PT12391,PY03,2025-01-16,2025-01-18,312.52,82.34,0.00,82.34,Paid,,2025-02-28
CLM511285,ENC111285,PT13464,PY02,2025-01-16,2025-01-23,511.19,169.68,10.43,159.25,Paid,,2025-02-18
CLM511286,ENC111286,PT11542,PY02,2025-01-16,2025-01-27,122.73,39.49,4.09,35.40,Paid,,2025-02-25
CLM511287,ENC111287,PT13985,PY01,2025-01-16,2025-01-19,246.38,0.00,0.00,0.00,Denied,Authorization Required,
CLM511288,ENC111288,PT11083,PY03,2025-01-20,2025-01-28,20453.38,0.00,0.00,0.00,Denied,Eligibility / Coverage,
CLM511289,ENC111289,PT13004,PY01,2025-01-26,2025-01-30,41322.22,13032.23,1928.66,11103.57,Paid,,2025-02-07
CLM511291,ENC111291,PT10132,PY01,2025-01-20,2025-01-26,14176.82,4116.17,474.63,3641.54,Paid,,2025-02-13
CLM511292,ENC111292,PT12102,PY05,2025-01-16,2025-01-21,833.16,391.89,55.59,336.30,Paid,,2025-02-09
CLM511293,ENC111293,PT11784,PY05,2025-01-16,2025-01-19,1202.42,587.38,65.34,370.32,Partially Paid,Coding Error,2025-02-23
CLM511294,ENC111294,PT10120,PY05,2025-01-17,2025-01-21,2540.52,1236.50,171.35,1065.15,Paid,,2025-02-18
CLM511295,ENC111295,PT13157,PY04,2025-01-19,2025-01-24,11392.22,5828.67,242.74,5585.93,Paid,,2025-02-11
CLM511296,ENC111296,PT10329,PY01,2025-01-17,2025-01-27,2274.37,589.96,33.62,556.34,Paid,,2025-02-16
CLM511297,ENC111297,PT13981,PY02,2025-01-17,2025-01-23,8655.97,2949.60,199.61,2749.99,Paid,,2025-02-16
CLM511299,ENC111299,PT12193,PY01,2025-01-17,2025-01-23,596.28,169.52,20.14,117.25,Partially Paid,Medical Necessity,2025-03-09
CLM511300,ENC111300,PT11244,PY03,2025-01-17,2025-01-23,306.56,67.88,0.00,67.88,Paid,,2025-03-04
CLM511301,ENC111301,PT11771,PY03,2025-01-17,2025-01-23,200.35,44.57,0.00,36.48,Partially Paid,Missing Documentation,2025-03-06
CLM511302,ENC111302,PT10754,PY03,2025-01-17,2025-01-20,4099.75,1002.93,0.00,1002.93,Paid,,2025-02-17
CLM511303,ENC111303,PT13209,PY04,2025-01-17,2025-01-18,276.10,147.15,22.71,124.44,Paid,,2025-02-03
CLM511305,ENC111305,PT13469,PY01,2025-01-22,2025-01-23,57133.09,18709.21,1437.35,17271.86,Paid,,2025-02-21
CLM511306,ENC111306,PT13839,PY03,2025-01-17,2025-01-20,364.18,76.63,0.00,36.28,Partially Paid,Coding Error,2025-03-09
CLM511307,ENC111307,PT11193,PY01,2025-01-17,2025-01-23,232.42,67.91,4.17,63.74,Paid,,2025-02-03
CLM511309,ENC111309,PT13136,PY01,2025-01-17,2025-01-19,1679.50,517.33,50.66,466.67,Paid,,2025-02-02
CLM511310,ENC111310,PT10454,PY01,2025-01-17,2025-01-24,659.28,206.88,28.55,178.33,Paid,,2025-02-11
CLM511311,ENC111311,PT10666,PY03,2025-01-17,2025-01-21,4067.67,974.30,0.00,974.30,Paid,,2025-02-13
CLM511312,ENC111312,PT13507,PY03,2025-01-23,2025-01-25,40853.20,9944.54,0.00,9944.54,Paid,,2025-02-21
CLM511313,ENC111313,PT11284,PY04,2025-01-17,2025-01-20,2692.70,1325.90,235.82,1090.08,Paid,,2025-03-04
CLM511314,ENC111314,PT10529,PY01,2025-01-17,2025-01-22,169.35,54.63,3.78,50.85,Paid,,2025-01-27
CLM511315,ENC111315,PT11826,PY03,2025-01-17,2025-01-18,3011.60,699.07,0.00,699.07,Paid,,2025-02-15
CLM511316,ENC111316,PT12950,PY01,2025-01-17,2025-01-19,11940.86,3813.58,300.27,3513.31,Paid,,2025-02-06
CLM511317,ENC111317,PT10299,PY06,2025-01-17,2025-01-19,369.89,204.35,19.47,103.74,Partially Paid,Coding Error,2025-02-09
CLM511318,ENC111318,PT10088,PY01,2025-01-17,2025-01-19,531.32,161.71,22.18,139.53,Paid,,2025-02-03
CLM511320,ENC111320,PT12268,PY05,2025-01-17,2025-01-22,424.45,0.00,0.00,0.00,Denied,Medical Necessity,
CLM511321,ENC111321,PT13041,PY01,2025-01-22,2025-01-23,39149.73,13352.87,1857.80,11495.07,Paid,,2025-02-06
CLM511322,ENC111322,PT12996,PY01,2025-01-17,2025-01-27,301.20,107.24,7.16,100.08,Paid,,2025-02-16
CLM511323,ENC111323,PT12481,PY04,2025-01-22,2025-01-26,49464.66,28687.63,1026.52,27661.11,Paid,,2025-02-22
CLM511324,ENC111324,PT11303,PY03,2025-01-17,2025-01-21,297.03,75.20,0.00,75.20,Paid,,2025-03-10
CLM511325,ENC111325,PT13940,PY05,2025-01-19,2025-01-24,4409.79,2099.86,242.63,1857.23,Paid,,2025-02-24
CLM511326,ENC111326,PT10027,PY03,2025-01-18,2025-01-26,8558.54,2085.75,0.00,2085.75,Paid,,2025-02-13
CLM511327,ENC111327,PT12592,PY05,2025-01-18,2025-01-20,5764.68,2708.64,107.43,2601.21,Paid,,2025-02-21
CLM511328,ENC111328,PT10739,PY03,2025-01-20,2025-01-30,9611.08,2549.23,0.00,988.84,Partially Paid,Medical Necessity,2025-03-09
CLM511329,ENC111329,PT12391,PY03,2025-01-22,2025-01-25,26275.47,6021.87,0.00,6021.87,Paid,,2025-02-18
CLM511331,ENC111331,PT13150,PY03,2025-01-18,2025-01-25,3583.48,0.00,0.00,0.00,Denied,Authorization Required,
CLM511332,ENC111332,PT10101,PY02,2025-01-22,2025-01-26,25492.17,0.00,0.00,0.00,Appealed,Authorization Required,
CLM511333,ENC111333,PT12589,PY02,2025-01-18,2025-01-20,1153.22,400.74,20.48,380.26,Paid,,2025-02-12
CLM511334,ENC111334,PT10932,PY05,2025-01-18,2025-01-20,4019.23,1940.73,105.00,1835.73,Paid,,2025-02-19
CLM511335,ENC111335,PT12484,PY01,2025-01-20,2025-01-23,7486.05,2458.58,213.90,2244.68,Paid,,2025-02-04
CLM511336,ENC111336,PT13695,PY03,2025-01-19,2025-01-25,19068.71,4739.02,0.00,4739.02,Paid,,2025-02-15
CLM511337,ENC111337,PT12047,PY05,2025-01-25,2025-01-29,120200.14,54748.15,9152.47,45595.68,Paid,,2025-02-25
CLM511338,ENC111338,PT11388,PY04,2025-01-18,2025-01-23,1258.44,670.86,47.53,623.33,Paid,,2025-02-23
CLM511339,ENC111339,PT10400,PY02,2025-01-18,2025-01-23,1063.03,317.58,19.82,297.76,Paid,,2025-02-12
CLM511340,ENC111340,PT13603,PY02,2025-01-24,2025-01-29,21702.38,7143.93,541.32,6602.61,Paid,,2025-02-18
CLM511341,ENC111341,PT13962,PY07,2025-01-21,2025-01-27,30885.12,12619.93,12619.93,12619.93,Paid,,2025-04-01
CLM511342,ENC111342,PT10326,PY05,2025-01-18,2025-01-25,2368.36,1258.54,103.40,1155.14,Paid,,2025-02-11
CLM511343,ENC111343,PT11955,PY01,2025-01-20,2025-01-24,37411.55,11629.51,1516.41,10113.10,Paid,,2025-02-14
CLM511344,ENC111344,PT10485,PY06,2025-01-18,2025-01-24,2855.42,1521.81,110.40,1411.41,Paid,,2025-02-15
CLM511345,ENC111345,PT12819,PY02,2025-01-18,2025-01-21,1822.20,636.20,69.33,566.87,Paid,,2025-02-27
CLM511346,ENC111346,PT13864,PY02,2025-01-20,2025-01-27,11238.38,3661.80,251.97,3409.83,Paid,,2025-02-19
CLM511347,ENC111347,PT13131,PY01,2025-01-19,2025-01-23,4052.54,1306.55,63.65,1242.90,Paid,,2025-02-11
CLM511348,ENC111348,PT12857,PY04,2025-01-23,2025-01-25,39256.34,22859.11,1734.85,21124.26,Paid,,2025-02-17
CLM511349,ENC111349,PT12325,PY04,2025-01-20,2025-01-27,8017.50,4107.39,205.00,3902.39,Paid,,2025-03-04
CLM511351,ENC111351,PT12993,PY04,2025-01-22,2025-01-26,20293.67,10178.63,1557.89,8620.74,Paid,,2025-02-23
CLM511352,ENC111352,PT13585,PY06,2025-01-23,2025-01-27,21448.61,11926.97,1782.84,10144.13,Paid,,2025-02-11
CLM511353,ENC111353,PT10765,PY02,2025-01-19,2025-01-25,2852.55,1000.44,10.47,989.97,Paid,,2025-02-20
CLM511354,ENC111354,PT10649,PY01,2025-01-22,2025-01-27,16410.83,4799.54,494.68,4304.86,Paid,,2025-02-11
CLM511355,ENC111355,PT10894,PY03,2025-01-21,2025-01-22,15839.07,3746.63,0.00,3746.63,Paid,,2025-03-06
CLM511358,ENC111358,PT12511,PY02,2025-01-22,2025-01-24,12127.31,3579.36,130.25,1783.72,Partially Paid,Medical Necessity,2025-02-12
CLM511359,ENC111359,PT12514,PY03,2025-01-19,2025-01-21,3964.55,920.92,0.00,920.92,Paid,,2025-02-18
CLM511360,ENC111360,PT10021,PY06,2025-01-22,2025-01-25,14985.10,8593.17,1011.31,7581.86,Paid,,2025-02-09
CLM511361,ENC111361,PT11947,PY02,2025-01-19,2025-01-24,943.82,314.14,31.79,282.35,Paid,,2025-02-14
CLM511362,ENC111362,PT10418,PY03,2025-01-20,2025-01-27,6649.68,1711.83,0.00,1472.90,Partially Paid,Coding Error,2025-04-17
CLM511363,ENC111363,PT13163,PY07,2025-01-19,2025-01-22,1251.14,551.07,551.07,0.00,Pending,,
CLM511364,ENC111364,PT11610,PY03,2025-01-19,2025-01-23,1540.59,375.90,0.00,375.90,Paid,,2025-02-16
CLM511365,ENC111365,PT11851,PY01,2025-01-19,2025-01-31,832.97,246.18,28.71,217.47,Paid,,2025-02-12
CLM511366,ENC111366,PT11842,PY01,2025-01-19,2025-01-24,1746.55,525.67,23.36,502.31,Paid,,2025-02-06
CLM511367,ENC111367,PT10016,PY04,2025-01-20,2025-01-23,9933.16,5451.33,462.69,4988.64,Paid,,2025-02-23
CLM511368,ENC111368,PT10838,PY06,2025-01-20,2025-01-22,8508.35,4991.34,774.43,4216.91,Paid,,2025-02-12
CLM511370,ENC111370,PT11646,PY04,2025-01-21,2025-01-29,11556.68,6523.81,842.68,5681.13,Paid,,2025-02-25
CLM511371,ENC111371,PT10162,PY04,2025-01-20,2025-01-26,483.26,248.74,18.20,230.54,Paid,,2025-02-16
CLM511372,ENC111372,PT11608,PY04,2025-01-20,2025-01-25,163.79,88.79,12.37,76.42,Paid,,2025-02-14
CLM511373,ENC111373,PT11791,PY01,2025-01-20,2025-01-22,3103.00,932.78,135.96,796.82,Paid,,2025-02-04
CLM511374,ENC111374,PT11132,PY03,2025-01-20,2025-01-24,245.63,57.15,0.00,57.15,Paid,,2025-02-18
CLM511375,ENC111375,PT13574,PY05,2025-01-20,2025-01-26,291.98,167.20,16.97,150.23,Paid,,2025-02-14
CLM511376,ENC111376,PT12049,PY01,2025-01-21,2025-01-23,6587.70,1946.37,0.00,1470.40,Partially Paid,Coding Error,2025-02-11
CLM511377,ENC111377,PT12796,PY03,2025-01-28,2025-01-31,44045.97,11532.67,0.00,11532.67,Paid,,2025-02-24
CLM511378,ENC111378,PT12467,PY04,2025-01-25,2025-01-27,24516.56,13583.57,1947.76,11635.81,Paid,,2025-02-12
CLM511379,ENC111379,PT13424,PY05,2025-01-20,2025-01-24,4104.08,1850.72,220.70,1630.02,Paid,,2025-02-21
CLM511380,ENC111380,PT10173,PY01,2025-01-20,2025-01-22,3893.49,1280.91,153.72,1127.19,Paid,,2025-02-05
CLM511381,ENC111381,PT10411,PY01,2025-01-20,2025-01-27,174.70,53.70,3.00,50.70,Paid,,2025-02-05
CLM511382,ENC111382,PT10691,PY04,2025-01-24,2025-01-28,27239.06,14545.27,2153.20,12392.07,Paid,,2025-02-14
CLM511383,ENC111383,PT12584,PY02,2025-01-20,2025-01-23,475.03,151.85,14.50,137.35,Paid,,2025-02-11
CLM511385,ENC111385,PT13097,PY01,2025-01-20,2025-01-24,412.43,0.00,0.00,0.00,Denied,Coding Error,
CLM511387,ENC111387,PT13505,PY06,2025-01-20,2025-01-29,128.60,74.69,8.53,66.16,Paid,,2025-02-17
CLM511388,ENC111388,PT13563,PY01,2025-01-23,2025-01-29,19379.12,5031.04,500.08,4530.96,Paid,,2025-02-11
CLM511389,ENC111389,PT13731,PY04,2025-01-22,2025-01-25,25909.16,12921.29,885.68,12035.61,Paid,,2025-02-11
CLM511390,ENC111390,PT13832,PY01,2025-01-20,2025-01-29,14358.29,4819.60,577.16,4242.44,Paid,,2025-02-12
CLM511391,ENC111391,PT11195,PY01,2025-01-20,2025-01-22,2808.49,819.54,114.36,705.18,Paid,,2025-01-30
CLM511392,ENC111392,PT12068,PY04,2025-01-20,2025-01-22,119.31,58.23,3.63,34.13,Partially Paid,Coding Error,2025-02-09
CLM511393,ENC111393,PT10740,PY04,2025-01-21,2025-01-23,10471.55,5203.56,798.61,4404.95,Paid,,2025-02-13
CLM511394,ENC111394,PT11635,PY07,2025-01-20,2025-01-23,119.04,47.63,47.63,0.00,Pending,,
CLM511395,ENC111395,PT13400,PY04,2025-01-20,2025-01-25,194.21,98.71,6.95,91.76,Paid,,2025-02-17
CLM511396,ENC111396,PT11177,PY02,2025-01-20,2025-01-29,111.77,37.33,3.55,33.78,Paid,,2025-02-21
CLM511397,ENC111397,PT12860,PY07,2025-01-20,2025-01-24,1054.43,399.64,399.64,56.40,Partially Paid,,2025-03-15
CLM511398,ENC111398,PT12479,PY06,2025-01-20,2025-01-28,479.14,0.00,0.00,0.00,Denied,Eligibility / Coverage,
CLM511399,ENC111399,PT10384,PY03,2025-01-20,2025-01-23,467.86,113.60,0.00,113.60,Paid,,2025-03-18
CLM511400,ENC111400,PT10175,PY04,2025-01-20,2025-01-26,140.34,73.98,10.85,63.13,Paid,,2025-02-13
CLM511401,ENC111401,PT10879,PY01,2025-01-20,2025-01-22,8046.20,2509.46,260.75,1483.93,Partially Paid,Coding Error,2025-02-11
CLM511403,ENC111403,PT12259,PY04,2025-01-22,2025-01-23,7918.77,4412.80,758.75,3654.05,Paid,,2025-02-17
CLM511404,ENC111404,PT10463,PY02,2025-01-20,2025-01-26,814.60,278.85,14.34,264.51,Paid,,2025-03-16
CLM511405,ENC111405,PT12617,PY04,2025-01-20,2025-01-25,378.94,0.00,0.00,0.00,Denied,Eligibility / Coverage,
CLM511406,ENC111406,PT13103,PY06,2025-01-20,2025-01-28,419.56,196.67,3.29,193.38,Paid,,2025-02-22
CLM511407,ENC111407,PT10133,PY02,2025-01-20,2025-01-21,1686.78,493.87,39.78,454.09,Paid,,2025-03-16
CLM511408,ENC111408,PT10600,PY06,2025-01-27,2025-01-30,34599.32,18167.34,2008.40,9457.84,Partially Paid,Coding Error,2025-02-25
CLM511411,ENC111411,PT11789,PY07,2025-01-21,2025-01-23,3301.99,1267.30,1267.30,0.00,Pending,,
CLM511412,ENC111412,PT13555,PY01,2025-01-21,2025-01-26,3458.74,1072.15,133.45,938.70,Paid,,2025-02-05
CLM511413,ENC111413,PT13218,PY06,2025-01-24,2025-01-28,11966.90,0.00,0.00,0.00,Denied,Medical Necessity,
CLM511414,ENC111414,PT12180,PY02,2025-01-21,2025-01-28,4210.76,1379.75,51.54,1328.21,Paid,,2025-02-11
CLM511416,ENC111416,PT12298,PY03,2025-01-24,2025-01-27,20557.46,4684.37,0.00,4684.37,Paid,,2025-03-11
CLM511417,ENC111417,PT12081,PY01,2025-01-21,2025-01-28,341.89,105.60,9.86,95.74,Paid,,2025-02-04
CLM511418,ENC111418,PT12562,PY04,2025-01-21,2025-01-27,315.38,161.69,39.10,122.59,Paid,,2025-02-14
CLM511419,ENC111419,PT11819,PY04,2025-01-21,2025-01-24,1327.89,0.00,0.00,0.00,Denied,Coding Error,
CLM511421,ENC111421,PT12085,PY05,2025-01-23,2025-01-25,13768.21,7121.85,1076.43,6045.42,Paid,,2025-02-22
CLM511422,ENC111422,PT11661,PY04,2025-01-21,2025-01-28,4645.70,2498.16,45.93,2452.23,Paid,,2025-02-14
CLM511423,ENC111423,PT13669,PY02,2025-01-26,2025-01-30,15566.41,0.00,0.00,0.00,Denied,Coding Error,
CLM511424,ENC111424,PT13640,PY05,2025-01-22,2025-01-29,4972.60,2353.63,311.65,2041.98,Paid,,2025-02-24
CLM511425,ENC111425,PT13059,PY03,2025-01-21,2025-01-26,195.34,43.68,0.00,43.68,Paid,,2025-03-16
CLM511426,ENC111426,PT10909,PY04,2025-01-21,2025-01-24,2389.94,1247.34,154.02,1093.32,Paid,,2025-02-15
CLM511427,ENC111427,PT12717,PY05,2025-01-21,2025-01-24,2001.95,922.99,142.43,780.56,Paid,,2025-02-27
CLM511428,ENC111428,PT10087,PY05,2025-01-21,2025-01-23,3042.79,1337.51,278.48,1059.03,Paid,,2025-03-16
CLM511429,ENC111429,PT13524,PY05,2025-01-21,2025-01-23,183.73,99.71,6.53,93.18,Paid,,2025-03-20
CLM511430,ENC111430,PT12777,PY01,2025-01-21,2025-01-25,444.52,143.07,15.39,127.68,Paid,,2025-02-08
CLM511431,ENC111431,PT11259,PY01,2025-01-21,2025-01-24,336.06,112.47,10.69,101.78,Paid,,2025-02-10
CLM511432,ENC111432,PT12763,PY02,2025-01-21,2025-01-29,234.01,86.96,7.37,79.59,Paid,,2025-03-05
CLM511433,ENC111433,PT12142,PY07,2025-01-23,2025-01-30,11547.36,4321.14,4321.14,4321.14,Paid,,2025-03-10
CLM511435,ENC111435,PT13099,PY06,2025-01-21,2025-01-26,4284.03,2342.03,213.71,2128.32,Paid,,2025-02-25
CLM511436,ENC111436,PT13790,PY06,2025-01-23,2025-01-25,20379.81,11286.73,887.06,10399.67,Paid,,2025-02-19
CLM511438,ENC111438,PT12015,PY04,2025-01-24,2025-01-28,11005.02,5714.74,284.59,5430.15,Paid,,2025-02-09
CLM511439,ENC111439,PT10685,PY04,2025-01-22,2025-01-25,9317.32,4715.95,191.03,4524.92,Paid,,2025-02-16
CLM511441,ENC111441,PT10939,PY01,2025-01-25,2025-01-30,42607.04,13283.85,949.02,12334.83,Paid,,2025-02-10
CLM511442,ENC111442,PT11177,PY02,2025-01-21,2025-01-28,298.65,93.71,9.44,84.27,Paid,,2025-03-05
CLM511443,ENC111443,PT12841,PY02,2025-01-21,2025-01-30,206.30,66.90,1.93,57.29,Partially Paid,Missing Documentation,2025-03-07
CLM511444,ENC111444,PT12276,PY03,2025-01-21,2025-01-28,2850.39,764.74,0.00,675.46,Partially Paid,Coding Error,2025-03-27
CLM511445,ENC111445,PT13550,PY01,2025-01-21,2025-01-23,228.64,0.00,0.00,0.00,Appealed,Authorization Required,
CLM511446,ENC111446,PT11178,PY05,2025-01-21,2025-01-25,405.62,195.11,5.66,189.45,Paid,,2025-03-16
CLM511447,ENC111447,PT11768,PY03,2025-01-21,2025-01-27,226.29,55.61,0.00,55.61,Paid,,2025-03-01
CLM511448,ENC111448,PT10701,PY03,2025-01-21,2025-01-25,372.62,100.88,0.00,100.88,Paid,,2025-02-23
CLM511450,ENC111450,PT13111,PY03,2025-01-21,2025-01-27,191.73,45.19,0.00,45.19,Paid,,2025-03-19
CLM511452,ENC111452,PT12869,PY03,2025-01-21,2025-01-31,2627.91,548.90,0.00,548.90,Paid,,2025-03-01
CLM511453,ENC111453,PT13582,PY01,2025-01-21,2025-01-22,4207.59,1393.33,141.97,1251.36,Paid,,2025-02-07
CLM511454,ENC111454,PT12424,PY07,2025-01-22,2025-01-24,6864.06,2704.60,2704.60,0.00,Pending,,
CLM511455,ENC111455,PT11820,PY02,2025-01-21,2025-01-24,2254.82,755.51,7.51,748.00,Paid,,2025-02-27
CLM511456,ENC111456,PT13391,PY02,2025-01-26,2025-01-27,27436.51,9837.72,510.50,9327.22,Paid,,2025-02-13
CLM511457,ENC111457,PT13374,PY03,2025-01-22,2025-01-24,4174.76,1167.80,0.00,1167.80,Paid,,2025-02-14
CLM511458,ENC111458,PT10555,PY02,2025-01-26,2025-01-28,63277.54,21917.23,1556.97,20360.26,Paid,,2025-02-17
CLM511459,ENC111459,PT13134,PY05,2025-01-22,2025-01-24,759.89,355.76,65.06,290.70,Paid,,2025-02-13
CLM511460,ENC111460,PT12636,PY01,2025-01-22,2025-01-24,3294.50,1056.94,50.47,1006.47,Paid,,2025-02-13
CLM511461,ENC111461,PT10133,PY02,2025-01-24,2025-01-27,27308.57,8632.55,400.57,7323.12,Partially Paid,Missing Documentation,2025-02-10
CLM511462,ENC111462,PT10261,PY03,2025-01-22,2025-01-25,1838.15,0.00,0.00,0.00,Appealed,Authorization Required,
CLM511463,ENC111463,PT11729,PY02,2025-01-22,2025-01-27,361.51,111.66,13.95,97.71,Paid,,2025-02-25
CLM511464,ENC111464,PT13412,PY01,2025-01-22,2025-01-26,314.83,85.63,12.67,72.96,Paid,,2025-02-07
CLM511465,ENC111465,PT13597,PY04,2025-01-22,2025-01-23,324.67,178.46,9.77,168.69,Paid,,2025-02-03
CLM511467,ENC111467,PT12918,PY01,2025-01-22,2025-01-24,6986.00,2226.07,165.94,2060.13,Paid,,2025-02-12
CLM511468,ENC111468,PT13653,PY04,2025-01-26,2025-01-28,17891.57,9168.24,838.96,8329.28,Paid,,2025-03-09
CLM511469,ENC111469,PT10079,PY06,2025-01-22,2025-01-26,196.31,104.46,4.25,100.21,Paid,,2025-02-24
CLM511470,ENC111470,PT10572,PY05,2025-01-22,2025-01-23,319.82,171.46,11.51,159.95,Paid,,2025-02-16
CLM511471,ENC111471,PT10763,PY01,2025-01-22,2025-01-30,1463.23,469.78,29.07,440.71,Paid,,2025-02-08
CLM511472,ENC111472,PT11232,PY03,2025-01-22,2025-01-27,3648.96,840.20,0.00,840.20,Paid,,2025-02-23
CLM511474,ENC111474,PT13408,PY04,2025-01-22,2025-01-27,1686.79,812.77,68.91,743.86,Paid,,2025-03-04
CLM511475,ENC111475,PT12853,PY07,2025-01-22,2025-01-30,3671.68,1567.33,1567.33,916.25,Partially Paid,,2025-05-07
CLM511476,ENC111476,PT10681,PY01,2025-01-25,2025-01-27,16840.92,5374.13,960.61,4413.52,Paid,,2025-02-08
CLM511477,ENC111477,PT11732,PY03,2025-01-22,2025-01-26,139.29,31.44,0.00,31.44,Paid,,2025-02-27
CLM511478,ENC111478,PT13195,PY04,2025-01-25,2025-01-30,9294.09,4738.27,614.10,4124.17,Paid,,2025-03-04
CLM511479,ENC111479,PT10112,PY02,2025-01-22,2025-01-25,238.14,71.75,4.47,67.28,Paid,,2025-03-02
CLM511480,ENC111480,PT13325,PY03,2025-01-22,2025-01-23,370.00,94.57,0.00,94.57,Paid,,2025-03-22
CLM511481,ENC111481,PT11733,PY02,2025-01-22,2025-01-27,8483.06,2928.79,45.68,2883.11,Paid,,2025-02-28
CLM511483,ENC111483,PT12267,PY03,2025-01-22,2025-01-28,199.49,43.71,0.00,43.71,Paid,,2025-03-03
CLM511484,ENC111484,PT13411,PY06,2025-01-22,2025-01-27,455.09,255.79,36.04,219.75,Paid,,2025-03-04
CLM511486,ENC111486,PT13877,PY02,2025-01-26,2025-01-30,24920.76,9207.80,691.16,8516.64,Paid,,2025-03-11
CLM511488,ENC111488,PT10670,PY06,2025-01-22,2025-01-24,4951.22,2798.85,392.05,2406.80,Paid,,2025-02-05
CLM511489,ENC111489,PT13908,PY06,2025-01-25,2025-01-31,45789.95,25394.66,2306.66,23088.00,Paid,,2025-03-14
CLM511490,ENC111490,PT10653,PY01,2025-01-22,2025-01-28,2676.42,879.45,37.69,841.76,Paid,,2025-02-07
CLM511491,ENC111491,PT12160,PY03,2025-01-22,2025-01-26,1077.88,223.89,0.00,223.89,Paid,,2025-02-19
CLM511492,ENC111492,PT13398,PY03,2025-01-23,2025-01-25,2272.60,531.72,0.00,531.72,Paid,,2025-03-09
CLM511493,ENC111493,PT13127,PY04,2025-01-24,2025-01-27,14081.17,6961.32,581.80,6379.52,Paid,,2025-03-14
CLM511494,ENC111494,PT10096,PY05,2025-01-23,2025-01-29,3525.66,1796.95,166.43,1630.52,Paid,,2025-02-27
CLM511496,ENC111496,PT10487,PY06,2025-01-23,2025-01-24,3021.66,1504.54,171.24,469.03,Partially Paid,Coding Error,2025-02-10
CLM511497,ENC111497,PT13090,PY01,2025-01-29,2025-01-30,20563.38,5775.93,594.45,5181.48,Paid,,2025-02-22
CLM511498,ENC111498,PT11459,PY06,2025-01-23,2025-01-31,1857.57,969.53,133.50,836.03,Paid,,2025-03-06
CLM511499,ENC111499,PT12399,PY02,2025-01-25,2025-01-29,51630.01,0.00,0.00,0.00,Appealed,Eligibility / Coverage,
CLM511502,ENC111502,PT13163,PY07,2025-01-23,2025-01-26,333.74,138.01,138.01,99.93,Partially Paid,,2025-03-14
CLM511503,ENC111503,PT12513,PY02,2025-01-23,2025-01-26,322.91,119.81,9.13,110.68,Paid,,2025-02-13
CLM511504,ENC111504,PT11787,PY05,2025-01-26,2025-01-31,16271.30,8045.13,1078.87,6966.26,Paid,,2025-03-30
CLM511506,ENC111506,PT12341,PY07,2025-01-23,2025-01-30,3929.70,1759.35,1759.35,514.45,Partially Paid,,2025-04-03
CLM511507,ENC111507,PT11068,PY04,2025-01-23,2025-01-31,3253.76,1670.44,252.38,1418.06,Paid,,2025-03-15
CLM511508,ENC111508,PT13190,PY06,2025-01-23,2025-01-26,227.85,122.51,19.48,103.03,Paid,,2025-02-19
CLM511510,ENC111510,PT12699,PY02,2025-01-23,2025-01-24,249.02,90.17,5.11,85.06,Paid,,2025-02-19
CLM511512,ENC111512,PT12518,PY01,2025-01-24,2025-01-30,7221.88,2128.31,215.24,1913.07,Paid,,2025-02-09
CLM511514,ENC111514,PT12130,PY02,2025-01-23,2025-01-27,245.23,0.00,0.00,0.00,Denied,Coding Error,
CLM511515,ENC111515,PT13000,PY01,2025-01-23,2025-01-24,127.85,38.06,3.92,34.14,Paid,,2025-02-06
CLM511517,ENC111517,PT10593,PY02,2025-01-23,2025-01-31,3986.84,1290.17,73.37,1216.80,Paid,,2025-03-07
CLM511519,ENC111519,PT12322,PY01,2025-01-23,2025-01-29,397.07,132.54,12.23,120.31,Paid,,2025-02-12
CLM511520,ENC111520,PT10988,PY01,2025-01-23,2025-01-29,482.95,159.13,11.17,147.96,Paid,,2025-02-06
CLM511521,ENC111521,PT11488,PY07,2025-01-24,2025-01-26,12029.45,4558.96,4558.96,0.00,Pending,,
CLM511522,ENC111522,PT10956,PY04,2025-01-28,2025-01-30,13791.72,6554.93,1002.43,5552.50,Paid,,2025-02-20
CLM511523,ENC111523,PT12950,PY01,2025-01-23,2025-01-26,320.01,103.99,5.83,98.16,Paid,,2025-02-07
CLM511524,ENC111524,PT11572,PY04,2025-01-23,2025-01-27,466.62,239.90,30.39,209.51,Paid,,2025-02-20
CLM511525,ENC111525,PT10059,PY05,2025-01-23,2025-01-31,237.83,103.48,12.56,90.92,Paid,,2025-02-23
CLM511526,ENC111526,PT12188,PY03,2025-01-23,2025-01-27,363.87,85.65,0.00,85.65,Paid,,2025-03-12
CLM511527,ENC111527,PT10950,PY03,2025-01-23,2025-01-28,2729.28,0.00,0.00,0.00,Denied,Authorization Required,
CLM511528,ENC111528,PT12609,PY04,2025-01-23,2025-01-26,537.12,265.21,23.28,241.93,Paid,,2025-02-12
CLM511529,ENC111529,PT12311,PY03,2025-01-23,2025-01-27,6069.20,0.00,0.00,0.00,Denied,Missing Documentation,
CLM511530,ENC111530,PT13552,PY04,2025-01-23,2025-01-29,3943.56,2321.19,247.15,2074.04,Paid,,2025-02-23
CLM511531,ENC111531,PT11645,PY04,2025-01-23,2025-01-27,857.41,445.25,52.30,392.95,Paid,,2025-02-26
CLM511532,ENC111532,PT13068,PY04,2025-01-23,2025-01-25,1069.62,555.11,49.01,506.10,Paid,,2025-02-11
CLM511533,ENC111533,PT13124,PY03,2025-01-23,2025-01-25,1663.77,380.12,0.00,380.12,Paid,,2025-02-20
CLM511535,ENC111535,PT10054,PY05,2025-01-24,2025-01-27,2875.28,1395.75,128.22,1267.53,Paid,,2025-03-11
CLM511536,ENC111536,PT13792,PY01,2025-01-25,2025-01-27,34202.66,11552.93,427.89,11125.04,Paid,,2025-02-15
CLM511537,ENC111537,PT12839,PY03,2025-01-24,2025-01-25,3493.26,869.19,0.00,869.19,Paid,,2025-03-07
CLM511539,ENC111539,PT12073,PY03,2025-01-24,2025-01-26,969.31,207.80,0.00,207.80,Paid,,2025-03-19
CLM511540,ENC111540,PT10117,PY04,2025-01-24,2025-01-28,1733.72,872.43,221.77,650.66,Paid,,2025-02-22
CLM511544,ENC111544,PT10648,PY07,2025-01-25,2025-01-29,14859.00,5375.73,5375.73,2275.11,Partially Paid,,2025-04-01
CLM511548,ENC111548,PT10095,PY04,2025-01-24,2025-01-27,415.12,210.42,0.47,209.95,Paid,,2025-02-08
CLM511550,ENC111550,PT12477,PY03,2025-01-24,2025-01-29,1588.68,386.33,0.00,386.33,Paid,,2025-02-25
CLM511552,ENC111552,PT13331,PY04,2025-01-24,2025-01-27,183.58,91.51,8.29,83.22,Paid,,2025-02-15
CLM511553,ENC111553,PT12805,PY03,2025-01-24,2025-01-27,103.67,24.53,0.00,24.53,Paid,,2025-02-26
CLM511555,ENC111555,PT13392,PY02,2025-01-24,2025-01-29,3794.43,1248.05,111.34,1136.71,Paid,,2025-02-20
CLM511556,ENC111556,PT10113,PY06,2025-01-24,2025-01-29,277.65,153.90,18.29,121.15,Partially Paid,Coding Error,2025-02-17
CLM511558,ENC111558,PT13815,PY06,2025-01-24,2025-01-31,1845.69,1087.93,178.70,909.23,Paid,,2025-02-16
CLM511559,ENC111559,PT12539,PY05,2025-01-24,2025-01-29,505.33,276.10,46.68,229.42,Paid,,2025-03-05
CLM511561,ENC111561,PT11810,PY06,2025-01-24,2025-01-26,399.23,234.22,30.90,203.32,Paid,,2025-02-26
CLM511562,ENC111562,PT13663,PY02,2025-01-24,2025-01-29,6866.68,2344.56,71.61,2272.95,Paid,,2025-02-26
CLM511565,ENC111565,PT10841,PY01,2025-01-24,2025-01-31,114.59,0.00,0.00,0.00,Denied,Eligibility / Coverage,
CLM511566,ENC111566,PT13888,PY04,2025-01-24,2025-01-29,2679.14,1259.98,147.15,1112.83,Paid,,2025-02-18
CLM511567,ENC111567,PT11948,PY01,2025-01-24,2025-01-28,492.22,165.76,16.55,149.21,Paid,,2025-02-11
CLM511568,ENC111568,PT10886,PY02,2025-01-24,2025-01-31,282.06,86.68,3.13,83.55,Paid,,2025-03-02
CLM511569,ENC111569,PT10336,PY01,2025-01-24,2025-01-30,3815.93,1165.39,76.32,1089.07,Paid,,2025-02-06
CLM511571,ENC111571,PT10419,PY01,2025-01-24,2025-01-25,9764.37,2912.70,137.17,2775.53,Paid,,2025-02-08
CLM511573,ENC111573,PT10351,PY01,2025-01-24,2025-01-29,287.64,95.52,9.18,86.34,Paid,,2025-02-12
CLM511574,ENC111574,PT13193,PY02,2025-01-24,2025-01-25,3214.58,1168.84,30.01,1138.83,Paid,,2025-02-23
CLM511575,ENC111575,PT12753,PY03,2025-01-25,2025-01-26,9259.91,2193.56,0.00,2193.56,Paid,,2025-02-28
CLM511576,ENC111576,PT13036,PY04,2025-01-24,2025-01-26,2514.88,0.00,0.00,0.00,Appealed,Duplicate Claim,
CLM511579,ENC111579,PT13501,PY06,2025-01-24,2025-01-26,835.85,0.00,0.00,0.00,Appealed,Eligibility / Coverage,
CLM511581,ENC111581,PT11799,PY03,2025-01-25,2025-01-28,4283.65,975.56,0.00,975.56,Paid,,2025-03-05
CLM511584,ENC111584,PT10251,PY01,2025-01-25,2025-01-29,2459.40,815.11,38.41,776.70,Paid,,2025-02-08
CLM511585,ENC111585,PT10797,PY03,2025-01-27,2025-01-29,14568.40,3140.62,0.00,3140.62,Paid,,2025-03-03
CLM511587,ENC111587,PT13671,PY01,2025-01-25,2025-01-28,2646.96,891.01,92.24,798.77,Paid,,2025-02-12
CLM511588,ENC111588,PT10447,PY05,2025-01-25,2025-01-28,4176.09,2180.76,341.20,1839.56,Paid,,2025-02-23
CLM511589,ENC111589,PT12145,PY05,2025-01-25,2025-01-29,1445.58,738.71,107.32,631.39,Paid,,2025-02-17
CLM511590,ENC111590,PT12515,PY05,2025-01-25,2025-01-27,7545.35,3696.30,377.46,3318.84,Paid,,2025-02-25
CLM511594,ENC111594,PT10719,PY01,2025-01-25,2025-01-27,2543.82,744.32,43.08,701.24,Paid,,2025-02-06
CLM511598,ENC111598,PT12562,PY04,2025-01-25,2025-01-26,3525.09,1879.22,52.43,1826.79,Paid,,2025-02-12
CLM511600,ENC111600,PT13909,PY04,2025-01-28,2025-01-31,12367.59,6582.88,602.62,5980.26,Paid,,2025-02-19
CLM511601,ENC111601,PT11900,PY06,2025-01-26,2025-01-29,38806.05,22871.75,2215.56,20656.19,Paid,,2025-02-08
CLM511602,ENC111602,PT13851,PY03,2025-01-25,2025-01-27,2745.84,0.00,0.00,0.00,Denied,Medical Necessity,
CLM511607,ENC111607,PT11595,PY03,2025-01-26,2025-01-30,7462.48,1729.58,0.00,1729.58,Paid,,2025-03-10
CLM511608,ENC111608,PT13138,PY05,2025-01-26,2025-01-31,1274.83,700.89,88.07,612.82,Paid,,2025-03-18
CLM511609,ENC111609,PT12620,PY03,2025-01-26,2025-01-31,7593.79,1771.75,0.00,1771.75,Paid,,2025-03-15
CLM511619,ENC111619,PT10914,PY01,2025-01-27,2025-01-31,7732.68,2362.61,177.78,2184.83,Paid,,2025-02-18
CLM511621,ENC111621,PT10266,PY03,2025-01-26,2025-01-29,832.39,206.89,0.00,206.89,Paid,,2025-03-15
CLM511623,ENC111623,PT12537,PY01,2025-01-26,2025-01-31,1243.31,349.22,49.62,299.60,Paid,,2025-02-19
CLM511625,ENC111625,PT11533,PY04,2025-01-26,2025-01-27,3317.00,1762.95,168.14,1594.81,Paid,,2025-02-11
CLM511626,ENC111626,PT10860,PY02,2025-01-26,2025-01-27,1180.51,402.11,17.00,385.11,Paid,,2025-03-06
CLM511630,ENC111630,PT10050,PY04,2025-01-30,2025-01-31,23953.88,13266.53,885.63,12380.90,Paid,,2025-03-03
CLM511631,ENC111631,PT13237,PY01,2025-01-26,2025-01-29,1870.66,580.19,77.10,503.09,Paid,,2025-02-04
CLM511634,ENC111634,PT10999,PY04,2025-01-26,2025-01-30,2886.34,1557.38,66.29,1491.09,Paid,,2025-03-04
CLM511637,ENC111637,PT13152,PY03,2025-01-26,2025-01-31,3777.66,0.00,0.00,0.00,Denied,Missing Documentation,
CLM511638,ENC111638,PT12399,PY02,2025-01-26,2025-01-29,1157.35,401.31,25.60,375.71,Paid,,2025-03-11
CLM511641,ENC111641,PT10776,PY03,2025-01-27,2025-01-29,3730.40,0.00,0.00,0.00,Denied,Coding Error,
CLM511642,ENC111642,PT12292,PY02,2025-01-27,2025-01-30,914.25,310.89,18.38,292.51,Paid,,2025-03-14
CLM511643,ENC111643,PT13826,PY01,2025-01-28,2025-01-30,7963.24,2513.11,151.81,2361.30,Paid,,2025-02-19
CLM511646,ENC111646,PT12932,PY03,2025-01-27,2025-01-29,3190.66,786.00,0.00,345.34,Partially Paid,Medical Necessity,2025-03-14
CLM511650,ENC111650,PT10721,PY01,2025-01-27,2025-01-30,315.07,95.20,7.46,87.74,Paid,,2025-02-10
CLM511652,ENC111652,PT10855,PY01,2025-01-27,2025-01-30,2838.63,875.96,63.22,520.74,Partially Paid,Missing Documentation,2025-02-09
CLM511661,ENC111661,PT13346,PY06,2025-01-27,2025-01-31,119.61,63.02,6.80,56.22,Paid,,2025-02-17
CLM511664,ENC111664,PT10374,PY06,2025-01-27,2025-01-30,4207.66,2088.02,327.52,1760.50,Paid,,2025-02-18
CLM511665,ENC111665,PT10521,PY05,2025-01-27,2025-01-29,411.03,196.80,21.75,175.05,Paid,,2025-02-28
CLM511666,ENC111666,PT13198,PY05,2025-01-27,2025-01-31,3190.56,1471.88,197.88,1274.00,Paid,,2025-04-17
CLM511667,ENC111667,PT12158,PY03,2025-01-27,2025-01-30,534.84,141.77,0.00,74.54,Partially Paid,Coding Error,2025-03-13
CLM511668,ENC111668,PT13718,PY03,2025-01-27,2025-01-29,392.48,79.22,0.00,79.22,Paid,,2025-02-21
CLM511670,ENC111670,PT13249,PY02,2025-01-27,2025-01-29,409.57,145.25,13.78,131.47,Paid,,2025-02-18
CLM511672,ENC111672,PT12571,PY05,2025-01-27,2025-01-30,15061.04,7567.06,851.81,6715.25,Paid,,2025-03-06
CLM511673,ENC111673,PT11523,PY04,2025-01-27,2025-01-31,531.75,0.00,0.00,0.00,Denied,Authorization Required,
CLM511675,ENC111675,PT13211,PY01,2025-01-27,2025-01-31,398.59,127.92,7.94,119.98,Paid,,2025-02-14
CLM511676,ENC111676,PT13017,PY04,2025-01-27,2025-01-30,317.50,0.00,0.00,0.00,Denied,Eligibility / Coverage,
CLM511678,ENC111678,PT12130,PY02,2025-01-27,2025-01-30,2845.20,0.00,0.00,0.00,Denied,Missing Documentation,
CLM511679,ENC111679,PT10261,PY03,2025-01-27,2025-01-30,5963.89,1520.92,0.00,807.19,Partially Paid,Coding Error,2025-03-13
CLM511682,ENC111682,PT12561,PY04,2025-01-27,2025-01-30,3735.10,1819.58,154.20,1665.38,Paid,,2025-03-21
CLM511683,ENC111683,PT10142,PY01,2025-01-27,2025-01-30,1551.55,476.80,37.28,439.52,Paid,,2025-02-10
CLM511685,ENC111685,PT13512,PY06,2025-01-27,2025-01-31,1476.24,718.53,114.57,603.96,Paid,,2025-02-24
CLM511686,ENC111686,PT11448,PY01,2025-01-28,2025-01-29,1351.53,398.12,64.28,333.84,Paid,,2025-02-10
CLM511688,ENC111688,PT11109,PY07,2025-01-28,2025-01-29,6332.88,2572.20,2572.20,1584.62,Partially Paid,,2025-03-22
CLM511689,ENC111689,PT10126,PY03,2025-01-28,2025-01-30,416.90,94.99,0.00,94.99,Paid,,2025-02-19
CLM511690,ENC111690,PT13688,PY01,2025-01-28,2025-01-30,380.08,111.07,10.13,100.94,Paid,,2025-02-17
CLM511693,ENC111693,PT13156,PY06,2025-01-28,2025-01-30,95.42,50.31,3.46,46.85,Paid,,2025-03-04
CLM511696,ENC111696,PT11250,PY03,2025-01-28,2025-01-31,608.42,127.71,0.00,127.71,Paid,,2025-03-22
CLM511698,ENC111698,PT13990,PY05,2025-01-28,2025-01-30,2941.84,1403.73,134.17,1269.56,Paid,,2025-02-23
CLM511702,ENC111702,PT13226,PY01,2025-01-28,2025-01-29,232.31,70.98,9.86,61.12,Paid,,2025-02-11
CLM511709,ENC111709,PT11707,PY03,2025-01-28,2025-01-31,4665.51,1110.35,0.00,975.42,Partially Paid,Medical Necessity,2025-03-01
CLM511710,ENC111710,PT13883,PY07,2025-01-28,2025-01-30,346.24,145.83,145.83,103.47,Partially Paid,,2025-03-18
CLM511717,ENC111717,PT13372,PY02,2025-01-29,2025-01-31,3020.42,931.33,54.38,876.95,Paid,,2025-02-28
CLM511735,ENC111735,PT11622,PY01,2025-01-29,2025-01-31,230.19,68.53,7.73,60.80,Paid,,2025-02-09
CLM511748,ENC111748,PT11775,PY05,2025-01-30,2025-01-31,7322.76,3776.83,525.96,1584.60,Partially Paid,Coding Error,2025-02-27
CLM511756,ENC111756,PT11831,PY02,2025-01-29,2025-01-31,9622.18,0.00,0.00,0.00,Appealed,Coding Error,
CLM511805,ENC111805,PT12178,PY01,2025-01-30,2025-01-31,2856.27,790.38,90.32,700.06,Paid,,2025-02-08
