MonthStart,FiscalYear,FiscalMonth,FacilityID,DeptID,CostCenter,LineType,Category,BudgetAmount,ActualAmount
2024-01-01,2024,1,F01,D100,6100,Revenue,Net Patient Service Revenue,1307000,1383318
2024-01-01,2024,1,F01,D100,6100,Expense,Employee Benefits,227672,233498
2024-01-01,2024,1,F01,D100,6100,Expense,Equipment & Maintenance,40656,43934
2024-01-01,2024,1,F01,D100,6100,Expense,Medical Supplies,113836,101535
2024-01-01,2024,1,F01,D100,6100,Expense,Other Operating,24393,25939
2024-01-01,2024,1,F01,D100,6100,Expense,Pharmaceuticals,73180,80705
2024-01-01,2024,1,F01,D100,6100,Expense,Purchased Services,97574,104759
2024-01-01,2024,1,F01,D100,6100,Expense,Salaries & Wages,813115,901172
2024-01-01,2024,1,F01,D110,6110,Revenue,Net Patient Service Revenue,1086320,1141170
2024-01-01,2024,1,F01,D110,6110,Expense,Employee Benefits,175023,171349
2024-01-01,2024,1,F01,D110,6110,Expense,Equipment & Maintenance,16770,16546
2024-01-01,2024,1,F01,D110,6110,Expense,Medical Supplies,94525,85486
2024-01-01,2024,1,F01,D110,6110,Expense,Other Operating,12807,14182
2024-01-01,2024,1,F01,D110,6110,Expense,Pharmaceuticals,73180,75073
2024-01-01,2024,1,F01,D110,6110,Expense,Purchased Services,27443,27511
2024-01-01,2024,1,F01,D110,6110,Expense,Salaries & Wages,625082,633450
2024-01-01,2024,1,F01,D111,6111,Revenue,Net Patient Service Revenue,965617,909387
2024-01-01,2024,1,F01,D111,6111,Expense,Employee Benefits,155576,167403
2024-01-01,2024,1,F01,D111,6111,Expense,Equipment & Maintenance,14907,15624
2024-01-01,2024,1,F01,D111,6111,Expense,Medical Supplies,84022,83188
2024-01-01,2024,1,F01,D111,6111,Expense,Other Operating,11384,12676
2024-01-01,2024,1,F01,D111,6111,Expense,Pharmaceuticals,65049,66473
2024-01-01,2024,1,F01,D111,6111,Expense,Purchased Services,24393,25557
2024-01-01,2024,1,F01,D111,6111,Expense,Salaries & Wages,555628,582319
2024-01-01,2024,1,F01,D120,6120,Revenue,Net Patient Service Revenue,806198,834754
2024-01-01,2024,1,F01,D120,6120,Expense,Employee Benefits,116682,126102
2024-01-01,2024,1,F01,D120,6120,Expense,Equipment & Maintenance,11180,11739
2024-01-01,2024,1,F01,D120,6120,Expense,Medical Supplies,63016,66029
2024-01-01,2024,1,F01,D120,6120,Expense,Other Operating,8538,9347
2024-01-01,2024,1,F01,D120,6120,Expense,Pharmaceuticals,48787,56024
2024-01-01,2024,1,F01,D120,6120,Expense,Purchased Services,18295,17302
2024-01-01,2024,1,F01,D120,6120,Expense,Salaries & Wages,416721,431559
2024-01-01,2024,1,F01,D130,6130,Revenue,Net Patient Service Revenue,981490,939015
2024-01-01,2024,1,F01,D130,6130,Expense,Employee Benefits,156525,163013
2024-01-01,2024,1,F01,D130,6130,Expense,Equipment & Maintenance,18634,18868
2024-01-01,2024,1,F01,D130,6130,Expense,Medical Supplies,88087,96657
2024-01-01,2024,1,F01,D130,6130,Expense,Other Operating,7115,8288
2024-01-01,2024,1,F01,D130,6130,Expense,Pharmaceuticals,81311,87678
2024-01-01,2024,1,F01,D130,6130,Expense,Purchased Services,15246,17389
2024-01-01,2024,1,F01,D130,6130,Expense,Salaries & Wages,559016,552797
2024-01-01,2024,1,F01,D140,6140,Revenue,Net Patient Service Revenue,764066,818300
2024-01-01,2024,1,F01,D140,6140,Expense,Employee Benefits,106958,112413
2024-01-01,2024,1,F01,D140,6140,Expense,Equipment & Maintenance,10249,9785
2024-01-01,2024,1,F01,D140,6140,Expense,Medical Supplies,57765,61168
2024-01-01,2024,1,F01,D140,6140,Expense,Other Operating,7826,7925
2024-01-01,2024,1,F01,D140,6140,Expense,Pharmaceuticals,44721,51753
2024-01-01,2024,1,F01,D140,6140,Expense,Purchased Services,16770,17992
2024-01-01,2024,1,F01,D140,6140,Expense,Salaries & Wages,381995,412166
2024-01-01,2024,1,F01,D150,6150,Revenue,Net Patient Service Revenue,746365,720922
2024-01-01,2024,1,F01,D150,6150,Expense,Employee Benefits,87511,84201
2024-01-01,2024,1,F01,D150,6150,Expense,Equipment & Maintenance,8385,9907
2024-01-01,2024,1,F01,D150,6150,Expense,Medical Supplies,47262,48580
2024-01-01,2024,1,F01,D150,6150,Expense,Other Operating,6403,5827
2024-01-01,2024,1,F01,D150,6150,Expense,Pharmaceuticals,190574,201821
2024-01-01,2024,1,F01,D150,6150,Expense,Purchased Services,13721,15191
2024-01-01,2024,1,F01,D150,6150,Expense,Salaries & Wages,312541,305049
2024-01-01,2024,1,F01,D160,6160,Revenue,Net Patient Service Revenue,482810,547832
2024-01-01,2024,1,F01,D160,6160,Expense,Employee Benefits,77788,86746
2024-01-01,2024,1,F01,D160,6160,Expense,Equipment & Maintenance,7454,8166
2024-01-01,2024,1,F01,D160,6160,Expense,Medical Supplies,42011,46019
2024-01-01,2024,1,F01,D160,6160,Expense,Other Operating,5692,6481
2024-01-01,2024,1,F01,D160,6160,Expense,Pharmaceuticals,32525,37315
2024-01-01,2024,1,F01,D160,6160,Expense,Purchased Services,12197,10878
2024-01-01,2024,1,F01,D160,6160,Expense,Salaries & Wages,277814,299911
2024-01-01,2024,1,F01,D170,6170,Revenue,Net Patient Service Revenue,580738,584418
2024-01-01,2024,1,F01,D170,6170,Expense,Employee Benefits,97235,96674
2024-01-01,2024,1,F01,D170,6170,Expense,Equipment & Maintenance,9317,10281
2024-01-01,2024,1,F01,D170,6170,Expense,Medical Supplies,52514,51383
2024-01-01,2024,1,F01,D170,6170,Expense,Other Operating,7115,7340
2024-01-01,2024,1,F01,D170,6170,Expense,Pharmaceuticals,40656,33517
2024-01-01,2024,1,F01,D170,6170,Expense,Purchased Services,15246,17498
2024-01-01,2024,1,F01,D170,6170,Expense,Salaries & Wages,347268,364173
2024-01-01,2024,1,F01,D180,6180,Revenue,Net Patient Service Revenue,358690,374098
2024-01-01,2024,1,F01,D180,6180,Expense,Employee Benefits,68064,67751
2024-01-01,2024,1,F01,D180,6180,Expense,Equipment & Maintenance,6522,7332
2024-01-01,2024,1,F01,D180,6180,Expense,Medical Supplies,36760,40695
2024-01-01,2024,1,F01,D180,6180,Expense,Other Operating,4980,4883
2024-01-01,2024,1,F01,D180,6180,Expense,Pharmaceuticals,28459,28263
2024-01-01,2024,1,F01,D180,6180,Expense,Purchased Services,10672,11987
2024-01-01,2024,1,F01,D180,6180,Expense,Salaries & Wages,243087,245958
2024-01-01,2024,1,F01,D190,6190,Revenue,Net Patient Service Revenue,430427,442143
2024-01-01,2024,1,F01,D190,6190,Expense,Employee Benefits,87511,89381
2024-01-01,2024,1,F01,D190,6190,Expense,Equipment & Maintenance,8385,7432
2024-01-01,2024,1,F01,D190,6190,Expense,Medical Supplies,47262,53166
2024-01-01,2024,1,F01,D190,6190,Expense,Other Operating,6403,6691
2024-01-01,2024,1,F01,D190,6190,Expense,Pharmaceuticals,36590,41499
2024-01-01,2024,1,F01,D190,6190,Expense,Purchased Services,13721,15352
2024-01-01,2024,1,F01,D190,6190,Expense,Salaries & Wages,312541,305961
2024-01-01,2024,1,F01,D195,6195,Revenue,Net Patient Service Revenue,362107,336930
2024-01-01,2024,1,F01,D195,6195,Expense,Employee Benefits,58341,62046
2024-01-01,2024,1,F01,D195,6195,Expense,Equipment & Maintenance,5590,5887
2024-01-01,2024,1,F01,D195,6195,Expense,Medical Supplies,31508,33377
2024-01-01,2024,1,F01,D195,6195,Expense,Other Operating,4269,3979
2024-01-01,2024,1,F01,D195,6195,Expense,Pharmaceuticals,24393,27573
2024-01-01,2024,1,F01,D195,6195,Expense,Purchased Services,9148,8617
2024-01-01,2024,1,F01,D195,6195,Expense,Salaries & Wages,208361,213790
2024-01-01,2024,1,F01,D196,6196,Revenue,Net Patient Service Revenue,1871434,1951567
2024-01-01,2024,1,F01,D196,6196,Expense,Employee Benefits,147038,156281
2024-01-01,2024,1,F01,D196,6196,Expense,Equipment & Maintenance,31508,33663
2024-01-01,2024,1,F01,D196,6196,Expense,Medical Supplies,719945,787571
2024-01-01,2024,1,F01,D196,6196,Expense,Other Operating,15754,13199
2024-01-01,2024,1,F01,D196,6196,Expense,Pharmaceuticals,5251,6062
2024-01-01,2024,1,F01,D196,6196,Expense,Purchased Services,52514,54850
2024-01-01,2024,1,F01,D196,6196,Expense,Salaries & Wages,525137,543229
2024-01-01,2024,1,F02,D200,6200,Revenue,Net Patient Service Revenue,517354,564284
2024-01-01,2024,1,F02,D200,6200,Expense,Employee Benefits,90120,96306
2024-01-01,2024,1,F02,D200,6200,Expense,Equipment & Maintenance,16093,15600
2024-01-01,2024,1,F02,D200,6200,Expense,Medical Supplies,45060,47254
2024-01-01,2024,1,F02,D200,6200,Expense,Other Operating,9656,9047
2024-01-01,2024,1,F02,D200,6200,Expense,Pharmaceuticals,28967,36238
2024-01-01,2024,1,F02,D200,6200,Expense,Purchased Services,38623,35451
2024-01-01,2024,1,F02,D200,6200,Expense,Salaries & Wages,321858,321542
2024-01-01,2024,1,F02,D210,6210,Revenue,Net Patient Service Revenue,844915,858479
2024-01-01,2024,1,F02,D210,6210,Expense,Employee Benefits,136129,140374
2024-01-01,2024,1,F02,D210,6210,Expense,Equipment & Maintenance,13044,12128
2024-01-01,2024,1,F02,D210,6210,Expense,Medical Supplies,73519,86873
2024-01-01,2024,1,F02,D210,6210,Expense,Other Operating,9961,9426
2024-01-01,2024,1,F02,D210,6210,Expense,Pharmaceuticals,56918,56027
2024-01-01,2024,1,F02,D210,6210,Expense,Purchased Services,21344,22430
2024-01-01,2024,1,F02,D210,6210,Expense,Salaries & Wages,486175,533915
2024-01-01,2024,1,F02,D230,6230,Revenue,Net Patient Service Revenue,392598,382769
2024-01-01,2024,1,F02,D230,6230,Expense,Employee Benefits,62610,64396
2024-01-01,2024,1,F02,D230,6230,Expense,Equipment & Maintenance,7454,7946
2024-01-01,2024,1,F02,D230,6230,Expense,Medical Supplies,35235,39504
2024-01-01,2024,1,F02,D230,6230,Expense,Other Operating,2846,2556
2024-01-01,2024,1,F02,D230,6230,Expense,Pharmaceuticals,32525,29906
2024-01-01,2024,1,F02,D230,6230,Expense,Purchased Services,6098,6792
2024-01-01,2024,1,F02,D230,6230,Expense,Salaries & Wages,223607,241262
2024-01-01,2024,1,F02,D270,6270,Revenue,Net Patient Service Revenue,301754,295372
2024-01-01,2024,1,F02,D270,6270,Expense,Employee Benefits,48617,47160
2024-01-01,2024,1,F02,D270,6270,Expense,Equipment & Maintenance,4658,4985
2024-01-01,2024,1,F02,D270,6270,Expense,Medical Supplies,26257,29476
2024-01-01,2024,1,F02,D270,6270,Expense,Other Operating,3557,3550
2024-01-01,2024,1,F02,D270,6270,Expense,Pharmaceuticals,20328,20575
2024-01-01,2024,1,F02,D270,6270,Expense,Purchased Services,7623,8253
2024-01-01,2024,1,F02,D270,6270,Expense,Salaries & Wages,173634,180248
2024-01-01,2024,1,F03,D300,6300,Revenue,Net Patient Service Revenue,694343,668585
2024-01-01,2024,1,F03,D300,6300,Expense,Employee Benefits,120951,124206
2024-01-01,2024,1,F03,D300,6300,Expense,Equipment & Maintenance,21598,24094
2024-01-01,2024,1,F03,D300,6300,Expense,Medical Supplies,60475,62623
2024-01-01,2024,1,F03,D300,6300,Expense,Other Operating,12959,13204
2024-01-01,2024,1,F03,D300,6300,Expense,Pharmaceuticals,38877,43630
2024-01-01,2024,1,F03,D300,6300,Expense,Purchased Services,51836,64094
2024-01-01,2024,1,F03,D300,6300,Expense,Salaries & Wages,431967,449576
2024-01-01,2024,1,F03,D310,6310,Revenue,Net Patient Service Revenue,905265,893037
2024-01-01,2024,1,F03,D310,6310,Expense,Employee Benefits,145852,154739
2024-01-01,2024,1,F03,D310,6310,Expense,Equipment & Maintenance,13975,12532
2024-01-01,2024,1,F03,D310,6310,Expense,Medical Supplies,78770,88379
2024-01-01,2024,1,F03,D310,6310,Expense,Other Operating,10672,9661
2024-01-01,2024,1,F03,D310,6310,Expense,Pharmaceuticals,60984,67061
2024-01-01,2024,1,F03,D310,6310,Expense,Purchased Services,22869,24138
2024-01-01,2024,1,F03,D310,6310,Expense,Salaries & Wages,520902,556220
2024-01-01,2024,1,F03,D320,6320,Revenue,Net Patient Service Revenue,482810,504873
2024-01-01,2024,1,F03,D320,6320,Expense,Employee Benefits,77788,83366
2024-01-01,2024,1,F03,D320,6320,Expense,Equipment & Maintenance,7454,7625
2024-01-01,2024,1,F03,D320,6320,Expense,Medical Supplies,42011,42907
2024-01-01,2024,1,F03,D320,6320,Expense,Other Operating,5692,4899
2024-01-01,2024,1,F03,D320,6320,Expense,Pharmaceuticals,32525,28612
2024-01-01,2024,1,F03,D320,6320,Expense,Purchased Services,12197,13202
2024-01-01,2024,1,F03,D320,6320,Expense,Salaries & Wages,277814,310744
2024-01-01,2024,1,F03,D330,6330,Revenue,Net Patient Service Revenue,588895,615390
2024-01-01,2024,1,F03,D330,6330,Expense,Employee Benefits,93915,96270
2024-01-01,2024,1,F03,D330,6330,Expense,Equipment & Maintenance,11180,13078
2024-01-01,2024,1,F03,D330,6330,Expense,Medical Supplies,52852,57876
2024-01-01,2024,1,F03,D330,6330,Expense,Other Operating,4269,4282
2024-01-01,2024,1,F03,D330,6330,Expense,Pharmaceuticals,48787,50093
2024-01-01,2024,1,F03,D330,6330,Expense,Purchased Services,9148,8847
2024-01-01,2024,1,F03,D330,6330,Expense,Salaries & Wages,335410,345966
2024-01-01,2024,1,F03,D340,6340,Revenue,Net Patient Service Revenue,422457,462757
2024-01-01,2024,1,F03,D340,6340,Expense,Employee Benefits,68064,72934
2024-01-01,2024,1,F03,D340,6340,Expense,Equipment & Maintenance,6522,7185
2024-01-01,2024,1,F03,D340,6340,Expense,Medical Supplies,36760,38692
2024-01-01,2024,1,F03,D340,6340,Expense,Other Operating,4980,4493
2024-01-01,2024,1,F03,D340,6340,Expense,Pharmaceuticals,28459,32016
2024-01-01,2024,1,F03,D340,6340,Expense,Purchased Services,10672,9665
2024-01-01,2024,1,F03,D340,6340,Expense,Salaries & Wages,243087,238181
2024-01-01,2024,1,F04,D400,6400,Revenue,Net Patient Service Revenue,424595,468816
2024-01-01,2024,1,F04,D400,6400,Expense,Employee Benefits,77754,79778
2024-01-01,2024,1,F04,D400,6400,Expense,Equipment & Maintenance,11519,10761
2024-01-01,2024,1,F04,D400,6400,Expense,Medical Supplies,17279,21015
2024-01-01,2024,1,F04,D400,6400,Expense,Other Operating,14399,13230
2024-01-01,2024,1,F04,D400,6400,Expense,Pharmaceuticals,5760,4866
2024-01-01,2024,1,F04,D400,6400,Expense,Purchased Services,23038,20838
2024-01-01,2024,1,F04,D400,6400,Expense,Salaries & Wages,287978,293651
2024-01-01,2024,1,F04,D410,6410,Revenue,Net Patient Service Revenue,293534,297710
2024-01-01,2024,1,F04,D410,6410,Expense,Employee Benefits,43451,44914
2024-01-01,2024,1,F04,D410,6410,Expense,Equipment & Maintenance,6437,6839
2024-01-01,2024,1,F04,D410,6410,Expense,Medical Supplies,9656,10430
2024-01-01,2024,1,F04,D410,6410,Expense,Other Operating,8046,8511
2024-01-01,2024,1,F04,D410,6410,Expense,Pharmaceuticals,3219,3064
2024-01-01,2024,1,F04,D410,6410,Expense,Purchased Services,12874,13084
2024-01-01,2024,1,F04,D410,6410,Expense,Salaries & Wages,160929,159580
2024-01-01,2024,1,F04,D420,6420,Revenue,Net Patient Service Revenue,258258,274141
2024-01-01,2024,1,F04,D420,6420,Expense,Employee Benefits,38877,42102
2024-01-01,2024,1,F04,D420,6420,Expense,Equipment & Maintenance,5760,5681
2024-01-01,2024,1,F04,D420,6420,Expense,Medical Supplies,8639,8850
2024-01-01,2024,1,F04,D420,6420,Expense,Other Operating,7199,6960
2024-01-01,2024,1,F04,D420,6420,Expense,Pharmaceuticals,2880,3739
2024-01-01,2024,1,F04,D420,6420,Expense,Purchased Services,11519,12396
2024-01-01,2024,1,F04,D420,6420,Expense,Salaries & Wages,143989,151693
2024-01-01,2024,1,F04,D430,6430,Revenue,Net Patient Service Revenue,939952,969320
2024-01-01,2024,1,F04,D430,6430,Expense,Employee Benefits,52598,54323
2024-01-01,2024,1,F04,D430,6430,Expense,Equipment & Maintenance,7792,7459
2024-01-01,2024,1,F04,D430,6430,Expense,Medical Supplies,11689,12917
2024-01-01,2024,1,F04,D430,6430,Expense,Other Operating,9740,10462
2024-01-01,2024,1,F04,D430,6430,Expense,Pharmaceuticals,525137,578556
2024-01-01,2024,1,F04,D430,6430,Expense,Purchased Services,15585,17778
2024-01-01,2024,1,F04,D430,6430,Expense,Salaries & Wages,194809,216229
2024-01-01,2024,1,F04,D440,6440,Revenue,Net Patient Service Revenue,143033,153827
2024-01-01,2024,1,F04,D440,6440,Expense,Employee Benefits,25156,26587
2024-01-01,2024,1,F04,D440,6440,Expense,Equipment & Maintenance,3727,3997
2024-01-01,2024,1,F04,D440,6440,Expense,Medical Supplies,5590,5371
2024-01-01,2024,1,F04,D440,6440,Expense,Other Operating,4658,5019
2024-01-01,2024,1,F04,D440,6440,Expense,Pharmaceuticals,1863,1890
2024-01-01,2024,1,F04,D440,6440,Expense,Purchased Services,7454,7479
2024-01-01,2024,1,F04,D440,6440,Expense,Salaries & Wages,93169,95599
2024-01-01,2024,1,F04,D450,6450,Revenue,Net Patient Service Revenue,195690,221961
2024-01-01,2024,1,F04,D450,6450,Expense,Employee Benefits,36590,38878
2024-01-01,2024,1,F04,D450,6450,Expense,Equipment & Maintenance,5421,5288
2024-01-01,2024,1,F04,D450,6450,Expense,Medical Supplies,8131,8829
2024-01-01,2024,1,F04,D450,6450,Expense,Other Operating,6776,6014
2024-01-01,2024,1,F04,D450,6450,Expense,Pharmaceuticals,2710,2521
2024-01-01,2024,1,F04,D450,6450,Expense,Purchased Services,10842,11965
2024-01-01,2024,1,F04,D450,6450,Expense,Salaries & Wages,135519,140831
2024-01-01,2024,1,F01,D500,6500,Revenue,Net Patient Service Revenue,1056540,1088987
2024-01-01,2024,1,F01,D500,6500,Expense,Employee Benefits,130437,140536
2024-01-01,2024,1,F01,D500,6500,Expense,Equipment & Maintenance,27951,27968
2024-01-01,2024,1,F01,D500,6500,Expense,Medical Supplies,271038,249519
2024-01-01,2024,1,F01,D500,6500,Expense,Other Operating,13975,13487
2024-01-01,2024,1,F01,D500,6500,Expense,Pharmaceuticals,4658,5433
2024-01-01,2024,1,F01,D500,6500,Expense,Purchased Services,46585,48636
2024-01-01,2024,1,F01,D500,6500,Expense,Salaries & Wages,465847,487753
2024-01-01,2024,1,F01,D510,6510,Revenue,Net Patient Service Revenue,975129,987535
2024-01-01,2024,1,F01,D510,6510,Expense,Employee Benefits,113836,121088
2024-01-01,2024,1,F01,D510,6510,Expense,Equipment & Maintenance,152459,151493
2024-01-01,2024,1,F01,D510,6510,Expense,Medical Supplies,20328,21881
2024-01-01,2024,1,F01,D510,6510,Expense,Other Operating,12197,11218
2024-01-01,2024,1,F01,D510,6510,Expense,Pharmaceuticals,4066,4802
2024-01-01,2024,1,F01,D510,6510,Expense,Purchased Services,40656,39709
2024-01-01,2024,1,F01,D510,6510,Expense,Salaries & Wages,406557,398957
2024-01-01,2024,1,F01,D520,6520,Expense,Employee Benefits,73519,77978
2024-01-01,2024,1,F01,D520,6520,Expense,Equipment & Maintenance,15754,16865
2024-01-01,2024,1,F01,D520,6520,Expense,Medical Supplies,13128,14712
2024-01-01,2024,1,F01,D520,6520,Expense,Other Operating,7877,8810
2024-01-01,2024,1,F01,D520,6520,Expense,Pharmaceuticals,169399,174652
2024-01-01,2024,1,F01,D520,6520,Expense,Purchased Services,26257,24142
2024-01-01,2024,1,F01,D520,6520,Expense,Salaries & Wages,262568,295460
2024-02-01,2024,2,F01,D100,6100,Revenue,Net Patient Service Revenue,1222680,1267418
2024-02-01,2024,2,F01,D100,6100,Expense,Employee Benefits,212984,230432
2024-02-01,2024,2,F01,D100,6100,Expense,Equipment & Maintenance,38033,42776
2024-02-01,2024,2,F01,D100,6100,Expense,Medical Supplies,106492,109313
2024-02-01,2024,2,F01,D100,6100,Expense,Other Operating,22820,24524
2024-02-01,2024,2,F01,D100,6100,Expense,Pharmaceuticals,68459,80255
2024-02-01,2024,2,F01,D100,6100,Expense,Purchased Services,91279,101116
2024-02-01,2024,2,F01,D100,6100,Expense,Salaries & Wages,760656,820073
2024-02-01,2024,2,F01,D110,6110,Revenue,Net Patient Service Revenue,1016234,1009468
2024-02-01,2024,2,F01,D110,6110,Expense,Employee Benefits,163731,173189
2024-02-01,2024,2,F01,D110,6110,Expense,Equipment & Maintenance,15689,17491
2024-02-01,2024,2,F01,D110,6110,Expense,Medical Supplies,88426,85656
2024-02-01,2024,2,F01,D110,6110,Expense,Other Operating,11980,12670
2024-02-01,2024,2,F01,D110,6110,Expense,Pharmaceuticals,68459,79639
2024-02-01,2024,2,F01,D110,6110,Expense,Purchased Services,25672,26094
2024-02-01,2024,2,F01,D110,6110,Expense,Salaries & Wages,584754,594347
2024-02-01,2024,2,F01,D111,6111,Revenue,Net Patient Service Revenue,903318,853809
2024-02-01,2024,2,F01,D111,6111,Expense,Employee Benefits,145539,164348
2024-02-01,2024,2,F01,D111,6111,Expense,Equipment & Maintenance,13945,13830
2024-02-01,2024,2,F01,D111,6111,Expense,Medical Supplies,78601,93359
2024-02-01,2024,2,F01,D111,6111,Expense,Other Operating,10649,10701
2024-02-01,2024,2,F01,D111,6111,Expense,Pharmaceuticals,60852,58426
2024-02-01,2024,2,F01,D111,6111,Expense,Purchased Services,22820,21000
2024-02-01,2024,2,F01,D111,6111,Expense,Salaries & Wages,519781,537273
2024-02-01,2024,2,F01,D120,6120,Revenue,Net Patient Service Revenue,754186,802606
2024-02-01,2024,2,F01,D120,6120,Expense,Employee Benefits,109154,118140
2024-02-01,2024,2,F01,D120,6120,Expense,Equipment & Maintenance,10459,11642
2024-02-01,2024,2,F01,D120,6120,Expense,Medical Supplies,58951,69327
2024-02-01,2024,2,F01,D120,6120,Expense,Other Operating,7987,7860
2024-02-01,2024,2,F01,D120,6120,Expense,Pharmaceuticals,45639,46968
2024-02-01,2024,2,F01,D120,6120,Expense,Purchased Services,17115,18603
2024-02-01,2024,2,F01,D120,6120,Expense,Salaries & Wages,389836,415790
2024-02-01,2024,2,F01,D130,6130,Revenue,Net Patient Service Revenue,918169,906619
2024-02-01,2024,2,F01,D130,6130,Expense,Employee Benefits,146426,151017
2024-02-01,2024,2,F01,D130,6130,Expense,Equipment & Maintenance,17432,16726
2024-02-01,2024,2,F01,D130,6130,Expense,Medical Supplies,82404,93866
2024-02-01,2024,2,F01,D130,6130,Expense,Other Operating,6656,6318
2024-02-01,2024,2,F01,D130,6130,Expense,Pharmaceuticals,76066,79096
2024-02-01,2024,2,F01,D130,6130,Expense,Purchased Services,14262,13136
2024-02-01,2024,2,F01,D130,6130,Expense,Salaries & Wages,522951,529942
2024-02-01,2024,2,F01,D140,6140,Revenue,Net Patient Service Revenue,714772,723984
2024-02-01,2024,2,F01,D140,6140,Expense,Employee Benefits,100058,109351
2024-02-01,2024,2,F01,D140,6140,Expense,Equipment & Maintenance,9587,9179
2024-02-01,2024,2,F01,D140,6140,Expense,Medical Supplies,54038,59294
2024-02-01,2024,2,F01,D140,6140,Expense,Other Operating,7321,7654
2024-02-01,2024,2,F01,D140,6140,Expense,Pharmaceuticals,41836,38571
2024-02-01,2024,2,F01,D140,6140,Expense,Purchased Services,15689,16784
2024-02-01,2024,2,F01,D140,6140,Expense,Salaries & Wages,357350,400023
2024-02-01,2024,2,F01,D150,6150,Revenue,Net Patient Service Revenue,698214,706944
2024-02-01,2024,2,F01,D150,6150,Expense,Employee Benefits,81866,79612
2024-02-01,2024,2,F01,D150,6150,Expense,Equipment & Maintenance,7844,8620
2024-02-01,2024,2,F01,D150,6150,Expense,Medical Supplies,44213,47908
2024-02-01,2024,2,F01,D150,6150,Expense,Other Operating,5990,6441
2024-02-01,2024,2,F01,D150,6150,Expense,Pharmaceuticals,178279,155496
2024-02-01,2024,2,F01,D150,6150,Expense,Purchased Services,12836,13716
2024-02-01,2024,2,F01,D150,6150,Expense,Salaries & Wages,292377,303435
2024-02-01,2024,2,F01,D160,6160,Revenue,Net Patient Service Revenue,451661,521738
2024-02-01,2024,2,F01,D160,6160,Expense,Employee Benefits,72769,78667
2024-02-01,2024,2,F01,D160,6160,Expense,Equipment & Maintenance,6973,7288
2024-02-01,2024,2,F01,D160,6160,Expense,Medical Supplies,39301,35464
2024-02-01,2024,2,F01,D160,6160,Expense,Other Operating,5325,4224
2024-02-01,2024,2,F01,D160,6160,Expense,Pharmaceuticals,30426,30019
2024-02-01,2024,2,F01,D160,6160,Expense,Purchased Services,11410,12482
2024-02-01,2024,2,F01,D160,6160,Expense,Salaries & Wages,259891,265456
2024-02-01,2024,2,F01,D170,6170,Revenue,Net Patient Service Revenue,543270,513802
2024-02-01,2024,2,F01,D170,6170,Expense,Employee Benefits,90962,90825
2024-02-01,2024,2,F01,D170,6170,Expense,Equipment & Maintenance,8716,8307
2024-02-01,2024,2,F01,D170,6170,Expense,Medical Supplies,49126,51346
2024-02-01,2024,2,F01,D170,6170,Expense,Other Operating,6656,6705
2024-02-01,2024,2,F01,D170,6170,Expense,Pharmaceuticals,38033,36360
2024-02-01,2024,2,F01,D170,6170,Expense,Purchased Services,14262,16209
2024-02-01,2024,2,F01,D170,6170,Expense,Salaries & Wages,324863,353920
2024-02-01,2024,2,F01,D180,6180,Revenue,Net Patient Service Revenue,335549,336135
2024-02-01,2024,2,F01,D180,6180,Expense,Employee Benefits,63673,63817
2024-02-01,2024,2,F01,D180,6180,Expense,Equipment & Maintenance,6101,6188
2024-02-01,2024,2,F01,D180,6180,Expense,Medical Supplies,34388,38054
2024-02-01,2024,2,F01,D180,6180,Expense,Other Operating,4659,4549
2024-02-01,2024,2,F01,D180,6180,Expense,Pharmaceuticals,26623,23394
2024-02-01,2024,2,F01,D180,6180,Expense,Purchased Services,9984,11164
2024-02-01,2024,2,F01,D180,6180,Expense,Salaries & Wages,227404,233094
2024-02-01,2024,2,F01,D190,6190,Revenue,Net Patient Service Revenue,402659,416730
2024-02-01,2024,2,F01,D190,6190,Expense,Employee Benefits,81866,82803
2024-02-01,2024,2,F01,D190,6190,Expense,Equipment & Maintenance,7844,7726
2024-02-01,2024,2,F01,D190,6190,Expense,Medical Supplies,44213,48124
2024-02-01,2024,2,F01,D190,6190,Expense,Other Operating,5990,5354
2024-02-01,2024,2,F01,D190,6190,Expense,Pharmaceuticals,34230,40003
2024-02-01,2024,2,F01,D190,6190,Expense,Purchased Services,12836,14472
2024-02-01,2024,2,F01,D190,6190,Expense,Salaries & Wages,292377,302226
2024-02-01,2024,2,F01,D195,6195,Revenue,Net Patient Service Revenue,338744,305118
2024-02-01,2024,2,F01,D195,6195,Expense,Employee Benefits,54577,58382
2024-02-01,2024,2,F01,D195,6195,Expense,Equipment & Maintenance,5230,5105
2024-02-01,2024,2,F01,D195,6195,Expense,Medical Supplies,29475,32913
2024-02-01,2024,2,F01,D195,6195,Expense,Other Operating,3993,3632
2024-02-01,2024,2,F01,D195,6195,Expense,Pharmaceuticals,22820,22023
2024-02-01,2024,2,F01,D195,6195,Expense,Purchased Services,8557,8577
2024-02-01,2024,2,F01,D195,6195,Expense,Salaries & Wages,194918,195746
2024-02-01,2024,2,F01,D196,6196,Revenue,Net Patient Service Revenue,1750698,1721984
2024-02-01,2024,2,F01,D196,6196,Expense,Employee Benefits,137552,154900
2024-02-01,2024,2,F01,D196,6196,Expense,Equipment & Maintenance,29475,30431
2024-02-01,2024,2,F01,D196,6196,Expense,Medical Supplies,673497,716951
2024-02-01,2024,2,F01,D196,6196,Expense,Other Operating,14738,11508
2024-02-01,2024,2,F01,D196,6196,Expense,Pharmaceuticals,4913,5304
2024-02-01,2024,2,F01,D196,6196,Expense,Purchased Services,49126,51794
2024-02-01,2024,2,F01,D196,6196,Expense,Salaries & Wages,491257,498352
2024-02-01,2024,2,F02,D200,6200,Revenue,Net Patient Service Revenue,483977,489940
2024-02-01,2024,2,F02,D200,6200,Expense,Employee Benefits,84306,90906
2024-02-01,2024,2,F02,D200,6200,Expense,Equipment & Maintenance,15055,16493
2024-02-01,2024,2,F02,D200,6200,Expense,Medical Supplies,42153,46222
2024-02-01,2024,2,F02,D200,6200,Expense,Other Operating,9033,9810
2024-02-01,2024,2,F02,D200,6200,Expense,Pharmaceuticals,27098,29072
2024-02-01,2024,2,F02,D200,6200,Expense,Purchased Services,36131,32815
2024-02-01,2024,2,F02,D200,6200,Expense,Salaries & Wages,301093,309974
2024-02-01,2024,2,F02,D210,6210,Revenue,Net Patient Service Revenue,790404,749073
2024-02-01,2024,2,F02,D210,6210,Expense,Employee Benefits,127346,128965
2024-02-01,2024,2,F02,D210,6210,Expense,Equipment & Maintenance,12202,13753
2024-02-01,2024,2,F02,D210,6210,Expense,Medical Supplies,68776,77900
2024-02-01,2024,2,F02,D210,6210,Expense,Other Operating,9318,8925
2024-02-01,2024,2,F02,D210,6210,Expense,Pharmaceuticals,53246,50468
2024-02-01,2024,2,F02,D210,6210,Expense,Purchased Services,19967,22151
2024-02-01,2024,2,F02,D210,6210,Expense,Salaries & Wages,454809,510769
2024-02-01,2024,2,F02,D230,6230,Revenue,Net Patient Service Revenue,367267,366672
2024-02-01,2024,2,F02,D230,6230,Expense,Employee Benefits,58570,62199
2024-02-01,2024,2,F02,D230,6230,Expense,Equipment & Maintenance,6973,6916
2024-02-01,2024,2,F02,D230,6230,Expense,Medical Supplies,32962,39546
2024-02-01,2024,2,F02,D230,6230,Expense,Other Operating,2662,2551
2024-02-01,2024,2,F02,D230,6230,Expense,Pharmaceuticals,30426,27585
2024-02-01,2024,2,F02,D230,6230,Expense,Purchased Services,5705,5915
2024-02-01,2024,2,F02,D230,6230,Expense,Salaries & Wages,209180,221984
2024-02-01,2024,2,F02,D270,6270,Revenue,Net Patient Service Revenue,282288,275685
2024-02-01,2024,2,F02,D270,6270,Expense,Employee Benefits,45481,46858
2024-02-01,2024,2,F02,D270,6270,Expense,Equipment & Maintenance,4358,4746
2024-02-01,2024,2,F02,D270,6270,Expense,Medical Supplies,24563,27761
2024-02-01,2024,2,F02,D270,6270,Expense,Other Operating,3328,3811
2024-02-01,2024,2,F02,D270,6270,Expense,Pharmaceuticals,19016,17916
2024-02-01,2024,2,F02,D270,6270,Expense,Purchased Services,7131,7606
2024-02-01,2024,2,F02,D270,6270,Expense,Salaries & Wages,162432,171860
2024-02-01,2024,2,F03,D300,6300,Revenue,Net Patient Service Revenue,649548,652851
2024-02-01,2024,2,F03,D300,6300,Expense,Employee Benefits,113148,123017
2024-02-01,2024,2,F03,D300,6300,Expense,Equipment & Maintenance,20205,19691
2024-02-01,2024,2,F03,D300,6300,Expense,Medical Supplies,56574,57307
2024-02-01,2024,2,F03,D300,6300,Expense,Other Operating,12123,12912
2024-02-01,2024,2,F03,D300,6300,Expense,Pharmaceuticals,36369,33633
2024-02-01,2024,2,F03,D300,6300,Expense,Purchased Services,48492,52217
2024-02-01,2024,2,F03,D300,6300,Expense,Salaries & Wages,404098,407878
2024-02-01,2024,2,F03,D310,6310,Revenue,Net Patient Service Revenue,846863,860741
2024-02-01,2024,2,F03,D310,6310,Expense,Employee Benefits,136443,150389
2024-02-01,2024,2,F03,D310,6310,Expense,Equipment & Maintenance,13074,12720
2024-02-01,2024,2,F03,D310,6310,Expense,Medical Supplies,73689,74764
2024-02-01,2024,2,F03,D310,6310,Expense,Other Operating,9984,9525
2024-02-01,2024,2,F03,D310,6310,Expense,Pharmaceuticals,57049,60149
2024-02-01,2024,2,F03,D310,6310,Expense,Purchased Services,21393,21900
2024-02-01,2024,2,F03,D310,6310,Expense,Salaries & Wages,487295,527563
2024-02-01,2024,2,F03,D320,6320,Revenue,Net Patient Service Revenue,451661,480184
2024-02-01,2024,2,F03,D320,6320,Expense,Employee Benefits,72769,76061
2024-02-01,2024,2,F03,D320,6320,Expense,Equipment & Maintenance,6973,7439
2024-02-01,2024,2,F03,D320,6320,Expense,Medical Supplies,39301,37659
2024-02-01,2024,2,F03,D320,6320,Expense,Other Operating,5325,4872
2024-02-01,2024,2,F03,D320,6320,Expense,Pharmaceuticals,30426,26526
2024-02-01,2024,2,F03,D320,6320,Expense,Purchased Services,11410,10711
2024-02-01,2024,2,F03,D320,6320,Expense,Salaries & Wages,259891,269503
2024-02-01,2024,2,F03,D330,6330,Revenue,Net Patient Service Revenue,550900,570140
2024-02-01,2024,2,F03,D330,6330,Expense,Employee Benefits,87856,91409
2024-02-01,2024,2,F03,D330,6330,Expense,Equipment & Maintenance,10459,10200
2024-02-01,2024,2,F03,D330,6330,Expense,Medical Supplies,49443,46804
2024-02-01,2024,2,F03,D330,6330,Expense,Other Operating,3993,3343
2024-02-01,2024,2,F03,D330,6330,Expense,Pharmaceuticals,45639,52670
2024-02-01,2024,2,F03,D330,6330,Expense,Purchased Services,8557,8619
2024-02-01,2024,2,F03,D330,6330,Expense,Salaries & Wages,313770,319973
2024-02-01,2024,2,F03,D340,6340,Revenue,Net Patient Service Revenue,395202,425261
2024-02-01,2024,2,F03,D340,6340,Expense,Employee Benefits,63673,67288
2024-02-01,2024,2,F03,D340,6340,Expense,Equipment & Maintenance,6101,6450
2024-02-01,2024,2,F03,D340,6340,Expense,Medical Supplies,34388,37843
2024-02-01,2024,2,F03,D340,6340,Expense,Other Operating,4659,4824
2024-02-01,2024,2,F03,D340,6340,Expense,Pharmaceuticals,26623,28908
2024-02-01,2024,2,F03,D340,6340,Expense,Purchased Services,9984,11617
2024-02-01,2024,2,F03,D340,6340,Expense,Salaries & Wages,227404,226768
2024-02-01,2024,2,F04,D400,6400,Revenue,Net Patient Service Revenue,397202,409256
2024-02-01,2024,2,F04,D400,6400,Expense,Employee Benefits,72738,76552
2024-02-01,2024,2,F04,D400,6400,Expense,Equipment & Maintenance,10776,10127
2024-02-01,2024,2,F04,D400,6400,Expense,Medical Supplies,16164,18825
2024-02-01,2024,2,F04,D400,6400,Expense,Other Operating,13470,11625
2024-02-01,2024,2,F04,D400,6400,Expense,Pharmaceuticals,5388,4663
2024-02-01,2024,2,F04,D400,6400,Expense,Purchased Services,21552,19825
2024-02-01,2024,2,F04,D400,6400,Expense,Salaries & Wages,269399,272683
2024-02-01,2024,2,F04,D410,6410,Revenue,Net Patient Service Revenue,274597,262298
2024-02-01,2024,2,F04,D410,6410,Expense,Employee Benefits,40648,44256
2024-02-01,2024,2,F04,D410,6410,Expense,Equipment & Maintenance,6022,5971
2024-02-01,2024,2,F04,D410,6410,Expense,Medical Supplies,9033,8749
2024-02-01,2024,2,F04,D410,6410,Expense,Other Operating,7527,7832
2024-02-01,2024,2,F04,D410,6410,Expense,Pharmaceuticals,3011,2575
2024-02-01,2024,2,F04,D410,6410,Expense,Purchased Services,12044,12383
2024-02-01,2024,2,F04,D410,6410,Expense,Salaries & Wages,150546,140504
2024-02-01,2024,2,F04,D420,6420,Revenue,Net Patient Service Revenue,241597,248713
2024-02-01,2024,2,F04,D420,6420,Expense,Employee Benefits,36369,38846
2024-02-01,2024,2,F04,D420,6420,Expense,Equipment & Maintenance,5388,5515
2024-02-01,2024,2,F04,D420,6420,Expense,Medical Supplies,8082,9936
2024-02-01,2024,2,F04,D420,6420,Expense,Other Operating,6735,5641
2024-02-01,2024,2,F04,D420,6420,Expense,Pharmaceuticals,2694,2655
2024-02-01,2024,2,F04,D420,6420,Expense,Purchased Services,10776,11623
2024-02-01,2024,2,F04,D420,6420,Expense,Salaries & Wages,134699,140399
2024-02-01,2024,2,F04,D430,6430,Revenue,Net Patient Service Revenue,879310,968224
2024-02-01,2024,2,F04,D430,6430,Expense,Employee Benefits,49205,53794
2024-02-01,2024,2,F04,D430,6430,Expense,Equipment & Maintenance,7290,7438
2024-02-01,2024,2,F04,D430,6430,Expense,Medical Supplies,10934,11516
2024-02-01,2024,2,F04,D430,6430,Expense,Other Operating,9112,10321
2024-02-01,2024,2,F04,D430,6430,Expense,Pharmaceuticals,491257,524440
2024-02-01,2024,2,F04,D430,6430,Expense,Purchased Services,14579,16299
2024-02-01,2024,2,F04,D430,6430,Expense,Salaries & Wages,182240,198606
2024-02-01,2024,2,F04,D440,6440,Revenue,Net Patient Service Revenue,133806,130384
2024-02-01,2024,2,F04,D440,6440,Expense,Employee Benefits,23533,23545
2024-02-01,2024,2,F04,D440,6440,Expense,Equipment & Maintenance,3486,3427
2024-02-01,2024,2,F04,D440,6440,Expense,Medical Supplies,5230,4684
2024-02-01,2024,2,F04,D440,6440,Expense,Other Operating,4358,4122
2024-02-01,2024,2,F04,D440,6440,Expense,Pharmaceuticals,1743,1966
2024-02-01,2024,2,F04,D440,6440,Expense,Purchased Services,6973,6838
2024-02-01,2024,2,F04,D440,6440,Expense,Salaries & Wages,87158,90003
2024-02-01,2024,2,F04,D450,6450,Revenue,Net Patient Service Revenue,183066,199635
2024-02-01,2024,2,F04,D450,6450,Expense,Employee Benefits,34230,36612
2024-02-01,2024,2,F04,D450,6450,Expense,Equipment & Maintenance,5071,5093
2024-02-01,2024,2,F04,D450,6450,Expense,Medical Supplies,7607,8199
2024-02-01,2024,2,F04,D450,6450,Expense,Other Operating,6339,5605
2024-02-01,2024,2,F04,D450,6450,Expense,Pharmaceuticals,2536,1996
2024-02-01,2024,2,F04,D450,6450,Expense,Purchased Services,10142,9836
2024-02-01,2024,2,F04,D450,6450,Expense,Salaries & Wages,126776,135166
2024-02-01,2024,2,F01,D500,6500,Revenue,Net Patient Service Revenue,988378,992316
2024-02-01,2024,2,F01,D500,6500,Expense,Employee Benefits,122022,131851
2024-02-01,2024,2,F01,D500,6500,Expense,Equipment & Maintenance,26148,28350
2024-02-01,2024,2,F01,D500,6500,Expense,Medical Supplies,253552,251696
2024-02-01,2024,2,F01,D500,6500,Expense,Other Operating,13074,12919
2024-02-01,2024,2,F01,D500,6500,Expense,Pharmaceuticals,4358,5266
2024-02-01,2024,2,F01,D500,6500,Expense,Purchased Services,43579,40386
2024-02-01,2024,2,F01,D500,6500,Expense,Salaries & Wages,435792,458850
2024-02-01,2024,2,F01,D510,6510,Revenue,Net Patient Service Revenue,912216,1005532
2024-02-01,2024,2,F01,D510,6510,Expense,Employee Benefits,106492,112110
2024-02-01,2024,2,F01,D510,6510,Expense,Equipment & Maintenance,142623,138956
2024-02-01,2024,2,F01,D510,6510,Expense,Medical Supplies,19016,21486
2024-02-01,2024,2,F01,D510,6510,Expense,Other Operating,11410,9367
2024-02-01,2024,2,F01,D510,6510,Expense,Pharmaceuticals,3803,4872
2024-02-01,2024,2,F01,D510,6510,Expense,Purchased Services,38033,41484
2024-02-01,2024,2,F01,D510,6510,Expense,Salaries & Wages,380328,370243
2024-02-01,2024,2,F01,D520,6520,Expense,Employee Benefits,68776,73518
2024-02-01,2024,2,F01,D520,6520,Expense,Equipment & Maintenance,14738,14204
2024-02-01,2024,2,F01,D520,6520,Expense,Medical Supplies,12281,11417
2024-02-01,2024,2,F01,D520,6520,Expense,Other Operating,7369,6419
2024-02-01,2024,2,F01,D520,6520,Expense,Pharmaceuticals,158470,177529
2024-02-01,2024,2,F01,D520,6520,Expense,Purchased Services,24563,21874
2024-02-01,2024,2,F01,D520,6520,Expense,Salaries & Wages,245628,274941
2024-03-01,2024,3,F01,D100,6100,Revenue,Net Patient Service Revenue,1307000,1245002
2024-03-01,2024,3,F01,D100,6100,Expense,Employee Benefits,227672,232142
2024-03-01,2024,3,F01,D100,6100,Expense,Equipment & Maintenance,40656,46459
2024-03-01,2024,3,F01,D100,6100,Expense,Medical Supplies,113836,115494
2024-03-01,2024,3,F01,D100,6100,Expense,Other Operating,24393,28429
2024-03-01,2024,3,F01,D100,6100,Expense,Pharmaceuticals,73180,78822
2024-03-01,2024,3,F01,D100,6100,Expense,Purchased Services,97574,105879
2024-03-01,2024,3,F01,D100,6100,Expense,Salaries & Wages,813115,819136
2024-03-01,2024,3,F01,D110,6110,Revenue,Net Patient Service Revenue,1086320,1046549
2024-03-01,2024,3,F01,D110,6110,Expense,Employee Benefits,175023,162987
2024-03-01,2024,3,F01,D110,6110,Expense,Equipment & Maintenance,16770,16567
2024-03-01,2024,3,F01,D110,6110,Expense,Medical Supplies,94525,82419
2024-03-01,2024,3,F01,D110,6110,Expense,Other Operating,12807,13345
2024-03-01,2024,3,F01,D110,6110,Expense,Pharmaceuticals,73180,60955
2024-03-01,2024,3,F01,D110,6110,Expense,Purchased Services,27443,26734
2024-03-01,2024,3,F01,D110,6110,Expense,Salaries & Wages,625082,596817
2024-03-01,2024,3,F01,D111,6111,Revenue,Net Patient Service Revenue,965617,967136
2024-03-01,2024,3,F01,D111,6111,Expense,Employee Benefits,155576,164346
2024-03-01,2024,3,F01,D111,6111,Expense,Equipment & Maintenance,14907,14610
2024-03-01,2024,3,F01,D111,6111,Expense,Medical Supplies,84022,81788
2024-03-01,2024,3,F01,D111,6111,Expense,Other Operating,11384,12352
2024-03-01,2024,3,F01,D111,6111,Expense,Pharmaceuticals,65049,64759
2024-03-01,2024,3,F01,D111,6111,Expense,Purchased Services,24393,23899
2024-03-01,2024,3,F01,D111,6111,Expense,Salaries & Wages,555628,574001
2024-03-01,2024,3,F01,D120,6120,Revenue,Net Patient Service Revenue,806198,823642
2024-03-01,2024,3,F01,D120,6120,Expense,Employee Benefits,116682,124825
2024-03-01,2024,3,F01,D120,6120,Expense,Equipment & Maintenance,11180,11486
2024-03-01,2024,3,F01,D120,6120,Expense,Medical Supplies,63016,68159
2024-03-01,2024,3,F01,D120,6120,Expense,Other Operating,8538,8527
2024-03-01,2024,3,F01,D120,6120,Expense,Pharmaceuticals,48787,47946
2024-03-01,2024,3,F01,D120,6120,Expense,Purchased Services,18295,16309
2024-03-01,2024,3,F01,D120,6120,Expense,Salaries & Wages,416721,414208
2024-03-01,2024,3,F01,D130,6130,Revenue,Net Patient Service Revenue,981490,984571
2024-03-01,2024,3,F01,D130,6130,Expense,Employee Benefits,156525,162077
2024-03-01,2024,3,F01,D130,6130,Expense,Equipment & Maintenance,18634,16772
2024-03-01,2024,3,F01,D130,6130,Expense,Medical Supplies,88087,90530
2024-03-01,2024,3,F01,D130,6130,Expense,Other Operating,7115,7694
2024-03-01,2024,3,F01,D130,6130,Expense,Pharmaceuticals,81311,78798
2024-03-01,2024,3,F01,D130,6130,Expense,Purchased Services,15246,15513
2024-03-01,2024,3,F01,D130,6130,Expense,Salaries & Wages,559016,529758
2024-03-01,2024,3,F01,D140,6140,Revenue,Net Patient Service Revenue,764066,779395
2024-03-01,2024,3,F01,D140,6140,Expense,Employee Benefits,106958,107486
2024-03-01,2024,3,F01,D140,6140,Expense,Equipment & Maintenance,10249,9128
2024-03-01,2024,3,F01,D140,6140,Expense,Medical Supplies,57765,56619
2024-03-01,2024,3,F01,D140,6140,Expense,Other Operating,7826,7219
2024-03-01,2024,3,F01,D140,6140,Expense,Pharmaceuticals,44721,45160
2024-03-01,2024,3,F01,D140,6140,Expense,Purchased Services,16770,17216
2024-03-01,2024,3,F01,D140,6140,Expense,Salaries & Wages,381995,388318
2024-03-01,2024,3,F01,D150,6150,Revenue,Net Patient Service Revenue,746365,783889
2024-03-01,2024,3,F01,D150,6150,Expense,Employee Benefits,87511,82880
2024-03-01,2024,3,F01,D150,6150,Expense,Equipment & Maintenance,8385,8273
2024-03-01,2024,3,F01,D150,6150,Expense,Medical Supplies,47262,50327
2024-03-01,2024,3,F01,D150,6150,Expense,Other Operating,6403,6571
2024-03-01,2024,3,F01,D150,6150,Expense,Pharmaceuticals,190574,207568
2024-03-01,2024,3,F01,D150,6150,Expense,Purchased Services,13721,12950
2024-03-01,2024,3,F01,D150,6150,Expense,Salaries & Wages,312541,328194
2024-03-01,2024,3,F01,D160,6160,Revenue,Net Patient Service Revenue,482810,529636
2024-03-01,2024,3,F01,D160,6160,Expense,Employee Benefits,77788,77656
2024-03-01,2024,3,F01,D160,6160,Expense,Equipment & Maintenance,7454,5436
2024-03-01,2024,3,F01,D160,6160,Expense,Medical Supplies,42011,36996
2024-03-01,2024,3,F01,D160,6160,Expense,Other Operating,5692,5151
2024-03-01,2024,3,F01,D160,6160,Expense,Pharmaceuticals,32525,34145
2024-03-01,2024,3,F01,D160,6160,Expense,Purchased Services,12197,13151
2024-03-01,2024,3,F01,D160,6160,Expense,Salaries & Wages,277814,280601
2024-03-01,2024,3,F01,D170,6170,Revenue,Net Patient Service Revenue,580738,568370
2024-03-01,2024,3,F01,D170,6170,Expense,Employee Benefits,97235,92395
2024-03-01,2024,3,F01,D170,6170,Expense,Equipment & Maintenance,9317,11283
2024-03-01,2024,3,F01,D170,6170,Expense,Medical Supplies,52514,49848
2024-03-01,2024,3,F01,D170,6170,Expense,Other Operating,7115,7806
2024-03-01,2024,3,F01,D170,6170,Expense,Pharmaceuticals,40656,42693
2024-03-01,2024,3,F01,D170,6170,Expense,Purchased Services,15246,16525
2024-03-01,2024,3,F01,D170,6170,Expense,Salaries & Wages,347268,350538
2024-03-01,2024,3,F01,D180,6180,Revenue,Net Patient Service Revenue,358690,371951
2024-03-01,2024,3,F01,D180,6180,Expense,Employee Benefits,68064,66230
2024-03-01,2024,3,F01,D180,6180,Expense,Equipment & Maintenance,6522,7053
2024-03-01,2024,3,F01,D180,6180,Expense,Medical Supplies,36760,33830
2024-03-01,2024,3,F01,D180,6180,Expense,Other Operating,4980,4870
2024-03-01,2024,3,F01,D180,6180,Expense,Pharmaceuticals,28459,27850
2024-03-01,2024,3,F01,D180,6180,Expense,Purchased Services,10672,11615
2024-03-01,2024,3,F01,D180,6180,Expense,Salaries & Wages,243087,247236
2024-03-01,2024,3,F01,D190,6190,Revenue,Net Patient Service Revenue,430427,429963
2024-03-01,2024,3,F01,D190,6190,Expense,Employee Benefits,87511,88153
2024-03-01,2024,3,F01,D190,6190,Expense,Equipment & Maintenance,8385,8538
2024-03-01,2024,3,F01,D190,6190,Expense,Medical Supplies,47262,48928
2024-03-01,2024,3,F01,D190,6190,Expense,Other Operating,6403,7010
2024-03-01,2024,3,F01,D190,6190,Expense,Pharmaceuticals,36590,33428
2024-03-01,2024,3,F01,D190,6190,Expense,Purchased Services,13721,13395
2024-03-01,2024,3,F01,D190,6190,Expense,Salaries & Wages,312541,308902
2024-03-01,2024,3,F01,D195,6195,Revenue,Net Patient Service Revenue,362107,350261
2024-03-01,2024,3,F01,D195,6195,Expense,Employee Benefits,58341,60182
2024-03-01,2024,3,F01,D195,6195,Expense,Equipment & Maintenance,5590,6950
2024-03-01,2024,3,F01,D195,6195,Expense,Medical Supplies,31508,31759
2024-03-01,2024,3,F01,D195,6195,Expense,Other Operating,4269,4339
2024-03-01,2024,3,F01,D195,6195,Expense,Pharmaceuticals,24393,24816
2024-03-01,2024,3,F01,D195,6195,Expense,Purchased Services,9148,9374
2024-03-01,2024,3,F01,D195,6195,Expense,Salaries & Wages,208361,203943
2024-03-01,2024,3,F01,D196,6196,Revenue,Net Patient Service Revenue,1871434,1910951
2024-03-01,2024,3,F01,D196,6196,Expense,Employee Benefits,147038,152265
2024-03-01,2024,3,F01,D196,6196,Expense,Equipment & Maintenance,31508,35838
2024-03-01,2024,3,F01,D196,6196,Expense,Medical Supplies,719945,803555
2024-03-01,2024,3,F01,D196,6196,Expense,Other Operating,15754,16721
2024-03-01,2024,3,F01,D196,6196,Expense,Pharmaceuticals,5251,5123
2024-03-01,2024,3,F01,D196,6196,Expense,Purchased Services,52514,58310
2024-03-01,2024,3,F01,D196,6196,Expense,Salaries & Wages,525137,514879
2024-03-01,2024,3,F02,D200,6200,Revenue,Net Patient Service Revenue,517354,546105
2024-03-01,2024,3,F02,D200,6200,Expense,Employee Benefits,90120,92366
2024-03-01,2024,3,F02,D200,6200,Expense,Equipment & Maintenance,16093,20399
2024-03-01,2024,3,F02,D200,6200,Expense,Medical Supplies,45060,45651
2024-03-01,2024,3,F02,D200,6200,Expense,Other Operating,9656,7933
2024-03-01,2024,3,F02,D200,6200,Expense,Pharmaceuticals,28967,32185
2024-03-01,2024,3,F02,D200,6200,Expense,Purchased Services,38623,38761
2024-03-01,2024,3,F02,D200,6200,Expense,Salaries & Wages,321858,309625
2024-03-01,2024,3,F02,D210,6210,Revenue,Net Patient Service Revenue,844915,818839
2024-03-01,2024,3,F02,D210,6210,Expense,Employee Benefits,136129,133757
2024-03-01,2024,3,F02,D210,6210,Expense,Equipment & Maintenance,13044,13734
2024-03-01,2024,3,F02,D210,6210,Expense,Medical Supplies,73519,70164
2024-03-01,2024,3,F02,D210,6210,Expense,Other Operating,9961,10931
2024-03-01,2024,3,F02,D210,6210,Expense,Pharmaceuticals,56918,52736
2024-03-01,2024,3,F02,D210,6210,Expense,Purchased Services,21344,20048
2024-03-01,2024,3,F02,D210,6210,Expense,Salaries & Wages,486175,497151
2024-03-01,2024,3,F02,D230,6230,Revenue,Net Patient Service Revenue,392598,408091
2024-03-01,2024,3,F02,D230,6230,Expense,Employee Benefits,62610,58449
2024-03-01,2024,3,F02,D230,6230,Expense,Equipment & Maintenance,7454,7364
2024-03-01,2024,3,F02,D230,6230,Expense,Medical Supplies,35235,35073
2024-03-01,2024,3,F02,D230,6230,Expense,Other Operating,2846,2559
2024-03-01,2024,3,F02,D230,6230,Expense,Pharmaceuticals,32525,36897
2024-03-01,2024,3,F02,D230,6230,Expense,Purchased Services,6098,6242
2024-03-01,2024,3,F02,D230,6230,Expense,Salaries & Wages,223607,240922
2024-03-01,2024,3,F02,D270,6270,Revenue,Net Patient Service Revenue,301754,309289
2024-03-01,2024,3,F02,D270,6270,Expense,Employee Benefits,48617,48395
2024-03-01,2024,3,F02,D270,6270,Expense,Equipment & Maintenance,4658,4173
2024-03-01,2024,3,F02,D270,6270,Expense,Medical Supplies,26257,25419
2024-03-01,2024,3,F02,D270,6270,Expense,Other Operating,3557,3370
2024-03-01,2024,3,F02,D270,6270,Expense,Pharmaceuticals,20328,21927
2024-03-01,2024,3,F02,D270,6270,Expense,Purchased Services,7623,8237
2024-03-01,2024,3,F02,D270,6270,Expense,Salaries & Wages,173634,169565
2024-03-01,2024,3,F03,D300,6300,Revenue,Net Patient Service Revenue,694343,654709
2024-03-01,2024,3,F03,D300,6300,Expense,Employee Benefits,120951,121869
2024-03-01,2024,3,F03,D300,6300,Expense,Equipment & Maintenance,21598,24858
2024-03-01,2024,3,F03,D300,6300,Expense,Medical Supplies,60475,62394
2024-03-01,2024,3,F03,D300,6300,Expense,Other Operating,12959,14259
2024-03-01,2024,3,F03,D300,6300,Expense,Pharmaceuticals,38877,36211
2024-03-01,2024,3,F03,D300,6300,Expense,Purchased Services,51836,52667
2024-03-01,2024,3,F03,D300,6300,Expense,Salaries & Wages,431967,423077
2024-03-01,2024,3,F03,D310,6310,Revenue,Net Patient Service Revenue,905265,915411
2024-03-01,2024,3,F03,D310,6310,Expense,Employee Benefits,145852,142944
2024-03-01,2024,3,F03,D310,6310,Expense,Equipment & Maintenance,13975,13801
2024-03-01,2024,3,F03,D310,6310,Expense,Medical Supplies,78770,82976
2024-03-01,2024,3,F03,D310,6310,Expense,Other Operating,10672,11326
2024-03-01,2024,3,F03,D310,6310,Expense,Pharmaceuticals,60984,66063
2024-03-01,2024,3,F03,D310,6310,Expense,Purchased Services,22869,23950
2024-03-01,2024,3,F03,D310,6310,Expense,Salaries & Wages,520902,545477
2024-03-01,2024,3,F03,D320,6320,Revenue,Net Patient Service Revenue,482810,507214
2024-03-01,2024,3,F03,D320,6320,Expense,Employee Benefits,77788,75963
2024-03-01,2024,3,F03,D320,6320,Expense,Equipment & Maintenance,7454,7024
2024-03-01,2024,3,F03,D320,6320,Expense,Medical Supplies,42011,39758
2024-03-01,2024,3,F03,D320,6320,Expense,Other Operating,5692,4680
2024-03-01,2024,3,F03,D320,6320,Expense,Pharmaceuticals,32525,31993
2024-03-01,2024,3,F03,D320,6320,Expense,Purchased Services,12197,12456
2024-03-01,2024,3,F03,D320,6320,Expense,Salaries & Wages,277814,288265
2024-03-01,2024,3,F03,D330,6330,Revenue,Net Patient Service Revenue,588895,593196
2024-03-01,2024,3,F03,D330,6330,Expense,Employee Benefits,93915,89455
2024-03-01,2024,3,F03,D330,6330,Expense,Equipment & Maintenance,11180,12360
2024-03-01,2024,3,F03,D330,6330,Expense,Medical Supplies,52852,51558
2024-03-01,2024,3,F03,D330,6330,Expense,Other Operating,4269,4314
2024-03-01,2024,3,F03,D330,6330,Expense,Pharmaceuticals,48787,49976
2024-03-01,2024,3,F03,D330,6330,Expense,Purchased Services,9148,8366
2024-03-01,2024,3,F03,D330,6330,Expense,Salaries & Wages,335410,323504
2024-03-01,2024,3,F03,D340,6340,Revenue,Net Patient Service Revenue,422457,444051
2024-03-01,2024,3,F03,D340,6340,Expense,Employee Benefits,68064,66597
2024-03-01,2024,3,F03,D340,6340,Expense,Equipment & Maintenance,6522,7098
2024-03-01,2024,3,F03,D340,6340,Expense,Medical Supplies,36760,39050
2024-03-01,2024,3,F03,D340,6340,Expense,Other Operating,4980,5249
2024-03-01,2024,3,F03,D340,6340,Expense,Pharmaceuticals,28459,31076
2024-03-01,2024,3,F03,D340,6340,Expense,Purchased Services,10672,10239
2024-03-01,2024,3,F03,D340,6340,Expense,Salaries & Wages,243087,243512
2024-03-01,2024,3,F04,D400,6400,Revenue,Net Patient Service Revenue,424595,442754
2024-03-01,2024,3,F04,D400,6400,Expense,Employee Benefits,77754,70747
2024-03-01,2024,3,F04,D400,6400,Expense,Equipment & Maintenance,11519,11110
2024-03-01,2024,3,F04,D400,6400,Expense,Medical Supplies,17279,17333
2024-03-01,2024,3,F04,D400,6400,Expense,Other Operating,14399,13882
2024-03-01,2024,3,F04,D400,6400,Expense,Pharmaceuticals,5760,5327
2024-03-01,2024,3,F04,D400,6400,Expense,Purchased Services,23038,23712
2024-03-01,2024,3,F04,D400,6400,Expense,Salaries & Wages,287978,284112
2024-03-01,2024,3,F04,D410,6410,Revenue,Net Patient Service Revenue,293534,297565
2024-03-01,2024,3,F04,D410,6410,Expense,Employee Benefits,43451,44897
2024-03-01,2024,3,F04,D410,6410,Expense,Equipment & Maintenance,6437,5968
2024-03-01,2024,3,F04,D410,6410,Expense,Medical Supplies,9656,9099
2024-03-01,2024,3,F04,D410,6410,Expense,Other Operating,8046,7938
2024-03-01,2024,3,F04,D410,6410,Expense,Pharmaceuticals,3219,3608
2024-03-01,2024,3,F04,D410,6410,Expense,Purchased Services,12874,15217
2024-03-01,2024,3,F04,D410,6410,Expense,Salaries & Wages,160929,156360
2024-03-01,2024,3,F04,D420,6420,Revenue,Net Patient Service Revenue,258258,268903
2024-03-01,2024,3,F04,D420,6420,Expense,Employee Benefits,38877,40876
2024-03-01,2024,3,F04,D420,6420,Expense,Equipment & Maintenance,5760,5378
2024-03-01,2024,3,F04,D420,6420,Expense,Medical Supplies,8639,9494
2024-03-01,2024,3,F04,D420,6420,Expense,Other Operating,7199,7499
2024-03-01,2024,3,F04,D420,6420,Expense,Pharmaceuticals,2880,2778
2024-03-01,2024,3,F04,D420,6420,Expense,Purchased Services,11519,12012
2024-03-01,2024,3,F04,D420,6420,Expense,Salaries & Wages,143989,141702
2024-03-01,2024,3,F04,D430,6430,Revenue,Net Patient Service Revenue,939952,1015035
2024-03-01,2024,3,F04,D430,6430,Expense,Employee Benefits,52598,50491
2024-03-01,2024,3,F04,D430,6430,Expense,Equipment & Maintenance,7792,6937
2024-03-01,2024,3,F04,D430,6430,Expense,Medical Supplies,11689,10868
2024-03-01,2024,3,F04,D430,6430,Expense,Other Operating,9740,9558
2024-03-01,2024,3,F04,D430,6430,Expense,Pharmaceuticals,525137,514648
2024-03-01,2024,3,F04,D430,6430,Expense,Purchased Services,15585,16590
2024-03-01,2024,3,F04,D430,6430,Expense,Salaries & Wages,194809,213091
2024-03-01,2024,3,F04,D440,6440,Revenue,Net Patient Service Revenue,143033,139077
2024-03-01,2024,3,F04,D440,6440,Expense,Employee Benefits,25156,25871
2024-03-01,2024,3,F04,D440,6440,Expense,Equipment & Maintenance,3727,3696
2024-03-01,2024,3,F04,D440,6440,Expense,Medical Supplies,5590,5352
2024-03-01,2024,3,F04,D440,6440,Expense,Other Operating,4658,4948
2024-03-01,2024,3,F04,D440,6440,Expense,Pharmaceuticals,1863,1822
2024-03-01,2024,3,F04,D440,6440,Expense,Purchased Services,7454,6953
2024-03-01,2024,3,F04,D440,6440,Expense,Salaries & Wages,93169,93831
2024-03-01,2024,3,F04,D450,6450,Revenue,Net Patient Service Revenue,195690,200268
2024-03-01,2024,3,F04,D450,6450,Expense,Employee Benefits,36590,37478
2024-03-01,2024,3,F04,D450,6450,Expense,Equipment & Maintenance,5421,5363
2024-03-01,2024,3,F04,D450,6450,Expense,Medical Supplies,8131,8513
2024-03-01,2024,3,F04,D450,6450,Expense,Other Operating,6776,6142
2024-03-01,2024,3,F04,D450,6450,Expense,Pharmaceuticals,2710,2515
2024-03-01,2024,3,F04,D450,6450,Expense,Purchased Services,10842,10577
2024-03-01,2024,3,F04,D450,6450,Expense,Salaries & Wages,135519,133266
2024-03-01,2024,3,F01,D500,6500,Revenue,Net Patient Service Revenue,1056540,1041034
2024-03-01,2024,3,F01,D500,6500,Expense,Employee Benefits,130437,131356
2024-03-01,2024,3,F01,D500,6500,Expense,Equipment & Maintenance,27951,29178
2024-03-01,2024,3,F01,D500,6500,Expense,Medical Supplies,271038,271422
2024-03-01,2024,3,F01,D500,6500,Expense,Other Operating,13975,13738
2024-03-01,2024,3,F01,D500,6500,Expense,Pharmaceuticals,4658,5065
2024-03-01,2024,3,F01,D500,6500,Expense,Purchased Services,46585,50551
2024-03-01,2024,3,F01,D500,6500,Expense,Salaries & Wages,465847,491621
2024-03-01,2024,3,F01,D510,6510,Revenue,Net Patient Service Revenue,975129,1016624
2024-03-01,2024,3,F01,D510,6510,Expense,Employee Benefits,113836,112498
2024-03-01,2024,3,F01,D510,6510,Expense,Equipment & Maintenance,152459,162614
2024-03-01,2024,3,F01,D510,6510,Expense,Medical Supplies,20328,21122
2024-03-01,2024,3,F01,D510,6510,Expense,Other Operating,12197,11710
2024-03-01,2024,3,F01,D510,6510,Expense,Pharmaceuticals,4066,4679
2024-03-01,2024,3,F01,D510,6510,Expense,Purchased Services,40656,43298
2024-03-01,2024,3,F01,D510,6510,Expense,Salaries & Wages,406557,380747
2024-03-01,2024,3,F01,D520,6520,Expense,Employee Benefits,73519,73833
2024-03-01,2024,3,F01,D520,6520,Expense,Equipment & Maintenance,15754,14562
2024-03-01,2024,3,F01,D520,6520,Expense,Medical Supplies,13128,12668
2024-03-01,2024,3,F01,D520,6520,Expense,Other Operating,7877,9379
2024-03-01,2024,3,F01,D520,6520,Expense,Pharmaceuticals,169399,148257
2024-03-01,2024,3,F01,D520,6520,Expense,Purchased Services,26257,23066
2024-03-01,2024,3,F01,D520,6520,Expense,Salaries & Wages,262568,276726
2024-04-01,2024,4,F01,D100,6100,Revenue,Net Patient Service Revenue,1264840,1313034
2024-04-01,2024,4,F01,D100,6100,Expense,Employee Benefits,220328,218966
2024-04-01,2024,4,F01,D100,6100,Expense,Equipment & Maintenance,39344,49460
2024-04-01,2024,4,F01,D100,6100,Expense,Medical Supplies,110164,111885
2024-04-01,2024,4,F01,D100,6100,Expense,Other Operating,23607,24060
2024-04-01,2024,4,F01,D100,6100,Expense,Pharmaceuticals,70820,78265
2024-04-01,2024,4,F01,D100,6100,Expense,Purchased Services,94426,89115
2024-04-01,2024,4,F01,D100,6100,Expense,Salaries & Wages,786885,795427
2024-04-01,2024,4,F01,D110,6110,Revenue,Net Patient Service Revenue,1051276,1050008
2024-04-01,2024,4,F01,D110,6110,Expense,Employee Benefits,169377,160215
2024-04-01,2024,4,F01,D110,6110,Expense,Equipment & Maintenance,16230,14631
2024-04-01,2024,4,F01,D110,6110,Expense,Medical Supplies,91475,92035
2024-04-01,2024,4,F01,D110,6110,Expense,Other Operating,12393,12728
2024-04-01,2024,4,F01,D110,6110,Expense,Pharmaceuticals,70820,71210
2024-04-01,2024,4,F01,D110,6110,Expense,Purchased Services,26557,23808
2024-04-01,2024,4,F01,D110,6110,Expense,Salaries & Wages,604918,582661
2024-04-01,2024,4,F01,D111,6111,Revenue,Net Patient Service Revenue,934467,916352
2024-04-01,2024,4,F01,D111,6111,Expense,Employee Benefits,150557,160318
2024-04-01,2024,4,F01,D111,6111,Expense,Equipment & Maintenance,14426,15367
2024-04-01,2024,4,F01,D111,6111,Expense,Medical Supplies,81311,90233
2024-04-01,2024,4,F01,D111,6111,Expense,Other Operating,11016,12337
2024-04-01,2024,4,F01,D111,6111,Expense,Pharmaceuticals,62951,56323
2024-04-01,2024,4,F01,D111,6111,Expense,Purchased Services,23607,23443
2024-04-01,2024,4,F01,D111,6111,Expense,Salaries & Wages,537705,534042
2024-04-01,2024,4,F01,D120,6120,Revenue,Net Patient Service Revenue,780194,800594
2024-04-01,2024,4,F01,D120,6120,Expense,Employee Benefits,112918,113686
2024-04-01,2024,4,F01,D120,6120,Expense,Equipment & Maintenance,10820,10334
2024-04-01,2024,4,F01,D120,6120,Expense,Medical Supplies,60984,64213
2024-04-01,2024,4,F01,D120,6120,Expense,Other Operating,8262,7632
2024-04-01,2024,4,F01,D120,6120,Expense,Pharmaceuticals,47213,38402
2024-04-01,2024,4,F01,D120,6120,Expense,Purchased Services,17705,18990
2024-04-01,2024,4,F01,D120,6120,Expense,Salaries & Wages,403279,416536
2024-04-01,2024,4,F01,D130,6130,Revenue,Net Patient Service Revenue,949830,929457
2024-04-01,2024,4,F01,D130,6130,Expense,Employee Benefits,151475,152364
2024-04-01,2024,4,F01,D130,6130,Expense,Equipment & Maintenance,18033,18474
2024-04-01,2024,4,F01,D130,6130,Expense,Medical Supplies,85246,92443
2024-04-01,2024,4,F01,D130,6130,Expense,Other Operating,6885,7355
2024-04-01,2024,4,F01,D130,6130,Expense,Pharmaceuticals,78689,81950
2024-04-01,2024,4,F01,D130,6130,Expense,Purchased Services,14754,16483
2024-04-01,2024,4,F01,D130,6130,Expense,Salaries & Wages,540984,537718
2024-04-01,2024,4,F01,D140,6140,Revenue,Net Patient Service Revenue,739421,771053
2024-04-01,2024,4,F01,D140,6140,Expense,Employee Benefits,103508,105070
2024-04-01,2024,4,F01,D140,6140,Expense,Equipment & Maintenance,9918,10720
2024-04-01,2024,4,F01,D140,6140,Expense,Medical Supplies,55902,47866
2024-04-01,2024,4,F01,D140,6140,Expense,Other Operating,7574,8047
2024-04-01,2024,4,F01,D140,6140,Expense,Pharmaceuticals,43279,45492
2024-04-01,2024,4,F01,D140,6140,Expense,Purchased Services,16230,15189
2024-04-01,2024,4,F01,D140,6140,Expense,Salaries & Wages,369672,380788
2024-04-01,2024,4,F01,D150,6150,Revenue,Net Patient Service Revenue,722291,696414
2024-04-01,2024,4,F01,D150,6150,Expense,Employee Benefits,84689,80186
2024-04-01,2024,4,F01,D150,6150,Expense,Equipment & Maintenance,8115,8842
2024-04-01,2024,4,F01,D150,6150,Expense,Medical Supplies,45738,43669
2024-04-01,2024,4,F01,D150,6150,Expense,Other Operating,6197,5703
2024-04-01,2024,4,F01,D150,6150,Expense,Pharmaceuticals,184426,196166
2024-04-01,2024,4,F01,D150,6150,Expense,Purchased Services,13279,13302
2024-04-01,2024,4,F01,D150,6150,Expense,Salaries & Wages,302459,303130
2024-04-01,2024,4,F01,D160,6160,Revenue,Net Patient Service Revenue,467233,476599
2024-04-01,2024,4,F01,D160,6160,Expense,Employee Benefits,75279,74023
2024-04-01,2024,4,F01,D160,6160,Expense,Equipment & Maintenance,7213,8200
2024-04-01,2024,4,F01,D160,6160,Expense,Medical Supplies,40656,39125
2024-04-01,2024,4,F01,D160,6160,Expense,Other Operating,5508,4528
2024-04-01,2024,4,F01,D160,6160,Expense,Pharmaceuticals,31475,38329
2024-04-01,2024,4,F01,D160,6160,Expense,Purchased Services,11803,10727
2024-04-01,2024,4,F01,D160,6160,Expense,Salaries & Wages,268852,270271
2024-04-01,2024,4,F01,D170,6170,Revenue,Net Patient Service Revenue,562003,586922
2024-04-01,2024,4,F01,D170,6170,Expense,Employee Benefits,94098,88367
2024-04-01,2024,4,F01,D170,6170,Expense,Equipment & Maintenance,9016,9182
2024-04-01,2024,4,F01,D170,6170,Expense,Medical Supplies,50820,48929
2024-04-01,2024,4,F01,D170,6170,Expense,Other Operating,6885,5776
2024-04-01,2024,4,F01,D170,6170,Expense,Pharmaceuticals,39344,40060
2024-04-01,2024,4,F01,D170,6170,Expense,Purchased Services,14754,14314
2024-04-01,2024,4,F01,D170,6170,Expense,Salaries & Wages,336066,346205
2024-04-01,2024,4,F01,D180,6180,Revenue,Net Patient Service Revenue,347120,383003
2024-04-01,2024,4,F01,D180,6180,Expense,Employee Benefits,65869,65442
2024-04-01,2024,4,F01,D180,6180,Expense,Equipment & Maintenance,6311,7177
2024-04-01,2024,4,F01,D180,6180,Expense,Medical Supplies,35574,34002
2024-04-01,2024,4,F01,D180,6180,Expense,Other Operating,4820,4820
2024-04-01,2024,4,F01,D180,6180,Expense,Pharmaceuticals,27541,26235
2024-04-01,2024,4,F01,D180,6180,Expense,Purchased Services,10328,11868
2024-04-01,2024,4,F01,D180,6180,Expense,Salaries & Wages,235246,224125
2024-04-01,2024,4,F01,D190,6190,Revenue,Net Patient Service Revenue,416545,377930
2024-04-01,2024,4,F01,D190,6190,Expense,Employee Benefits,84689,83939
2024-04-01,2024,4,F01,D190,6190,Expense,Equipment & Maintenance,8115,8586
2024-04-01,2024,4,F01,D190,6190,Expense,Medical Supplies,45738,49292
2024-04-01,2024,4,F01,D190,6190,Expense,Other Operating,6197,5177
2024-04-01,2024,4,F01,D190,6190,Expense,Pharmaceuticals,35410,37952
2024-04-01,2024,4,F01,D190,6190,Expense,Purchased Services,13279,14179
2024-04-01,2024,4,F01,D190,6190,Expense,Salaries & Wages,302459,293398
2024-04-01,2024,4,F01,D195,6195,Revenue,Net Patient Service Revenue,350425,345081
2024-04-01,2024,4,F01,D195,6195,Expense,Employee Benefits,56459,59059
2024-04-01,2024,4,F01,D195,6195,Expense,Equipment & Maintenance,5410,5694
2024-04-01,2024,4,F01,D195,6195,Expense,Medical Supplies,30492,28088
2024-04-01,2024,4,F01,D195,6195,Expense,Other Operating,4131,4200
2024-04-01,2024,4,F01,D195,6195,Expense,Pharmaceuticals,23607,20104
2024-04-01,2024,4,F01,D195,6195,Expense,Purchased Services,8852,8029
2024-04-01,2024,4,F01,D195,6195,Expense,Salaries & Wages,201639,199245
2024-04-01,2024,4,F01,D196,6196,Revenue,Net Patient Service Revenue,1811066,1672499
2024-04-01,2024,4,F01,D196,6196,Expense,Employee Benefits,142295,146261
2024-04-01,2024,4,F01,D196,6196,Expense,Equipment & Maintenance,30492,31802
2024-04-01,2024,4,F01,D196,6196,Expense,Medical Supplies,696721,674255
2024-04-01,2024,4,F01,D196,6196,Expense,Other Operating,15246,14227
2024-04-01,2024,4,F01,D196,6196,Expense,Pharmaceuticals,5082,5785
2024-04-01,2024,4,F01,D196,6196,Expense,Purchased Services,50820,52781
2024-04-01,2024,4,F01,D196,6196,Expense,Salaries & Wages,508197,505020
2024-04-01,2024,4,F02,D200,6200,Revenue,Net Patient Service Revenue,500666,499902
2024-04-01,2024,4,F02,D200,6200,Expense,Employee Benefits,87213,87668
2024-04-01,2024,4,F02,D200,6200,Expense,Equipment & Maintenance,15574,16784
2024-04-01,2024,4,F02,D200,6200,Expense,Medical Supplies,43607,49102
2024-04-01,2024,4,F02,D200,6200,Expense,Other Operating,9344,8648
2024-04-01,2024,4,F02,D200,6200,Expense,Pharmaceuticals,28033,24893
2024-04-01,2024,4,F02,D200,6200,Expense,Purchased Services,37377,39522
2024-04-01,2024,4,F02,D200,6200,Expense,Salaries & Wages,311475,293978
2024-04-01,2024,4,F02,D210,6210,Revenue,Net Patient Service Revenue,817661,799768
2024-04-01,2024,4,F02,D210,6210,Expense,Employee Benefits,131738,127684
2024-04-01,2024,4,F02,D210,6210,Expense,Equipment & Maintenance,12623,12629
2024-04-01,2024,4,F02,D210,6210,Expense,Medical Supplies,71148,70239
2024-04-01,2024,4,F02,D210,6210,Expense,Other Operating,9639,9576
2024-04-01,2024,4,F02,D210,6210,Expense,Pharmaceuticals,55082,51172
2024-04-01,2024,4,F02,D210,6210,Expense,Purchased Services,20656,19975
2024-04-01,2024,4,F02,D210,6210,Expense,Salaries & Wages,470492,477281
2024-04-01,2024,4,F02,D230,6230,Revenue,Net Patient Service Revenue,379930,391500
2024-04-01,2024,4,F02,D230,6230,Expense,Employee Benefits,60590,57337
2024-04-01,2024,4,F02,D230,6230,Expense,Equipment & Maintenance,7213,7671
2024-04-01,2024,4,F02,D230,6230,Expense,Medical Supplies,34098,32566
2024-04-01,2024,4,F02,D230,6230,Expense,Other Operating,2754,2504
2024-04-01,2024,4,F02,D230,6230,Expense,Pharmaceuticals,31475,28772
2024-04-01,2024,4,F02,D230,6230,Expense,Purchased Services,5902,6596
2024-04-01,2024,4,F02,D230,6230,Expense,Salaries & Wages,216393,237357
2024-04-01,2024,4,F02,D270,6270,Revenue,Net Patient Service Revenue,292022,274826
2024-04-01,2024,4,F02,D270,6270,Expense,Employee Benefits,47049,47452
2024-04-01,2024,4,F02,D270,6270,Expense,Equipment & Maintenance,4508,4513
2024-04-01,2024,4,F02,D270,6270,Expense,Medical Supplies,25410,23832
2024-04-01,2024,4,F02,D270,6270,Expense,Other Operating,3443,3541
2024-04-01,2024,4,F02,D270,6270,Expense,Pharmaceuticals,19672,17959
2024-04-01,2024,4,F02,D270,6270,Expense,Purchased Services,7377,7787
2024-04-01,2024,4,F02,D270,6270,Expense,Salaries & Wages,168033,167751
2024-04-01,2024,4,F03,D300,6300,Revenue,Net Patient Service Revenue,671947,674097
2024-04-01,2024,4,F03,D300,6300,Expense,Employee Benefits,117049,112001
2024-04-01,2024,4,F03,D300,6300,Expense,Equipment & Maintenance,20902,22191
2024-04-01,2024,4,F03,D300,6300,Expense,Medical Supplies,58525,55584
2024-04-01,2024,4,F03,D300,6300,Expense,Other Operating,12541,13759
2024-04-01,2024,4,F03,D300,6300,Expense,Pharmaceuticals,37623,37905
2024-04-01,2024,4,F03,D300,6300,Expense,Purchased Services,50164,52376
2024-04-01,2024,4,F03,D300,6300,Expense,Salaries & Wages,418033,417124
2024-04-01,2024,4,F03,D310,6310,Revenue,Net Patient Service Revenue,876065,866350
2024-04-01,2024,4,F03,D310,6310,Expense,Employee Benefits,141148,143128
2024-04-01,2024,4,F03,D310,6310,Expense,Equipment & Maintenance,13525,11634
2024-04-01,2024,4,F03,D310,6310,Expense,Medical Supplies,76230,70152
2024-04-01,2024,4,F03,D310,6310,Expense,Other Operating,10328,10379
2024-04-01,2024,4,F03,D310,6310,Expense,Pharmaceuticals,59016,62807
2024-04-01,2024,4,F03,D310,6310,Expense,Purchased Services,22131,25360
2024-04-01,2024,4,F03,D310,6310,Expense,Salaries & Wages,504098,524874
2024-04-01,2024,4,F03,D320,6320,Revenue,Net Patient Service Revenue,467233,442404
2024-04-01,2024,4,F03,D320,6320,Expense,Employee Benefits,75279,79774
2024-04-01,2024,4,F03,D320,6320,Expense,Equipment & Maintenance,7213,7573
2024-04-01,2024,4,F03,D320,6320,Expense,Medical Supplies,40656,37077
2024-04-01,2024,4,F03,D320,6320,Expense,Other Operating,5508,4943
2024-04-01,2024,4,F03,D320,6320,Expense,Pharmaceuticals,31475,27133
2024-04-01,2024,4,F03,D320,6320,Expense,Purchased Services,11803,12333
2024-04-01,2024,4,F03,D320,6320,Expense,Salaries & Wages,268852,269491
2024-04-01,2024,4,F03,D330,6330,Revenue,Net Patient Service Revenue,569897,630430
2024-04-01,2024,4,F03,D330,6330,Expense,Employee Benefits,90885,85181
2024-04-01,2024,4,F03,D330,6330,Expense,Equipment & Maintenance,10820,12159
2024-04-01,2024,4,F03,D330,6330,Expense,Medical Supplies,51148,58245
2024-04-01,2024,4,F03,D330,6330,Expense,Other Operating,4131,3805
2024-04-01,2024,4,F03,D330,6330,Expense,Pharmaceuticals,47213,49880
2024-04-01,2024,4,F03,D330,6330,Expense,Purchased Services,8852,8626
2024-04-01,2024,4,F03,D330,6330,Expense,Salaries & Wages,324590,327696
2024-04-01,2024,4,F03,D340,6340,Revenue,Net Patient Service Revenue,408830,408908
2024-04-01,2024,4,F03,D340,6340,Expense,Employee Benefits,65869,68434
2024-04-01,2024,4,F03,D340,6340,Expense,Equipment & Maintenance,6311,7339
2024-04-01,2024,4,F03,D340,6340,Expense,Medical Supplies,35574,35699
2024-04-01,2024,4,F03,D340,6340,Expense,Other Operating,4820,4269
2024-04-01,2024,4,F03,D340,6340,Expense,Pharmaceuticals,27541,27919
2024-04-01,2024,4,F03,D340,6340,Expense,Purchased Services,10328,10130
2024-04-01,2024,4,F03,D340,6340,Expense,Salaries & Wages,235246,221773
2024-04-01,2024,4,F04,D400,6400,Revenue,Net Patient Service Revenue,410899,409866
2024-04-01,2024,4,F04,D400,6400,Expense,Employee Benefits,75246,74937
2024-04-01,2024,4,F04,D400,6400,Expense,Equipment & Maintenance,11148,10191
2024-04-01,2024,4,F04,D400,6400,Expense,Medical Supplies,16721,18979
2024-04-01,2024,4,F04,D400,6400,Expense,Other Operating,13934,14325
2024-04-01,2024,4,F04,D400,6400,Expense,Pharmaceuticals,5574,4211
2024-04-01,2024,4,F04,D400,6400,Expense,Purchased Services,22295,24739
2024-04-01,2024,4,F04,D400,6400,Expense,Salaries & Wages,278689,279746
2024-04-01,2024,4,F04,D410,6410,Revenue,Net Patient Service Revenue,284066,282036
2024-04-01,2024,4,F04,D410,6410,Expense,Employee Benefits,42049,43929
2024-04-01,2024,4,F04,D410,6410,Expense,Equipment & Maintenance,6230,6738
2024-04-01,2024,4,F04,D410,6410,Expense,Medical Supplies,9344,11481
2024-04-01,2024,4,F04,D410,6410,Expense,Other Operating,7787,7272
2024-04-01,2024,4,F04,D410,6410,Expense,Pharmaceuticals,3115,3082
2024-04-01,2024,4,F04,D410,6410,Expense,Purchased Services,12459,10891
2024-04-01,2024,4,F04,D410,6410,Expense,Salaries & Wages,155738,147678
2024-04-01,2024,4,F04,D420,6420,Revenue,Net Patient Service Revenue,249929,240032
2024-04-01,2024,4,F04,D420,6420,Expense,Employee Benefits,37623,36132
2024-04-01,2024,4,F04,D420,6420,Expense,Equipment & Maintenance,5574,5439
2024-04-01,2024,4,F04,D420,6420,Expense,Medical Supplies,8361,9185
2024-04-01,2024,4,F04,D420,6420,Expense,Other Operating,6967,6721
2024-04-01,2024,4,F04,D420,6420,Expense,Pharmaceuticals,2787,3054
2024-04-01,2024,4,F04,D420,6420,Expense,Purchased Services,11148,10767
2024-04-01,2024,4,F04,D420,6420,Expense,Salaries & Wages,139344,148961
2024-04-01,2024,4,F04,D430,6430,Revenue,Net Patient Service Revenue,909632,994800
2024-04-01,2024,4,F04,D430,6430,Expense,Employee Benefits,50902,53523
2024-04-01,2024,4,F04,D430,6430,Expense,Equipment & Maintenance,7541,8768
2024-04-01,2024,4,F04,D430,6430,Expense,Medical Supplies,11311,10739
2024-04-01,2024,4,F04,D430,6430,Expense,Other Operating,9426,8302
2024-04-01,2024,4,F04,D430,6430,Expense,Pharmaceuticals,508197,489174
2024-04-01,2024,4,F04,D430,6430,Expense,Purchased Services,15082,15177
2024-04-01,2024,4,F04,D430,6430,Expense,Salaries & Wages,188525,207603
2024-04-01,2024,4,F04,D440,6440,Revenue,Net Patient Service Revenue,138419,154123
2024-04-01,2024,4,F04,D440,6440,Expense,Employee Benefits,24344,22888
2024-04-01,2024,4,F04,D440,6440,Expense,Equipment & Maintenance,3607,3447
2024-04-01,2024,4,F04,D440,6440,Expense,Medical Supplies,5410,5078
2024-04-01,2024,4,F04,D440,6440,Expense,Other Operating,4508,4394
2024-04-01,2024,4,F04,D440,6440,Expense,Pharmaceuticals,1803,1595
2024-04-01,2024,4,F04,D440,6440,Expense,Purchased Services,7213,7855
2024-04-01,2024,4,F04,D440,6440,Expense,Salaries & Wages,90164,89800
2024-04-01,2024,4,F04,D450,6450,Revenue,Net Patient Service Revenue,189378,176417
2024-04-01,2024,4,F04,D450,6450,Expense,Employee Benefits,35410,36180
2024-04-01,2024,4,F04,D450,6450,Expense,Equipment & Maintenance,5246,4981
2024-04-01,2024,4,F04,D450,6450,Expense,Medical Supplies,7869,9493
2024-04-01,2024,4,F04,D450,6450,Expense,Other Operating,6557,6544
2024-04-01,2024,4,F04,D450,6450,Expense,Pharmaceuticals,2623,2759
2024-04-01,2024,4,F04,D450,6450,Expense,Purchased Services,10492,8611
2024-04-01,2024,4,F04,D450,6450,Expense,Salaries & Wages,131148,133549
2024-04-01,2024,4,F01,D500,6500,Revenue,Net Patient Service Revenue,1022460,1144708
2024-04-01,2024,4,F01,D500,6500,Expense,Employee Benefits,126230,131821
2024-04-01,2024,4,F01,D500,6500,Expense,Equipment & Maintenance,27049,26139
2024-04-01,2024,4,F01,D500,6500,Expense,Medical Supplies,262295,250757
2024-04-01,2024,4,F01,D500,6500,Expense,Other Operating,13525,14639
2024-04-01,2024,4,F01,D500,6500,Expense,Pharmaceuticals,4508,4195
2024-04-01,2024,4,F01,D500,6500,Expense,Purchased Services,45082,37635
2024-04-01,2024,4,F01,D500,6500,Expense,Salaries & Wages,450820,473624
2024-04-01,2024,4,F01,D510,6510,Revenue,Net Patient Service Revenue,943671,1025362
2024-04-01,2024,4,F01,D510,6510,Expense,Employee Benefits,110164,116502
2024-04-01,2024,4,F01,D510,6510,Expense,Equipment & Maintenance,147541,148011
2024-04-01,2024,4,F01,D510,6510,Expense,Medical Supplies,19672,19596
2024-04-01,2024,4,F01,D510,6510,Expense,Other Operating,11803,12508
2024-04-01,2024,4,F01,D510,6510,Expense,Pharmaceuticals,3934,3624
2024-04-01,2024,4,F01,D510,6510,Expense,Purchased Services,39344,40472
2024-04-01,2024,4,F01,D510,6510,Expense,Salaries & Wages,393443,380788
2024-04-01,2024,4,F01,D520,6520,Expense,Employee Benefits,71148,71243
2024-04-01,2024,4,F01,D520,6520,Expense,Equipment & Maintenance,15246,12487
2024-04-01,2024,4,F01,D520,6520,Expense,Medical Supplies,12705,13408
2024-04-01,2024,4,F01,D520,6520,Expense,Other Operating,7623,7516
2024-04-01,2024,4,F01,D520,6520,Expense,Pharmaceuticals,163934,155450
2024-04-01,2024,4,F01,D520,6520,Expense,Purchased Services,25410,26210
2024-04-01,2024,4,F01,D520,6520,Expense,Salaries & Wages,254098,274092
2024-05-01,2024,5,F01,D100,6100,Revenue,Net Patient Service Revenue,1307000,1231886
2024-05-01,2024,5,F01,D100,6100,Expense,Employee Benefits,227672,225953
2024-05-01,2024,5,F01,D100,6100,Expense,Equipment & Maintenance,40656,45186
2024-05-01,2024,5,F01,D100,6100,Expense,Medical Supplies,113836,86397
2024-05-01,2024,5,F01,D100,6100,Expense,Other Operating,24393,27001
2024-05-01,2024,5,F01,D100,6100,Expense,Pharmaceuticals,73180,82972
2024-05-01,2024,5,F01,D100,6100,Expense,Purchased Services,97574,90154
2024-05-01,2024,5,F01,D100,6100,Expense,Salaries & Wages,813115,775874
2024-05-01,2024,5,F01,D110,6110,Revenue,Net Patient Service Revenue,1086320,1142416
2024-05-01,2024,5,F01,D110,6110,Expense,Employee Benefits,175023,175723
2024-05-01,2024,5,F01,D110,6110,Expense,Equipment & Maintenance,16770,19553
2024-05-01,2024,5,F01,D110,6110,Expense,Medical Supplies,94525,85902
2024-05-01,2024,5,F01,D110,6110,Expense,Other Operating,12807,12843
2024-05-01,2024,5,F01,D110,6110,Expense,Pharmaceuticals,73180,76773
2024-05-01,2024,5,F01,D110,6110,Expense,Purchased Services,27443,33801
2024-05-01,2024,5,F01,D110,6110,Expense,Salaries & Wages,625082,623799
2024-05-01,2024,5,F01,D111,6111,Revenue,Net Patient Service Revenue,965617,910436
2024-05-01,2024,5,F01,D111,6111,Expense,Employee Benefits,155576,165534
2024-05-01,2024,5,F01,D111,6111,Expense,Equipment & Maintenance,14907,13156
2024-05-01,2024,5,F01,D111,6111,Expense,Medical Supplies,84022,78093
2024-05-01,2024,5,F01,D111,6111,Expense,Other Operating,11384,12360
2024-05-01,2024,5,F01,D111,6111,Expense,Pharmaceuticals,65049,60668
2024-05-01,2024,5,F01,D111,6111,Expense,Purchased Services,24393,26652
2024-05-01,2024,5,F01,D111,6111,Expense,Salaries & Wages,555628,566663
2024-05-01,2024,5,F01,D120,6120,Revenue,Net Patient Service Revenue,806198,814569
2024-05-01,2024,5,F01,D120,6120,Expense,Employee Benefits,116682,122360
2024-05-01,2024,5,F01,D120,6120,Expense,Equipment & Maintenance,11180,12035
2024-05-01,2024,5,F01,D120,6120,Expense,Medical Supplies,63016,66253
2024-05-01,2024,5,F01,D120,6120,Expense,Other Operating,8538,8102
2024-05-01,2024,5,F01,D120,6120,Expense,Pharmaceuticals,48787,49306
2024-05-01,2024,5,F01,D120,6120,Expense,Purchased Services,18295,17211
2024-05-01,2024,5,F01,D120,6120,Expense,Salaries & Wages,416721,406832
2024-05-01,2024,5,F01,D130,6130,Revenue,Net Patient Service Revenue,981490,918073
2024-05-01,2024,5,F01,D130,6130,Expense,Employee Benefits,156525,159153
2024-05-01,2024,5,F01,D130,6130,Expense,Equipment & Maintenance,18634,19509
2024-05-01,2024,5,F01,D130,6130,Expense,Medical Supplies,88087,82995
2024-05-01,2024,5,F01,D130,6130,Expense,Other Operating,7115,7152
2024-05-01,2024,5,F01,D130,6130,Expense,Pharmaceuticals,81311,80029
2024-05-01,2024,5,F01,D130,6130,Expense,Purchased Services,15246,14881
2024-05-01,2024,5,F01,D130,6130,Expense,Salaries & Wages,559016,548795
2024-05-01,2024,5,F01,D140,6140,Revenue,Net Patient Service Revenue,764066,785486
2024-05-01,2024,5,F01,D140,6140,Expense,Employee Benefits,106958,104601
2024-05-01,2024,5,F01,D140,6140,Expense,Equipment & Maintenance,10249,10060
2024-05-01,2024,5,F01,D140,6140,Expense,Medical Supplies,57765,59589
2024-05-01,2024,5,F01,D140,6140,Expense,Other Operating,7826,8045
2024-05-01,2024,5,F01,D140,6140,Expense,Pharmaceuticals,44721,46763
2024-05-01,2024,5,F01,D140,6140,Expense,Purchased Services,16770,15630
2024-05-01,2024,5,F01,D140,6140,Expense,Salaries & Wages,381995,392852
2024-05-01,2024,5,F01,D150,6150,Revenue,Net Patient Service Revenue,746365,776348
2024-05-01,2024,5,F01,D150,6150,Expense,Employee Benefits,87511,84520
2024-05-01,2024,5,F01,D150,6150,Expense,Equipment & Maintenance,8385,10323
2024-05-01,2024,5,F01,D150,6150,Expense,Medical Supplies,47262,38050
2024-05-01,2024,5,F01,D150,6150,Expense,Other Operating,6403,5661
2024-05-01,2024,5,F01,D150,6150,Expense,Pharmaceuticals,190574,204912
2024-05-01,2024,5,F01,D150,6150,Expense,Purchased Services,13721,11118
2024-05-01,2024,5,F01,D150,6150,Expense,Salaries & Wages,312541,304826
2024-05-01,2024,5,F01,D160,6160,Revenue,Net Patient Service Revenue,482810,535068
2024-05-01,2024,5,F01,D160,6160,Expense,Employee Benefits,77788,79814
2024-05-01,2024,5,F01,D160,6160,Expense,Equipment & Maintenance,7454,6929
2024-05-01,2024,5,F01,D160,6160,Expense,Medical Supplies,42011,38447
2024-05-01,2024,5,F01,D160,6160,Expense,Other Operating,5692,4723
2024-05-01,2024,5,F01,D160,6160,Expense,Pharmaceuticals,32525,34182
2024-05-01,2024,5,F01,D160,6160,Expense,Purchased Services,12197,9919
2024-05-01,2024,5,F01,D160,6160,Expense,Salaries & Wages,277814,289323
2024-05-01,2024,5,F01,D170,6170,Revenue,Net Patient Service Revenue,580738,547972
2024-05-01,2024,5,F01,D170,6170,Expense,Employee Benefits,97235,94328
2024-05-01,2024,5,F01,D170,6170,Expense,Equipment & Maintenance,9317,8696
2024-05-01,2024,5,F01,D170,6170,Expense,Medical Supplies,52514,54599
2024-05-01,2024,5,F01,D170,6170,Expense,Other Operating,7115,6405
2024-05-01,2024,5,F01,D170,6170,Expense,Pharmaceuticals,40656,42543
2024-05-01,2024,5,F01,D170,6170,Expense,Purchased Services,15246,16897
2024-05-01,2024,5,F01,D170,6170,Expense,Salaries & Wages,347268,369766
2024-05-01,2024,5,F01,D180,6180,Revenue,Net Patient Service Revenue,358690,352031
2024-05-01,2024,5,F01,D180,6180,Expense,Employee Benefits,68064,60187
2024-05-01,2024,5,F01,D180,6180,Expense,Equipment & Maintenance,6522,6109
2024-05-01,2024,5,F01,D180,6180,Expense,Medical Supplies,36760,32464
2024-05-01,2024,5,F01,D180,6180,Expense,Other Operating,4980,4255
2024-05-01,2024,5,F01,D180,6180,Expense,Pharmaceuticals,28459,26017
2024-05-01,2024,5,F01,D180,6180,Expense,Purchased Services,10672,11542
2024-05-01,2024,5,F01,D180,6180,Expense,Salaries & Wages,243087,244270
2024-05-01,2024,5,F01,D190,6190,Revenue,Net Patient Service Revenue,430427,406143
2024-05-01,2024,5,F01,D190,6190,Expense,Employee Benefits,87511,85675
2024-05-01,2024,5,F01,D190,6190,Expense,Equipment & Maintenance,8385,7581
2024-05-01,2024,5,F01,D190,6190,Expense,Medical Supplies,47262,50070
2024-05-01,2024,5,F01,D190,6190,Expense,Other Operating,6403,5238
2024-05-01,2024,5,F01,D190,6190,Expense,Pharmaceuticals,36590,35956
2024-05-01,2024,5,F01,D190,6190,Expense,Purchased Services,13721,16209
2024-05-01,2024,5,F01,D190,6190,Expense,Salaries & Wages,312541,310214
2024-05-01,2024,5,F01,D195,6195,Revenue,Net Patient Service Revenue,362107,333849
2024-05-01,2024,5,F01,D195,6195,Expense,Employee Benefits,58341,58703
2024-05-01,2024,5,F01,D195,6195,Expense,Equipment & Maintenance,5590,4805
2024-05-01,2024,5,F01,D195,6195,Expense,Medical Supplies,31508,32513
2024-05-01,2024,5,F01,D195,6195,Expense,Other Operating,4269,3842
2024-05-01,2024,5,F01,D195,6195,Expense,Pharmaceuticals,24393,24062
2024-05-01,2024,5,F01,D195,6195,Expense,Purchased Services,9148,9922
2024-05-01,2024,5,F01,D195,6195,Expense,Salaries & Wages,208361,199879
2024-05-01,2024,5,F01,D196,6196,Revenue,Net Patient Service Revenue,1871434,1983978
2024-05-01,2024,5,F01,D196,6196,Expense,Employee Benefits,147038,144813
2024-05-01,2024,5,F01,D196,6196,Expense,Equipment & Maintenance,31508,29212
2024-05-01,2024,5,F01,D196,6196,Expense,Medical Supplies,719945,671766
2024-05-01,2024,5,F01,D196,6196,Expense,Other Operating,15754,12875
2024-05-01,2024,5,F01,D196,6196,Expense,Pharmaceuticals,5251,5083
2024-05-01,2024,5,F01,D196,6196,Expense,Purchased Services,52514,49427
2024-05-01,2024,5,F01,D196,6196,Expense,Salaries & Wages,525137,540722
2024-05-01,2024,5,F02,D200,6200,Revenue,Net Patient Service Revenue,517354,528207
2024-05-01,2024,5,F02,D200,6200,Expense,Employee Benefits,90120,94441
2024-05-01,2024,5,F02,D200,6200,Expense,Equipment & Maintenance,16093,17500
2024-05-01,2024,5,F02,D200,6200,Expense,Medical Supplies,45060,45954
2024-05-01,2024,5,F02,D200,6200,Expense,Other Operating,9656,10209
2024-05-01,2024,5,F02,D200,6200,Expense,Pharmaceuticals,28967,32066
2024-05-01,2024,5,F02,D200,6200,Expense,Purchased Services,38623,45755
2024-05-01,2024,5,F02,D200,6200,Expense,Salaries & Wages,321858,336209
2024-05-01,2024,5,F02,D210,6210,Revenue,Net Patient Service Revenue,844915,829242
2024-05-01,2024,5,F02,D210,6210,Expense,Employee Benefits,136129,134707
2024-05-01,2024,5,F02,D210,6210,Expense,Equipment & Maintenance,13044,13960
2024-05-01,2024,5,F02,D210,6210,Expense,Medical Supplies,73519,77122
2024-05-01,2024,5,F02,D210,6210,Expense,Other Operating,9961,9210
2024-05-01,2024,5,F02,D210,6210,Expense,Pharmaceuticals,56918,64242
2024-05-01,2024,5,F02,D210,6210,Expense,Purchased Services,21344,22570
2024-05-01,2024,5,F02,D210,6210,Expense,Salaries & Wages,486175,510048
2024-05-01,2024,5,F02,D230,6230,Revenue,Net Patient Service Revenue,392598,398473
2024-05-01,2024,5,F02,D230,6230,Expense,Employee Benefits,62610,60104
2024-05-01,2024,5,F02,D230,6230,Expense,Equipment & Maintenance,7454,7284
2024-05-01,2024,5,F02,D230,6230,Expense,Medical Supplies,35235,39612
2024-05-01,2024,5,F02,D230,6230,Expense,Other Operating,2846,2829
2024-05-01,2024,5,F02,D230,6230,Expense,Pharmaceuticals,32525,32793
2024-05-01,2024,5,F02,D230,6230,Expense,Purchased Services,6098,5878
2024-05-01,2024,5,F02,D230,6230,Expense,Salaries & Wages,223607,251049
2024-05-01,2024,5,F02,D270,6270,Revenue,Net Patient Service Revenue,301754,291031
2024-05-01,2024,5,F02,D270,6270,Expense,Employee Benefits,48617,46690
2024-05-01,2024,5,F02,D270,6270,Expense,Equipment & Maintenance,4658,4632
2024-05-01,2024,5,F02,D270,6270,Expense,Medical Supplies,26257,23680
2024-05-01,2024,5,F02,D270,6270,Expense,Other Operating,3557,4010
2024-05-01,2024,5,F02,D270,6270,Expense,Pharmaceuticals,20328,18281
2024-05-01,2024,5,F02,D270,6270,Expense,Purchased Services,7623,8362
2024-05-01,2024,5,F02,D270,6270,Expense,Salaries & Wages,173634,168591
2024-05-01,2024,5,F03,D300,6300,Revenue,Net Patient Service Revenue,694343,677656
2024-05-01,2024,5,F03,D300,6300,Expense,Employee Benefits,120951,123348
2024-05-01,2024,5,F03,D300,6300,Expense,Equipment & Maintenance,21598,23308
2024-05-01,2024,5,F03,D300,6300,Expense,Medical Supplies,60475,60378
2024-05-01,2024,5,F03,D300,6300,Expense,Other Operating,12959,13213
2024-05-01,2024,5,F03,D300,6300,Expense,Pharmaceuticals,38877,34807
2024-05-01,2024,5,F03,D300,6300,Expense,Purchased Services,51836,58091
2024-05-01,2024,5,F03,D300,6300,Expense,Salaries & Wages,431967,437946
2024-05-01,2024,5,F03,D310,6310,Revenue,Net Patient Service Revenue,905265,843365
2024-05-01,2024,5,F03,D310,6310,Expense,Employee Benefits,145852,150895
2024-05-01,2024,5,F03,D310,6310,Expense,Equipment & Maintenance,13975,13254
2024-05-01,2024,5,F03,D310,6310,Expense,Medical Supplies,78770,87281
2024-05-01,2024,5,F03,D310,6310,Expense,Other Operating,10672,12914
2024-05-01,2024,5,F03,D310,6310,Expense,Pharmaceuticals,60984,65632
2024-05-01,2024,5,F03,D310,6310,Expense,Purchased Services,22869,22559
2024-05-01,2024,5,F03,D310,6310,Expense,Salaries & Wages,520902,560232
2024-05-01,2024,5,F03,D320,6320,Revenue,Net Patient Service Revenue,482810,506541
2024-05-01,2024,5,F03,D320,6320,Expense,Employee Benefits,77788,81893
2024-05-01,2024,5,F03,D320,6320,Expense,Equipment & Maintenance,7454,7239
2024-05-01,2024,5,F03,D320,6320,Expense,Medical Supplies,42011,40462
2024-05-01,2024,5,F03,D320,6320,Expense,Other Operating,5692,6095
2024-05-01,2024,5,F03,D320,6320,Expense,Pharmaceuticals,32525,35825
2024-05-01,2024,5,F03,D320,6320,Expense,Purchased Services,12197,13017
2024-05-01,2024,5,F03,D320,6320,Expense,Salaries & Wages,277814,274557
2024-05-01,2024,5,F03,D330,6330,Revenue,Net Patient Service Revenue,588895,602871
2024-05-01,2024,5,F03,D330,6330,Expense,Employee Benefits,93915,91550
2024-05-01,2024,5,F03,D330,6330,Expense,Equipment & Maintenance,11180,12909
2024-05-01,2024,5,F03,D330,6330,Expense,Medical Supplies,52852,52139
2024-05-01,2024,5,F03,D330,6330,Expense,Other Operating,4269,4186
2024-05-01,2024,5,F03,D330,6330,Expense,Pharmaceuticals,48787,60499
2024-05-01,2024,5,F03,D330,6330,Expense,Purchased Services,9148,10122
2024-05-01,2024,5,F03,D330,6330,Expense,Salaries & Wages,335410,336764
2024-05-01,2024,5,F03,D340,6340,Revenue,Net Patient Service Revenue,422457,438182
2024-05-01,2024,5,F03,D340,6340,Expense,Employee Benefits,68064,71224
2024-05-01,2024,5,F03,D340,6340,Expense,Equipment & Maintenance,6522,6745
2024-05-01,2024,5,F03,D340,6340,Expense,Medical Supplies,36760,32718
2024-05-01,2024,5,F03,D340,6340,Expense,Other Operating,4980,4649
2024-05-01,2024,5,F03,D340,6340,Expense,Pharmaceuticals,28459,29141
2024-05-01,2024,5,F03,D340,6340,Expense,Purchased Services,10672,10394
2024-05-01,2024,5,F03,D340,6340,Expense,Salaries & Wages,243087,232408
2024-05-01,2024,5,F04,D400,6400,Revenue,Net Patient Service Revenue,424595,484293
2024-05-01,2024,5,F04,D400,6400,Expense,Employee Benefits,77754,74134
2024-05-01,2024,5,F04,D400,6400,Expense,Equipment & Maintenance,11519,12973
2024-05-01,2024,5,F04,D400,6400,Expense,Medical Supplies,17279,17370
2024-05-01,2024,5,F04,D400,6400,Expense,Other Operating,14399,13548
2024-05-01,2024,5,F04,D400,6400,Expense,Pharmaceuticals,5760,4973
2024-05-01,2024,5,F04,D400,6400,Expense,Purchased Services,23038,20898
2024-05-01,2024,5,F04,D400,6400,Expense,Salaries & Wages,287978,280532
2024-05-01,2024,5,F04,D410,6410,Revenue,Net Patient Service Revenue,293534,248231
2024-05-01,2024,5,F04,D410,6410,Expense,Employee Benefits,43451,44475
2024-05-01,2024,5,F04,D410,6410,Expense,Equipment & Maintenance,6437,6451
2024-05-01,2024,5,F04,D410,6410,Expense,Medical Supplies,9656,11093
2024-05-01,2024,5,F04,D410,6410,Expense,Other Operating,8046,7357
2024-05-01,2024,5,F04,D410,6410,Expense,Pharmaceuticals,3219,2977
2024-05-01,2024,5,F04,D410,6410,Expense,Purchased Services,12874,13600
2024-05-01,2024,5,F04,D410,6410,Expense,Salaries & Wages,160929,154553
2024-05-01,2024,5,F04,D420,6420,Revenue,Net Patient Service Revenue,258258,275512
2024-05-01,2024,5,F04,D420,6420,Expense,Employee Benefits,38877,39210
2024-05-01,2024,5,F04,D420,6420,Expense,Equipment & Maintenance,5760,5278
2024-05-01,2024,5,F04,D420,6420,Expense,Medical Supplies,8639,8006
2024-05-01,2024,5,F04,D420,6420,Expense,Other Operating,7199,6925
2024-05-01,2024,5,F04,D420,6420,Expense,Pharmaceuticals,2880,2695
2024-05-01,2024,5,F04,D420,6420,Expense,Purchased Services,11519,11389
2024-05-01,2024,5,F04,D420,6420,Expense,Salaries & Wages,143989,144744
2024-05-01,2024,5,F04,D430,6430,Revenue,Net Patient Service Revenue,939952,945621
2024-05-01,2024,5,F04,D430,6430,Expense,Employee Benefits,52598,54318
2024-05-01,2024,5,F04,D430,6430,Expense,Equipment & Maintenance,7792,8469
2024-05-01,2024,5,F04,D430,6430,Expense,Medical Supplies,11689,10527
2024-05-01,2024,5,F04,D430,6430,Expense,Other Operating,9740,9390
2024-05-01,2024,5,F04,D430,6430,Expense,Pharmaceuticals,525137,510996
2024-05-01,2024,5,F04,D430,6430,Expense,Purchased Services,15585,15753
2024-05-01,2024,5,F04,D430,6430,Expense,Salaries & Wages,194809,207263
2024-05-01,2024,5,F04,D440,6440,Revenue,Net Patient Service Revenue,143033,141036
2024-05-01,2024,5,F04,D440,6440,Expense,Employee Benefits,25156,24418
2024-05-01,2024,5,F04,D440,6440,Expense,Equipment & Maintenance,3727,4350
2024-05-01,2024,5,F04,D440,6440,Expense,Medical Supplies,5590,5445
2024-05-01,2024,5,F04,D440,6440,Expense,Other Operating,4658,4541
2024-05-01,2024,5,F04,D440,6440,Expense,Pharmaceuticals,1863,1917
2024-05-01,2024,5,F04,D440,6440,Expense,Purchased Services,7454,7447
2024-05-01,2024,5,F04,D440,6440,Expense,Salaries & Wages,93169,98109
2024-05-01,2024,5,F04,D450,6450,Revenue,Net Patient Service Revenue,195690,216299
2024-05-01,2024,5,F04,D450,6450,Expense,Employee Benefits,36590,36840
2024-05-01,2024,5,F04,D450,6450,Expense,Equipment & Maintenance,5421,5178
2024-05-01,2024,5,F04,D450,6450,Expense,Medical Supplies,8131,7789
2024-05-01,2024,5,F04,D450,6450,Expense,Other Operating,6776,6991
2024-05-01,2024,5,F04,D450,6450,Expense,Pharmaceuticals,2710,3086
2024-05-01,2024,5,F04,D450,6450,Expense,Purchased Services,10842,8304
2024-05-01,2024,5,F04,D450,6450,Expense,Salaries & Wages,135519,141492
2024-05-01,2024,5,F01,D500,6500,Revenue,Net Patient Service Revenue,1056540,1018794
2024-05-01,2024,5,F01,D500,6500,Expense,Employee Benefits,130437,133355
2024-05-01,2024,5,F01,D500,6500,Expense,Equipment & Maintenance,27951,29086
2024-05-01,2024,5,F01,D500,6500,Expense,Medical Supplies,271038,237588
2024-05-01,2024,5,F01,D500,6500,Expense,Other Operating,13975,12095
2024-05-01,2024,5,F01,D500,6500,Expense,Pharmaceuticals,4658,4541
2024-05-01,2024,5,F01,D500,6500,Expense,Purchased Services,46585,49153
2024-05-01,2024,5,F01,D500,6500,Expense,Salaries & Wages,465847,486208
2024-05-01,2024,5,F01,D510,6510,Revenue,Net Patient Service Revenue,975129,1020344
2024-05-01,2024,5,F01,D510,6510,Expense,Employee Benefits,113836,110839
2024-05-01,2024,5,F01,D510,6510,Expense,Equipment & Maintenance,152459,137248
2024-05-01,2024,5,F01,D510,6510,Expense,Medical Supplies,20328,21802
2024-05-01,2024,5,F01,D510,6510,Expense,Other Operating,12197,12203
2024-05-01,2024,5,F01,D510,6510,Expense,Pharmaceuticals,4066,4702
2024-05-01,2024,5,F01,D510,6510,Expense,Purchased Services,40656,42095
2024-05-01,2024,5,F01,D510,6510,Expense,Salaries & Wages,406557,378301
2024-05-01,2024,5,F01,D520,6520,Expense,Employee Benefits,73519,75392
2024-05-01,2024,5,F01,D520,6520,Expense,Equipment & Maintenance,15754,15672
2024-05-01,2024,5,F01,D520,6520,Expense,Medical Supplies,13128,11884
2024-05-01,2024,5,F01,D520,6520,Expense,Other Operating,7877,8597
2024-05-01,2024,5,F01,D520,6520,Expense,Pharmaceuticals,169399,153726
2024-05-01,2024,5,F01,D520,6520,Expense,Purchased Services,26257,31763
2024-05-01,2024,5,F01,D520,6520,Expense,Salaries & Wages,262568,277363
2024-06-01,2024,6,F01,D100,6100,Revenue,Net Patient Service Revenue,1264840,1225983
2024-06-01,2024,6,F01,D100,6100,Expense,Employee Benefits,220328,227928
2024-06-01,2024,6,F01,D100,6100,Expense,Equipment & Maintenance,39344,45712
2024-06-01,2024,6,F01,D100,6100,Expense,Medical Supplies,110164,95736
2024-06-01,2024,6,F01,D100,6100,Expense,Other Operating,23607,22479
2024-06-01,2024,6,F01,D100,6100,Expense,Pharmaceuticals,70820,70517
2024-06-01,2024,6,F01,D100,6100,Expense,Purchased Services,94426,92781
2024-06-01,2024,6,F01,D100,6100,Expense,Salaries & Wages,786885,775305
2024-06-01,2024,6,F01,D110,6110,Revenue,Net Patient Service Revenue,1051276,1014005
2024-06-01,2024,6,F01,D110,6110,Expense,Employee Benefits,169377,165682
2024-06-01,2024,6,F01,D110,6110,Expense,Equipment & Maintenance,16230,16988
2024-06-01,2024,6,F01,D110,6110,Expense,Medical Supplies,91475,88151
2024-06-01,2024,6,F01,D110,6110,Expense,Other Operating,12393,13382
2024-06-01,2024,6,F01,D110,6110,Expense,Pharmaceuticals,70820,64828
2024-06-01,2024,6,F01,D110,6110,Expense,Purchased Services,26557,28271
2024-06-01,2024,6,F01,D110,6110,Expense,Salaries & Wages,604918,570446
2024-06-01,2024,6,F01,D111,6111,Revenue,Net Patient Service Revenue,934467,907634
2024-06-01,2024,6,F01,D111,6111,Expense,Employee Benefits,150557,154862
2024-06-01,2024,6,F01,D111,6111,Expense,Equipment & Maintenance,14426,13203
2024-06-01,2024,6,F01,D111,6111,Expense,Medical Supplies,81311,59720
2024-06-01,2024,6,F01,D111,6111,Expense,Other Operating,11016,12867
2024-06-01,2024,6,F01,D111,6111,Expense,Pharmaceuticals,62951,56421
2024-06-01,2024,6,F01,D111,6111,Expense,Purchased Services,23607,22690
2024-06-01,2024,6,F01,D111,6111,Expense,Salaries & Wages,537705,540988
2024-06-01,2024,6,F01,D120,6120,Revenue,Net Patient Service Revenue,780194,747369
2024-06-01,2024,6,F01,D120,6120,Expense,Employee Benefits,112918,117635
2024-06-01,2024,6,F01,D120,6120,Expense,Equipment & Maintenance,10820,10090
2024-06-01,2024,6,F01,D120,6120,Expense,Medical Supplies,60984,71717
2024-06-01,2024,6,F01,D120,6120,Expense,Other Operating,8262,8148
2024-06-01,2024,6,F01,D120,6120,Expense,Pharmaceuticals,47213,45207
2024-06-01,2024,6,F01,D120,6120,Expense,Purchased Services,17705,16104
2024-06-01,2024,6,F01,D120,6120,Expense,Salaries & Wages,403279,403918
2024-06-01,2024,6,F01,D130,6130,Revenue,Net Patient Service Revenue,949830,892836
2024-06-01,2024,6,F01,D130,6130,Expense,Employee Benefits,151475,152372
2024-06-01,2024,6,F01,D130,6130,Expense,Equipment & Maintenance,18033,18305
2024-06-01,2024,6,F01,D130,6130,Expense,Medical Supplies,85246,87620
2024-06-01,2024,6,F01,D130,6130,Expense,Other Operating,6885,5810
2024-06-01,2024,6,F01,D130,6130,Expense,Pharmaceuticals,78689,61937
2024-06-01,2024,6,F01,D130,6130,Expense,Purchased Services,14754,12520
2024-06-01,2024,6,F01,D130,6130,Expense,Salaries & Wages,540984,547610
2024-06-01,2024,6,F01,D140,6140,Revenue,Net Patient Service Revenue,739421,782344
2024-06-01,2024,6,F01,D140,6140,Expense,Employee Benefits,103508,102485
2024-06-01,2024,6,F01,D140,6140,Expense,Equipment & Maintenance,9918,9033
2024-06-01,2024,6,F01,D140,6140,Expense,Medical Supplies,55902,63160
2024-06-01,2024,6,F01,D140,6140,Expense,Other Operating,7574,7736
2024-06-01,2024,6,F01,D140,6140,Expense,Pharmaceuticals,43279,45687
2024-06-01,2024,6,F01,D140,6140,Expense,Purchased Services,16230,18824
2024-06-01,2024,6,F01,D140,6140,Expense,Salaries & Wages,369672,385981
2024-06-01,2024,6,F01,D150,6150,Revenue,Net Patient Service Revenue,722291,665234
2024-06-01,2024,6,F01,D150,6150,Expense,Employee Benefits,84689,80833
2024-06-01,2024,6,F01,D150,6150,Expense,Equipment & Maintenance,8115,8382
2024-06-01,2024,6,F01,D150,6150,Expense,Medical Supplies,45738,51360
2024-06-01,2024,6,F01,D150,6150,Expense,Other Operating,6197,6319
2024-06-01,2024,6,F01,D150,6150,Expense,Pharmaceuticals,184426,217756
2024-06-01,2024,6,F01,D150,6150,Expense,Purchased Services,13279,11850
2024-06-01,2024,6,F01,D150,6150,Expense,Salaries & Wages,302459,292282
2024-06-01,2024,6,F01,D160,6160,Revenue,Net Patient Service Revenue,467233,471576
2024-06-01,2024,6,F01,D160,6160,Expense,Employee Benefits,75279,73942
2024-06-01,2024,6,F01,D160,6160,Expense,Equipment & Maintenance,7213,7272
2024-06-01,2024,6,F01,D160,6160,Expense,Medical Supplies,40656,37301
2024-06-01,2024,6,F01,D160,6160,Expense,Other Operating,5508,5134
2024-06-01,2024,6,F01,D160,6160,Expense,Pharmaceuticals,31475,29314
2024-06-01,2024,6,F01,D160,6160,Expense,Purchased Services,11803,12571
2024-06-01,2024,6,F01,D160,6160,Expense,Salaries & Wages,268852,270748
2024-06-01,2024,6,F01,D170,6170,Revenue,Net Patient Service Revenue,562003,554650
2024-06-01,2024,6,F01,D170,6170,Expense,Employee Benefits,94098,88496
2024-06-01,2024,6,F01,D170,6170,Expense,Equipment & Maintenance,9016,8837
2024-06-01,2024,6,F01,D170,6170,Expense,Medical Supplies,50820,52250
2024-06-01,2024,6,F01,D170,6170,Expense,Other Operating,6885,6010
2024-06-01,2024,6,F01,D170,6170,Expense,Pharmaceuticals,39344,33043
2024-06-01,2024,6,F01,D170,6170,Expense,Purchased Services,14754,17310
2024-06-01,2024,6,F01,D170,6170,Expense,Salaries & Wages,336066,350146
2024-06-01,2024,6,F01,D180,6180,Revenue,Net Patient Service Revenue,347120,342462
2024-06-01,2024,6,F01,D180,6180,Expense,Employee Benefits,65869,64601
2024-06-01,2024,6,F01,D180,6180,Expense,Equipment & Maintenance,6311,6881
2024-06-01,2024,6,F01,D180,6180,Expense,Medical Supplies,35574,37728
2024-06-01,2024,6,F01,D180,6180,Expense,Other Operating,4820,5560
2024-06-01,2024,6,F01,D180,6180,Expense,Pharmaceuticals,27541,24974
2024-06-01,2024,6,F01,D180,6180,Expense,Purchased Services,10328,10137
2024-06-01,2024,6,F01,D180,6180,Expense,Salaries & Wages,235246,227215
2024-06-01,2024,6,F01,D190,6190,Revenue,Net Patient Service Revenue,416545,360382
2024-06-01,2024,6,F01,D190,6190,Expense,Employee Benefits,84689,81540
2024-06-01,2024,6,F01,D190,6190,Expense,Equipment & Maintenance,8115,8686
2024-06-01,2024,6,F01,D190,6190,Expense,Medical Supplies,45738,44695
2024-06-01,2024,6,F01,D190,6190,Expense,Other Operating,6197,5884
2024-06-01,2024,6,F01,D190,6190,Expense,Pharmaceuticals,35410,41889
2024-06-01,2024,6,F01,D190,6190,Expense,Purchased Services,13279,14098
2024-06-01,2024,6,F01,D190,6190,Expense,Salaries & Wages,302459,300972
2024-06-01,2024,6,F01,D195,6195,Revenue,Net Patient Service Revenue,350425,354624
2024-06-01,2024,6,F01,D195,6195,Expense,Employee Benefits,56459,55937
2024-06-01,2024,6,F01,D195,6195,Expense,Equipment & Maintenance,5410,5260
2024-06-01,2024,6,F01,D195,6195,Expense,Medical Supplies,30492,28678
2024-06-01,2024,6,F01,D195,6195,Expense,Other Operating,4131,4647
2024-06-01,2024,6,F01,D195,6195,Expense,Pharmaceuticals,23607,25726
2024-06-01,2024,6,F01,D195,6195,Expense,Purchased Services,8852,9513
2024-06-01,2024,6,F01,D195,6195,Expense,Salaries & Wages,201639,195366
2024-06-01,2024,6,F01,D196,6196,Revenue,Net Patient Service Revenue,1811066,1801509
2024-06-01,2024,6,F01,D196,6196,Expense,Employee Benefits,142295,140932
2024-06-01,2024,6,F01,D196,6196,Expense,Equipment & Maintenance,30492,31017
2024-06-01,2024,6,F01,D196,6196,Expense,Medical Supplies,696721,796367
2024-06-01,2024,6,F01,D196,6196,Expense,Other Operating,15246,15104
2024-06-01,2024,6,F01,D196,6196,Expense,Pharmaceuticals,5082,5345
2024-06-01,2024,6,F01,D196,6196,Expense,Purchased Services,50820,51075
2024-06-01,2024,6,F01,D196,6196,Expense,Salaries & Wages,508197,514371
2024-06-01,2024,6,F02,D200,6200,Revenue,Net Patient Service Revenue,500666,510787
2024-06-01,2024,6,F02,D200,6200,Expense,Employee Benefits,87213,91013
2024-06-01,2024,6,F02,D200,6200,Expense,Equipment & Maintenance,15574,18434
2024-06-01,2024,6,F02,D200,6200,Expense,Medical Supplies,43607,49687
2024-06-01,2024,6,F02,D200,6200,Expense,Other Operating,9344,10074
2024-06-01,2024,6,F02,D200,6200,Expense,Pharmaceuticals,28033,26151
2024-06-01,2024,6,F02,D200,6200,Expense,Purchased Services,37377,36169
2024-06-01,2024,6,F02,D200,6200,Expense,Salaries & Wages,311475,299333
2024-06-01,2024,6,F02,D210,6210,Revenue,Net Patient Service Revenue,817661,835495
2024-06-01,2024,6,F02,D210,6210,Expense,Employee Benefits,131738,128346
2024-06-01,2024,6,F02,D210,6210,Expense,Equipment & Maintenance,12623,11043
2024-06-01,2024,6,F02,D210,6210,Expense,Medical Supplies,71148,71357
2024-06-01,2024,6,F02,D210,6210,Expense,Other Operating,9639,9559
2024-06-01,2024,6,F02,D210,6210,Expense,Pharmaceuticals,55082,61167
2024-06-01,2024,6,F02,D210,6210,Expense,Purchased Services,20656,18907
2024-06-01,2024,6,F02,D210,6210,Expense,Salaries & Wages,470492,491875
2024-06-01,2024,6,F02,D230,6230,Revenue,Net Patient Service Revenue,379930,351468
2024-06-01,2024,6,F02,D230,6230,Expense,Employee Benefits,60590,57780
2024-06-01,2024,6,F02,D230,6230,Expense,Equipment & Maintenance,7213,7502
2024-06-01,2024,6,F02,D230,6230,Expense,Medical Supplies,34098,39372
2024-06-01,2024,6,F02,D230,6230,Expense,Other Operating,2754,2768
2024-06-01,2024,6,F02,D230,6230,Expense,Pharmaceuticals,31475,33494
2024-06-01,2024,6,F02,D230,6230,Expense,Purchased Services,5902,6297
2024-06-01,2024,6,F02,D230,6230,Expense,Salaries & Wages,216393,239230
2024-06-01,2024,6,F02,D270,6270,Revenue,Net Patient Service Revenue,292022,280324
2024-06-01,2024,6,F02,D270,6270,Expense,Employee Benefits,47049,47844
2024-06-01,2024,6,F02,D270,6270,Expense,Equipment & Maintenance,4508,4507
2024-06-01,2024,6,F02,D270,6270,Expense,Medical Supplies,25410,22543
2024-06-01,2024,6,F02,D270,6270,Expense,Other Operating,3443,3217
2024-06-01,2024,6,F02,D270,6270,Expense,Pharmaceuticals,19672,18650
2024-06-01,2024,6,F02,D270,6270,Expense,Purchased Services,7377,6853
2024-06-01,2024,6,F02,D270,6270,Expense,Salaries & Wages,168033,175182
2024-06-01,2024,6,F03,D300,6300,Revenue,Net Patient Service Revenue,671947,680245
2024-06-01,2024,6,F03,D300,6300,Expense,Employee Benefits,117049,117887
2024-06-01,2024,6,F03,D300,6300,Expense,Equipment & Maintenance,20902,21757
2024-06-01,2024,6,F03,D300,6300,Expense,Medical Supplies,58525,61656
2024-06-01,2024,6,F03,D300,6300,Expense,Other Operating,12541,10511
2024-06-01,2024,6,F03,D300,6300,Expense,Pharmaceuticals,37623,35728
2024-06-01,2024,6,F03,D300,6300,Expense,Purchased Services,50164,60061
2024-06-01,2024,6,F03,D300,6300,Expense,Salaries & Wages,418033,412424
2024-06-01,2024,6,F03,D310,6310,Revenue,Net Patient Service Revenue,876065,845186
2024-06-01,2024,6,F03,D310,6310,Expense,Employee Benefits,141148,148505
2024-06-01,2024,6,F03,D310,6310,Expense,Equipment & Maintenance,13525,13885
2024-06-01,2024,6,F03,D310,6310,Expense,Medical Supplies,76230,78187
2024-06-01,2024,6,F03,D310,6310,Expense,Other Operating,10328,11062
2024-06-01,2024,6,F03,D310,6310,Expense,Pharmaceuticals,59016,60647
2024-06-01,2024,6,F03,D310,6310,Expense,Purchased Services,22131,21345
2024-06-01,2024,6,F03,D310,6310,Expense,Salaries & Wages,504098,511850
2024-06-01,2024,6,F03,D320,6320,Revenue,Net Patient Service Revenue,467233,503418
2024-06-01,2024,6,F03,D320,6320,Expense,Employee Benefits,75279,77564
2024-06-01,2024,6,F03,D320,6320,Expense,Equipment & Maintenance,7213,6623
2024-06-01,2024,6,F03,D320,6320,Expense,Medical Supplies,40656,40583
2024-06-01,2024,6,F03,D320,6320,Expense,Other Operating,5508,4820
2024-06-01,2024,6,F03,D320,6320,Expense,Pharmaceuticals,31475,27448
2024-06-01,2024,6,F03,D320,6320,Expense,Purchased Services,11803,12697
2024-06-01,2024,6,F03,D320,6320,Expense,Salaries & Wages,268852,274830
2024-06-01,2024,6,F03,D330,6330,Revenue,Net Patient Service Revenue,569897,566703
2024-06-01,2024,6,F03,D330,6330,Expense,Employee Benefits,90885,90090
2024-06-01,2024,6,F03,D330,6330,Expense,Equipment & Maintenance,10820,11187
2024-06-01,2024,6,F03,D330,6330,Expense,Medical Supplies,51148,48090
2024-06-01,2024,6,F03,D330,6330,Expense,Other Operating,4131,4593
2024-06-01,2024,6,F03,D330,6330,Expense,Pharmaceuticals,47213,43605
2024-06-01,2024,6,F03,D330,6330,Expense,Purchased Services,8852,8211
2024-06-01,2024,6,F03,D330,6330,Expense,Salaries & Wages,324590,304009
2024-06-01,2024,6,F03,D340,6340,Revenue,Net Patient Service Revenue,408830,430727
2024-06-01,2024,6,F03,D340,6340,Expense,Employee Benefits,65869,67583
2024-06-01,2024,6,F03,D340,6340,Expense,Equipment & Maintenance,6311,6921
2024-06-01,2024,6,F03,D340,6340,Expense,Medical Supplies,35574,35062
2024-06-01,2024,6,F03,D340,6340,Expense,Other Operating,4820,5300
2024-06-01,2024,6,F03,D340,6340,Expense,Pharmaceuticals,27541,23847
2024-06-01,2024,6,F03,D340,6340,Expense,Purchased Services,10328,10942
2024-06-01,2024,6,F03,D340,6340,Expense,Salaries & Wages,235246,224711
2024-06-01,2024,6,F04,D400,6400,Revenue,Net Patient Service Revenue,410899,434548
2024-06-01,2024,6,F04,D400,6400,Expense,Employee Benefits,75246,69871
2024-06-01,2024,6,F04,D400,6400,Expense,Equipment & Maintenance,11148,10293
2024-06-01,2024,6,F04,D400,6400,Expense,Medical Supplies,16721,19508
2024-06-01,2024,6,F04,D400,6400,Expense,Other Operating,13934,12126
2024-06-01,2024,6,F04,D400,6400,Expense,Pharmaceuticals,5574,5154
2024-06-01,2024,6,F04,D400,6400,Expense,Purchased Services,22295,21967
2024-06-01,2024,6,F04,D400,6400,Expense,Salaries & Wages,278689,274345
2024-06-01,2024,6,F04,D410,6410,Revenue,Net Patient Service Revenue,284066,292282
2024-06-01,2024,6,F04,D410,6410,Expense,Employee Benefits,42049,41763
2024-06-01,2024,6,F04,D410,6410,Expense,Equipment & Maintenance,6230,5659
2024-06-01,2024,6,F04,D410,6410,Expense,Medical Supplies,9344,10603
2024-06-01,2024,6,F04,D410,6410,Expense,Other Operating,7787,8053
2024-06-01,2024,6,F04,D410,6410,Expense,Pharmaceuticals,3115,3025
2024-06-01,2024,6,F04,D410,6410,Expense,Purchased Services,12459,13615
2024-06-01,2024,6,F04,D410,6410,Expense,Salaries & Wages,155738,151339
2024-06-01,2024,6,F04,D420,6420,Revenue,Net Patient Service Revenue,249929,277604
2024-06-01,2024,6,F04,D420,6420,Expense,Employee Benefits,37623,38533
2024-06-01,2024,6,F04,D420,6420,Expense,Equipment & Maintenance,5574,5403
2024-06-01,2024,6,F04,D420,6420,Expense,Medical Supplies,8361,9227
2024-06-01,2024,6,F04,D420,6420,Expense,Other Operating,6967,7750
2024-06-01,2024,6,F04,D420,6420,Expense,Pharmaceuticals,2787,2643
2024-06-01,2024,6,F04,D420,6420,Expense,Purchased Services,11148,13434
2024-06-01,2024,6,F04,D420,6420,Expense,Salaries & Wages,139344,146966
2024-06-01,2024,6,F04,D430,6430,Revenue,Net Patient Service Revenue,909632,870474
2024-06-01,2024,6,F04,D430,6430,Expense,Employee Benefits,50902,52355
2024-06-01,2024,6,F04,D430,6430,Expense,Equipment & Maintenance,7541,6326
2024-06-01,2024,6,F04,D430,6430,Expense,Medical Supplies,11311,12353
2024-06-01,2024,6,F04,D430,6430,Expense,Other Operating,9426,9208
2024-06-01,2024,6,F04,D430,6430,Expense,Pharmaceuticals,508197,568239
2024-06-01,2024,6,F04,D430,6430,Expense,Purchased Services,15082,13717
2024-06-01,2024,6,F04,D430,6430,Expense,Salaries & Wages,188525,201899
2024-06-01,2024,6,F04,D440,6440,Revenue,Net Patient Service Revenue,138419,132227
2024-06-01,2024,6,F04,D440,6440,Expense,Employee Benefits,24344,23698
2024-06-01,2024,6,F04,D440,6440,Expense,Equipment & Maintenance,3607,3653
2024-06-01,2024,6,F04,D440,6440,Expense,Medical Supplies,5410,4782
2024-06-01,2024,6,F04,D440,6440,Expense,Other Operating,4508,4998
2024-06-01,2024,6,F04,D440,6440,Expense,Pharmaceuticals,1803,1470
2024-06-01,2024,6,F04,D440,6440,Expense,Purchased Services,7213,7150
2024-06-01,2024,6,F04,D440,6440,Expense,Salaries & Wages,90164,92725
2024-06-01,2024,6,F04,D450,6450,Revenue,Net Patient Service Revenue,189378,213497
2024-06-01,2024,6,F04,D450,6450,Expense,Employee Benefits,35410,37215
2024-06-01,2024,6,F04,D450,6450,Expense,Equipment & Maintenance,5246,5802
2024-06-01,2024,6,F04,D450,6450,Expense,Medical Supplies,7869,7942
2024-06-01,2024,6,F04,D450,6450,Expense,Other Operating,6557,5665
2024-06-01,2024,6,F04,D450,6450,Expense,Pharmaceuticals,2623,2385
2024-06-01,2024,6,F04,D450,6450,Expense,Purchased Services,10492,9439
2024-06-01,2024,6,F04,D450,6450,Expense,Salaries & Wages,131148,135850
2024-06-01,2024,6,F01,D500,6500,Revenue,Net Patient Service Revenue,1022460,1016183
2024-06-01,2024,6,F01,D500,6500,Expense,Employee Benefits,126230,130248
2024-06-01,2024,6,F01,D500,6500,Expense,Equipment & Maintenance,27049,25121
2024-06-01,2024,6,F01,D500,6500,Expense,Medical Supplies,262295,243044
2024-06-01,2024,6,F01,D500,6500,Expense,Other Operating,13525,12328
2024-06-01,2024,6,F01,D500,6500,Expense,Pharmaceuticals,4508,3956
2024-06-01,2024,6,F01,D500,6500,Expense,Purchased Services,45082,45847
2024-06-01,2024,6,F01,D500,6500,Expense,Salaries & Wages,450820,436954
2024-06-01,2024,6,F01,D510,6510,Revenue,Net Patient Service Revenue,943671,946438
2024-06-01,2024,6,F01,D510,6510,Expense,Employee Benefits,110164,110568
2024-06-01,2024,6,F01,D510,6510,Expense,Equipment & Maintenance,147541,149711
2024-06-01,2024,6,F01,D510,6510,Expense,Medical Supplies,19672,22250
2024-06-01,2024,6,F01,D510,6510,Expense,Other Operating,11803,12300
2024-06-01,2024,6,F01,D510,6510,Expense,Pharmaceuticals,3934,4055
2024-06-01,2024,6,F01,D510,6510,Expense,Purchased Services,39344,39356
2024-06-01,2024,6,F01,D510,6510,Expense,Salaries & Wages,393443,383769
2024-06-01,2024,6,F01,D520,6520,Expense,Employee Benefits,71148,69635
2024-06-01,2024,6,F01,D520,6520,Expense,Equipment & Maintenance,15246,15751
2024-06-01,2024,6,F01,D520,6520,Expense,Medical Supplies,12705,12856
2024-06-01,2024,6,F01,D520,6520,Expense,Other Operating,7623,7682
2024-06-01,2024,6,F01,D520,6520,Expense,Pharmaceuticals,163934,170662
2024-06-01,2024,6,F01,D520,6520,Expense,Purchased Services,25410,23972
2024-06-01,2024,6,F01,D520,6520,Expense,Salaries & Wages,254098,278287
2024-07-01,2024,7,F01,D100,6100,Revenue,Net Patient Service Revenue,1307000,1314419
2024-07-01,2024,7,F01,D100,6100,Expense,Employee Benefits,227672,232738
2024-07-01,2024,7,F01,D100,6100,Expense,Equipment & Maintenance,40656,45486
2024-07-01,2024,7,F01,D100,6100,Expense,Medical Supplies,113836,90215
2024-07-01,2024,7,F01,D100,6100,Expense,Other Operating,24393,25435
2024-07-01,2024,7,F01,D100,6100,Expense,Pharmaceuticals,73180,67714
2024-07-01,2024,7,F01,D100,6100,Expense,Purchased Services,97574,97508
2024-07-01,2024,7,F01,D100,6100,Expense,Salaries & Wages,813115,847018
2024-07-01,2024,7,F01,D110,6110,Revenue,Net Patient Service Revenue,1086320,1145260
2024-07-01,2024,7,F01,D110,6110,Expense,Employee Benefits,175023,167600
2024-07-01,2024,7,F01,D110,6110,Expense,Equipment & Maintenance,16770,17491
2024-07-01,2024,7,F01,D110,6110,Expense,Medical Supplies,94525,91532
2024-07-01,2024,7,F01,D110,6110,Expense,Other Operating,12807,13216
2024-07-01,2024,7,F01,D110,6110,Expense,Pharmaceuticals,73180,73757
2024-07-01,2024,7,F01,D110,6110,Expense,Purchased Services,27443,25010
2024-07-01,2024,7,F01,D110,6110,Expense,Salaries & Wages,625082,587827
2024-07-01,2024,7,F01,D111,6111,Revenue,Net Patient Service Revenue,965617,1015163
2024-07-01,2024,7,F01,D111,6111,Expense,Employee Benefits,155576,161703
2024-07-01,2024,7,F01,D111,6111,Expense,Equipment & Maintenance,14907,15216
2024-07-01,2024,7,F01,D111,6111,Expense,Medical Supplies,84022,97519
2024-07-01,2024,7,F01,D111,6111,Expense,Other Operating,11384,10716
2024-07-01,2024,7,F01,D111,6111,Expense,Pharmaceuticals,65049,53693
2024-07-01,2024,7,F01,D111,6111,Expense,Purchased Services,24393,22627
2024-07-01,2024,7,F01,D111,6111,Expense,Salaries & Wages,555628,529598
2024-07-01,2024,7,F01,D120,6120,Revenue,Net Patient Service Revenue,806198,815111
2024-07-01,2024,7,F01,D120,6120,Expense,Employee Benefits,116682,122045
2024-07-01,2024,7,F01,D120,6120,Expense,Equipment & Maintenance,11180,11597
2024-07-01,2024,7,F01,D120,6120,Expense,Medical Supplies,63016,60847
2024-07-01,2024,7,F01,D120,6120,Expense,Other Operating,8538,8350
2024-07-01,2024,7,F01,D120,6120,Expense,Pharmaceuticals,48787,49792
2024-07-01,2024,7,F01,D120,6120,Expense,Purchased Services,18295,19308
2024-07-01,2024,7,F01,D120,6120,Expense,Salaries & Wages,416721,408784
2024-07-01,2024,7,F01,D130,6130,Revenue,Net Patient Service Revenue,981490,963587
2024-07-01,2024,7,F01,D130,6130,Expense,Employee Benefits,156525,155132
2024-07-01,2024,7,F01,D130,6130,Expense,Equipment & Maintenance,18634,20075
2024-07-01,2024,7,F01,D130,6130,Expense,Medical Supplies,88087,77272
2024-07-01,2024,7,F01,D130,6130,Expense,Other Operating,7115,7495
2024-07-01,2024,7,F01,D130,6130,Expense,Pharmaceuticals,81311,78447
2024-07-01,2024,7,F01,D130,6130,Expense,Purchased Services,15246,16570
2024-07-01,2024,7,F01,D130,6130,Expense,Salaries & Wages,559016,555748
2024-07-01,2024,7,F01,D140,6140,Revenue,Net Patient Service Revenue,764066,797293
2024-07-01,2024,7,F01,D140,6140,Expense,Employee Benefits,106958,109445
2024-07-01,2024,7,F01,D140,6140,Expense,Equipment & Maintenance,10249,9310
2024-07-01,2024,7,F01,D140,6140,Expense,Medical Supplies,57765,69068
2024-07-01,2024,7,F01,D140,6140,Expense,Other Operating,7826,6449
2024-07-01,2024,7,F01,D140,6140,Expense,Pharmaceuticals,44721,42952
2024-07-01,2024,7,F01,D140,6140,Expense,Purchased Services,16770,15789
2024-07-01,2024,7,F01,D140,6140,Expense,Salaries & Wages,381995,401124
2024-07-01,2024,7,F01,D150,6150,Revenue,Net Patient Service Revenue,746365,745820
2024-07-01,2024,7,F01,D150,6150,Expense,Employee Benefits,87511,86214
2024-07-01,2024,7,F01,D150,6150,Expense,Equipment & Maintenance,8385,9051
2024-07-01,2024,7,F01,D150,6150,Expense,Medical Supplies,47262,42175
2024-07-01,2024,7,F01,D150,6150,Expense,Other Operating,6403,7309
2024-07-01,2024,7,F01,D150,6150,Expense,Pharmaceuticals,190574,203989
2024-07-01,2024,7,F01,D150,6150,Expense,Purchased Services,13721,12424
2024-07-01,2024,7,F01,D150,6150,Expense,Salaries & Wages,312541,313521
2024-07-01,2024,7,F01,D160,6160,Revenue,Net Patient Service Revenue,482810,507821
2024-07-01,2024,7,F01,D160,6160,Expense,Employee Benefits,77788,82927
2024-07-01,2024,7,F01,D160,6160,Expense,Equipment & Maintenance,7454,6988
2024-07-01,2024,7,F01,D160,6160,Expense,Medical Supplies,42011,48508
2024-07-01,2024,7,F01,D160,6160,Expense,Other Operating,5692,5926
2024-07-01,2024,7,F01,D160,6160,Expense,Pharmaceuticals,32525,29226
2024-07-01,2024,7,F01,D160,6160,Expense,Purchased Services,12197,9989
2024-07-01,2024,7,F01,D160,6160,Expense,Salaries & Wages,277814,278037
2024-07-01,2024,7,F01,D170,6170,Revenue,Net Patient Service Revenue,580738,581146
2024-07-01,2024,7,F01,D170,6170,Expense,Employee Benefits,97235,94972
2024-07-01,2024,7,F01,D170,6170,Expense,Equipment & Maintenance,9317,8236
2024-07-01,2024,7,F01,D170,6170,Expense,Medical Supplies,52514,56027
2024-07-01,2024,7,F01,D170,6170,Expense,Other Operating,7115,7327
2024-07-01,2024,7,F01,D170,6170,Expense,Pharmaceuticals,40656,34007
2024-07-01,2024,7,F01,D170,6170,Expense,Purchased Services,15246,14821
2024-07-01,2024,7,F01,D170,6170,Expense,Salaries & Wages,347268,371534
2024-07-01,2024,7,F01,D180,6180,Revenue,Net Patient Service Revenue,358690,401685
2024-07-01,2024,7,F01,D180,6180,Expense,Employee Benefits,68064,63954
2024-07-01,2024,7,F01,D180,6180,Expense,Equipment & Maintenance,6522,6395
2024-07-01,2024,7,F01,D180,6180,Expense,Medical Supplies,36760,35108
2024-07-01,2024,7,F01,D180,6180,Expense,Other Operating,4980,5754
2024-07-01,2024,7,F01,D180,6180,Expense,Pharmaceuticals,28459,31773
2024-07-01,2024,7,F01,D180,6180,Expense,Purchased Services,10672,11714
2024-07-01,2024,7,F01,D180,6180,Expense,Salaries & Wages,243087,245563
2024-07-01,2024,7,F01,D190,6190,Revenue,Net Patient Service Revenue,430427,390127
2024-07-01,2024,7,F01,D190,6190,Expense,Employee Benefits,87511,83379
2024-07-01,2024,7,F01,D190,6190,Expense,Equipment & Maintenance,8385,7873
2024-07-01,2024,7,F01,D190,6190,Expense,Medical Supplies,47262,41323
2024-07-01,2024,7,F01,D190,6190,Expense,Other Operating,6403,6359
2024-07-01,2024,7,F01,D190,6190,Expense,Pharmaceuticals,36590,30696
2024-07-01,2024,7,F01,D190,6190,Expense,Purchased Services,13721,15332
2024-07-01,2024,7,F01,D190,6190,Expense,Salaries & Wages,312541,303767
2024-07-01,2024,7,F01,D195,6195,Revenue,Net Patient Service Revenue,362107,353635
2024-07-01,2024,7,F01,D195,6195,Expense,Employee Benefits,58341,57686
2024-07-01,2024,7,F01,D195,6195,Expense,Equipment & Maintenance,5590,5553
2024-07-01,2024,7,F01,D195,6195,Expense,Medical Supplies,31508,31564
2024-07-01,2024,7,F01,D195,6195,Expense,Other Operating,4269,4024
2024-07-01,2024,7,F01,D195,6195,Expense,Pharmaceuticals,24393,23625
2024-07-01,2024,7,F01,D195,6195,Expense,Purchased Services,9148,7014
2024-07-01,2024,7,F01,D195,6195,Expense,Salaries & Wages,208361,196845
2024-07-01,2024,7,F01,D196,6196,Revenue,Net Patient Service Revenue,1871434,1948015
2024-07-01,2024,7,F01,D196,6196,Expense,Employee Benefits,147038,149020
2024-07-01,2024,7,F01,D196,6196,Expense,Equipment & Maintenance,31508,37282
2024-07-01,2024,7,F01,D196,6196,Expense,Medical Supplies,719945,815563
2024-07-01,2024,7,F01,D196,6196,Expense,Other Operating,15754,13262
2024-07-01,2024,7,F01,D196,6196,Expense,Pharmaceuticals,5251,3991
2024-07-01,2024,7,F01,D196,6196,Expense,Purchased Services,52514,52784
2024-07-01,2024,7,F01,D196,6196,Expense,Salaries & Wages,525137,506115
2024-07-01,2024,7,F02,D200,6200,Revenue,Net Patient Service Revenue,517354,533924
2024-07-01,2024,7,F02,D200,6200,Expense,Employee Benefits,90120,95220
2024-07-01,2024,7,F02,D200,6200,Expense,Equipment & Maintenance,16093,15993
2024-07-01,2024,7,F02,D200,6200,Expense,Medical Supplies,45060,45612
2024-07-01,2024,7,F02,D200,6200,Expense,Other Operating,9656,10886
2024-07-01,2024,7,F02,D200,6200,Expense,Pharmaceuticals,28967,27087
2024-07-01,2024,7,F02,D200,6200,Expense,Purchased Services,38623,36616
2024-07-01,2024,7,F02,D200,6200,Expense,Salaries & Wages,321858,314830
2024-07-01,2024,7,F02,D210,6210,Revenue,Net Patient Service Revenue,844915,845215
2024-07-01,2024,7,F02,D210,6210,Expense,Employee Benefits,136129,137929
2024-07-01,2024,7,F02,D210,6210,Expense,Equipment & Maintenance,13044,14170
2024-07-01,2024,7,F02,D210,6210,Expense,Medical Supplies,73519,71684
2024-07-01,2024,7,F02,D210,6210,Expense,Other Operating,9961,10093
2024-07-01,2024,7,F02,D210,6210,Expense,Pharmaceuticals,56918,68679
2024-07-01,2024,7,F02,D210,6210,Expense,Purchased Services,21344,23202
2024-07-01,2024,7,F02,D210,6210,Expense,Salaries & Wages,486175,513192
2024-07-01,2024,7,F02,D230,6230,Revenue,Net Patient Service Revenue,392598,397424
2024-07-01,2024,7,F02,D230,6230,Expense,Employee Benefits,62610,59943
2024-07-01,2024,7,F02,D230,6230,Expense,Equipment & Maintenance,7454,6587
2024-07-01,2024,7,F02,D230,6230,Expense,Medical Supplies,35235,36450
2024-07-01,2024,7,F02,D230,6230,Expense,Other Operating,2846,3355
2024-07-01,2024,7,F02,D230,6230,Expense,Pharmaceuticals,32525,35267
2024-07-01,2024,7,F02,D230,6230,Expense,Purchased Services,6098,6719
2024-07-01,2024,7,F02,D230,6230,Expense,Salaries & Wages,223607,244006
2024-07-01,2024,7,F02,D270,6270,Revenue,Net Patient Service Revenue,301754,256382
2024-07-01,2024,7,F02,D270,6270,Expense,Employee Benefits,48617,47652
2024-07-01,2024,7,F02,D270,6270,Expense,Equipment & Maintenance,4658,4775
2024-07-01,2024,7,F02,D270,6270,Expense,Medical Supplies,26257,27419
2024-07-01,2024,7,F02,D270,6270,Expense,Other Operating,3557,3973
2024-07-01,2024,7,F02,D270,6270,Expense,Pharmaceuticals,20328,21623
2024-07-01,2024,7,F02,D270,6270,Expense,Purchased Services,7623,8330
2024-07-01,2024,7,F02,D270,6270,Expense,Salaries & Wages,173634,171943
2024-07-01,2024,7,F03,D300,6300,Revenue,Net Patient Service Revenue,694343,662882
2024-07-01,2024,7,F03,D300,6300,Expense,Employee Benefits,120951,126553
2024-07-01,2024,7,F03,D300,6300,Expense,Equipment & Maintenance,21598,19953
2024-07-01,2024,7,F03,D300,6300,Expense,Medical Supplies,60475,66600
2024-07-01,2024,7,F03,D300,6300,Expense,Other Operating,12959,11413
2024-07-01,2024,7,F03,D300,6300,Expense,Pharmaceuticals,38877,44156
2024-07-01,2024,7,F03,D300,6300,Expense,Purchased Services,51836,56634
2024-07-01,2024,7,F03,D300,6300,Expense,Salaries & Wages,431967,438935
2024-07-01,2024,7,F03,D310,6310,Revenue,Net Patient Service Revenue,905265,902274
2024-07-01,2024,7,F03,D310,6310,Expense,Employee Benefits,145852,150997
2024-07-01,2024,7,F03,D310,6310,Expense,Equipment & Maintenance,13975,11541
2024-07-01,2024,7,F03,D310,6310,Expense,Medical Supplies,78770,78585
2024-07-01,2024,7,F03,D310,6310,Expense,Other Operating,10672,11509
2024-07-01,2024,7,F03,D310,6310,Expense,Pharmaceuticals,60984,56380
2024-07-01,2024,7,F03,D310,6310,Expense,Purchased Services,22869,23545
2024-07-01,2024,7,F03,D310,6310,Expense,Salaries & Wages,520902,516650
2024-07-01,2024,7,F03,D320,6320,Revenue,Net Patient Service Revenue,482810,494347
2024-07-01,2024,7,F03,D320,6320,Expense,Employee Benefits,77788,81304
2024-07-01,2024,7,F03,D320,6320,Expense,Equipment & Maintenance,7454,8989
2024-07-01,2024,7,F03,D320,6320,Expense,Medical Supplies,42011,44432
2024-07-01,2024,7,F03,D320,6320,Expense,Other Operating,5692,5820
2024-07-01,2024,7,F03,D320,6320,Expense,Pharmaceuticals,32525,28775
2024-07-01,2024,7,F03,D320,6320,Expense,Purchased Services,12197,14342
2024-07-01,2024,7,F03,D320,6320,Expense,Salaries & Wages,277814,285156
2024-07-01,2024,7,F03,D330,6330,Revenue,Net Patient Service Revenue,588895,620289
2024-07-01,2024,7,F03,D330,6330,Expense,Employee Benefits,93915,90828
2024-07-01,2024,7,F03,D330,6330,Expense,Equipment & Maintenance,11180,12018
2024-07-01,2024,7,F03,D330,6330,Expense,Medical Supplies,52852,61997
2024-07-01,2024,7,F03,D330,6330,Expense,Other Operating,4269,4222
2024-07-01,2024,7,F03,D330,6330,Expense,Pharmaceuticals,48787,50651
2024-07-01,2024,7,F03,D330,6330,Expense,Purchased Services,9148,8869
2024-07-01,2024,7,F03,D330,6330,Expense,Salaries & Wages,335410,310890
2024-07-01,2024,7,F03,D340,6340,Revenue,Net Patient Service Revenue,422457,447086
2024-07-01,2024,7,F03,D340,6340,Expense,Employee Benefits,68064,68255
2024-07-01,2024,7,F03,D340,6340,Expense,Equipment & Maintenance,6522,6350
2024-07-01,2024,7,F03,D340,6340,Expense,Medical Supplies,36760,35892
2024-07-01,2024,7,F03,D340,6340,Expense,Other Operating,4980,5558
2024-07-01,2024,7,F03,D340,6340,Expense,Pharmaceuticals,28459,36075
2024-07-01,2024,7,F03,D340,6340,Expense,Purchased Services,10672,10794
2024-07-01,2024,7,F03,D340,6340,Expense,Salaries & Wages,243087,227587
2024-07-01,2024,7,F04,D400,6400,Revenue,Net Patient Service Revenue,424595,443681
2024-07-01,2024,7,F04,D400,6400,Expense,Employee Benefits,77754,72173
2024-07-01,2024,7,F04,D400,6400,Expense,Equipment & Maintenance,11519,10118
2024-07-01,2024,7,F04,D400,6400,Expense,Medical Supplies,17279,18188
2024-07-01,2024,7,F04,D400,6400,Expense,Other Operating,14399,14284
2024-07-01,2024,7,F04,D400,6400,Expense,Pharmaceuticals,5760,5533
2024-07-01,2024,7,F04,D400,6400,Expense,Purchased Services,23038,22508
2024-07-01,2024,7,F04,D400,6400,Expense,Salaries & Wages,287978,276103
2024-07-01,2024,7,F04,D410,6410,Revenue,Net Patient Service Revenue,293534,305435
2024-07-01,2024,7,F04,D410,6410,Expense,Employee Benefits,43451,44203
2024-07-01,2024,7,F04,D410,6410,Expense,Equipment & Maintenance,6437,6632
2024-07-01,2024,7,F04,D410,6410,Expense,Medical Supplies,9656,9539
2024-07-01,2024,7,F04,D410,6410,Expense,Other Operating,8046,7795
2024-07-01,2024,7,F04,D410,6410,Expense,Pharmaceuticals,3219,2928
2024-07-01,2024,7,F04,D410,6410,Expense,Purchased Services,12874,13297
2024-07-01,2024,7,F04,D410,6410,Expense,Salaries & Wages,160929,163265
2024-07-01,2024,7,F04,D420,6420,Revenue,Net Patient Service Revenue,258258,276142
2024-07-01,2024,7,F04,D420,6420,Expense,Employee Benefits,38877,38643
2024-07-01,2024,7,F04,D420,6420,Expense,Equipment & Maintenance,5760,6433
2024-07-01,2024,7,F04,D420,6420,Expense,Medical Supplies,8639,9474
2024-07-01,2024,7,F04,D420,6420,Expense,Other Operating,7199,7009
2024-07-01,2024,7,F04,D420,6420,Expense,Pharmaceuticals,2880,3229
2024-07-01,2024,7,F04,D420,6420,Expense,Purchased Services,11519,9762
2024-07-01,2024,7,F04,D420,6420,Expense,Salaries & Wages,143989,142755
2024-07-01,2024,7,F04,D430,6430,Revenue,Net Patient Service Revenue,939952,947779
2024-07-01,2024,7,F04,D430,6430,Expense,Employee Benefits,52598,52622
2024-07-01,2024,7,F04,D430,6430,Expense,Equipment & Maintenance,7792,7683
2024-07-01,2024,7,F04,D430,6430,Expense,Medical Supplies,11689,13528
2024-07-01,2024,7,F04,D430,6430,Expense,Other Operating,9740,8698
2024-07-01,2024,7,F04,D430,6430,Expense,Pharmaceuticals,525137,457812
2024-07-01,2024,7,F04,D430,6430,Expense,Purchased Services,15585,14697
2024-07-01,2024,7,F04,D430,6430,Expense,Salaries & Wages,194809,210136
2024-07-01,2024,7,F04,D440,6440,Revenue,Net Patient Service Revenue,143033,141550
2024-07-01,2024,7,F04,D440,6440,Expense,Employee Benefits,25156,24983
2024-07-01,2024,7,F04,D440,6440,Expense,Equipment & Maintenance,3727,3204
2024-07-01,2024,7,F04,D440,6440,Expense,Medical Supplies,5590,5746
2024-07-01,2024,7,F04,D440,6440,Expense,Other Operating,4658,4820
2024-07-01,2024,7,F04,D440,6440,Expense,Pharmaceuticals,1863,1834
2024-07-01,2024,7,F04,D440,6440,Expense,Purchased Services,7454,8021
2024-07-01,2024,7,F04,D440,6440,Expense,Salaries & Wages,93169,95934
2024-07-01,2024,7,F04,D450,6450,Revenue,Net Patient Service Revenue,195690,204270
2024-07-01,2024,7,F04,D450,6450,Expense,Employee Benefits,36590,37136
2024-07-01,2024,7,F04,D450,6450,Expense,Equipment & Maintenance,5421,5455
2024-07-01,2024,7,F04,D450,6450,Expense,Medical Supplies,8131,8057
2024-07-01,2024,7,F04,D450,6450,Expense,Other Operating,6776,6186
2024-07-01,2024,7,F04,D450,6450,Expense,Pharmaceuticals,2710,2882
2024-07-01,2024,7,F04,D450,6450,Expense,Purchased Services,10842,11613
2024-07-01,2024,7,F04,D450,6450,Expense,Salaries & Wages,135519,139376
2024-07-01,2024,7,F01,D500,6500,Revenue,Net Patient Service Revenue,1056540,1006744
2024-07-01,2024,7,F01,D500,6500,Expense,Employee Benefits,130437,140451
2024-07-01,2024,7,F01,D500,6500,Expense,Equipment & Maintenance,27951,23027
2024-07-01,2024,7,F01,D500,6500,Expense,Medical Supplies,271038,229809
2024-07-01,2024,7,F01,D500,6500,Expense,Other Operating,13975,14490
2024-07-01,2024,7,F01,D500,6500,Expense,Pharmaceuticals,4658,4028
2024-07-01,2024,7,F01,D500,6500,Expense,Purchased Services,46585,35503
2024-07-01,2024,7,F01,D500,6500,Expense,Salaries & Wages,465847,472294
2024-07-01,2024,7,F01,D510,6510,Revenue,Net Patient Service Revenue,975129,929645
2024-07-01,2024,7,F01,D510,6510,Expense,Employee Benefits,113836,109932
2024-07-01,2024,7,F01,D510,6510,Expense,Equipment & Maintenance,152459,143351
2024-07-01,2024,7,F01,D510,6510,Expense,Medical Supplies,20328,21683
2024-07-01,2024,7,F01,D510,6510,Expense,Other Operating,12197,12924
2024-07-01,2024,7,F01,D510,6510,Expense,Pharmaceuticals,4066,4599
2024-07-01,2024,7,F01,D510,6510,Expense,Purchased Services,40656,41097
2024-07-01,2024,7,F01,D510,6510,Expense,Salaries & Wages,406557,386266
2024-07-01,2024,7,F01,D520,6520,Expense,Employee Benefits,73519,72357
2024-07-01,2024,7,F01,D520,6520,Expense,Equipment & Maintenance,15754,13779
2024-07-01,2024,7,F01,D520,6520,Expense,Medical Supplies,13128,15700
2024-07-01,2024,7,F01,D520,6520,Expense,Other Operating,7877,7332
2024-07-01,2024,7,F01,D520,6520,Expense,Pharmaceuticals,169399,168679
2024-07-01,2024,7,F01,D520,6520,Expense,Purchased Services,26257,25146
2024-07-01,2024,7,F01,D520,6520,Expense,Salaries & Wages,262568,281141
2024-08-01,2024,8,F01,D100,6100,Revenue,Net Patient Service Revenue,1307000,1329627
2024-08-01,2024,8,F01,D100,6100,Expense,Employee Benefits,227672,223703
2024-08-01,2024,8,F01,D100,6100,Expense,Equipment & Maintenance,40656,40114
2024-08-01,2024,8,F01,D100,6100,Expense,Medical Supplies,113836,123632
2024-08-01,2024,8,F01,D100,6100,Expense,Other Operating,24393,27368
2024-08-01,2024,8,F01,D100,6100,Expense,Pharmaceuticals,73180,64607
2024-08-01,2024,8,F01,D100,6100,Expense,Purchased Services,97574,106403
2024-08-01,2024,8,F01,D100,6100,Expense,Salaries & Wages,813115,823678
2024-08-01,2024,8,F01,D110,6110,Revenue,Net Patient Service Revenue,1086320,1025870
2024-08-01,2024,8,F01,D110,6110,Expense,Employee Benefits,175023,178033
2024-08-01,2024,8,F01,D110,6110,Expense,Equipment & Maintenance,16770,15014
2024-08-01,2024,8,F01,D110,6110,Expense,Medical Supplies,94525,96261
2024-08-01,2024,8,F01,D110,6110,Expense,Other Operating,12807,13129
2024-08-01,2024,8,F01,D110,6110,Expense,Pharmaceuticals,73180,63555
2024-08-01,2024,8,F01,D110,6110,Expense,Purchased Services,27443,27335
2024-08-01,2024,8,F01,D110,6110,Expense,Salaries & Wages,625082,610105
2024-08-01,2024,8,F01,D111,6111,Revenue,Net Patient Service Revenue,965617,986685
2024-08-01,2024,8,F01,D111,6111,Expense,Employee Benefits,155576,165377
2024-08-01,2024,8,F01,D111,6111,Expense,Equipment & Maintenance,14907,16106
2024-08-01,2024,8,F01,D111,6111,Expense,Medical Supplies,84022,85084
2024-08-01,2024,8,F01,D111,6111,Expense,Other Operating,11384,12710
2024-08-01,2024,8,F01,D111,6111,Expense,Pharmaceuticals,65049,51712
2024-08-01,2024,8,F01,D111,6111,Expense,Purchased Services,24393,23555
2024-08-01,2024,8,F01,D111,6111,Expense,Salaries & Wages,555628,556984
2024-08-01,2024,8,F01,D120,6120,Revenue,Net Patient Service Revenue,806198,798243
2024-08-01,2024,8,F01,D120,6120,Expense,Employee Benefits,116682,121826
2024-08-01,2024,8,F01,D120,6120,Expense,Equipment & Maintenance,11180,12588
2024-08-01,2024,8,F01,D120,6120,Expense,Medical Supplies,63016,72033
2024-08-01,2024,8,F01,D120,6120,Expense,Other Operating,8538,7616
2024-08-01,2024,8,F01,D120,6120,Expense,Pharmaceuticals,48787,53146
2024-08-01,2024,8,F01,D120,6120,Expense,Purchased Services,18295,14261
2024-08-01,2024,8,F01,D120,6120,Expense,Salaries & Wages,416721,446149
2024-08-01,2024,8,F01,D130,6130,Revenue,Net Patient Service Revenue,981490,956441
2024-08-01,2024,8,F01,D130,6130,Expense,Employee Benefits,156525,163015
2024-08-01,2024,8,F01,D130,6130,Expense,Equipment & Maintenance,18634,18993
2024-08-01,2024,8,F01,D130,6130,Expense,Medical Supplies,88087,88844
2024-08-01,2024,8,F01,D130,6130,Expense,Other Operating,7115,5571
2024-08-01,2024,8,F01,D130,6130,Expense,Pharmaceuticals,81311,73452
2024-08-01,2024,8,F01,D130,6130,Expense,Purchased Services,15246,16965
2024-08-01,2024,8,F01,D130,6130,Expense,Salaries & Wages,559016,535703
2024-08-01,2024,8,F01,D140,6140,Revenue,Net Patient Service Revenue,764066,782434
2024-08-01,2024,8,F01,D140,6140,Expense,Employee Benefits,106958,106880
2024-08-01,2024,8,F01,D140,6140,Expense,Equipment & Maintenance,10249,10140
2024-08-01,2024,8,F01,D140,6140,Expense,Medical Supplies,57765,59974
2024-08-01,2024,8,F01,D140,6140,Expense,Other Operating,7826,6616
2024-08-01,2024,8,F01,D140,6140,Expense,Pharmaceuticals,44721,38093
2024-08-01,2024,8,F01,D140,6140,Expense,Purchased Services,16770,18415
2024-08-01,2024,8,F01,D140,6140,Expense,Salaries & Wages,381995,400039
2024-08-01,2024,8,F01,D150,6150,Revenue,Net Patient Service Revenue,746365,724233
2024-08-01,2024,8,F01,D150,6150,Expense,Employee Benefits,87511,85763
2024-08-01,2024,8,F01,D150,6150,Expense,Equipment & Maintenance,8385,8942
2024-08-01,2024,8,F01,D150,6150,Expense,Medical Supplies,47262,43584
2024-08-01,2024,8,F01,D150,6150,Expense,Other Operating,6403,7230
2024-08-01,2024,8,F01,D150,6150,Expense,Pharmaceuticals,190574,199654
2024-08-01,2024,8,F01,D150,6150,Expense,Purchased Services,13721,13563
2024-08-01,2024,8,F01,D150,6150,Expense,Salaries & Wages,312541,292963
2024-08-01,2024,8,F01,D160,6160,Revenue,Net Patient Service Revenue,482810,542047
2024-08-01,2024,8,F01,D160,6160,Expense,Employee Benefits,77788,76519
2024-08-01,2024,8,F01,D160,6160,Expense,Equipment & Maintenance,7454,7319
2024-08-01,2024,8,F01,D160,6160,Expense,Medical Supplies,42011,43172
2024-08-01,2024,8,F01,D160,6160,Expense,Other Operating,5692,4941
2024-08-01,2024,8,F01,D160,6160,Expense,Pharmaceuticals,32525,27355
2024-08-01,2024,8,F01,D160,6160,Expense,Purchased Services,12197,13051
2024-08-01,2024,8,F01,D160,6160,Expense,Salaries & Wages,277814,273072
2024-08-01,2024,8,F01,D170,6170,Revenue,Net Patient Service Revenue,580738,581698
2024-08-01,2024,8,F01,D170,6170,Expense,Employee Benefits,97235,93296
2024-08-01,2024,8,F01,D170,6170,Expense,Equipment & Maintenance,9317,9682
2024-08-01,2024,8,F01,D170,6170,Expense,Medical Supplies,52514,43755
2024-08-01,2024,8,F01,D170,6170,Expense,Other Operating,7115,6324
2024-08-01,2024,8,F01,D170,6170,Expense,Pharmaceuticals,40656,40906
2024-08-01,2024,8,F01,D170,6170,Expense,Purchased Services,15246,15666
2024-08-01,2024,8,F01,D170,6170,Expense,Salaries & Wages,347268,356380
2024-08-01,2024,8,F01,D180,6180,Revenue,Net Patient Service Revenue,358690,376843
2024-08-01,2024,8,F01,D180,6180,Expense,Employee Benefits,68064,64982
2024-08-01,2024,8,F01,D180,6180,Expense,Equipment & Maintenance,6522,6844
2024-08-01,2024,8,F01,D180,6180,Expense,Medical Supplies,36760,31937
2024-08-01,2024,8,F01,D180,6180,Expense,Other Operating,4980,4979
2024-08-01,2024,8,F01,D180,6180,Expense,Pharmaceuticals,28459,26999
2024-08-01,2024,8,F01,D180,6180,Expense,Purchased Services,10672,11892
2024-08-01,2024,8,F01,D180,6180,Expense,Salaries & Wages,243087,254844
2024-08-01,2024,8,F01,D190,6190,Revenue,Net Patient Service Revenue,430427,422358
2024-08-01,2024,8,F01,D190,6190,Expense,Employee Benefits,87511,84354
2024-08-01,2024,8,F01,D190,6190,Expense,Equipment & Maintenance,8385,8483
2024-08-01,2024,8,F01,D190,6190,Expense,Medical Supplies,47262,51029
2024-08-01,2024,8,F01,D190,6190,Expense,Other Operating,6403,7398
2024-08-01,2024,8,F01,D190,6190,Expense,Pharmaceuticals,36590,39138
2024-08-01,2024,8,F01,D190,6190,Expense,Purchased Services,13721,13318
2024-08-01,2024,8,F01,D190,6190,Expense,Salaries & Wages,312541,297911
2024-08-01,2024,8,F01,D195,6195,Revenue,Net Patient Service Revenue,362107,361078
2024-08-01,2024,8,F01,D195,6195,Expense,Employee Benefits,58341,60050
2024-08-01,2024,8,F01,D195,6195,Expense,Equipment & Maintenance,5590,5505
2024-08-01,2024,8,F01,D195,6195,Expense,Medical Supplies,31508,28635
2024-08-01,2024,8,F01,D195,6195,Expense,Other Operating,4269,4144
2024-08-01,2024,8,F01,D195,6195,Expense,Pharmaceuticals,24393,24674
2024-08-01,2024,8,F01,D195,6195,Expense,Purchased Services,9148,7236
2024-08-01,2024,8,F01,D195,6195,Expense,Salaries & Wages,208361,200886
2024-08-01,2024,8,F01,D196,6196,Revenue,Net Patient Service Revenue,1871434,2045408
2024-08-01,2024,8,F01,D196,6196,Expense,Employee Benefits,147038,150999
2024-08-01,2024,8,F01,D196,6196,Expense,Equipment & Maintenance,31508,29049
2024-08-01,2024,8,F01,D196,6196,Expense,Medical Supplies,719945,650581
2024-08-01,2024,8,F01,D196,6196,Expense,Other Operating,15754,13951
2024-08-01,2024,8,F01,D196,6196,Expense,Pharmaceuticals,5251,5936
2024-08-01,2024,8,F01,D196,6196,Expense,Purchased Services,52514,58378
2024-08-01,2024,8,F01,D196,6196,Expense,Salaries & Wages,525137,533746
2024-08-01,2024,8,F02,D200,6200,Revenue,Net Patient Service Revenue,517354,514589
2024-08-01,2024,8,F02,D200,6200,Expense,Employee Benefits,90120,90834
2024-08-01,2024,8,F02,D200,6200,Expense,Equipment & Maintenance,16093,16590
2024-08-01,2024,8,F02,D200,6200,Expense,Medical Supplies,45060,51579
2024-08-01,2024,8,F02,D200,6200,Expense,Other Operating,9656,9542
2024-08-01,2024,8,F02,D200,6200,Expense,Pharmaceuticals,28967,28009
2024-08-01,2024,8,F02,D200,6200,Expense,Purchased Services,38623,41889
2024-08-01,2024,8,F02,D200,6200,Expense,Salaries & Wages,321858,311428
2024-08-01,2024,8,F02,D210,6210,Revenue,Net Patient Service Revenue,844915,873085
2024-08-01,2024,8,F02,D210,6210,Expense,Employee Benefits,136129,137414
2024-08-01,2024,8,F02,D210,6210,Expense,Equipment & Maintenance,13044,12751
2024-08-01,2024,8,F02,D210,6210,Expense,Medical Supplies,73519,76140
2024-08-01,2024,8,F02,D210,6210,Expense,Other Operating,9961,8309
2024-08-01,2024,8,F02,D210,6210,Expense,Pharmaceuticals,56918,59279
2024-08-01,2024,8,F02,D210,6210,Expense,Purchased Services,21344,24129
2024-08-01,2024,8,F02,D210,6210,Expense,Salaries & Wages,486175,516644
2024-08-01,2024,8,F02,D230,6230,Revenue,Net Patient Service Revenue,392598,378426
2024-08-01,2024,8,F02,D230,6230,Expense,Employee Benefits,62610,60525
2024-08-01,2024,8,F02,D230,6230,Expense,Equipment & Maintenance,7454,7659
2024-08-01,2024,8,F02,D230,6230,Expense,Medical Supplies,35235,38842
2024-08-01,2024,8,F02,D230,6230,Expense,Other Operating,2846,2565
2024-08-01,2024,8,F02,D230,6230,Expense,Pharmaceuticals,32525,42797
2024-08-01,2024,8,F02,D230,6230,Expense,Purchased Services,6098,6379
2024-08-01,2024,8,F02,D230,6230,Expense,Salaries & Wages,223607,233417
2024-08-01,2024,8,F02,D270,6270,Revenue,Net Patient Service Revenue,301754,276242
2024-08-01,2024,8,F02,D270,6270,Expense,Employee Benefits,48617,49231
2024-08-01,2024,8,F02,D270,6270,Expense,Equipment & Maintenance,4658,4755
2024-08-01,2024,8,F02,D270,6270,Expense,Medical Supplies,26257,23853
2024-08-01,2024,8,F02,D270,6270,Expense,Other Operating,3557,3564
2024-08-01,2024,8,F02,D270,6270,Expense,Pharmaceuticals,20328,20119
2024-08-01,2024,8,F02,D270,6270,Expense,Purchased Services,7623,8478
2024-08-01,2024,8,F02,D270,6270,Expense,Salaries & Wages,173634,176558
2024-08-01,2024,8,F03,D300,6300,Revenue,Net Patient Service Revenue,694343,636966
2024-08-01,2024,8,F03,D300,6300,Expense,Employee Benefits,120951,126276
2024-08-01,2024,8,F03,D300,6300,Expense,Equipment & Maintenance,21598,20581
2024-08-01,2024,8,F03,D300,6300,Expense,Medical Supplies,60475,60888
2024-08-01,2024,8,F03,D300,6300,Expense,Other Operating,12959,13023
2024-08-01,2024,8,F03,D300,6300,Expense,Pharmaceuticals,38877,27662
2024-08-01,2024,8,F03,D300,6300,Expense,Purchased Services,51836,52625
2024-08-01,2024,8,F03,D300,6300,Expense,Salaries & Wages,431967,435938
2024-08-01,2024,8,F03,D310,6310,Revenue,Net Patient Service Revenue,905265,871537
2024-08-01,2024,8,F03,D310,6310,Expense,Employee Benefits,145852,147708
2024-08-01,2024,8,F03,D310,6310,Expense,Equipment & Maintenance,13975,13158
2024-08-01,2024,8,F03,D310,6310,Expense,Medical Supplies,78770,80676
2024-08-01,2024,8,F03,D310,6310,Expense,Other Operating,10672,10883
2024-08-01,2024,8,F03,D310,6310,Expense,Pharmaceuticals,60984,67519
2024-08-01,2024,8,F03,D310,6310,Expense,Purchased Services,22869,25377
2024-08-01,2024,8,F03,D310,6310,Expense,Salaries & Wages,520902,542713
2024-08-01,2024,8,F03,D320,6320,Revenue,Net Patient Service Revenue,482810,471881
2024-08-01,2024,8,F03,D320,6320,Expense,Employee Benefits,77788,81115
2024-08-01,2024,8,F03,D320,6320,Expense,Equipment & Maintenance,7454,7410
2024-08-01,2024,8,F03,D320,6320,Expense,Medical Supplies,42011,45299
2024-08-01,2024,8,F03,D320,6320,Expense,Other Operating,5692,5642
2024-08-01,2024,8,F03,D320,6320,Expense,Pharmaceuticals,32525,36723
2024-08-01,2024,8,F03,D320,6320,Expense,Purchased Services,12197,11954
2024-08-01,2024,8,F03,D320,6320,Expense,Salaries & Wages,277814,282904
2024-08-01,2024,8,F03,D330,6330,Revenue,Net Patient Service Revenue,588895,585717
2024-08-01,2024,8,F03,D330,6330,Expense,Employee Benefits,93915,87649
2024-08-01,2024,8,F03,D330,6330,Expense,Equipment & Maintenance,11180,12596
2024-08-01,2024,8,F03,D330,6330,Expense,Medical Supplies,52852,55051
2024-08-01,2024,8,F03,D330,6330,Expense,Other Operating,4269,4405
2024-08-01,2024,8,F03,D330,6330,Expense,Pharmaceuticals,48787,45700
2024-08-01,2024,8,F03,D330,6330,Expense,Purchased Services,9148,8906
2024-08-01,2024,8,F03,D330,6330,Expense,Salaries & Wages,335410,321726
2024-08-01,2024,8,F03,D340,6340,Revenue,Net Patient Service Revenue,422457,433226
2024-08-01,2024,8,F03,D340,6340,Expense,Employee Benefits,68064,70057
2024-08-01,2024,8,F03,D340,6340,Expense,Equipment & Maintenance,6522,6826
2024-08-01,2024,8,F03,D340,6340,Expense,Medical Supplies,36760,37332
2024-08-01,2024,8,F03,D340,6340,Expense,Other Operating,4980,4345
2024-08-01,2024,8,F03,D340,6340,Expense,Pharmaceuticals,28459,30517
2024-08-01,2024,8,F03,D340,6340,Expense,Purchased Services,10672,10079
2024-08-01,2024,8,F03,D340,6340,Expense,Salaries & Wages,243087,229392
2024-08-01,2024,8,F04,D400,6400,Revenue,Net Patient Service Revenue,424595,451661
2024-08-01,2024,8,F04,D400,6400,Expense,Employee Benefits,77754,71273
2024-08-01,2024,8,F04,D400,6400,Expense,Equipment & Maintenance,11519,10683
2024-08-01,2024,8,F04,D400,6400,Expense,Medical Supplies,17279,17087
2024-08-01,2024,8,F04,D400,6400,Expense,Other Operating,14399,16506
2024-08-01,2024,8,F04,D400,6400,Expense,Pharmaceuticals,5760,6270
2024-08-01,2024,8,F04,D400,6400,Expense,Purchased Services,23038,21411
2024-08-01,2024,8,F04,D400,6400,Expense,Salaries & Wages,287978,273705
2024-08-01,2024,8,F04,D410,6410,Revenue,Net Patient Service Revenue,293534,259439
2024-08-01,2024,8,F04,D410,6410,Expense,Employee Benefits,43451,45246
2024-08-01,2024,8,F04,D410,6410,Expense,Equipment & Maintenance,6437,6314
2024-08-01,2024,8,F04,D410,6410,Expense,Medical Supplies,9656,9037
2024-08-01,2024,8,F04,D410,6410,Expense,Other Operating,8046,8192
2024-08-01,2024,8,F04,D410,6410,Expense,Pharmaceuticals,3219,3216
2024-08-01,2024,8,F04,D410,6410,Expense,Purchased Services,12874,11913
2024-08-01,2024,8,F04,D410,6410,Expense,Salaries & Wages,160929,154934
2024-08-01,2024,8,F04,D420,6420,Revenue,Net Patient Service Revenue,258258,242333
2024-08-01,2024,8,F04,D420,6420,Expense,Employee Benefits,38877,40821
2024-08-01,2024,8,F04,D420,6420,Expense,Equipment & Maintenance,5760,5837
2024-08-01,2024,8,F04,D420,6420,Expense,Medical Supplies,8639,9221
2024-08-01,2024,8,F04,D420,6420,Expense,Other Operating,7199,7718
2024-08-01,2024,8,F04,D420,6420,Expense,Pharmaceuticals,2880,2902
2024-08-01,2024,8,F04,D420,6420,Expense,Purchased Services,11519,11878
2024-08-01,2024,8,F04,D420,6420,Expense,Salaries & Wages,143989,154705
2024-08-01,2024,8,F04,D430,6430,Revenue,Net Patient Service Revenue,939952,987355
2024-08-01,2024,8,F04,D430,6430,Expense,Employee Benefits,52598,53811
2024-08-01,2024,8,F04,D430,6430,Expense,Equipment & Maintenance,7792,8224
2024-08-01,2024,8,F04,D430,6430,Expense,Medical Supplies,11689,11777
2024-08-01,2024,8,F04,D430,6430,Expense,Other Operating,9740,11414
2024-08-01,2024,8,F04,D430,6430,Expense,Pharmaceuticals,525137,495926
2024-08-01,2024,8,F04,D430,6430,Expense,Purchased Services,15585,14221
2024-08-01,2024,8,F04,D430,6430,Expense,Salaries & Wages,194809,214870
2024-08-01,2024,8,F04,D440,6440,Revenue,Net Patient Service Revenue,143033,138367
2024-08-01,2024,8,F04,D440,6440,Expense,Employee Benefits,25156,24690
2024-08-01,2024,8,F04,D440,6440,Expense,Equipment & Maintenance,3727,3940
2024-08-01,2024,8,F04,D440,6440,Expense,Medical Supplies,5590,4216
2024-08-01,2024,8,F04,D440,6440,Expense,Other Operating,4658,4574
2024-08-01,2024,8,F04,D440,6440,Expense,Pharmaceuticals,1863,1951
2024-08-01,2024,8,F04,D440,6440,Expense,Purchased Services,7454,7165
2024-08-01,2024,8,F04,D440,6440,Expense,Salaries & Wages,93169,94544
2024-08-01,2024,8,F04,D450,6450,Revenue,Net Patient Service Revenue,195690,215096
2024-08-01,2024,8,F04,D450,6450,Expense,Employee Benefits,36590,36524
2024-08-01,2024,8,F04,D450,6450,Expense,Equipment & Maintenance,5421,5566
2024-08-01,2024,8,F04,D450,6450,Expense,Medical Supplies,8131,7974
2024-08-01,2024,8,F04,D450,6450,Expense,Other Operating,6776,6143
2024-08-01,2024,8,F04,D450,6450,Expense,Pharmaceuticals,2710,2137
2024-08-01,2024,8,F04,D450,6450,Expense,Purchased Services,10842,12187
2024-08-01,2024,8,F04,D450,6450,Expense,Salaries & Wages,135519,134218
2024-08-01,2024,8,F01,D500,6500,Revenue,Net Patient Service Revenue,1056540,1141790
2024-08-01,2024,8,F01,D500,6500,Expense,Employee Benefits,130437,134367
2024-08-01,2024,8,F01,D500,6500,Expense,Equipment & Maintenance,27951,29674
2024-08-01,2024,8,F01,D500,6500,Expense,Medical Supplies,271038,243135
2024-08-01,2024,8,F01,D500,6500,Expense,Other Operating,13975,13293
2024-08-01,2024,8,F01,D500,6500,Expense,Pharmaceuticals,4658,4433
2024-08-01,2024,8,F01,D500,6500,Expense,Purchased Services,46585,47692
2024-08-01,2024,8,F01,D500,6500,Expense,Salaries & Wages,465847,485832
2024-08-01,2024,8,F01,D510,6510,Revenue,Net Patient Service Revenue,975129,1028022
2024-08-01,2024,8,F01,D510,6510,Expense,Employee Benefits,113836,111503
2024-08-01,2024,8,F01,D510,6510,Expense,Equipment & Maintenance,152459,152032
2024-08-01,2024,8,F01,D510,6510,Expense,Medical Supplies,20328,22803
2024-08-01,2024,8,F01,D510,6510,Expense,Other Operating,12197,13424
2024-08-01,2024,8,F01,D510,6510,Expense,Pharmaceuticals,4066,5280
2024-08-01,2024,8,F01,D510,6510,Expense,Purchased Services,40656,37051
2024-08-01,2024,8,F01,D510,6510,Expense,Salaries & Wages,406557,383313
2024-08-01,2024,8,F01,D520,6520,Expense,Employee Benefits,73519,74352
2024-08-01,2024,8,F01,D520,6520,Expense,Equipment & Maintenance,15754,17077
2024-08-01,2024,8,F01,D520,6520,Expense,Medical Supplies,13128,13980
2024-08-01,2024,8,F01,D520,6520,Expense,Other Operating,7877,8706
2024-08-01,2024,8,F01,D520,6520,Expense,Pharmaceuticals,169399,162277
2024-08-01,2024,8,F01,D520,6520,Expense,Purchased Services,26257,24808
2024-08-01,2024,8,F01,D520,6520,Expense,Salaries & Wages,262568,275419
2024-09-01,2024,9,F01,D100,6100,Revenue,Net Patient Service Revenue,1264840,1279018
2024-09-01,2024,9,F01,D100,6100,Expense,Employee Benefits,220328,214790
2024-09-01,2024,9,F01,D100,6100,Expense,Equipment & Maintenance,39344,46439
2024-09-01,2024,9,F01,D100,6100,Expense,Medical Supplies,110164,104658
2024-09-01,2024,9,F01,D100,6100,Expense,Other Operating,23607,25261
2024-09-01,2024,9,F01,D100,6100,Expense,Pharmaceuticals,70820,81663
2024-09-01,2024,9,F01,D100,6100,Expense,Purchased Services,94426,94482
2024-09-01,2024,9,F01,D100,6100,Expense,Salaries & Wages,786885,802904
2024-09-01,2024,9,F01,D110,6110,Revenue,Net Patient Service Revenue,1051276,1088986
2024-09-01,2024,9,F01,D110,6110,Expense,Employee Benefits,169377,170049
2024-09-01,2024,9,F01,D110,6110,Expense,Equipment & Maintenance,16230,15665
2024-09-01,2024,9,F01,D110,6110,Expense,Medical Supplies,91475,82919
2024-09-01,2024,9,F01,D110,6110,Expense,Other Operating,12393,14671
2024-09-01,2024,9,F01,D110,6110,Expense,Pharmaceuticals,70820,49727
2024-09-01,2024,9,F01,D110,6110,Expense,Purchased Services,26557,27911
2024-09-01,2024,9,F01,D110,6110,Expense,Salaries & Wages,604918,589900
2024-09-01,2024,9,F01,D111,6111,Revenue,Net Patient Service Revenue,934467,886518
2024-09-01,2024,9,F01,D111,6111,Expense,Employee Benefits,150557,153052
2024-09-01,2024,9,F01,D111,6111,Expense,Equipment & Maintenance,14426,15205
2024-09-01,2024,9,F01,D111,6111,Expense,Medical Supplies,81311,72056
2024-09-01,2024,9,F01,D111,6111,Expense,Other Operating,11016,10091
2024-09-01,2024,9,F01,D111,6111,Expense,Pharmaceuticals,62951,62814
2024-09-01,2024,9,F01,D111,6111,Expense,Purchased Services,23607,27535
2024-09-01,2024,9,F01,D111,6111,Expense,Salaries & Wages,537705,549647
2024-09-01,2024,9,F01,D120,6120,Revenue,Net Patient Service Revenue,780194,825864
2024-09-01,2024,9,F01,D120,6120,Expense,Employee Benefits,112918,118510
2024-09-01,2024,9,F01,D120,6120,Expense,Equipment & Maintenance,10820,11232
2024-09-01,2024,9,F01,D120,6120,Expense,Medical Supplies,60984,58255
2024-09-01,2024,9,F01,D120,6120,Expense,Other Operating,8262,7213
2024-09-01,2024,9,F01,D120,6120,Expense,Pharmaceuticals,47213,46276
2024-09-01,2024,9,F01,D120,6120,Expense,Purchased Services,17705,19900
2024-09-01,2024,9,F01,D120,6120,Expense,Salaries & Wages,403279,409265
2024-09-01,2024,9,F01,D130,6130,Revenue,Net Patient Service Revenue,949830,898128
2024-09-01,2024,9,F01,D130,6130,Expense,Employee Benefits,151475,146892
2024-09-01,2024,9,F01,D130,6130,Expense,Equipment & Maintenance,18033,18616
2024-09-01,2024,9,F01,D130,6130,Expense,Medical Supplies,85246,80765
2024-09-01,2024,9,F01,D130,6130,Expense,Other Operating,6885,6321
2024-09-01,2024,9,F01,D130,6130,Expense,Pharmaceuticals,78689,65051
2024-09-01,2024,9,F01,D130,6130,Expense,Purchased Services,14754,15334
2024-09-01,2024,9,F01,D130,6130,Expense,Salaries & Wages,540984,532061
2024-09-01,2024,9,F01,D140,6140,Revenue,Net Patient Service Revenue,739421,762502
2024-09-01,2024,9,F01,D140,6140,Expense,Employee Benefits,103508,106596
2024-09-01,2024,9,F01,D140,6140,Expense,Equipment & Maintenance,9918,10604
2024-09-01,2024,9,F01,D140,6140,Expense,Medical Supplies,55902,62533
2024-09-01,2024,9,F01,D140,6140,Expense,Other Operating,7574,7906
2024-09-01,2024,9,F01,D140,6140,Expense,Pharmaceuticals,43279,37700
2024-09-01,2024,9,F01,D140,6140,Expense,Purchased Services,16230,19233
2024-09-01,2024,9,F01,D140,6140,Expense,Salaries & Wages,369672,378034
2024-09-01,2024,9,F01,D150,6150,Revenue,Net Patient Service Revenue,722291,710776
2024-09-01,2024,9,F01,D150,6150,Expense,Employee Benefits,84689,78809
2024-09-01,2024,9,F01,D150,6150,Expense,Equipment & Maintenance,8115,8126
2024-09-01,2024,9,F01,D150,6150,Expense,Medical Supplies,45738,49464
2024-09-01,2024,9,F01,D150,6150,Expense,Other Operating,6197,4731
2024-09-01,2024,9,F01,D150,6150,Expense,Pharmaceuticals,184426,169977
2024-09-01,2024,9,F01,D150,6150,Expense,Purchased Services,13279,12860
2024-09-01,2024,9,F01,D150,6150,Expense,Salaries & Wages,302459,288413
2024-09-01,2024,9,F01,D160,6160,Revenue,Net Patient Service Revenue,467233,510423
2024-09-01,2024,9,F01,D160,6160,Expense,Employee Benefits,75279,76545
2024-09-01,2024,9,F01,D160,6160,Expense,Equipment & Maintenance,7213,7070
2024-09-01,2024,9,F01,D160,6160,Expense,Medical Supplies,40656,43232
2024-09-01,2024,9,F01,D160,6160,Expense,Other Operating,5508,5656
2024-09-01,2024,9,F01,D160,6160,Expense,Pharmaceuticals,31475,32824
2024-09-01,2024,9,F01,D160,6160,Expense,Purchased Services,11803,11957
2024-09-01,2024,9,F01,D160,6160,Expense,Salaries & Wages,268852,273412
2024-09-01,2024,9,F01,D170,6170,Revenue,Net Patient Service Revenue,562003,528524
2024-09-01,2024,9,F01,D170,6170,Expense,Employee Benefits,94098,91307
2024-09-01,2024,9,F01,D170,6170,Expense,Equipment & Maintenance,9016,10050
2024-09-01,2024,9,F01,D170,6170,Expense,Medical Supplies,50820,51694
2024-09-01,2024,9,F01,D170,6170,Expense,Other Operating,6885,5849
2024-09-01,2024,9,F01,D170,6170,Expense,Pharmaceuticals,39344,43042
2024-09-01,2024,9,F01,D170,6170,Expense,Purchased Services,14754,17130
2024-09-01,2024,9,F01,D170,6170,Expense,Salaries & Wages,336066,334037
2024-09-01,2024,9,F01,D180,6180,Revenue,Net Patient Service Revenue,347120,348763
2024-09-01,2024,9,F01,D180,6180,Expense,Employee Benefits,65869,65139
2024-09-01,2024,9,F01,D180,6180,Expense,Equipment & Maintenance,6311,6257
2024-09-01,2024,9,F01,D180,6180,Expense,Medical Supplies,35574,34277
2024-09-01,2024,9,F01,D180,6180,Expense,Other Operating,4820,4836
2024-09-01,2024,9,F01,D180,6180,Expense,Pharmaceuticals,27541,23406
2024-09-01,2024,9,F01,D180,6180,Expense,Purchased Services,10328,13042
2024-09-01,2024,9,F01,D180,6180,Expense,Salaries & Wages,235246,222258
2024-09-01,2024,9,F01,D190,6190,Revenue,Net Patient Service Revenue,416545,402122
2024-09-01,2024,9,F01,D190,6190,Expense,Employee Benefits,84689,82252
2024-09-01,2024,9,F01,D190,6190,Expense,Equipment & Maintenance,8115,7810
2024-09-01,2024,9,F01,D190,6190,Expense,Medical Supplies,45738,48385
2024-09-01,2024,9,F01,D190,6190,Expense,Other Operating,6197,6437
2024-09-01,2024,9,F01,D190,6190,Expense,Pharmaceuticals,35410,37571
2024-09-01,2024,9,F01,D190,6190,Expense,Purchased Services,13279,11055
2024-09-01,2024,9,F01,D190,6190,Expense,Salaries & Wages,302459,297848
2024-09-01,2024,9,F01,D195,6195,Revenue,Net Patient Service Revenue,350425,326171
2024-09-01,2024,9,F01,D195,6195,Expense,Employee Benefits,56459,55601
2024-09-01,2024,9,F01,D195,6195,Expense,Equipment & Maintenance,5410,6155
2024-09-01,2024,9,F01,D195,6195,Expense,Medical Supplies,30492,30690
2024-09-01,2024,9,F01,D195,6195,Expense,Other Operating,4131,4415
2024-09-01,2024,9,F01,D195,6195,Expense,Pharmaceuticals,23607,19530
2024-09-01,2024,9,F01,D195,6195,Expense,Purchased Services,8852,9807
2024-09-01,2024,9,F01,D195,6195,Expense,Salaries & Wages,201639,195540
2024-09-01,2024,9,F01,D196,6196,Revenue,Net Patient Service Revenue,1811066,1796223
2024-09-01,2024,9,F01,D196,6196,Expense,Employee Benefits,142295,150567
2024-09-01,2024,9,F01,D196,6196,Expense,Equipment & Maintenance,30492,29595
2024-09-01,2024,9,F01,D196,6196,Expense,Medical Supplies,696721,842537
2024-09-01,2024,9,F01,D196,6196,Expense,Other Operating,15246,14391
2024-09-01,2024,9,F01,D196,6196,Expense,Pharmaceuticals,5082,5522
2024-09-01,2024,9,F01,D196,6196,Expense,Purchased Services,50820,53429
2024-09-01,2024,9,F01,D196,6196,Expense,Salaries & Wages,508197,473253
2024-09-01,2024,9,F02,D200,6200,Revenue,Net Patient Service Revenue,500666,529536
2024-09-01,2024,9,F02,D200,6200,Expense,Employee Benefits,87213,92896
2024-09-01,2024,9,F02,D200,6200,Expense,Equipment & Maintenance,15574,17129
2024-09-01,2024,9,F02,D200,6200,Expense,Medical Supplies,43607,43773
2024-09-01,2024,9,F02,D200,6200,Expense,Other Operating,9344,10963
2024-09-01,2024,9,F02,D200,6200,Expense,Pharmaceuticals,28033,29176
2024-09-01,2024,9,F02,D200,6200,Expense,Purchased Services,37377,38860
2024-09-01,2024,9,F02,D200,6200,Expense,Salaries & Wages,311475,316529
2024-09-01,2024,9,F02,D210,6210,Revenue,Net Patient Service Revenue,817661,836059
2024-09-01,2024,9,F02,D210,6210,Expense,Employee Benefits,131738,128557
2024-09-01,2024,9,F02,D210,6210,Expense,Equipment & Maintenance,12623,12559
2024-09-01,2024,9,F02,D210,6210,Expense,Medical Supplies,71148,72458
2024-09-01,2024,9,F02,D210,6210,Expense,Other Operating,9639,9484
2024-09-01,2024,9,F02,D210,6210,Expense,Pharmaceuticals,55082,51612
2024-09-01,2024,9,F02,D210,6210,Expense,Purchased Services,20656,20862
2024-09-01,2024,9,F02,D210,6210,Expense,Salaries & Wages,470492,500308
2024-09-01,2024,9,F02,D230,6230,Revenue,Net Patient Service Revenue,379930,359851
2024-09-01,2024,9,F02,D230,6230,Expense,Employee Benefits,60590,61315
2024-09-01,2024,9,F02,D230,6230,Expense,Equipment & Maintenance,7213,7386
2024-09-01,2024,9,F02,D230,6230,Expense,Medical Supplies,34098,33201
2024-09-01,2024,9,F02,D230,6230,Expense,Other Operating,2754,2619
2024-09-01,2024,9,F02,D230,6230,Expense,Pharmaceuticals,31475,30952
2024-09-01,2024,9,F02,D230,6230,Expense,Purchased Services,5902,6016
2024-09-01,2024,9,F02,D230,6230,Expense,Salaries & Wages,216393,225261
2024-09-01,2024,9,F02,D270,6270,Revenue,Net Patient Service Revenue,292022,294457
2024-09-01,2024,9,F02,D270,6270,Expense,Employee Benefits,47049,48959
2024-09-01,2024,9,F02,D270,6270,Expense,Equipment & Maintenance,4508,4595
2024-09-01,2024,9,F02,D270,6270,Expense,Medical Supplies,25410,25456
2024-09-01,2024,9,F02,D270,6270,Expense,Other Operating,3443,3310
2024-09-01,2024,9,F02,D270,6270,Expense,Pharmaceuticals,19672,23005
2024-09-01,2024,9,F02,D270,6270,Expense,Purchased Services,7377,7122
2024-09-01,2024,9,F02,D270,6270,Expense,Salaries & Wages,168033,169050
2024-09-01,2024,9,F03,D300,6300,Revenue,Net Patient Service Revenue,671947,580353
2024-09-01,2024,9,F03,D300,6300,Expense,Employee Benefits,117049,115331
2024-09-01,2024,9,F03,D300,6300,Expense,Equipment & Maintenance,20902,19294
2024-09-01,2024,9,F03,D300,6300,Expense,Medical Supplies,58525,66218
2024-09-01,2024,9,F03,D300,6300,Expense,Other Operating,12541,15806
2024-09-01,2024,9,F03,D300,6300,Expense,Pharmaceuticals,37623,34574
2024-09-01,2024,9,F03,D300,6300,Expense,Purchased Services,50164,55180
2024-09-01,2024,9,F03,D300,6300,Expense,Salaries & Wages,418033,413701
2024-09-01,2024,9,F03,D310,6310,Revenue,Net Patient Service Revenue,876065,852387
2024-09-01,2024,9,F03,D310,6310,Expense,Employee Benefits,141148,147489
2024-09-01,2024,9,F03,D310,6310,Expense,Equipment & Maintenance,13525,12631
2024-09-01,2024,9,F03,D310,6310,Expense,Medical Supplies,76230,79792
2024-09-01,2024,9,F03,D310,6310,Expense,Other Operating,10328,10337
2024-09-01,2024,9,F03,D310,6310,Expense,Pharmaceuticals,59016,63932
2024-09-01,2024,9,F03,D310,6310,Expense,Purchased Services,22131,22413
2024-09-01,2024,9,F03,D310,6310,Expense,Salaries & Wages,504098,515369
2024-09-01,2024,9,F03,D320,6320,Revenue,Net Patient Service Revenue,467233,462987
2024-09-01,2024,9,F03,D320,6320,Expense,Employee Benefits,75279,76385
2024-09-01,2024,9,F03,D320,6320,Expense,Equipment & Maintenance,7213,5955
2024-09-01,2024,9,F03,D320,6320,Expense,Medical Supplies,40656,45337
2024-09-01,2024,9,F03,D320,6320,Expense,Other Operating,5508,4784
2024-09-01,2024,9,F03,D320,6320,Expense,Pharmaceuticals,31475,26934
2024-09-01,2024,9,F03,D320,6320,Expense,Purchased Services,11803,12304
2024-09-01,2024,9,F03,D320,6320,Expense,Salaries & Wages,268852,283717
2024-09-01,2024,9,F03,D330,6330,Revenue,Net Patient Service Revenue,569897,558172
2024-09-01,2024,9,F03,D330,6330,Expense,Employee Benefits,90885,89907
2024-09-01,2024,9,F03,D330,6330,Expense,Equipment & Maintenance,10820,9586
2024-09-01,2024,9,F03,D330,6330,Expense,Medical Supplies,51148,50028
2024-09-01,2024,9,F03,D330,6330,Expense,Other Operating,4131,3298
2024-09-01,2024,9,F03,D330,6330,Expense,Pharmaceuticals,47213,43311
2024-09-01,2024,9,F03,D330,6330,Expense,Purchased Services,8852,9636
2024-09-01,2024,9,F03,D330,6330,Expense,Salaries & Wages,324590,314887
2024-09-01,2024,9,F03,D340,6340,Revenue,Net Patient Service Revenue,408830,448876
2024-09-01,2024,9,F03,D340,6340,Expense,Employee Benefits,65869,63096
2024-09-01,2024,9,F03,D340,6340,Expense,Equipment & Maintenance,6311,6334
2024-09-01,2024,9,F03,D340,6340,Expense,Medical Supplies,35574,42926
2024-09-01,2024,9,F03,D340,6340,Expense,Other Operating,4820,4534
2024-09-01,2024,9,F03,D340,6340,Expense,Pharmaceuticals,27541,29143
2024-09-01,2024,9,F03,D340,6340,Expense,Purchased Services,10328,9088
2024-09-01,2024,9,F03,D340,6340,Expense,Salaries & Wages,235246,234437
2024-09-01,2024,9,F04,D400,6400,Revenue,Net Patient Service Revenue,410899,413294
2024-09-01,2024,9,F04,D400,6400,Expense,Employee Benefits,75246,74556
2024-09-01,2024,9,F04,D400,6400,Expense,Equipment & Maintenance,11148,10516
2024-09-01,2024,9,F04,D400,6400,Expense,Medical Supplies,16721,15806
2024-09-01,2024,9,F04,D400,6400,Expense,Other Operating,13934,12959
2024-09-01,2024,9,F04,D400,6400,Expense,Pharmaceuticals,5574,5439
2024-09-01,2024,9,F04,D400,6400,Expense,Purchased Services,22295,23355
2024-09-01,2024,9,F04,D400,6400,Expense,Salaries & Wages,278689,272236
2024-09-01,2024,9,F04,D410,6410,Revenue,Net Patient Service Revenue,284066,276907
2024-09-01,2024,9,F04,D410,6410,Expense,Employee Benefits,42049,42817
2024-09-01,2024,9,F04,D410,6410,Expense,Equipment & Maintenance,6230,6974
2024-09-01,2024,9,F04,D410,6410,Expense,Medical Supplies,9344,9592
2024-09-01,2024,9,F04,D410,6410,Expense,Other Operating,7787,7357
2024-09-01,2024,9,F04,D410,6410,Expense,Pharmaceuticals,3115,3231
2024-09-01,2024,9,F04,D410,6410,Expense,Purchased Services,12459,13250
2024-09-01,2024,9,F04,D410,6410,Expense,Salaries & Wages,155738,150080
2024-09-01,2024,9,F04,D420,6420,Revenue,Net Patient Service Revenue,249929,256691
2024-09-01,2024,9,F04,D420,6420,Expense,Employee Benefits,37623,38403
2024-09-01,2024,9,F04,D420,6420,Expense,Equipment & Maintenance,5574,4983
2024-09-01,2024,9,F04,D420,6420,Expense,Medical Supplies,8361,7799
2024-09-01,2024,9,F04,D420,6420,Expense,Other Operating,6967,6956
2024-09-01,2024,9,F04,D420,6420,Expense,Pharmaceuticals,2787,2863
2024-09-01,2024,9,F04,D420,6420,Expense,Purchased Services,11148,10961
2024-09-01,2024,9,F04,D420,6420,Expense,Salaries & Wages,139344,149938
2024-09-01,2024,9,F04,D430,6430,Revenue,Net Patient Service Revenue,909632,947442
2024-09-01,2024,9,F04,D430,6430,Expense,Employee Benefits,50902,53226
2024-09-01,2024,9,F04,D430,6430,Expense,Equipment & Maintenance,7541,8317
2024-09-01,2024,9,F04,D430,6430,Expense,Medical Supplies,11311,11300
2024-09-01,2024,9,F04,D430,6430,Expense,Other Operating,9426,10671
2024-09-01,2024,9,F04,D430,6430,Expense,Pharmaceuticals,508197,599789
2024-09-01,2024,9,F04,D430,6430,Expense,Purchased Services,15082,15620
2024-09-01,2024,9,F04,D430,6430,Expense,Salaries & Wages,188525,201186
2024-09-01,2024,9,F04,D440,6440,Revenue,Net Patient Service Revenue,138419,126189
2024-09-01,2024,9,F04,D440,6440,Expense,Employee Benefits,24344,24435
2024-09-01,2024,9,F04,D440,6440,Expense,Equipment & Maintenance,3607,3895
2024-09-01,2024,9,F04,D440,6440,Expense,Medical Supplies,5410,4897
2024-09-01,2024,9,F04,D440,6440,Expense,Other Operating,4508,4188
2024-09-01,2024,9,F04,D440,6440,Expense,Pharmaceuticals,1803,1531
2024-09-01,2024,9,F04,D440,6440,Expense,Purchased Services,7213,7392
2024-09-01,2024,9,F04,D440,6440,Expense,Salaries & Wages,90164,93340
2024-09-01,2024,9,F04,D450,6450,Revenue,Net Patient Service Revenue,189378,215619
2024-09-01,2024,9,F04,D450,6450,Expense,Employee Benefits,35410,35934
2024-09-01,2024,9,F04,D450,6450,Expense,Equipment & Maintenance,5246,5238
2024-09-01,2024,9,F04,D450,6450,Expense,Medical Supplies,7869,8200
2024-09-01,2024,9,F04,D450,6450,Expense,Other Operating,6557,6225
2024-09-01,2024,9,F04,D450,6450,Expense,Pharmaceuticals,2623,3138
2024-09-01,2024,9,F04,D450,6450,Expense,Purchased Services,10492,11346
2024-09-01,2024,9,F04,D450,6450,Expense,Salaries & Wages,131148,127550
2024-09-01,2024,9,F01,D500,6500,Revenue,Net Patient Service Revenue,1022460,975852
2024-09-01,2024,9,F01,D500,6500,Expense,Employee Benefits,126230,132438
2024-09-01,2024,9,F01,D500,6500,Expense,Equipment & Maintenance,27049,27767
2024-09-01,2024,9,F01,D500,6500,Expense,Medical Supplies,262295,250870
2024-09-01,2024,9,F01,D500,6500,Expense,Other Operating,13525,13410
2024-09-01,2024,9,F01,D500,6500,Expense,Pharmaceuticals,4508,4904
2024-09-01,2024,9,F01,D500,6500,Expense,Purchased Services,45082,47719
2024-09-01,2024,9,F01,D500,6500,Expense,Salaries & Wages,450820,448902
2024-09-01,2024,9,F01,D510,6510,Revenue,Net Patient Service Revenue,943671,933643
2024-09-01,2024,9,F01,D510,6510,Expense,Employee Benefits,110164,106683
2024-09-01,2024,9,F01,D510,6510,Expense,Equipment & Maintenance,147541,143407
2024-09-01,2024,9,F01,D510,6510,Expense,Medical Supplies,19672,20912
2024-09-01,2024,9,F01,D510,6510,Expense,Other Operating,11803,11108
2024-09-01,2024,9,F01,D510,6510,Expense,Pharmaceuticals,3934,4963
2024-09-01,2024,9,F01,D510,6510,Expense,Purchased Services,39344,32160
2024-09-01,2024,9,F01,D510,6510,Expense,Salaries & Wages,393443,380842
2024-09-01,2024,9,F01,D520,6520,Expense,Employee Benefits,71148,72102
2024-09-01,2024,9,F01,D520,6520,Expense,Equipment & Maintenance,15246,16419
2024-09-01,2024,9,F01,D520,6520,Expense,Medical Supplies,12705,12205
2024-09-01,2024,9,F01,D520,6520,Expense,Other Operating,7623,6800
2024-09-01,2024,9,F01,D520,6520,Expense,Pharmaceuticals,163934,148323
2024-09-01,2024,9,F01,D520,6520,Expense,Purchased Services,25410,25472
2024-09-01,2024,9,F01,D520,6520,Expense,Salaries & Wages,254098,267263
2024-10-01,2024,10,F01,D100,6100,Revenue,Net Patient Service Revenue,1307000,1271810
2024-10-01,2024,10,F01,D100,6100,Expense,Employee Benefits,227672,223164
2024-10-01,2024,10,F01,D100,6100,Expense,Equipment & Maintenance,40656,38585
2024-10-01,2024,10,F01,D100,6100,Expense,Medical Supplies,113836,121760
2024-10-01,2024,10,F01,D100,6100,Expense,Other Operating,24393,25841
2024-10-01,2024,10,F01,D100,6100,Expense,Pharmaceuticals,73180,82592
2024-10-01,2024,10,F01,D100,6100,Expense,Purchased Services,97574,101514
2024-10-01,2024,10,F01,D100,6100,Expense,Salaries & Wages,813115,852509
2024-10-01,2024,10,F01,D110,6110,Revenue,Net Patient Service Revenue,1086320,1001413
2024-10-01,2024,10,F01,D110,6110,Expense,Employee Benefits,175023,162451
2024-10-01,2024,10,F01,D110,6110,Expense,Equipment & Maintenance,16770,15702
2024-10-01,2024,10,F01,D110,6110,Expense,Medical Supplies,94525,102046
2024-10-01,2024,10,F01,D110,6110,Expense,Other Operating,12807,13090
2024-10-01,2024,10,F01,D110,6110,Expense,Pharmaceuticals,73180,85342
2024-10-01,2024,10,F01,D110,6110,Expense,Purchased Services,27443,29173
2024-10-01,2024,10,F01,D110,6110,Expense,Salaries & Wages,625082,603372
2024-10-01,2024,10,F01,D111,6111,Revenue,Net Patient Service Revenue,965617,958210
2024-10-01,2024,10,F01,D111,6111,Expense,Employee Benefits,155576,162930
2024-10-01,2024,10,F01,D111,6111,Expense,Equipment & Maintenance,14907,18468
2024-10-01,2024,10,F01,D111,6111,Expense,Medical Supplies,84022,88676
2024-10-01,2024,10,F01,D111,6111,Expense,Other Operating,11384,12002
2024-10-01,2024,10,F01,D111,6111,Expense,Pharmaceuticals,65049,69784
2024-10-01,2024,10,F01,D111,6111,Expense,Purchased Services,24393,27004
2024-10-01,2024,10,F01,D111,6111,Expense,Salaries & Wages,555628,573340
2024-10-01,2024,10,F01,D120,6120,Revenue,Net Patient Service Revenue,806198,754870
2024-10-01,2024,10,F01,D120,6120,Expense,Employee Benefits,116682,120668
2024-10-01,2024,10,F01,D120,6120,Expense,Equipment & Maintenance,11180,9692
2024-10-01,2024,10,F01,D120,6120,Expense,Medical Supplies,63016,71433
2024-10-01,2024,10,F01,D120,6120,Expense,Other Operating,8538,8497
2024-10-01,2024,10,F01,D120,6120,Expense,Pharmaceuticals,48787,46946
2024-10-01,2024,10,F01,D120,6120,Expense,Purchased Services,18295,19622
2024-10-01,2024,10,F01,D120,6120,Expense,Salaries & Wages,416721,414029
2024-10-01,2024,10,F01,D130,6130,Revenue,Net Patient Service Revenue,981490,877238
2024-10-01,2024,10,F01,D130,6130,Expense,Employee Benefits,156525,160389
2024-10-01,2024,10,F01,D130,6130,Expense,Equipment & Maintenance,18634,17996
2024-10-01,2024,10,F01,D130,6130,Expense,Medical Supplies,88087,86350
2024-10-01,2024,10,F01,D130,6130,Expense,Other Operating,7115,7990
2024-10-01,2024,10,F01,D130,6130,Expense,Pharmaceuticals,81311,93719
2024-10-01,2024,10,F01,D130,6130,Expense,Purchased Services,15246,16527
2024-10-01,2024,10,F01,D130,6130,Expense,Salaries & Wages,559016,553563
2024-10-01,2024,10,F01,D140,6140,Revenue,Net Patient Service Revenue,764066,800889
2024-10-01,2024,10,F01,D140,6140,Expense,Employee Benefits,106958,110652
2024-10-01,2024,10,F01,D140,6140,Expense,Equipment & Maintenance,10249,9642
2024-10-01,2024,10,F01,D140,6140,Expense,Medical Supplies,57765,62875
2024-10-01,2024,10,F01,D140,6140,Expense,Other Operating,7826,9090
2024-10-01,2024,10,F01,D140,6140,Expense,Pharmaceuticals,44721,43051
2024-10-01,2024,10,F01,D140,6140,Expense,Purchased Services,16770,17598
2024-10-01,2024,10,F01,D140,6140,Expense,Salaries & Wages,381995,408891
2024-10-01,2024,10,F01,D150,6150,Revenue,Net Patient Service Revenue,746365,781844
2024-10-01,2024,10,F01,D150,6150,Expense,Employee Benefits,87511,82180
2024-10-01,2024,10,F01,D150,6150,Expense,Equipment & Maintenance,8385,9475
2024-10-01,2024,10,F01,D150,6150,Expense,Medical Supplies,47262,42741
2024-10-01,2024,10,F01,D150,6150,Expense,Other Operating,6403,5682
2024-10-01,2024,10,F01,D150,6150,Expense,Pharmaceuticals,190574,183196
2024-10-01,2024,10,F01,D150,6150,Expense,Purchased Services,13721,12698
2024-10-01,2024,10,F01,D150,6150,Expense,Salaries & Wages,312541,310719
2024-10-01,2024,10,F01,D160,6160,Revenue,Net Patient Service Revenue,482810,501335
2024-10-01,2024,10,F01,D160,6160,Expense,Employee Benefits,77788,77882
2024-10-01,2024,10,F01,D160,6160,Expense,Equipment & Maintenance,7454,8777
2024-10-01,2024,10,F01,D160,6160,Expense,Medical Supplies,42011,44536
2024-10-01,2024,10,F01,D160,6160,Expense,Other Operating,5692,5515
2024-10-01,2024,10,F01,D160,6160,Expense,Pharmaceuticals,32525,28621
2024-10-01,2024,10,F01,D160,6160,Expense,Purchased Services,12197,12886
2024-10-01,2024,10,F01,D160,6160,Expense,Salaries & Wages,277814,266683
2024-10-01,2024,10,F01,D170,6170,Revenue,Net Patient Service Revenue,580738,626710
2024-10-01,2024,10,F01,D170,6170,Expense,Employee Benefits,97235,92128
2024-10-01,2024,10,F01,D170,6170,Expense,Equipment & Maintenance,9317,8907
2024-10-01,2024,10,F01,D170,6170,Expense,Medical Supplies,52514,62529
2024-10-01,2024,10,F01,D170,6170,Expense,Other Operating,7115,7530
2024-10-01,2024,10,F01,D170,6170,Expense,Pharmaceuticals,40656,36599
2024-10-01,2024,10,F01,D170,6170,Expense,Purchased Services,15246,16372
2024-10-01,2024,10,F01,D170,6170,Expense,Salaries & Wages,347268,365696
2024-10-01,2024,10,F01,D180,6180,Revenue,Net Patient Service Revenue,358690,332427
2024-10-01,2024,10,F01,D180,6180,Expense,Employee Benefits,68064,65942
2024-10-01,2024,10,F01,D180,6180,Expense,Equipment & Maintenance,6522,6165
2024-10-01,2024,10,F01,D180,6180,Expense,Medical Supplies,36760,33630
2024-10-01,2024,10,F01,D180,6180,Expense,Other Operating,4980,4803
2024-10-01,2024,10,F01,D180,6180,Expense,Pharmaceuticals,28459,24456
2024-10-01,2024,10,F01,D180,6180,Expense,Purchased Services,10672,11203
2024-10-01,2024,10,F01,D180,6180,Expense,Salaries & Wages,243087,230056
2024-10-01,2024,10,F01,D190,6190,Revenue,Net Patient Service Revenue,430427,378289
2024-10-01,2024,10,F01,D190,6190,Expense,Employee Benefits,87511,85823
2024-10-01,2024,10,F01,D190,6190,Expense,Equipment & Maintenance,8385,9659
2024-10-01,2024,10,F01,D190,6190,Expense,Medical Supplies,47262,52508
2024-10-01,2024,10,F01,D190,6190,Expense,Other Operating,6403,6368
2024-10-01,2024,10,F01,D190,6190,Expense,Pharmaceuticals,36590,33505
2024-10-01,2024,10,F01,D190,6190,Expense,Purchased Services,13721,13068
2024-10-01,2024,10,F01,D190,6190,Expense,Salaries & Wages,312541,317187
2024-10-01,2024,10,F01,D195,6195,Revenue,Net Patient Service Revenue,362107,342634
2024-10-01,2024,10,F01,D195,6195,Expense,Employee Benefits,58341,59860
2024-10-01,2024,10,F01,D195,6195,Expense,Equipment & Maintenance,5590,6101
2024-10-01,2024,10,F01,D195,6195,Expense,Medical Supplies,31508,27047
2024-10-01,2024,10,F01,D195,6195,Expense,Other Operating,4269,4569
2024-10-01,2024,10,F01,D195,6195,Expense,Pharmaceuticals,24393,22583
2024-10-01,2024,10,F01,D195,6195,Expense,Purchased Services,9148,10058
2024-10-01,2024,10,F01,D195,6195,Expense,Salaries & Wages,208361,195248
2024-10-01,2024,10,F01,D196,6196,Revenue,Net Patient Service Revenue,1871434,1955644
2024-10-01,2024,10,F01,D196,6196,Expense,Employee Benefits,147038,150596
2024-10-01,2024,10,F01,D196,6196,Expense,Equipment & Maintenance,31508,29822
2024-10-01,2024,10,F01,D196,6196,Expense,Medical Supplies,719945,731006
2024-10-01,2024,10,F01,D196,6196,Expense,Other Operating,15754,13276
2024-10-01,2024,10,F01,D196,6196,Expense,Pharmaceuticals,5251,5027
2024-10-01,2024,10,F01,D196,6196,Expense,Purchased Services,52514,53329
2024-10-01,2024,10,F01,D196,6196,Expense,Salaries & Wages,525137,526577
2024-10-01,2024,10,F02,D200,6200,Revenue,Net Patient Service Revenue,517354,473773
2024-10-01,2024,10,F02,D200,6200,Expense,Employee Benefits,90120,92975
2024-10-01,2024,10,F02,D200,6200,Expense,Equipment & Maintenance,16093,13841
2024-10-01,2024,10,F02,D200,6200,Expense,Medical Supplies,45060,48023
2024-10-01,2024,10,F02,D200,6200,Expense,Other Operating,9656,10252
2024-10-01,2024,10,F02,D200,6200,Expense,Pharmaceuticals,28967,27633
2024-10-01,2024,10,F02,D200,6200,Expense,Purchased Services,38623,35673
2024-10-01,2024,10,F02,D200,6200,Expense,Salaries & Wages,321858,311973
2024-10-01,2024,10,F02,D210,6210,Revenue,Net Patient Service Revenue,844915,906153
2024-10-01,2024,10,F02,D210,6210,Expense,Employee Benefits,136129,129023
2024-10-01,2024,10,F02,D210,6210,Expense,Equipment & Maintenance,13044,13383
2024-10-01,2024,10,F02,D210,6210,Expense,Medical Supplies,73519,69002
2024-10-01,2024,10,F02,D210,6210,Expense,Other Operating,9961,10115
2024-10-01,2024,10,F02,D210,6210,Expense,Pharmaceuticals,56918,64475
2024-10-01,2024,10,F02,D210,6210,Expense,Purchased Services,21344,19109
2024-10-01,2024,10,F02,D210,6210,Expense,Salaries & Wages,486175,498565
2024-10-01,2024,10,F02,D230,6230,Revenue,Net Patient Service Revenue,392598,403998
2024-10-01,2024,10,F02,D230,6230,Expense,Employee Benefits,62610,60988
2024-10-01,2024,10,F02,D230,6230,Expense,Equipment & Maintenance,7454,7695
2024-10-01,2024,10,F02,D230,6230,Expense,Medical Supplies,35235,36037
2024-10-01,2024,10,F02,D230,6230,Expense,Other Operating,2846,2709
2024-10-01,2024,10,F02,D230,6230,Expense,Pharmaceuticals,32525,38368
2024-10-01,2024,10,F02,D230,6230,Expense,Purchased Services,6098,6313
2024-10-01,2024,10,F02,D230,6230,Expense,Salaries & Wages,223607,233461
2024-10-01,2024,10,F02,D270,6270,Revenue,Net Patient Service Revenue,301754,304556
2024-10-01,2024,10,F02,D270,6270,Expense,Employee Benefits,48617,47487
2024-10-01,2024,10,F02,D270,6270,Expense,Equipment & Maintenance,4658,5043
2024-10-01,2024,10,F02,D270,6270,Expense,Medical Supplies,26257,28255
2024-10-01,2024,10,F02,D270,6270,Expense,Other Operating,3557,3876
2024-10-01,2024,10,F02,D270,6270,Expense,Pharmaceuticals,20328,18824
2024-10-01,2024,10,F02,D270,6270,Expense,Purchased Services,7623,8037
2024-10-01,2024,10,F02,D270,6270,Expense,Salaries & Wages,173634,177059
2024-10-01,2024,10,F03,D300,6300,Revenue,Net Patient Service Revenue,694343,642845
2024-10-01,2024,10,F03,D300,6300,Expense,Employee Benefits,120951,131103
2024-10-01,2024,10,F03,D300,6300,Expense,Equipment & Maintenance,21598,19381
2024-10-01,2024,10,F03,D300,6300,Expense,Medical Supplies,60475,64364
2024-10-01,2024,10,F03,D300,6300,Expense,Other Operating,12959,12968
2024-10-01,2024,10,F03,D300,6300,Expense,Pharmaceuticals,38877,33653
2024-10-01,2024,10,F03,D300,6300,Expense,Purchased Services,51836,53428
2024-10-01,2024,10,F03,D300,6300,Expense,Salaries & Wages,431967,430759
2024-10-01,2024,10,F03,D310,6310,Revenue,Net Patient Service Revenue,905265,917895
2024-10-01,2024,10,F03,D310,6310,Expense,Employee Benefits,145852,137905
2024-10-01,2024,10,F03,D310,6310,Expense,Equipment & Maintenance,13975,13206
2024-10-01,2024,10,F03,D310,6310,Expense,Medical Supplies,78770,79214
2024-10-01,2024,10,F03,D310,6310,Expense,Other Operating,10672,10170
2024-10-01,2024,10,F03,D310,6310,Expense,Pharmaceuticals,60984,65823
2024-10-01,2024,10,F03,D310,6310,Expense,Purchased Services,22869,23401
2024-10-01,2024,10,F03,D310,6310,Expense,Salaries & Wages,520902,505475
2024-10-01,2024,10,F03,D320,6320,Revenue,Net Patient Service Revenue,482810,509974
2024-10-01,2024,10,F03,D320,6320,Expense,Employee Benefits,77788,80008
2024-10-01,2024,10,F03,D320,6320,Expense,Equipment & Maintenance,7454,7710
2024-10-01,2024,10,F03,D320,6320,Expense,Medical Supplies,42011,44203
2024-10-01,2024,10,F03,D320,6320,Expense,Other Operating,5692,5650
2024-10-01,2024,10,F03,D320,6320,Expense,Pharmaceuticals,32525,31567
2024-10-01,2024,10,F03,D320,6320,Expense,Purchased Services,12197,12112
2024-10-01,2024,10,F03,D320,6320,Expense,Salaries & Wages,277814,285513
2024-10-01,2024,10,F03,D330,6330,Revenue,Net Patient Service Revenue,588895,616093
2024-10-01,2024,10,F03,D330,6330,Expense,Employee Benefits,93915,86283
2024-10-01,2024,10,F03,D330,6330,Expense,Equipment & Maintenance,11180,12784
2024-10-01,2024,10,F03,D330,6330,Expense,Medical Supplies,52852,48310
2024-10-01,2024,10,F03,D330,6330,Expense,Other Operating,4269,3909
2024-10-01,2024,10,F03,D330,6330,Expense,Pharmaceuticals,48787,54949
2024-10-01,2024,10,F03,D330,6330,Expense,Purchased Services,9148,8318
2024-10-01,2024,10,F03,D330,6330,Expense,Salaries & Wages,335410,334358
2024-10-01,2024,10,F03,D340,6340,Revenue,Net Patient Service Revenue,422457,444757
2024-10-01,2024,10,F03,D340,6340,Expense,Employee Benefits,68064,69061
2024-10-01,2024,10,F03,D340,6340,Expense,Equipment & Maintenance,6522,6870
2024-10-01,2024,10,F03,D340,6340,Expense,Medical Supplies,36760,38919
2024-10-01,2024,10,F03,D340,6340,Expense,Other Operating,4980,4812
2024-10-01,2024,10,F03,D340,6340,Expense,Pharmaceuticals,28459,25399
2024-10-01,2024,10,F03,D340,6340,Expense,Purchased Services,10672,9913
2024-10-01,2024,10,F03,D340,6340,Expense,Salaries & Wages,243087,241518
2024-10-01,2024,10,F04,D400,6400,Revenue,Net Patient Service Revenue,424595,425963
2024-10-01,2024,10,F04,D400,6400,Expense,Employee Benefits,77754,74778
2024-10-01,2024,10,F04,D400,6400,Expense,Equipment & Maintenance,11519,10666
2024-10-01,2024,10,F04,D400,6400,Expense,Medical Supplies,17279,19253
2024-10-01,2024,10,F04,D400,6400,Expense,Other Operating,14399,14184
2024-10-01,2024,10,F04,D400,6400,Expense,Pharmaceuticals,5760,5096
2024-10-01,2024,10,F04,D400,6400,Expense,Purchased Services,23038,23370
2024-10-01,2024,10,F04,D400,6400,Expense,Salaries & Wages,287978,269307
2024-10-01,2024,10,F04,D410,6410,Revenue,Net Patient Service Revenue,293534,285310
2024-10-01,2024,10,F04,D410,6410,Expense,Employee Benefits,43451,45424
2024-10-01,2024,10,F04,D410,6410,Expense,Equipment & Maintenance,6437,5638
2024-10-01,2024,10,F04,D410,6410,Expense,Medical Supplies,9656,9595
2024-10-01,2024,10,F04,D410,6410,Expense,Other Operating,8046,7853
2024-10-01,2024,10,F04,D410,6410,Expense,Pharmaceuticals,3219,3780
2024-10-01,2024,10,F04,D410,6410,Expense,Purchased Services,12874,12219
2024-10-01,2024,10,F04,D410,6410,Expense,Salaries & Wages,160929,149109
2024-10-01,2024,10,F04,D420,6420,Revenue,Net Patient Service Revenue,258258,286923
2024-10-01,2024,10,F04,D420,6420,Expense,Employee Benefits,38877,39905
2024-10-01,2024,10,F04,D420,6420,Expense,Equipment & Maintenance,5760,5644
2024-10-01,2024,10,F04,D420,6420,Expense,Medical Supplies,8639,8988
2024-10-01,2024,10,F04,D420,6420,Expense,Other Operating,7199,7439
2024-10-01,2024,10,F04,D420,6420,Expense,Pharmaceuticals,2880,2663
2024-10-01,2024,10,F04,D420,6420,Expense,Purchased Services,11519,12699
2024-10-01,2024,10,F04,D420,6420,Expense,Salaries & Wages,143989,146634
2024-10-01,2024,10,F04,D430,6430,Revenue,Net Patient Service Revenue,939952,968292
2024-10-01,2024,10,F04,D430,6430,Expense,Employee Benefits,52598,53310
2024-10-01,2024,10,F04,D430,6430,Expense,Equipment & Maintenance,7792,7575
2024-10-01,2024,10,F04,D430,6430,Expense,Medical Supplies,11689,11335
2024-10-01,2024,10,F04,D430,6430,Expense,Other Operating,9740,8918
2024-10-01,2024,10,F04,D430,6430,Expense,Pharmaceuticals,525137,477167
2024-10-01,2024,10,F04,D430,6430,Expense,Purchased Services,15585,16163
2024-10-01,2024,10,F04,D430,6430,Expense,Salaries & Wages,194809,209557
2024-10-01,2024,10,F04,D440,6440,Revenue,Net Patient Service Revenue,143033,136208
2024-10-01,2024,10,F04,D440,6440,Expense,Employee Benefits,25156,24889
2024-10-01,2024,10,F04,D440,6440,Expense,Equipment & Maintenance,3727,4067
2024-10-01,2024,10,F04,D440,6440,Expense,Medical Supplies,5590,5605
2024-10-01,2024,10,F04,D440,6440,Expense,Other Operating,4658,5073
2024-10-01,2024,10,F04,D440,6440,Expense,Pharmaceuticals,1863,2067
2024-10-01,2024,10,F04,D440,6440,Expense,Purchased Services,7454,7612
2024-10-01,2024,10,F04,D440,6440,Expense,Salaries & Wages,93169,90096
2024-10-01,2024,10,F04,D450,6450,Revenue,Net Patient Service Revenue,195690,212335
2024-10-01,2024,10,F04,D450,6450,Expense,Employee Benefits,36590,38586
2024-10-01,2024,10,F04,D450,6450,Expense,Equipment & Maintenance,5421,5343
2024-10-01,2024,10,F04,D450,6450,Expense,Medical Supplies,8131,8793
2024-10-01,2024,10,F04,D450,6450,Expense,Other Operating,6776,5987
2024-10-01,2024,10,F04,D450,6450,Expense,Pharmaceuticals,2710,2332
2024-10-01,2024,10,F04,D450,6450,Expense,Purchased Services,10842,10539
2024-10-01,2024,10,F04,D450,6450,Expense,Salaries & Wages,135519,137620
2024-10-01,2024,10,F01,D500,6500,Revenue,Net Patient Service Revenue,1056540,1022208
2024-10-01,2024,10,F01,D500,6500,Expense,Employee Benefits,130437,137813
2024-10-01,2024,10,F01,D500,6500,Expense,Equipment & Maintenance,27951,31211
2024-10-01,2024,10,F01,D500,6500,Expense,Medical Supplies,271038,269102
2024-10-01,2024,10,F01,D500,6500,Expense,Other Operating,13975,13653
2024-10-01,2024,10,F01,D500,6500,Expense,Pharmaceuticals,4658,5153
2024-10-01,2024,10,F01,D500,6500,Expense,Purchased Services,46585,49041
2024-10-01,2024,10,F01,D500,6500,Expense,Salaries & Wages,465847,481451
2024-10-01,2024,10,F01,D510,6510,Revenue,Net Patient Service Revenue,975129,1070272
2024-10-01,2024,10,F01,D510,6510,Expense,Employee Benefits,113836,116650
2024-10-01,2024,10,F01,D510,6510,Expense,Equipment & Maintenance,152459,156583
2024-10-01,2024,10,F01,D510,6510,Expense,Medical Supplies,20328,22616
2024-10-01,2024,10,F01,D510,6510,Expense,Other Operating,12197,11221
2024-10-01,2024,10,F01,D510,6510,Expense,Pharmaceuticals,4066,4629
2024-10-01,2024,10,F01,D510,6510,Expense,Purchased Services,40656,40203
2024-10-01,2024,10,F01,D510,6510,Expense,Salaries & Wages,406557,391475
2024-10-01,2024,10,F01,D520,6520,Expense,Employee Benefits,73519,75807
2024-10-01,2024,10,F01,D520,6520,Expense,Equipment & Maintenance,15754,16075
2024-10-01,2024,10,F01,D520,6520,Expense,Medical Supplies,13128,12871
2024-10-01,2024,10,F01,D520,6520,Expense,Other Operating,7877,7964
2024-10-01,2024,10,F01,D520,6520,Expense,Pharmaceuticals,169399,159542
2024-10-01,2024,10,F01,D520,6520,Expense,Purchased Services,26257,23437
2024-10-01,2024,10,F01,D520,6520,Expense,Salaries & Wages,262568,286188
2024-11-01,2024,11,F01,D100,6100,Revenue,Net Patient Service Revenue,1264840,1270574
2024-11-01,2024,11,F01,D100,6100,Expense,Employee Benefits,220328,230285
2024-11-01,2024,11,F01,D100,6100,Expense,Equipment & Maintenance,39344,45024
2024-11-01,2024,11,F01,D100,6100,Expense,Medical Supplies,110164,97058
2024-11-01,2024,11,F01,D100,6100,Expense,Other Operating,23607,23485
2024-11-01,2024,11,F01,D100,6100,Expense,Pharmaceuticals,70820,66601
2024-11-01,2024,11,F01,D100,6100,Expense,Purchased Services,94426,92158
2024-11-01,2024,11,F01,D100,6100,Expense,Salaries & Wages,786885,774949
2024-11-01,2024,11,F01,D110,6110,Revenue,Net Patient Service Revenue,1051276,1017385
2024-11-01,2024,11,F01,D110,6110,Expense,Employee Benefits,169377,166311
2024-11-01,2024,11,F01,D110,6110,Expense,Equipment & Maintenance,16230,15730
2024-11-01,2024,11,F01,D110,6110,Expense,Medical Supplies,91475,92994
2024-11-01,2024,11,F01,D110,6110,Expense,Other Operating,12393,11853
2024-11-01,2024,11,F01,D110,6110,Expense,Pharmaceuticals,70820,66463
2024-11-01,2024,11,F01,D110,6110,Expense,Purchased Services,26557,27856
2024-11-01,2024,11,F01,D110,6110,Expense,Salaries & Wages,604918,574283
2024-11-01,2024,11,F01,D111,6111,Revenue,Net Patient Service Revenue,934467,904385
2024-11-01,2024,11,F01,D111,6111,Expense,Employee Benefits,150557,160697
2024-11-01,2024,11,F01,D111,6111,Expense,Equipment & Maintenance,14426,12638
2024-11-01,2024,11,F01,D111,6111,Expense,Medical Supplies,81311,90838
2024-11-01,2024,11,F01,D111,6111,Expense,Other Operating,11016,11591
2024-11-01,2024,11,F01,D111,6111,Expense,Pharmaceuticals,62951,59261
2024-11-01,2024,11,F01,D111,6111,Expense,Purchased Services,23607,23491
2024-11-01,2024,11,F01,D111,6111,Expense,Salaries & Wages,537705,549488
2024-11-01,2024,11,F01,D120,6120,Revenue,Net Patient Service Revenue,780194,763015
2024-11-01,2024,11,F01,D120,6120,Expense,Employee Benefits,112918,114331
2024-11-01,2024,11,F01,D120,6120,Expense,Equipment & Maintenance,10820,10283
2024-11-01,2024,11,F01,D120,6120,Expense,Medical Supplies,60984,58521
2024-11-01,2024,11,F01,D120,6120,Expense,Other Operating,8262,7619
2024-11-01,2024,11,F01,D120,6120,Expense,Pharmaceuticals,47213,44151
2024-11-01,2024,11,F01,D120,6120,Expense,Purchased Services,17705,16835
2024-11-01,2024,11,F01,D120,6120,Expense,Salaries & Wages,403279,420818
2024-11-01,2024,11,F01,D130,6130,Revenue,Net Patient Service Revenue,949830,902082
2024-11-01,2024,11,F01,D130,6130,Expense,Employee Benefits,151475,150719
2024-11-01,2024,11,F01,D130,6130,Expense,Equipment & Maintenance,18033,19229
2024-11-01,2024,11,F01,D130,6130,Expense,Medical Supplies,85246,77900
2024-11-01,2024,11,F01,D130,6130,Expense,Other Operating,6885,6245
2024-11-01,2024,11,F01,D130,6130,Expense,Pharmaceuticals,78689,72407
2024-11-01,2024,11,F01,D130,6130,Expense,Purchased Services,14754,14619
2024-11-01,2024,11,F01,D130,6130,Expense,Salaries & Wages,540984,529740
2024-11-01,2024,11,F01,D140,6140,Revenue,Net Patient Service Revenue,739421,766398
2024-11-01,2024,11,F01,D140,6140,Expense,Employee Benefits,103508,106992
2024-11-01,2024,11,F01,D140,6140,Expense,Equipment & Maintenance,9918,10203
2024-11-01,2024,11,F01,D140,6140,Expense,Medical Supplies,55902,57806
2024-11-01,2024,11,F01,D140,6140,Expense,Other Operating,7574,7854
2024-11-01,2024,11,F01,D140,6140,Expense,Pharmaceuticals,43279,41750
2024-11-01,2024,11,F01,D140,6140,Expense,Purchased Services,16230,13982
2024-11-01,2024,11,F01,D140,6140,Expense,Salaries & Wages,369672,394932
2024-11-01,2024,11,F01,D150,6150,Revenue,Net Patient Service Revenue,722291,788570
2024-11-01,2024,11,F01,D150,6150,Expense,Employee Benefits,84689,76454
2024-11-01,2024,11,F01,D150,6150,Expense,Equipment & Maintenance,8115,7417
2024-11-01,2024,11,F01,D150,6150,Expense,Medical Supplies,45738,45948
2024-11-01,2024,11,F01,D150,6150,Expense,Other Operating,6197,6549
2024-11-01,2024,11,F01,D150,6150,Expense,Pharmaceuticals,184426,167034
2024-11-01,2024,11,F01,D150,6150,Expense,Purchased Services,13279,13724
2024-11-01,2024,11,F01,D150,6150,Expense,Salaries & Wages,302459,298830
2024-11-01,2024,11,F01,D160,6160,Revenue,Net Patient Service Revenue,467233,503301
2024-11-01,2024,11,F01,D160,6160,Expense,Employee Benefits,75279,79395
2024-11-01,2024,11,F01,D160,6160,Expense,Equipment & Maintenance,7213,7434
2024-11-01,2024,11,F01,D160,6160,Expense,Medical Supplies,40656,37331
2024-11-01,2024,11,F01,D160,6160,Expense,Other Operating,5508,5346
2024-11-01,2024,11,F01,D160,6160,Expense,Pharmaceuticals,31475,28838
2024-11-01,2024,11,F01,D160,6160,Expense,Purchased Services,11803,11596
2024-11-01,2024,11,F01,D160,6160,Expense,Salaries & Wages,268852,259570
2024-11-01,2024,11,F01,D170,6170,Revenue,Net Patient Service Revenue,562003,511877
2024-11-01,2024,11,F01,D170,6170,Expense,Employee Benefits,94098,88570
2024-11-01,2024,11,F01,D170,6170,Expense,Equipment & Maintenance,9016,9352
2024-11-01,2024,11,F01,D170,6170,Expense,Medical Supplies,50820,46307
2024-11-01,2024,11,F01,D170,6170,Expense,Other Operating,6885,8192
2024-11-01,2024,11,F01,D170,6170,Expense,Pharmaceuticals,39344,44551
2024-11-01,2024,11,F01,D170,6170,Expense,Purchased Services,14754,13349
2024-11-01,2024,11,F01,D170,6170,Expense,Salaries & Wages,336066,337258
2024-11-01,2024,11,F01,D180,6180,Revenue,Net Patient Service Revenue,347120,327177
2024-11-01,2024,11,F01,D180,6180,Expense,Employee Benefits,65869,62633
2024-11-01,2024,11,F01,D180,6180,Expense,Equipment & Maintenance,6311,5673
2024-11-01,2024,11,F01,D180,6180,Expense,Medical Supplies,35574,33188
2024-11-01,2024,11,F01,D180,6180,Expense,Other Operating,4820,4486
2024-11-01,2024,11,F01,D180,6180,Expense,Pharmaceuticals,27541,23601
2024-11-01,2024,11,F01,D180,6180,Expense,Purchased Services,10328,9851
2024-11-01,2024,11,F01,D180,6180,Expense,Salaries & Wages,235246,231178
2024-11-01,2024,11,F01,D190,6190,Revenue,Net Patient Service Revenue,416545,399921
2024-11-01,2024,11,F01,D190,6190,Expense,Employee Benefits,84689,84394
2024-11-01,2024,11,F01,D190,6190,Expense,Equipment & Maintenance,8115,8336
2024-11-01,2024,11,F01,D190,6190,Expense,Medical Supplies,45738,50838
2024-11-01,2024,11,F01,D190,6190,Expense,Other Operating,6197,5416
2024-11-01,2024,11,F01,D190,6190,Expense,Pharmaceuticals,35410,35633
2024-11-01,2024,11,F01,D190,6190,Expense,Purchased Services,13279,12174
2024-11-01,2024,11,F01,D190,6190,Expense,Salaries & Wages,302459,298324
2024-11-01,2024,11,F01,D195,6195,Revenue,Net Patient Service Revenue,350425,322549
2024-11-01,2024,11,F01,D195,6195,Expense,Employee Benefits,56459,56749
2024-11-01,2024,11,F01,D195,6195,Expense,Equipment & Maintenance,5410,6200
2024-11-01,2024,11,F01,D195,6195,Expense,Medical Supplies,30492,28203
2024-11-01,2024,11,F01,D195,6195,Expense,Other Operating,4131,3782
2024-11-01,2024,11,F01,D195,6195,Expense,Pharmaceuticals,23607,22822
2024-11-01,2024,11,F01,D195,6195,Expense,Purchased Services,8852,8537
2024-11-01,2024,11,F01,D195,6195,Expense,Salaries & Wages,201639,192615
2024-11-01,2024,11,F01,D196,6196,Revenue,Net Patient Service Revenue,1811066,1784115
2024-11-01,2024,11,F01,D196,6196,Expense,Employee Benefits,142295,145091
2024-11-01,2024,11,F01,D196,6196,Expense,Equipment & Maintenance,30492,28429
2024-11-01,2024,11,F01,D196,6196,Expense,Medical Supplies,696721,750262
2024-11-01,2024,11,F01,D196,6196,Expense,Other Operating,15246,14137
2024-11-01,2024,11,F01,D196,6196,Expense,Pharmaceuticals,5082,3942
2024-11-01,2024,11,F01,D196,6196,Expense,Purchased Services,50820,53433
2024-11-01,2024,11,F01,D196,6196,Expense,Salaries & Wages,508197,478362
2024-11-01,2024,11,F02,D200,6200,Revenue,Net Patient Service Revenue,500666,536056
2024-11-01,2024,11,F02,D200,6200,Expense,Employee Benefits,87213,90647
2024-11-01,2024,11,F02,D200,6200,Expense,Equipment & Maintenance,15574,14936
2024-11-01,2024,11,F02,D200,6200,Expense,Medical Supplies,43607,47617
2024-11-01,2024,11,F02,D200,6200,Expense,Other Operating,9344,10023
2024-11-01,2024,11,F02,D200,6200,Expense,Pharmaceuticals,28033,30143
2024-11-01,2024,11,F02,D200,6200,Expense,Purchased Services,37377,37498
2024-11-01,2024,11,F02,D200,6200,Expense,Salaries & Wages,311475,302475
2024-11-01,2024,11,F02,D210,6210,Revenue,Net Patient Service Revenue,817661,811725
2024-11-01,2024,11,F02,D210,6210,Expense,Employee Benefits,131738,128086
2024-11-01,2024,11,F02,D210,6210,Expense,Equipment & Maintenance,12623,13409
2024-11-01,2024,11,F02,D210,6210,Expense,Medical Supplies,71148,74318
2024-11-01,2024,11,F02,D210,6210,Expense,Other Operating,9639,9630
2024-11-01,2024,11,F02,D210,6210,Expense,Pharmaceuticals,55082,53222
2024-11-01,2024,11,F02,D210,6210,Expense,Purchased Services,20656,18670
2024-11-01,2024,11,F02,D210,6210,Expense,Salaries & Wages,470492,507766
2024-11-01,2024,11,F02,D230,6230,Revenue,Net Patient Service Revenue,379930,375441
2024-11-01,2024,11,F02,D230,6230,Expense,Employee Benefits,60590,56953
2024-11-01,2024,11,F02,D230,6230,Expense,Equipment & Maintenance,7213,7106
2024-11-01,2024,11,F02,D230,6230,Expense,Medical Supplies,34098,32411
2024-11-01,2024,11,F02,D230,6230,Expense,Other Operating,2754,2678
2024-11-01,2024,11,F02,D230,6230,Expense,Pharmaceuticals,31475,33849
2024-11-01,2024,11,F02,D230,6230,Expense,Purchased Services,5902,6534
2024-11-01,2024,11,F02,D230,6230,Expense,Salaries & Wages,216393,233059
2024-11-01,2024,11,F02,D270,6270,Revenue,Net Patient Service Revenue,292022,302932
2024-11-01,2024,11,F02,D270,6270,Expense,Employee Benefits,47049,45974
2024-11-01,2024,11,F02,D270,6270,Expense,Equipment & Maintenance,4508,4304
2024-11-01,2024,11,F02,D270,6270,Expense,Medical Supplies,25410,21634
2024-11-01,2024,11,F02,D270,6270,Expense,Other Operating,3443,3232
2024-11-01,2024,11,F02,D270,6270,Expense,Pharmaceuticals,19672,16511
2024-11-01,2024,11,F02,D270,6270,Expense,Purchased Services,7377,6842
2024-11-01,2024,11,F02,D270,6270,Expense,Salaries & Wages,168033,168346
2024-11-01,2024,11,F03,D300,6300,Revenue,Net Patient Service Revenue,671947,576716
2024-11-01,2024,11,F03,D300,6300,Expense,Employee Benefits,117049,117160
2024-11-01,2024,11,F03,D300,6300,Expense,Equipment & Maintenance,20902,23401
2024-11-01,2024,11,F03,D300,6300,Expense,Medical Supplies,58525,55368
2024-11-01,2024,11,F03,D300,6300,Expense,Other Operating,12541,13324
2024-11-01,2024,11,F03,D300,6300,Expense,Pharmaceuticals,37623,31099
2024-11-01,2024,11,F03,D300,6300,Expense,Purchased Services,50164,60668
2024-11-01,2024,11,F03,D300,6300,Expense,Salaries & Wages,418033,409611
2024-11-01,2024,11,F03,D310,6310,Revenue,Net Patient Service Revenue,876065,882128
2024-11-01,2024,11,F03,D310,6310,Expense,Employee Benefits,141148,144744
2024-11-01,2024,11,F03,D310,6310,Expense,Equipment & Maintenance,13525,15115
2024-11-01,2024,11,F03,D310,6310,Expense,Medical Supplies,76230,81947
2024-11-01,2024,11,F03,D310,6310,Expense,Other Operating,10328,9800
2024-11-01,2024,11,F03,D310,6310,Expense,Pharmaceuticals,59016,52789
2024-11-01,2024,11,F03,D310,6310,Expense,Purchased Services,22131,23798
2024-11-01,2024,11,F03,D310,6310,Expense,Salaries & Wages,504098,515724
2024-11-01,2024,11,F03,D320,6320,Revenue,Net Patient Service Revenue,467233,488620
2024-11-01,2024,11,F03,D320,6320,Expense,Employee Benefits,75279,75358
2024-11-01,2024,11,F03,D320,6320,Expense,Equipment & Maintenance,7213,7401
2024-11-01,2024,11,F03,D320,6320,Expense,Medical Supplies,40656,39495
2024-11-01,2024,11,F03,D320,6320,Expense,Other Operating,5508,5382
2024-11-01,2024,11,F03,D320,6320,Expense,Pharmaceuticals,31475,32232
2024-11-01,2024,11,F03,D320,6320,Expense,Purchased Services,11803,12580
2024-11-01,2024,11,F03,D320,6320,Expense,Salaries & Wages,268852,277823
2024-11-01,2024,11,F03,D330,6330,Revenue,Net Patient Service Revenue,569897,597656
2024-11-01,2024,11,F03,D330,6330,Expense,Employee Benefits,90885,87923
2024-11-01,2024,11,F03,D330,6330,Expense,Equipment & Maintenance,10820,11281
2024-11-01,2024,11,F03,D330,6330,Expense,Medical Supplies,51148,50572
2024-11-01,2024,11,F03,D330,6330,Expense,Other Operating,4131,3684
2024-11-01,2024,11,F03,D330,6330,Expense,Pharmaceuticals,47213,48249
2024-11-01,2024,11,F03,D330,6330,Expense,Purchased Services,8852,9706
2024-11-01,2024,11,F03,D330,6330,Expense,Salaries & Wages,324590,326178
2024-11-01,2024,11,F03,D340,6340,Revenue,Net Patient Service Revenue,408830,410295
2024-11-01,2024,11,F03,D340,6340,Expense,Employee Benefits,65869,63578
2024-11-01,2024,11,F03,D340,6340,Expense,Equipment & Maintenance,6311,8060
2024-11-01,2024,11,F03,D340,6340,Expense,Medical Supplies,35574,33012
2024-11-01,2024,11,F03,D340,6340,Expense,Other Operating,4820,5537
2024-11-01,2024,11,F03,D340,6340,Expense,Pharmaceuticals,27541,29783
2024-11-01,2024,11,F03,D340,6340,Expense,Purchased Services,10328,9838
2024-11-01,2024,11,F03,D340,6340,Expense,Salaries & Wages,235246,223794
2024-11-01,2024,11,F04,D400,6400,Revenue,Net Patient Service Revenue,410899,430978
2024-11-01,2024,11,F04,D400,6400,Expense,Employee Benefits,75246,72428
2024-11-01,2024,11,F04,D400,6400,Expense,Equipment & Maintenance,11148,10173
2024-11-01,2024,11,F04,D400,6400,Expense,Medical Supplies,16721,20628
2024-11-01,2024,11,F04,D400,6400,Expense,Other Operating,13934,12365
2024-11-01,2024,11,F04,D400,6400,Expense,Pharmaceuticals,5574,4387
2024-11-01,2024,11,F04,D400,6400,Expense,Purchased Services,22295,22330
2024-11-01,2024,11,F04,D400,6400,Expense,Salaries & Wages,278689,265350
2024-11-01,2024,11,F04,D410,6410,Revenue,Net Patient Service Revenue,284066,268487
2024-11-01,2024,11,F04,D410,6410,Expense,Employee Benefits,42049,43433
2024-11-01,2024,11,F04,D410,6410,Expense,Equipment & Maintenance,6230,5747
2024-11-01,2024,11,F04,D410,6410,Expense,Medical Supplies,9344,10334
2024-11-01,2024,11,F04,D410,6410,Expense,Other Operating,7787,7817
2024-11-01,2024,11,F04,D410,6410,Expense,Pharmaceuticals,3115,2991
2024-11-01,2024,11,F04,D410,6410,Expense,Purchased Services,12459,13411
2024-11-01,2024,11,F04,D410,6410,Expense,Salaries & Wages,155738,152415
2024-11-01,2024,11,F04,D420,6420,Revenue,Net Patient Service Revenue,249929,255167
2024-11-01,2024,11,F04,D420,6420,Expense,Employee Benefits,37623,38725
2024-11-01,2024,11,F04,D420,6420,Expense,Equipment & Maintenance,5574,5109
2024-11-01,2024,11,F04,D420,6420,Expense,Medical Supplies,8361,8832
2024-11-01,2024,11,F04,D420,6420,Expense,Other Operating,6967,7595
2024-11-01,2024,11,F04,D420,6420,Expense,Pharmaceuticals,2787,2230
2024-11-01,2024,11,F04,D420,6420,Expense,Purchased Services,11148,9939
2024-11-01,2024,11,F04,D420,6420,Expense,Salaries & Wages,139344,144822
2024-11-01,2024,11,F04,D430,6430,Revenue,Net Patient Service Revenue,909632,920527
2024-11-01,2024,11,F04,D430,6430,Expense,Employee Benefits,50902,48477
2024-11-01,2024,11,F04,D430,6430,Expense,Equipment & Maintenance,7541,7891
2024-11-01,2024,11,F04,D430,6430,Expense,Medical Supplies,11311,11677
2024-11-01,2024,11,F04,D430,6430,Expense,Other Operating,9426,10339
2024-11-01,2024,11,F04,D430,6430,Expense,Pharmaceuticals,508197,487403
2024-11-01,2024,11,F04,D430,6430,Expense,Purchased Services,15082,14735
2024-11-01,2024,11,F04,D430,6430,Expense,Salaries & Wages,188525,208439
2024-11-01,2024,11,F04,D440,6440,Revenue,Net Patient Service Revenue,138419,135695
2024-11-01,2024,11,F04,D440,6440,Expense,Employee Benefits,24344,23495
2024-11-01,2024,11,F04,D440,6440,Expense,Equipment & Maintenance,3607,3893
2024-11-01,2024,11,F04,D440,6440,Expense,Medical Supplies,5410,4779
2024-11-01,2024,11,F04,D440,6440,Expense,Other Operating,4508,4819
2024-11-01,2024,11,F04,D440,6440,Expense,Pharmaceuticals,1803,1857
2024-11-01,2024,11,F04,D440,6440,Expense,Purchased Services,7213,7452
2024-11-01,2024,11,F04,D440,6440,Expense,Salaries & Wages,90164,90009
2024-11-01,2024,11,F04,D450,6450,Revenue,Net Patient Service Revenue,189378,202075
2024-11-01,2024,11,F04,D450,6450,Expense,Employee Benefits,35410,35352
2024-11-01,2024,11,F04,D450,6450,Expense,Equipment & Maintenance,5246,4479
2024-11-01,2024,11,F04,D450,6450,Expense,Medical Supplies,7869,8555
2024-11-01,2024,11,F04,D450,6450,Expense,Other Operating,6557,6873
2024-11-01,2024,11,F04,D450,6450,Expense,Pharmaceuticals,2623,2602
2024-11-01,2024,11,F04,D450,6450,Expense,Purchased Services,10492,10772
2024-11-01,2024,11,F04,D450,6450,Expense,Salaries & Wages,131148,131846
2024-11-01,2024,11,F01,D500,6500,Revenue,Net Patient Service Revenue,1022460,1074770
2024-11-01,2024,11,F01,D500,6500,Expense,Employee Benefits,126230,129201
2024-11-01,2024,11,F01,D500,6500,Expense,Equipment & Maintenance,27049,24109
2024-11-01,2024,11,F01,D500,6500,Expense,Medical Supplies,262295,217731
2024-11-01,2024,11,F01,D500,6500,Expense,Other Operating,13525,12436
2024-11-01,2024,11,F01,D500,6500,Expense,Pharmaceuticals,4508,4519
2024-11-01,2024,11,F01,D500,6500,Expense,Purchased Services,45082,47735
2024-11-01,2024,11,F01,D500,6500,Expense,Salaries & Wages,450820,457684
2024-11-01,2024,11,F01,D510,6510,Revenue,Net Patient Service Revenue,943671,972079
2024-11-01,2024,11,F01,D510,6510,Expense,Employee Benefits,110164,110923
2024-11-01,2024,11,F01,D510,6510,Expense,Equipment & Maintenance,147541,162432
2024-11-01,2024,11,F01,D510,6510,Expense,Medical Supplies,19672,21149
2024-11-01,2024,11,F01,D510,6510,Expense,Other Operating,11803,10939
2024-11-01,2024,11,F01,D510,6510,Expense,Pharmaceuticals,3934,4703
2024-11-01,2024,11,F01,D510,6510,Expense,Purchased Services,39344,39799
2024-11-01,2024,11,F01,D510,6510,Expense,Salaries & Wages,393443,382342
2024-11-01,2024,11,F01,D520,6520,Expense,Employee Benefits,71148,71349
2024-11-01,2024,11,F01,D520,6520,Expense,Equipment & Maintenance,15246,14866
2024-11-01,2024,11,F01,D520,6520,Expense,Medical Supplies,12705,13778
2024-11-01,2024,11,F01,D520,6520,Expense,Other Operating,7623,7646
2024-11-01,2024,11,F01,D520,6520,Expense,Pharmaceuticals,163934,166473
2024-11-01,2024,11,F01,D520,6520,Expense,Purchased Services,25410,28058
2024-11-01,2024,11,F01,D520,6520,Expense,Salaries & Wages,254098,266038
2024-12-01,2024,12,F01,D100,6100,Revenue,Net Patient Service Revenue,1307000,1394297
2024-12-01,2024,12,F01,D100,6100,Expense,Employee Benefits,227672,241951
2024-12-01,2024,12,F01,D100,6100,Expense,Equipment & Maintenance,40656,44194
2024-12-01,2024,12,F01,D100,6100,Expense,Medical Supplies,113836,128541
2024-12-01,2024,12,F01,D100,6100,Expense,Other Operating,24393,27468
2024-12-01,2024,12,F01,D100,6100,Expense,Pharmaceuticals,73180,70954
2024-12-01,2024,12,F01,D100,6100,Expense,Purchased Services,97574,99999
2024-12-01,2024,12,F01,D100,6100,Expense,Salaries & Wages,813115,868151
2024-12-01,2024,12,F01,D110,6110,Revenue,Net Patient Service Revenue,1086320,1178526
2024-12-01,2024,12,F01,D110,6110,Expense,Employee Benefits,175023,185104
2024-12-01,2024,12,F01,D110,6110,Expense,Equipment & Maintenance,16770,17565
2024-12-01,2024,12,F01,D110,6110,Expense,Medical Supplies,94525,92980
2024-12-01,2024,12,F01,D110,6110,Expense,Other Operating,12807,13212
2024-12-01,2024,12,F01,D110,6110,Expense,Pharmaceuticals,73180,78569
2024-12-01,2024,12,F01,D110,6110,Expense,Purchased Services,27443,24324
2024-12-01,2024,12,F01,D110,6110,Expense,Salaries & Wages,625082,642485
2024-12-01,2024,12,F01,D111,6111,Revenue,Net Patient Service Revenue,965617,966618
2024-12-01,2024,12,F01,D111,6111,Expense,Employee Benefits,155576,171238
2024-12-01,2024,12,F01,D111,6111,Expense,Equipment & Maintenance,14907,14249
2024-12-01,2024,12,F01,D111,6111,Expense,Medical Supplies,84022,93264
2024-12-01,2024,12,F01,D111,6111,Expense,Other Operating,11384,11302
2024-12-01,2024,12,F01,D111,6111,Expense,Pharmaceuticals,65049,72737
2024-12-01,2024,12,F01,D111,6111,Expense,Purchased Services,24393,21695
2024-12-01,2024,12,F01,D111,6111,Expense,Salaries & Wages,555628,590501
2024-12-01,2024,12,F01,D120,6120,Revenue,Net Patient Service Revenue,806198,856118
2024-12-01,2024,12,F01,D120,6120,Expense,Employee Benefits,116682,127103
2024-12-01,2024,12,F01,D120,6120,Expense,Equipment & Maintenance,11180,11877
2024-12-01,2024,12,F01,D120,6120,Expense,Medical Supplies,63016,63775
2024-12-01,2024,12,F01,D120,6120,Expense,Other Operating,8538,8026
2024-12-01,2024,12,F01,D120,6120,Expense,Pharmaceuticals,48787,55575
2024-12-01,2024,12,F01,D120,6120,Expense,Purchased Services,18295,18173
2024-12-01,2024,12,F01,D120,6120,Expense,Salaries & Wages,416721,446824
2024-12-01,2024,12,F01,D130,6130,Revenue,Net Patient Service Revenue,981490,938720
2024-12-01,2024,12,F01,D130,6130,Expense,Employee Benefits,156525,158287
2024-12-01,2024,12,F01,D130,6130,Expense,Equipment & Maintenance,18634,18825
2024-12-01,2024,12,F01,D130,6130,Expense,Medical Supplies,88087,85857
2024-12-01,2024,12,F01,D130,6130,Expense,Other Operating,7115,7265
2024-12-01,2024,12,F01,D130,6130,Expense,Pharmaceuticals,81311,88082
2024-12-01,2024,12,F01,D130,6130,Expense,Purchased Services,15246,14056
2024-12-01,2024,12,F01,D130,6130,Expense,Salaries & Wages,559016,576734
2024-12-01,2024,12,F01,D140,6140,Revenue,Net Patient Service Revenue,764066,808563
2024-12-01,2024,12,F01,D140,6140,Expense,Employee Benefits,106958,113789
2024-12-01,2024,12,F01,D140,6140,Expense,Equipment & Maintenance,10249,10934
2024-12-01,2024,12,F01,D140,6140,Expense,Medical Supplies,57765,65693
2024-12-01,2024,12,F01,D140,6140,Expense,Other Operating,7826,9146
2024-12-01,2024,12,F01,D140,6140,Expense,Pharmaceuticals,44721,44126
2024-12-01,2024,12,F01,D140,6140,Expense,Purchased Services,16770,16654
2024-12-01,2024,12,F01,D140,6140,Expense,Salaries & Wages,381995,406351
2024-12-01,2024,12,F01,D150,6150,Revenue,Net Patient Service Revenue,746365,756775
2024-12-01,2024,12,F01,D150,6150,Expense,Employee Benefits,87511,88003
2024-12-01,2024,12,F01,D150,6150,Expense,Equipment & Maintenance,8385,9342
2024-12-01,2024,12,F01,D150,6150,Expense,Medical Supplies,47262,47178
2024-12-01,2024,12,F01,D150,6150,Expense,Other Operating,6403,6244
2024-12-01,2024,12,F01,D150,6150,Expense,Pharmaceuticals,190574,219339
2024-12-01,2024,12,F01,D150,6150,Expense,Purchased Services,13721,12747
2024-12-01,2024,12,F01,D150,6150,Expense,Salaries & Wages,312541,333729
2024-12-01,2024,12,F01,D160,6160,Revenue,Net Patient Service Revenue,482810,537855
2024-12-01,2024,12,F01,D160,6160,Expense,Employee Benefits,77788,86858
2024-12-01,2024,12,F01,D160,6160,Expense,Equipment & Maintenance,7454,6754
2024-12-01,2024,12,F01,D160,6160,Expense,Medical Supplies,42011,46900
2024-12-01,2024,12,F01,D160,6160,Expense,Other Operating,5692,6224
2024-12-01,2024,12,F01,D160,6160,Expense,Pharmaceuticals,32525,36917
2024-12-01,2024,12,F01,D160,6160,Expense,Purchased Services,12197,12288
2024-12-01,2024,12,F01,D160,6160,Expense,Salaries & Wages,277814,278166
2024-12-01,2024,12,F01,D170,6170,Revenue,Net Patient Service Revenue,580738,607263
2024-12-01,2024,12,F01,D170,6170,Expense,Employee Benefits,97235,100644
2024-12-01,2024,12,F01,D170,6170,Expense,Equipment & Maintenance,9317,9000
2024-12-01,2024,12,F01,D170,6170,Expense,Medical Supplies,52514,61112
2024-12-01,2024,12,F01,D170,6170,Expense,Other Operating,7115,7478
2024-12-01,2024,12,F01,D170,6170,Expense,Pharmaceuticals,40656,47629
2024-12-01,2024,12,F01,D170,6170,Expense,Purchased Services,15246,17389
2024-12-01,2024,12,F01,D170,6170,Expense,Salaries & Wages,347268,378529
2024-12-01,2024,12,F01,D180,6180,Revenue,Net Patient Service Revenue,358690,360427
2024-12-01,2024,12,F01,D180,6180,Expense,Employee Benefits,68064,69417
2024-12-01,2024,12,F01,D180,6180,Expense,Equipment & Maintenance,6522,5205
2024-12-01,2024,12,F01,D180,6180,Expense,Medical Supplies,36760,37323
2024-12-01,2024,12,F01,D180,6180,Expense,Other Operating,4980,5338
2024-12-01,2024,12,F01,D180,6180,Expense,Pharmaceuticals,28459,26138
2024-12-01,2024,12,F01,D180,6180,Expense,Purchased Services,10672,9981
2024-12-01,2024,12,F01,D180,6180,Expense,Salaries & Wages,243087,247936
2024-12-01,2024,12,F01,D190,6190,Revenue,Net Patient Service Revenue,430427,410170
2024-12-01,2024,12,F01,D190,6190,Expense,Employee Benefits,87511,88514
2024-12-01,2024,12,F01,D190,6190,Expense,Equipment & Maintenance,8385,8150
2024-12-01,2024,12,F01,D190,6190,Expense,Medical Supplies,47262,46608
2024-12-01,2024,12,F01,D190,6190,Expense,Other Operating,6403,5849
2024-12-01,2024,12,F01,D190,6190,Expense,Pharmaceuticals,36590,46154
2024-12-01,2024,12,F01,D190,6190,Expense,Purchased Services,13721,14087
2024-12-01,2024,12,F01,D190,6190,Expense,Salaries & Wages,312541,329281
2024-12-01,2024,12,F01,D195,6195,Revenue,Net Patient Service Revenue,362107,350995
2024-12-01,2024,12,F01,D195,6195,Expense,Employee Benefits,58341,63264
2024-12-01,2024,12,F01,D195,6195,Expense,Equipment & Maintenance,5590,6655
2024-12-01,2024,12,F01,D195,6195,Expense,Medical Supplies,31508,32306
2024-12-01,2024,12,F01,D195,6195,Expense,Other Operating,4269,4276
2024-12-01,2024,12,F01,D195,6195,Expense,Pharmaceuticals,24393,27567
2024-12-01,2024,12,F01,D195,6195,Expense,Purchased Services,9148,7539
2024-12-01,2024,12,F01,D195,6195,Expense,Salaries & Wages,208361,206506
2024-12-01,2024,12,F01,D196,6196,Revenue,Net Patient Service Revenue,1871434,2031079
2024-12-01,2024,12,F01,D196,6196,Expense,Employee Benefits,147038,156102
2024-12-01,2024,12,F01,D196,6196,Expense,Equipment & Maintenance,31508,29604
2024-12-01,2024,12,F01,D196,6196,Expense,Medical Supplies,719945,711068
2024-12-01,2024,12,F01,D196,6196,Expense,Other Operating,15754,15621
2024-12-01,2024,12,F01,D196,6196,Expense,Pharmaceuticals,5251,5456
2024-12-01,2024,12,F01,D196,6196,Expense,Purchased Services,52514,48748
2024-12-01,2024,12,F01,D196,6196,Expense,Salaries & Wages,525137,551269
2024-12-01,2024,12,F02,D200,6200,Revenue,Net Patient Service Revenue,517354,531480
2024-12-01,2024,12,F02,D200,6200,Expense,Employee Benefits,90120,98675
2024-12-01,2024,12,F02,D200,6200,Expense,Equipment & Maintenance,16093,18822
2024-12-01,2024,12,F02,D200,6200,Expense,Medical Supplies,45060,47569
2024-12-01,2024,12,F02,D200,6200,Expense,Other Operating,9656,9647
2024-12-01,2024,12,F02,D200,6200,Expense,Pharmaceuticals,28967,31611
2024-12-01,2024,12,F02,D200,6200,Expense,Purchased Services,38623,38154
2024-12-01,2024,12,F02,D200,6200,Expense,Salaries & Wages,321858,336537
2024-12-01,2024,12,F02,D210,6210,Revenue,Net Patient Service Revenue,844915,848638
2024-12-01,2024,12,F02,D210,6210,Expense,Employee Benefits,136129,142553
2024-12-01,2024,12,F02,D210,6210,Expense,Equipment & Maintenance,13044,12737
2024-12-01,2024,12,F02,D210,6210,Expense,Medical Supplies,73519,78948
2024-12-01,2024,12,F02,D210,6210,Expense,Other Operating,9961,10207
2024-12-01,2024,12,F02,D210,6210,Expense,Pharmaceuticals,56918,66548
2024-12-01,2024,12,F02,D210,6210,Expense,Purchased Services,21344,16636
2024-12-01,2024,12,F02,D210,6210,Expense,Salaries & Wages,486175,534164
2024-12-01,2024,12,F02,D230,6230,Revenue,Net Patient Service Revenue,392598,404246
2024-12-01,2024,12,F02,D230,6230,Expense,Employee Benefits,62610,65281
2024-12-01,2024,12,F02,D230,6230,Expense,Equipment & Maintenance,7454,8366
2024-12-01,2024,12,F02,D230,6230,Expense,Medical Supplies,35235,42201
2024-12-01,2024,12,F02,D230,6230,Expense,Other Operating,2846,2879
2024-12-01,2024,12,F02,D230,6230,Expense,Pharmaceuticals,32525,39425
2024-12-01,2024,12,F02,D230,6230,Expense,Purchased Services,6098,5986
2024-12-01,2024,12,F02,D230,6230,Expense,Salaries & Wages,223607,259794
2024-12-01,2024,12,F02,D270,6270,Revenue,Net Patient Service Revenue,301754,301070
2024-12-01,2024,12,F02,D270,6270,Expense,Employee Benefits,48617,48395
2024-12-01,2024,12,F02,D270,6270,Expense,Equipment & Maintenance,4658,4151
2024-12-01,2024,12,F02,D270,6270,Expense,Medical Supplies,26257,23471
2024-12-01,2024,12,F02,D270,6270,Expense,Other Operating,3557,4004
2024-12-01,2024,12,F02,D270,6270,Expense,Pharmaceuticals,20328,20467
2024-12-01,2024,12,F02,D270,6270,Expense,Purchased Services,7623,8226
2024-12-01,2024,12,F02,D270,6270,Expense,Salaries & Wages,173634,188756
2024-12-01,2024,12,F03,D300,6300,Revenue,Net Patient Service Revenue,694343,709594
2024-12-01,2024,12,F03,D300,6300,Expense,Employee Benefits,120951,128207
2024-12-01,2024,12,F03,D300,6300,Expense,Equipment & Maintenance,21598,20286
2024-12-01,2024,12,F03,D300,6300,Expense,Medical Supplies,60475,62380
2024-12-01,2024,12,F03,D300,6300,Expense,Other Operating,12959,13315
2024-12-01,2024,12,F03,D300,6300,Expense,Pharmaceuticals,38877,38350
2024-12-01,2024,12,F03,D300,6300,Expense,Purchased Services,51836,48953
2024-12-01,2024,12,F03,D300,6300,Expense,Salaries & Wages,431967,445371
2024-12-01,2024,12,F03,D310,6310,Revenue,Net Patient Service Revenue,905265,932001
2024-12-01,2024,12,F03,D310,6310,Expense,Employee Benefits,145852,150065
2024-12-01,2024,12,F03,D310,6310,Expense,Equipment & Maintenance,13975,14214
2024-12-01,2024,12,F03,D310,6310,Expense,Medical Supplies,78770,82679
2024-12-01,2024,12,F03,D310,6310,Expense,Other Operating,10672,10139
2024-12-01,2024,12,F03,D310,6310,Expense,Pharmaceuticals,60984,61580
2024-12-01,2024,12,F03,D310,6310,Expense,Purchased Services,22869,24018
2024-12-01,2024,12,F03,D310,6310,Expense,Salaries & Wages,520902,575374
2024-12-01,2024,12,F03,D320,6320,Revenue,Net Patient Service Revenue,482810,486125
2024-12-01,2024,12,F03,D320,6320,Expense,Employee Benefits,77788,82125
2024-12-01,2024,12,F03,D320,6320,Expense,Equipment & Maintenance,7454,7036
2024-12-01,2024,12,F03,D320,6320,Expense,Medical Supplies,42011,48076
2024-12-01,2024,12,F03,D320,6320,Expense,Other Operating,5692,4893
2024-12-01,2024,12,F03,D320,6320,Expense,Pharmaceuticals,32525,35151
2024-12-01,2024,12,F03,D320,6320,Expense,Purchased Services,12197,11007
2024-12-01,2024,12,F03,D320,6320,Expense,Salaries & Wages,277814,296490
2024-12-01,2024,12,F03,D330,6330,Revenue,Net Patient Service Revenue,588895,634084
2024-12-01,2024,12,F03,D330,6330,Expense,Employee Benefits,93915,92198
2024-12-01,2024,12,F03,D330,6330,Expense,Equipment & Maintenance,11180,11259
2024-12-01,2024,12,F03,D330,6330,Expense,Medical Supplies,52852,54997
2024-12-01,2024,12,F03,D330,6330,Expense,Other Operating,4269,3711
2024-12-01,2024,12,F03,D330,6330,Expense,Pharmaceuticals,48787,53112
2024-12-01,2024,12,F03,D330,6330,Expense,Purchased Services,9148,10026
2024-12-01,2024,12,F03,D330,6330,Expense,Salaries & Wages,335410,335756
2024-12-01,2024,12,F03,D340,6340,Revenue,Net Patient Service Revenue,422457,432163
2024-12-01,2024,12,F03,D340,6340,Expense,Employee Benefits,68064,74817
2024-12-01,2024,12,F03,D340,6340,Expense,Equipment & Maintenance,6522,6447
2024-12-01,2024,12,F03,D340,6340,Expense,Medical Supplies,36760,42635
2024-12-01,2024,12,F03,D340,6340,Expense,Other Operating,4980,5037
2024-12-01,2024,12,F03,D340,6340,Expense,Pharmaceuticals,28459,26683
2024-12-01,2024,12,F03,D340,6340,Expense,Purchased Services,10672,9466
2024-12-01,2024,12,F03,D340,6340,Expense,Salaries & Wages,243087,247087
2024-12-01,2024,12,F04,D400,6400,Revenue,Net Patient Service Revenue,424595,468300
2024-12-01,2024,12,F04,D400,6400,Expense,Employee Benefits,77754,78970
2024-12-01,2024,12,F04,D400,6400,Expense,Equipment & Maintenance,11519,11547
2024-12-01,2024,12,F04,D400,6400,Expense,Medical Supplies,17279,20208
2024-12-01,2024,12,F04,D400,6400,Expense,Other Operating,14399,11986
2024-12-01,2024,12,F04,D400,6400,Expense,Pharmaceuticals,5760,5960
2024-12-01,2024,12,F04,D400,6400,Expense,Purchased Services,23038,26001
2024-12-01,2024,12,F04,D400,6400,Expense,Salaries & Wages,287978,284073
2024-12-01,2024,12,F04,D410,6410,Revenue,Net Patient Service Revenue,293534,302674
2024-12-01,2024,12,F04,D410,6410,Expense,Employee Benefits,43451,46828
2024-12-01,2024,12,F04,D410,6410,Expense,Equipment & Maintenance,6437,7469
2024-12-01,2024,12,F04,D410,6410,Expense,Medical Supplies,9656,9033
2024-12-01,2024,12,F04,D410,6410,Expense,Other Operating,8046,7829
2024-12-01,2024,12,F04,D410,6410,Expense,Pharmaceuticals,3219,3074
2024-12-01,2024,12,F04,D410,6410,Expense,Purchased Services,12874,11383
2024-12-01,2024,12,F04,D410,6410,Expense,Salaries & Wages,160929,164557
2024-12-01,2024,12,F04,D420,6420,Revenue,Net Patient Service Revenue,258258,270038
2024-12-01,2024,12,F04,D420,6420,Expense,Employee Benefits,38877,41237
2024-12-01,2024,12,F04,D420,6420,Expense,Equipment & Maintenance,5760,6382
2024-12-01,2024,12,F04,D420,6420,Expense,Medical Supplies,8639,9572
2024-12-01,2024,12,F04,D420,6420,Expense,Other Operating,7199,8487
2024-12-01,2024,12,F04,D420,6420,Expense,Pharmaceuticals,2880,2662
2024-12-01,2024,12,F04,D420,6420,Expense,Purchased Services,11519,12659
2024-12-01,2024,12,F04,D420,6420,Expense,Salaries & Wages,143989,152266
2024-12-01,2024,12,F04,D430,6430,Revenue,Net Patient Service Revenue,939952,1011087
2024-12-01,2024,12,F04,D430,6430,Expense,Employee Benefits,52598,55773
2024-12-01,2024,12,F04,D430,6430,Expense,Equipment & Maintenance,7792,8578
2024-12-01,2024,12,F04,D430,6430,Expense,Medical Supplies,11689,10124
2024-12-01,2024,12,F04,D430,6430,Expense,Other Operating,9740,10693
2024-12-01,2024,12,F04,D430,6430,Expense,Pharmaceuticals,525137,585898
2024-12-01,2024,12,F04,D430,6430,Expense,Purchased Services,15585,14818
2024-12-01,2024,12,F04,D430,6430,Expense,Salaries & Wages,194809,212993
2024-12-01,2024,12,F04,D440,6440,Revenue,Net Patient Service Revenue,143033,145811
2024-12-01,2024,12,F04,D440,6440,Expense,Employee Benefits,25156,25655
2024-12-01,2024,12,F04,D440,6440,Expense,Equipment & Maintenance,3727,3829
2024-12-01,2024,12,F04,D440,6440,Expense,Medical Supplies,5590,5668
2024-12-01,2024,12,F04,D440,6440,Expense,Other Operating,4658,4878
2024-12-01,2024,12,F04,D440,6440,Expense,Pharmaceuticals,1863,2053
2024-12-01,2024,12,F04,D440,6440,Expense,Purchased Services,7454,7367
2024-12-01,2024,12,F04,D440,6440,Expense,Salaries & Wages,93169,97354
2024-12-01,2024,12,F04,D450,6450,Revenue,Net Patient Service Revenue,195690,208807
2024-12-01,2024,12,F04,D450,6450,Expense,Employee Benefits,36590,39681
2024-12-01,2024,12,F04,D450,6450,Expense,Equipment & Maintenance,5421,5121
2024-12-01,2024,12,F04,D450,6450,Expense,Medical Supplies,8131,9993
2024-12-01,2024,12,F04,D450,6450,Expense,Other Operating,6776,7221
2024-12-01,2024,12,F04,D450,6450,Expense,Pharmaceuticals,2710,2663
2024-12-01,2024,12,F04,D450,6450,Expense,Purchased Services,10842,10768
2024-12-01,2024,12,F04,D450,6450,Expense,Salaries & Wages,135519,144424
2024-12-01,2024,12,F01,D500,6500,Revenue,Net Patient Service Revenue,1056540,1074050
2024-12-01,2024,12,F01,D500,6500,Expense,Employee Benefits,130437,141048
2024-12-01,2024,12,F01,D500,6500,Expense,Equipment & Maintenance,27951,30379
2024-12-01,2024,12,F01,D500,6500,Expense,Medical Supplies,271038,280808
2024-12-01,2024,12,F01,D500,6500,Expense,Other Operating,13975,15695
2024-12-01,2024,12,F01,D500,6500,Expense,Pharmaceuticals,4658,5547
2024-12-01,2024,12,F01,D500,6500,Expense,Purchased Services,46585,49279
2024-12-01,2024,12,F01,D500,6500,Expense,Salaries & Wages,465847,482582
2024-12-01,2024,12,F01,D510,6510,Revenue,Net Patient Service Revenue,975129,977561
2024-12-01,2024,12,F01,D510,6510,Expense,Employee Benefits,113836,119013
2024-12-01,2024,12,F01,D510,6510,Expense,Equipment & Maintenance,152459,158244
2024-12-01,2024,12,F01,D510,6510,Expense,Medical Supplies,20328,21966
2024-12-01,2024,12,F01,D510,6510,Expense,Other Operating,12197,12505
2024-12-01,2024,12,F01,D510,6510,Expense,Pharmaceuticals,4066,4019
2024-12-01,2024,12,F01,D510,6510,Expense,Purchased Services,40656,46442
2024-12-01,2024,12,F01,D510,6510,Expense,Salaries & Wages,406557,402158
2024-12-01,2024,12,F01,D520,6520,Expense,Employee Benefits,73519,79669
2024-12-01,2024,12,F01,D520,6520,Expense,Equipment & Maintenance,15754,17605
2024-12-01,2024,12,F01,D520,6520,Expense,Medical Supplies,13128,14248
2024-12-01,2024,12,F01,D520,6520,Expense,Other Operating,7877,8003
2024-12-01,2024,12,F01,D520,6520,Expense,Pharmaceuticals,169399,179085
2024-12-01,2024,12,F01,D520,6520,Expense,Purchased Services,26257,23268
2024-12-01,2024,12,F01,D520,6520,Expense,Salaries & Wages,262568,299920
2025-01-01,2025,1,F01,D100,6100,Revenue,Net Patient Service Revenue,1356451,1268074
2025-01-01,2025,1,F01,D100,6100,Expense,Employee Benefits,236286,248626
2025-01-01,2025,1,F01,D100,6100,Expense,Equipment & Maintenance,42194,41916
2025-01-01,2025,1,F01,D100,6100,Expense,Medical Supplies,118143,119056
2025-01-01,2025,1,F01,D100,6100,Expense,Other Operating,25316,26424
2025-01-01,2025,1,F01,D100,6100,Expense,Pharmaceuticals,75949,64639
2025-01-01,2025,1,F01,D100,6100,Expense,Purchased Services,101266,106735
2025-01-01,2025,1,F01,D100,6100,Expense,Salaries & Wages,843879,929210
2025-01-01,2025,1,F01,D110,6110,Revenue,Net Patient Service Revenue,1127420,1149033
2025-01-01,2025,1,F01,D110,6110,Expense,Employee Benefits,181645,188130
2025-01-01,2025,1,F01,D110,6110,Expense,Equipment & Maintenance,17405,15622
2025-01-01,2025,1,F01,D110,6110,Expense,Medical Supplies,98101,88453
2025-01-01,2025,1,F01,D110,6110,Expense,Other Operating,13291,13303
2025-01-01,2025,1,F01,D110,6110,Expense,Pharmaceuticals,75949,95451
2025-01-01,2025,1,F01,D110,6110,Expense,Purchased Services,28481,29651
2025-01-01,2025,1,F01,D110,6110,Expense,Salaries & Wages,648732,642497
2025-01-01,2025,1,F01,D111,6111,Revenue,Net Patient Service Revenue,1002150,1015374
2025-01-01,2025,1,F01,D111,6111,Expense,Employee Benefits,161462,179678
2025-01-01,2025,1,F01,D111,6111,Expense,Equipment & Maintenance,15471,13124
2025-01-01,2025,1,F01,D111,6111,Expense,Medical Supplies,87201,80734
2025-01-01,2025,1,F01,D111,6111,Expense,Other Operating,11814,13697
2025-01-01,2025,1,F01,D111,6111,Expense,Pharmaceuticals,67510,75690
2025-01-01,2025,1,F01,D111,6111,Expense,Purchased Services,25316,28987
2025-01-01,2025,1,F01,D111,6111,Expense,Salaries & Wages,576651,605562
2025-01-01,2025,1,F01,D120,6120,Revenue,Net Patient Service Revenue,836703,881127
2025-01-01,2025,1,F01,D120,6120,Expense,Employee Benefits,121097,134213
2025-01-01,2025,1,F01,D120,6120,Expense,Equipment & Maintenance,11603,11562
2025-01-01,2025,1,F01,D120,6120,Expense,Medical Supplies,65401,62867
2025-01-01,2025,1,F01,D120,6120,Expense,Other Operating,8861,8626
2025-01-01,2025,1,F01,D120,6120,Expense,Pharmaceuticals,50633,51505
2025-01-01,2025,1,F01,D120,6120,Expense,Purchased Services,18987,16936
2025-01-01,2025,1,F01,D120,6120,Expense,Salaries & Wages,432488,469384
2025-01-01,2025,1,F01,D130,6130,Revenue,Net Patient Service Revenue,1018626,878503
2025-01-01,2025,1,F01,D130,6130,Expense,Employee Benefits,162447,173417
2025-01-01,2025,1,F01,D130,6130,Expense,Equipment & Maintenance,19339,20911
2025-01-01,2025,1,F01,D130,6130,Expense,Medical Supplies,91420,100477
2025-01-01,2025,1,F01,D130,6130,Expense,Other Operating,7384,8145
2025-01-01,2025,1,F01,D130,6130,Expense,Pharmaceuticals,84388,101548
2025-01-01,2025,1,F01,D130,6130,Expense,Purchased Services,15823,16758
2025-01-01,2025,1,F01,D130,6130,Expense,Salaries & Wages,580167,615418
2025-01-01,2025,1,F01,D140,6140,Revenue,Net Patient Service Revenue,792976,855161
2025-01-01,2025,1,F01,D140,6140,Expense,Employee Benefits,111005,122749
2025-01-01,2025,1,F01,D140,6140,Expense,Equipment & Maintenance,10636,9869
2025-01-01,2025,1,F01,D140,6140,Expense,Medical Supplies,59951,60901
2025-01-01,2025,1,F01,D140,6140,Expense,Other Operating,8122,9186
2025-01-01,2025,1,F01,D140,6140,Expense,Pharmaceuticals,46413,47992
2025-01-01,2025,1,F01,D140,6140,Expense,Purchased Services,17405,19243
2025-01-01,2025,1,F01,D140,6140,Expense,Salaries & Wages,396448,427771
2025-01-01,2025,1,F01,D150,6150,Revenue,Net Patient Service Revenue,774605,734887
2025-01-01,2025,1,F01,D150,6150,Expense,Employee Benefits,90823,93740
2025-01-01,2025,1,F01,D150,6150,Expense,Equipment & Maintenance,8703,9260
2025-01-01,2025,1,F01,D150,6150,Expense,Medical Supplies,49050,40981
2025-01-01,2025,1,F01,D150,6150,Expense,Other Operating,6646,6320
2025-01-01,2025,1,F01,D150,6150,Expense,Pharmaceuticals,197784,221326
2025-01-01,2025,1,F01,D150,6150,Expense,Purchased Services,14240,13305
2025-01-01,2025,1,F01,D150,6150,Expense,Salaries & Wages,324366,335181
2025-01-01,2025,1,F01,D160,6160,Revenue,Net Patient Service Revenue,501075,586457
2025-01-01,2025,1,F01,D160,6160,Expense,Employee Benefits,80731,83892
2025-01-01,2025,1,F01,D160,6160,Expense,Equipment & Maintenance,7736,7998
2025-01-01,2025,1,F01,D160,6160,Expense,Medical Supplies,43600,40692
2025-01-01,2025,1,F01,D160,6160,Expense,Other Operating,5907,6278
2025-01-01,2025,1,F01,D160,6160,Expense,Pharmaceuticals,33755,32579
2025-01-01,2025,1,F01,D160,6160,Expense,Purchased Services,12658,13242
2025-01-01,2025,1,F01,D160,6160,Expense,Salaries & Wages,288325,301344
2025-01-01,2025,1,F01,D170,6170,Revenue,Net Patient Service Revenue,602710,623541
2025-01-01,2025,1,F01,D170,6170,Expense,Employee Benefits,100914,100236
2025-01-01,2025,1,F01,D170,6170,Expense,Equipment & Maintenance,9669,10015
2025-01-01,2025,1,F01,D170,6170,Expense,Medical Supplies,54501,56062
2025-01-01,2025,1,F01,D170,6170,Expense,Other Operating,7384,7336
2025-01-01,2025,1,F01,D170,6170,Expense,Pharmaceuticals,42194,43074
2025-01-01,2025,1,F01,D170,6170,Expense,Purchased Services,15823,19178
2025-01-01,2025,1,F01,D170,6170,Expense,Salaries & Wages,360407,393254
2025-01-01,2025,1,F01,D180,6180,Revenue,Net Patient Service Revenue,372262,375799
2025-01-01,2025,1,F01,D180,6180,Expense,Employee Benefits,70640,68178
2025-01-01,2025,1,F01,D180,6180,Expense,Equipment & Maintenance,6769,6735
2025-01-01,2025,1,F01,D180,6180,Expense,Medical Supplies,38150,41328
2025-01-01,2025,1,F01,D180,6180,Expense,Other Operating,5169,5911
2025-01-01,2025,1,F01,D180,6180,Expense,Pharmaceuticals,29536,32454
2025-01-01,2025,1,F01,D180,6180,Expense,Purchased Services,11076,12237
2025-01-01,2025,1,F01,D180,6180,Expense,Salaries & Wages,252285,256970
2025-01-01,2025,1,F01,D190,6190,Revenue,Net Patient Service Revenue,446715,428086
2025-01-01,2025,1,F01,D190,6190,Expense,Employee Benefits,90823,91991
2025-01-01,2025,1,F01,D190,6190,Expense,Equipment & Maintenance,8703,9211
2025-01-01,2025,1,F01,D190,6190,Expense,Medical Supplies,49050,53472
2025-01-01,2025,1,F01,D190,6190,Expense,Other Operating,6646,6693
2025-01-01,2025,1,F01,D190,6190,Expense,Pharmaceuticals,37975,40873
2025-01-01,2025,1,F01,D190,6190,Expense,Purchased Services,14240,14121
2025-01-01,2025,1,F01,D190,6190,Expense,Salaries & Wages,324366,339782
2025-01-01,2025,1,F01,D195,6195,Revenue,Net Patient Service Revenue,375806,363900
2025-01-01,2025,1,F01,D195,6195,Expense,Employee Benefits,60548,63091
2025-01-01,2025,1,F01,D195,6195,Expense,Equipment & Maintenance,5802,6726
2025-01-01,2025,1,F01,D195,6195,Expense,Medical Supplies,32700,31388
2025-01-01,2025,1,F01,D195,6195,Expense,Other Operating,4430,4669
2025-01-01,2025,1,F01,D195,6195,Expense,Pharmaceuticals,25316,23885
2025-01-01,2025,1,F01,D195,6195,Expense,Purchased Services,9494,9183
2025-01-01,2025,1,F01,D195,6195,Expense,Salaries & Wages,216244,217179
2025-01-01,2025,1,F01,D196,6196,Revenue,Net Patient Service Revenue,1942241,2205060
2025-01-01,2025,1,F01,D196,6196,Expense,Employee Benefits,152602,157180
2025-01-01,2025,1,F01,D196,6196,Expense,Equipment & Maintenance,32700,35034
2025-01-01,2025,1,F01,D196,6196,Expense,Medical Supplies,747185,830906
2025-01-01,2025,1,F01,D196,6196,Expense,Other Operating,16350,17162
2025-01-01,2025,1,F01,D196,6196,Expense,Pharmaceuticals,5450,5300
2025-01-01,2025,1,F01,D196,6196,Expense,Purchased Services,54501,50526
2025-01-01,2025,1,F01,D196,6196,Expense,Salaries & Wages,545005,561379
2025-01-01,2025,1,F02,D200,6200,Revenue,Net Patient Service Revenue,536929,579720
2025-01-01,2025,1,F02,D200,6200,Expense,Employee Benefits,93530,100150
2025-01-01,2025,1,F02,D200,6200,Expense,Equipment & Maintenance,16702,17624
2025-01-01,2025,1,F02,D200,6200,Expense,Medical Supplies,46765,48221
2025-01-01,2025,1,F02,D200,6200,Expense,Other Operating,10021,8350
2025-01-01,2025,1,F02,D200,6200,Expense,Pharmaceuticals,30063,28762
2025-01-01,2025,1,F02,D200,6200,Expense,Purchased Services,40084,39299
2025-01-01,2025,1,F02,D200,6200,Expense,Salaries & Wages,334036,336862
2025-01-01,2025,1,F02,D210,6210,Revenue,Net Patient Service Revenue,876884,887672
2025-01-01,2025,1,F02,D210,6210,Expense,Employee Benefits,141279,151678
2025-01-01,2025,1,F02,D210,6210,Expense,Equipment & Maintenance,13537,15786
2025-01-01,2025,1,F02,D210,6210,Expense,Medical Supplies,76301,88524
2025-01-01,2025,1,F02,D210,6210,Expense,Other Operating,10338,11131
2025-01-01,2025,1,F02,D210,6210,Expense,Pharmaceuticals,59072,65513
2025-01-01,2025,1,F02,D210,6210,Expense,Purchased Services,22152,20744
2025-01-01,2025,1,F02,D210,6210,Expense,Salaries & Wages,504570,526711
2025-01-01,2025,1,F02,D230,6230,Revenue,Net Patient Service Revenue,407451,375668
2025-01-01,2025,1,F02,D230,6230,Expense,Employee Benefits,64979,66839
2025-01-01,2025,1,F02,D230,6230,Expense,Equipment & Maintenance,7736,6303
2025-01-01,2025,1,F02,D230,6230,Expense,Medical Supplies,36568,39940
2025-01-01,2025,1,F02,D230,6230,Expense,Other Operating,2954,3013
2025-01-01,2025,1,F02,D230,6230,Expense,Pharmaceuticals,33755,34865
2025-01-01,2025,1,F02,D230,6230,Expense,Purchased Services,6329,6195
2025-01-01,2025,1,F02,D230,6230,Expense,Salaries & Wages,232067,256923
2025-01-01,2025,1,F02,D270,6270,Revenue,Net Patient Service Revenue,313172,310471
2025-01-01,2025,1,F02,D270,6270,Expense,Employee Benefits,50457,53731
2025-01-01,2025,1,F02,D270,6270,Expense,Equipment & Maintenance,4835,4857
2025-01-01,2025,1,F02,D270,6270,Expense,Medical Supplies,27250,29797
2025-01-01,2025,1,F02,D270,6270,Expense,Other Operating,3692,3393
2025-01-01,2025,1,F02,D270,6270,Expense,Pharmaceuticals,21097,19301
2025-01-01,2025,1,F02,D270,6270,Expense,Purchased Services,7911,8405
2025-01-01,2025,1,F02,D270,6270,Expense,Salaries & Wages,180203,195896
2025-01-01,2025,1,F03,D300,6300,Revenue,Net Patient Service Revenue,720615,674800
2025-01-01,2025,1,F03,D300,6300,Expense,Employee Benefits,125527,137661
2025-01-01,2025,1,F03,D300,6300,Expense,Equipment & Maintenance,22416,22147
2025-01-01,2025,1,F03,D300,6300,Expense,Medical Supplies,62764,69598
2025-01-01,2025,1,F03,D300,6300,Expense,Other Operating,13449,11966
2025-01-01,2025,1,F03,D300,6300,Expense,Pharmaceuticals,40348,39942
2025-01-01,2025,1,F03,D300,6300,Expense,Purchased Services,53797,60214
2025-01-01,2025,1,F03,D300,6300,Expense,Salaries & Wages,448311,462754
2025-01-01,2025,1,F03,D310,6310,Revenue,Net Patient Service Revenue,939517,971913
2025-01-01,2025,1,F03,D310,6310,Expense,Employee Benefits,151371,159590
2025-01-01,2025,1,F03,D310,6310,Expense,Equipment & Maintenance,14504,12939
2025-01-01,2025,1,F03,D310,6310,Expense,Medical Supplies,81751,82309
2025-01-01,2025,1,F03,D310,6310,Expense,Other Operating,11076,11732
2025-01-01,2025,1,F03,D310,6310,Expense,Pharmaceuticals,63291,69804
2025-01-01,2025,1,F03,D310,6310,Expense,Purchased Services,23734,25137
2025-01-01,2025,1,F03,D310,6310,Expense,Salaries & Wages,540610,579798
2025-01-01,2025,1,F03,D320,6320,Revenue,Net Patient Service Revenue,501075,536922
2025-01-01,2025,1,F03,D320,6320,Expense,Employee Benefits,80731,83551
2025-01-01,2025,1,F03,D320,6320,Expense,Equipment & Maintenance,7736,8152
2025-01-01,2025,1,F03,D320,6320,Expense,Medical Supplies,43600,48887
2025-01-01,2025,1,F03,D320,6320,Expense,Other Operating,5907,5119
2025-01-01,2025,1,F03,D320,6320,Expense,Pharmaceuticals,33755,36880
2025-01-01,2025,1,F03,D320,6320,Expense,Purchased Services,12658,12425
2025-01-01,2025,1,F03,D320,6320,Expense,Salaries & Wages,288325,304487
2025-01-01,2025,1,F03,D330,6330,Revenue,Net Patient Service Revenue,611175,632070
2025-01-01,2025,1,F03,D330,6330,Expense,Employee Benefits,97468,96798
2025-01-01,2025,1,F03,D330,6330,Expense,Equipment & Maintenance,11603,12426
2025-01-01,2025,1,F03,D330,6330,Expense,Medical Supplies,54852,53910
2025-01-01,2025,1,F03,D330,6330,Expense,Other Operating,4430,4587
2025-01-01,2025,1,F03,D330,6330,Expense,Pharmaceuticals,50633,54948
2025-01-01,2025,1,F03,D330,6330,Expense,Purchased Services,9494,8916
2025-01-01,2025,1,F03,D330,6330,Expense,Salaries & Wages,348100,350327
2025-01-01,2025,1,F03,D340,6340,Revenue,Net Patient Service Revenue,438442,452439
2025-01-01,2025,1,F03,D340,6340,Expense,Employee Benefits,70640,70485
2025-01-01,2025,1,F03,D340,6340,Expense,Equipment & Maintenance,6769,7049
2025-01-01,2025,1,F03,D340,6340,Expense,Medical Supplies,38150,35144
2025-01-01,2025,1,F03,D340,6340,Expense,Other Operating,5169,4969
2025-01-01,2025,1,F03,D340,6340,Expense,Pharmaceuticals,29536,29005
2025-01-01,2025,1,F03,D340,6340,Expense,Purchased Services,11076,13187
2025-01-01,2025,1,F03,D340,6340,Expense,Salaries & Wages,252285,236760
2025-01-01,2025,1,F04,D400,6400,Revenue,Net Patient Service Revenue,440659,493119
2025-01-01,2025,1,F04,D400,6400,Expense,Employee Benefits,80696,82858
2025-01-01,2025,1,F04,D400,6400,Expense,Equipment & Maintenance,11955,11752
2025-01-01,2025,1,F04,D400,6400,Expense,Medical Supplies,17932,17088
2025-01-01,2025,1,F04,D400,6400,Expense,Other Operating,14944,13230
2025-01-01,2025,1,F04,D400,6400,Expense,Pharmaceuticals,5977,4814
2025-01-01,2025,1,F04,D400,6400,Expense,Purchased Services,23910,27941
2025-01-01,2025,1,F04,D400,6400,Expense,Salaries & Wages,298874,312003
2025-01-01,2025,1,F04,D410,6410,Revenue,Net Patient Service Revenue,304640,291871
2025-01-01,2025,1,F04,D410,6410,Expense,Employee Benefits,45095,47604
2025-01-01,2025,1,F04,D410,6410,Expense,Equipment & Maintenance,6681,7278
2025-01-01,2025,1,F04,D410,6410,Expense,Medical Supplies,10021,10073
2025-01-01,2025,1,F04,D410,6410,Expense,Other Operating,8351,8984
2025-01-01,2025,1,F04,D410,6410,Expense,Pharmaceuticals,3340,3857
2025-01-01,2025,1,F04,D410,6410,Expense,Purchased Services,13361,13791
2025-01-01,2025,1,F04,D410,6410,Expense,Salaries & Wages,167018,172777
2025-01-01,2025,1,F04,D420,6420,Revenue,Net Patient Service Revenue,268030,275490
2025-01-01,2025,1,F04,D420,6420,Expense,Employee Benefits,40348,43953
2025-01-01,2025,1,F04,D420,6420,Expense,Equipment & Maintenance,5977,6201
2025-01-01,2025,1,F04,D420,6420,Expense,Medical Supplies,8966,9155
2025-01-01,2025,1,F04,D420,6420,Expense,Other Operating,7472,7869
2025-01-01,2025,1,F04,D420,6420,Expense,Pharmaceuticals,2989,2985
2025-01-01,2025,1,F04,D420,6420,Expense,Purchased Services,11955,14135
2025-01-01,2025,1,F04,D420,6420,Expense,Salaries & Wages,149437,159547
2025-01-01,2025,1,F04,D430,6430,Revenue,Net Patient Service Revenue,975514,1021434
2025-01-01,2025,1,F04,D430,6430,Expense,Employee Benefits,54588,57652
2025-01-01,2025,1,F04,D430,6430,Expense,Equipment & Maintenance,8087,8543
2025-01-01,2025,1,F04,D430,6430,Expense,Medical Supplies,12131,13248
2025-01-01,2025,1,F04,D430,6430,Expense,Other Operating,10109,11051
2025-01-01,2025,1,F04,D430,6430,Expense,Pharmaceuticals,545005,533798
2025-01-01,2025,1,F04,D430,6430,Expense,Purchased Services,16174,16287
2025-01-01,2025,1,F04,D430,6430,Expense,Salaries & Wages,202179,221462
2025-01-01,2025,1,F04,D440,6440,Revenue,Net Patient Service Revenue,148448,148151
2025-01-01,2025,1,F04,D440,6440,Expense,Employee Benefits,26108,26553
2025-01-01,2025,1,F04,D440,6440,Expense,Equipment & Maintenance,3868,4168
2025-01-01,2025,1,F04,D440,6440,Expense,Medical Supplies,5802,5916
2025-01-01,2025,1,F04,D440,6440,Expense,Other Operating,4835,4468
2025-01-01,2025,1,F04,D440,6440,Expense,Pharmaceuticals,1934,1823
2025-01-01,2025,1,F04,D440,6440,Expense,Purchased Services,7736,7367
2025-01-01,2025,1,F04,D440,6440,Expense,Salaries & Wages,96695,104486
2025-01-01,2025,1,F04,D450,6450,Revenue,Net Patient Service Revenue,203095,225132
2025-01-01,2025,1,F04,D450,6450,Expense,Employee Benefits,37975,40102
2025-01-01,2025,1,F04,D450,6450,Expense,Equipment & Maintenance,5626,5526
2025-01-01,2025,1,F04,D450,6450,Expense,Medical Supplies,8439,10090
2025-01-01,2025,1,F04,D450,6450,Expense,Other Operating,7032,6367
2025-01-01,2025,1,F04,D450,6450,Expense,Pharmaceuticals,2813,3293
2025-01-01,2025,1,F04,D450,6450,Expense,Purchased Services,11252,10991
2025-01-01,2025,1,F04,D450,6450,Expense,Salaries & Wages,140647,145418
2025-01-01,2025,1,F01,D500,6500,Revenue,Net Patient Service Revenue,1096515,1099590
2025-01-01,2025,1,F01,D500,6500,Expense,Employee Benefits,135372,151789
2025-01-01,2025,1,F01,D500,6500,Expense,Equipment & Maintenance,29008,30730
2025-01-01,2025,1,F01,D500,6500,Expense,Medical Supplies,281293,321426
2025-01-01,2025,1,F01,D500,6500,Expense,Other Operating,14504,15899
2025-01-01,2025,1,F01,D500,6500,Expense,Pharmaceuticals,4835,5132
2025-01-01,2025,1,F01,D500,6500,Expense,Purchased Services,48347,48246
2025-01-01,2025,1,F01,D500,6500,Expense,Salaries & Wages,483473,508716
2025-01-01,2025,1,F01,D510,6510,Revenue,Net Patient Service Revenue,1012021,1005558
2025-01-01,2025,1,F01,D510,6510,Expense,Employee Benefits,118143,124086
2025-01-01,2025,1,F01,D510,6510,Expense,Equipment & Maintenance,158227,161451
2025-01-01,2025,1,F01,D510,6510,Expense,Medical Supplies,21097,20514
2025-01-01,2025,1,F01,D510,6510,Expense,Other Operating,12658,10813
2025-01-01,2025,1,F01,D510,6510,Expense,Pharmaceuticals,4219,4717
2025-01-01,2025,1,F01,D510,6510,Expense,Purchased Services,42194,47063
2025-01-01,2025,1,F01,D510,6510,Expense,Salaries & Wages,421940,407119
2025-01-01,2025,1,F01,D520,6520,Expense,Employee Benefits,76301,82190
2025-01-01,2025,1,F01,D520,6520,Expense,Equipment & Maintenance,16350,16913
2025-01-01,2025,1,F01,D520,6520,Expense,Medical Supplies,13625,14959
2025-01-01,2025,1,F01,D520,6520,Expense,Other Operating,8175,9790
2025-01-01,2025,1,F01,D520,6520,Expense,Pharmaceuticals,175808,165005
2025-01-01,2025,1,F01,D520,6520,Expense,Purchased Services,27250,27722
2025-01-01,2025,1,F01,D520,6520,Expense,Salaries & Wages,272503,301553
2025-02-01,2025,2,F01,D100,6100,Revenue,Net Patient Service Revenue,1225183,1243198
2025-02-01,2025,2,F01,D100,6100,Expense,Employee Benefits,213420,221391
2025-02-01,2025,2,F01,D100,6100,Expense,Equipment & Maintenance,38111,44902
2025-02-01,2025,2,F01,D100,6100,Expense,Medical Supplies,106710,115465
2025-02-01,2025,2,F01,D100,6100,Expense,Other Operating,22866,24279
2025-02-01,2025,2,F01,D100,6100,Expense,Pharmaceuticals,68599,78766
2025-02-01,2025,2,F01,D100,6100,Expense,Purchased Services,91466,90621
2025-02-01,2025,2,F01,D100,6100,Expense,Salaries & Wages,762214,846910
2025-02-01,2025,2,F01,D110,6110,Revenue,Net Patient Service Revenue,1018316,978313
2025-02-01,2025,2,F01,D110,6110,Expense,Employee Benefits,164066,173113
2025-02-01,2025,2,F01,D110,6110,Expense,Equipment & Maintenance,15721,16607
2025-02-01,2025,2,F01,D110,6110,Expense,Medical Supplies,88607,95454
2025-02-01,2025,2,F01,D110,6110,Expense,Other Operating,12005,13158
2025-02-01,2025,2,F01,D110,6110,Expense,Pharmaceuticals,68599,76459
2025-02-01,2025,2,F01,D110,6110,Expense,Purchased Services,25725,22210
2025-02-01,2025,2,F01,D110,6110,Expense,Salaries & Wages,585952,586090
2025-02-01,2025,2,F01,D111,6111,Revenue,Net Patient Service Revenue,905169,906670
2025-02-01,2025,2,F01,D111,6111,Expense,Employee Benefits,145837,156523
2025-02-01,2025,2,F01,D111,6111,Expense,Equipment & Maintenance,13974,14450
2025-02-01,2025,2,F01,D111,6111,Expense,Medical Supplies,78762,79400
2025-02-01,2025,2,F01,D111,6111,Expense,Other Operating,10671,11995
2025-02-01,2025,2,F01,D111,6111,Expense,Pharmaceuticals,60977,59019
2025-02-01,2025,2,F01,D111,6111,Expense,Purchased Services,22866,21706
2025-02-01,2025,2,F01,D111,6111,Expense,Salaries & Wages,520846,532716
2025-02-01,2025,2,F01,D120,6120,Revenue,Net Patient Service Revenue,755732,758184
2025-02-01,2025,2,F01,D120,6120,Expense,Employee Benefits,109378,117129
2025-02-01,2025,2,F01,D120,6120,Expense,Equipment & Maintenance,10480,9915
2025-02-01,2025,2,F01,D120,6120,Expense,Medical Supplies,59072,60876
2025-02-01,2025,2,F01,D120,6120,Expense,Other Operating,8003,8018
2025-02-01,2025,2,F01,D120,6120,Expense,Pharmaceuticals,45733,59890
2025-02-01,2025,2,F01,D120,6120,Expense,Purchased Services,17150,18532
2025-02-01,2025,2,F01,D120,6120,Expense,Salaries & Wages,390635,403933
2025-02-01,2025,2,F01,D130,6130,Revenue,Net Patient Service Revenue,920048,877879
2025-02-01,2025,2,F01,D130,6130,Expense,Employee Benefits,146726,157051
2025-02-01,2025,2,F01,D130,6130,Expense,Equipment & Maintenance,17467,17158
2025-02-01,2025,2,F01,D130,6130,Expense,Medical Supplies,82573,86137
2025-02-01,2025,2,F01,D130,6130,Expense,Other Operating,6669,6440
2025-02-01,2025,2,F01,D130,6130,Expense,Pharmaceuticals,76221,69929
2025-02-01,2025,2,F01,D130,6130,Expense,Purchased Services,14292,14730
2025-02-01,2025,2,F01,D130,6130,Expense,Salaries & Wages,524022,541380
2025-02-01,2025,2,F01,D140,6140,Revenue,Net Patient Service Revenue,716238,718198
2025-02-01,2025,2,F01,D140,6140,Expense,Employee Benefits,100263,105675
2025-02-01,2025,2,F01,D140,6140,Expense,Equipment & Maintenance,9607,8771
2025-02-01,2025,2,F01,D140,6140,Expense,Medical Supplies,54149,61690
2025-02-01,2025,2,F01,D140,6140,Expense,Other Operating,7336,8356
2025-02-01,2025,2,F01,D140,6140,Expense,Pharmaceuticals,41922,42237
2025-02-01,2025,2,F01,D140,6140,Expense,Purchased Services,15721,17517
2025-02-01,2025,2,F01,D140,6140,Expense,Salaries & Wages,358082,392854
2025-02-01,2025,2,F01,D150,6150,Revenue,Net Patient Service Revenue,699643,700581
2025-02-01,2025,2,F01,D150,6150,Expense,Employee Benefits,82033,83267
2025-02-01,2025,2,F01,D150,6150,Expense,Equipment & Maintenance,7860,8892
2025-02-01,2025,2,F01,D150,6150,Expense,Medical Supplies,44304,45207
2025-02-01,2025,2,F01,D150,6150,Expense,Other Operating,6002,5020
2025-02-01,2025,2,F01,D150,6150,Expense,Pharmaceuticals,178644,191338
2025-02-01,2025,2,F01,D150,6150,Expense,Purchased Services,12862,11803
2025-02-01,2025,2,F01,D150,6150,Expense,Salaries & Wages,292976,304308
2025-02-01,2025,2,F01,D160,6160,Revenue,Net Patient Service Revenue,452584,467017
2025-02-01,2025,2,F01,D160,6160,Expense,Employee Benefits,72918,77251
2025-02-01,2025,2,F01,D160,6160,Expense,Equipment & Maintenance,6987,8027
2025-02-01,2025,2,F01,D160,6160,Expense,Medical Supplies,39381,40337
2025-02-01,2025,2,F01,D160,6160,Expense,Other Operating,5335,4729
2025-02-01,2025,2,F01,D160,6160,Expense,Pharmaceuticals,30489,36177
2025-02-01,2025,2,F01,D160,6160,Expense,Purchased Services,11433,10949
2025-02-01,2025,2,F01,D160,6160,Expense,Salaries & Wages,260423,270882
2025-02-01,2025,2,F01,D170,6170,Revenue,Net Patient Service Revenue,544383,522778
2025-02-01,2025,2,F01,D170,6170,Expense,Employee Benefits,91148,91048
2025-02-01,2025,2,F01,D170,6170,Expense,Equipment & Maintenance,8734,9239
2025-02-01,2025,2,F01,D170,6170,Expense,Medical Supplies,49226,54020
2025-02-01,2025,2,F01,D170,6170,Expense,Other Operating,6669,7145
2025-02-01,2025,2,F01,D170,6170,Expense,Pharmaceuticals,38111,34375
2025-02-01,2025,2,F01,D170,6170,Expense,Purchased Services,14292,13001
2025-02-01,2025,2,F01,D170,6170,Expense,Salaries & Wages,325529,350791
2025-02-01,2025,2,F01,D180,6180,Revenue,Net Patient Service Revenue,336236,360728
2025-02-01,2025,2,F01,D180,6180,Expense,Employee Benefits,63804,65670
2025-02-01,2025,2,F01,D180,6180,Expense,Equipment & Maintenance,6114,6129
2025-02-01,2025,2,F01,D180,6180,Expense,Medical Supplies,34458,34937
2025-02-01,2025,2,F01,D180,6180,Expense,Other Operating,4669,5222
2025-02-01,2025,2,F01,D180,6180,Expense,Pharmaceuticals,26677,25038
2025-02-01,2025,2,F01,D180,6180,Expense,Purchased Services,10004,11113
2025-02-01,2025,2,F01,D180,6180,Expense,Salaries & Wages,227870,242238
2025-02-01,2025,2,F01,D190,6190,Revenue,Net Patient Service Revenue,403483,377230
2025-02-01,2025,2,F01,D190,6190,Expense,Employee Benefits,82033,82935
2025-02-01,2025,2,F01,D190,6190,Expense,Equipment & Maintenance,7860,8213
2025-02-01,2025,2,F01,D190,6190,Expense,Medical Supplies,44304,46358
2025-02-01,2025,2,F01,D190,6190,Expense,Other Operating,6002,5763
2025-02-01,2025,2,F01,D190,6190,Expense,Pharmaceuticals,34300,44490
2025-02-01,2025,2,F01,D190,6190,Expense,Purchased Services,12862,14229
2025-02-01,2025,2,F01,D190,6190,Expense,Salaries & Wages,292976,290573
2025-02-01,2025,2,F01,D195,6195,Revenue,Net Patient Service Revenue,339438,324386
2025-02-01,2025,2,F01,D195,6195,Expense,Employee Benefits,54689,58336
2025-02-01,2025,2,F01,D195,6195,Expense,Equipment & Maintenance,5240,4869
2025-02-01,2025,2,F01,D195,6195,Expense,Medical Supplies,29536,27344
2025-02-01,2025,2,F01,D195,6195,Expense,Other Operating,4002,3550
2025-02-01,2025,2,F01,D195,6195,Expense,Pharmaceuticals,22866,24489
2025-02-01,2025,2,F01,D195,6195,Expense,Purchased Services,8575,7936
2025-02-01,2025,2,F01,D195,6195,Expense,Salaries & Wages,195317,192953
2025-02-01,2025,2,F01,D196,6196,Revenue,Net Patient Service Revenue,1754284,1936211
2025-02-01,2025,2,F01,D196,6196,Expense,Employee Benefits,137834,142924
2025-02-01,2025,2,F01,D196,6196,Expense,Equipment & Maintenance,29536,29826
2025-02-01,2025,2,F01,D196,6196,Expense,Medical Supplies,674877,746319
2025-02-01,2025,2,F01,D196,6196,Expense,Other Operating,14768,16627
2025-02-01,2025,2,F01,D196,6196,Expense,Pharmaceuticals,4923,6089
2025-02-01,2025,2,F01,D196,6196,Expense,Purchased Services,49226,51325
2025-02-01,2025,2,F01,D196,6196,Expense,Salaries & Wages,492263,502603
2025-02-01,2025,2,F02,D200,6200,Revenue,Net Patient Service Revenue,484968,515446
2025-02-01,2025,2,F02,D200,6200,Expense,Employee Benefits,84479,87376
2025-02-01,2025,2,F02,D200,6200,Expense,Equipment & Maintenance,15085,14593
2025-02-01,2025,2,F02,D200,6200,Expense,Medical Supplies,42239,49213
2025-02-01,2025,2,F02,D200,6200,Expense,Other Operating,9051,9451
2025-02-01,2025,2,F02,D200,6200,Expense,Pharmaceuticals,27154,28268
2025-02-01,2025,2,F02,D200,6200,Expense,Purchased Services,36205,38088
2025-02-01,2025,2,F02,D200,6200,Expense,Salaries & Wages,301710,306439
2025-02-01,2025,2,F02,D210,6210,Revenue,Net Patient Service Revenue,792022,866150
2025-02-01,2025,2,F02,D210,6210,Expense,Employee Benefits,127607,133997
2025-02-01,2025,2,F02,D210,6210,Expense,Equipment & Maintenance,12227,13286
2025-02-01,2025,2,F02,D210,6210,Expense,Medical Supplies,68917,76927
2025-02-01,2025,2,F02,D210,6210,Expense,Other Operating,9337,10221
2025-02-01,2025,2,F02,D210,6210,Expense,Pharmaceuticals,53355,65138
2025-02-01,2025,2,F02,D210,6210,Expense,Purchased Services,20008,21489
2025-02-01,2025,2,F02,D210,6210,Expense,Salaries & Wages,455740,499670
2025-02-01,2025,2,F02,D230,6230,Revenue,Net Patient Service Revenue,368020,371505
2025-02-01,2025,2,F02,D230,6230,Expense,Employee Benefits,58690,62751
2025-02-01,2025,2,F02,D230,6230,Expense,Equipment & Maintenance,6987,7172
2025-02-01,2025,2,F02,D230,6230,Expense,Medical Supplies,33029,34208
2025-02-01,2025,2,F02,D230,6230,Expense,Other Operating,2668,2586
2025-02-01,2025,2,F02,D230,6230,Expense,Pharmaceuticals,30489,29328
2025-02-01,2025,2,F02,D230,6230,Expense,Purchased Services,5717,5850
2025-02-01,2025,2,F02,D230,6230,Expense,Salaries & Wages,209609,229229
2025-02-01,2025,2,F02,D270,6270,Revenue,Net Patient Service Revenue,282865,272206
2025-02-01,2025,2,F02,D270,6270,Expense,Employee Benefits,45574,46139
2025-02-01,2025,2,F02,D270,6270,Expense,Equipment & Maintenance,4367,4373
2025-02-01,2025,2,F02,D270,6270,Expense,Medical Supplies,24613,27683
2025-02-01,2025,2,F02,D270,6270,Expense,Other Operating,3335,3145
2025-02-01,2025,2,F02,D270,6270,Expense,Pharmaceuticals,19055,18368
2025-02-01,2025,2,F02,D270,6270,Expense,Purchased Services,7146,6943
2025-02-01,2025,2,F02,D270,6270,Expense,Salaries & Wages,162764,175054
2025-02-01,2025,2,F03,D300,6300,Revenue,Net Patient Service Revenue,650878,634484
2025-02-01,2025,2,F03,D300,6300,Expense,Employee Benefits,113379,117928
2025-02-01,2025,2,F03,D300,6300,Expense,Equipment & Maintenance,20246,20669
2025-02-01,2025,2,F03,D300,6300,Expense,Medical Supplies,56690,55356
2025-02-01,2025,2,F03,D300,6300,Expense,Other Operating,12148,14246
2025-02-01,2025,2,F03,D300,6300,Expense,Pharmaceuticals,36443,34951
2025-02-01,2025,2,F03,D300,6300,Expense,Purchased Services,48591,47256
2025-02-01,2025,2,F03,D300,6300,Expense,Salaries & Wages,404926,428645
2025-02-01,2025,2,F03,D310,6310,Revenue,Net Patient Service Revenue,848596,873491
2025-02-01,2025,2,F03,D310,6310,Expense,Employee Benefits,136722,143677
2025-02-01,2025,2,F03,D310,6310,Expense,Equipment & Maintenance,13101,11673
2025-02-01,2025,2,F03,D310,6310,Expense,Medical Supplies,73839,79448
2025-02-01,2025,2,F03,D310,6310,Expense,Other Operating,10004,9955
2025-02-01,2025,2,F03,D310,6310,Expense,Pharmaceuticals,57166,52464
2025-02-01,2025,2,F03,D310,6310,Expense,Purchased Services,21437,22549
2025-02-01,2025,2,F03,D310,6310,Expense,Salaries & Wages,488293,521343
2025-02-01,2025,2,F03,D320,6320,Revenue,Net Patient Service Revenue,452584,494476
2025-02-01,2025,2,F03,D320,6320,Expense,Employee Benefits,72918,77690
2025-02-01,2025,2,F03,D320,6320,Expense,Equipment & Maintenance,6987,6441
2025-02-01,2025,2,F03,D320,6320,Expense,Medical Supplies,39381,32989
2025-02-01,2025,2,F03,D320,6320,Expense,Other Operating,5335,5891
2025-02-01,2025,2,F03,D320,6320,Expense,Pharmaceuticals,30489,31267
2025-02-01,2025,2,F03,D320,6320,Expense,Purchased Services,11433,11907
2025-02-01,2025,2,F03,D320,6320,Expense,Salaries & Wages,260423,274938
2025-02-01,2025,2,F03,D330,6330,Revenue,Net Patient Service Revenue,552030,587204
2025-02-01,2025,2,F03,D330,6330,Expense,Employee Benefits,88036,86123
2025-02-01,2025,2,F03,D330,6330,Expense,Equipment & Maintenance,10480,11843
2025-02-01,2025,2,F03,D330,6330,Expense,Medical Supplies,49544,50450
2025-02-01,2025,2,F03,D330,6330,Expense,Other Operating,4002,3471
2025-02-01,2025,2,F03,D330,6330,Expense,Pharmaceuticals,45733,41238
2025-02-01,2025,2,F03,D330,6330,Expense,Purchased Services,8575,8775
2025-02-01,2025,2,F03,D330,6330,Expense,Salaries & Wages,314413,322291
2025-02-01,2025,2,F03,D340,6340,Revenue,Net Patient Service Revenue,396012,447549
2025-02-01,2025,2,F03,D340,6340,Expense,Employee Benefits,63804,68335
2025-02-01,2025,2,F03,D340,6340,Expense,Equipment & Maintenance,6114,5798
2025-02-01,2025,2,F03,D340,6340,Expense,Medical Supplies,34458,35575
2025-02-01,2025,2,F03,D340,6340,Expense,Other Operating,4669,4698
2025-02-01,2025,2,F03,D340,6340,Expense,Pharmaceuticals,26677,24469
2025-02-01,2025,2,F03,D340,6340,Expense,Purchased Services,10004,10673
2025-02-01,2025,2,F03,D340,6340,Expense,Salaries & Wages,227870,229963
2025-02-01,2025,2,F04,D400,6400,Revenue,Net Patient Service Revenue,398016,464987
2025-02-01,2025,2,F04,D400,6400,Expense,Employee Benefits,72887,71741
2025-02-01,2025,2,F04,D400,6400,Expense,Equipment & Maintenance,10798,10378
2025-02-01,2025,2,F04,D400,6400,Expense,Medical Supplies,16197,17770
2025-02-01,2025,2,F04,D400,6400,Expense,Other Operating,13498,12299
2025-02-01,2025,2,F04,D400,6400,Expense,Pharmaceuticals,5399,5609
2025-02-01,2025,2,F04,D400,6400,Expense,Purchased Services,21596,22087
2025-02-01,2025,2,F04,D400,6400,Expense,Salaries & Wages,269951,285245
2025-02-01,2025,2,F04,D410,6410,Revenue,Net Patient Service Revenue,275159,272701
2025-02-01,2025,2,F04,D410,6410,Expense,Employee Benefits,40731,43377
2025-02-01,2025,2,F04,D410,6410,Expense,Equipment & Maintenance,6034,6310
2025-02-01,2025,2,F04,D410,6410,Expense,Medical Supplies,9051,9581
2025-02-01,2025,2,F04,D410,6410,Expense,Other Operating,7543,7126
2025-02-01,2025,2,F04,D410,6410,Expense,Pharmaceuticals,3017,3070
2025-02-01,2025,2,F04,D410,6410,Expense,Purchased Services,12068,13245
2025-02-01,2025,2,F04,D410,6410,Expense,Salaries & Wages,150855,149536
2025-02-01,2025,2,F04,D420,6420,Revenue,Net Patient Service Revenue,242092,256325
2025-02-01,2025,2,F04,D420,6420,Expense,Employee Benefits,36443,40288
2025-02-01,2025,2,F04,D420,6420,Expense,Equipment & Maintenance,5399,5585
2025-02-01,2025,2,F04,D420,6420,Expense,Medical Supplies,8099,8804
2025-02-01,2025,2,F04,D420,6420,Expense,Other Operating,6749,6068
2025-02-01,2025,2,F04,D420,6420,Expense,Pharmaceuticals,2700,3287
2025-02-01,2025,2,F04,D420,6420,Expense,Purchased Services,10798,10326
2025-02-01,2025,2,F04,D420,6420,Expense,Salaries & Wages,134975,148446
2025-02-01,2025,2,F04,D430,6430,Revenue,Net Patient Service Revenue,881113,993775
2025-02-01,2025,2,F04,D430,6430,Expense,Employee Benefits,49306,50956
2025-02-01,2025,2,F04,D430,6430,Expense,Equipment & Maintenance,7305,8285
2025-02-01,2025,2,F04,D430,6430,Expense,Medical Supplies,10957,11765
2025-02-01,2025,2,F04,D430,6430,Expense,Other Operating,9131,9289
2025-02-01,2025,2,F04,D430,6430,Expense,Pharmaceuticals,492263,446859
2025-02-01,2025,2,F04,D430,6430,Expense,Purchased Services,14609,14451
2025-02-01,2025,2,F04,D430,6430,Expense,Salaries & Wages,182614,208092
2025-02-01,2025,2,F04,D440,6440,Revenue,Net Patient Service Revenue,134080,131038
2025-02-01,2025,2,F04,D440,6440,Expense,Employee Benefits,23581,24417
2025-02-01,2025,2,F04,D440,6440,Expense,Equipment & Maintenance,3493,3956
2025-02-01,2025,2,F04,D440,6440,Expense,Medical Supplies,5240,5490
2025-02-01,2025,2,F04,D440,6440,Expense,Other Operating,4367,4582
2025-02-01,2025,2,F04,D440,6440,Expense,Pharmaceuticals,1747,1864
2025-02-01,2025,2,F04,D440,6440,Expense,Purchased Services,6987,6912
2025-02-01,2025,2,F04,D440,6440,Expense,Salaries & Wages,87337,90130
2025-02-01,2025,2,F04,D450,6450,Revenue,Net Patient Service Revenue,183440,210755
2025-02-01,2025,2,F04,D450,6450,Expense,Employee Benefits,34300,35985
2025-02-01,2025,2,F04,D450,6450,Expense,Equipment & Maintenance,5081,4892
2025-02-01,2025,2,F04,D450,6450,Expense,Medical Supplies,7622,7772
2025-02-01,2025,2,F04,D450,6450,Expense,Other Operating,6352,7249
2025-02-01,2025,2,F04,D450,6450,Expense,Pharmaceuticals,2541,2423
2025-02-01,2025,2,F04,D450,6450,Expense,Purchased Services,10163,11301
2025-02-01,2025,2,F04,D450,6450,Expense,Salaries & Wages,127036,133091
2025-02-01,2025,2,F01,D500,6500,Revenue,Net Patient Service Revenue,990402,972482
2025-02-01,2025,2,F01,D500,6500,Expense,Employee Benefits,122272,130387
2025-02-01,2025,2,F01,D500,6500,Expense,Equipment & Maintenance,26201,21434
2025-02-01,2025,2,F01,D500,6500,Expense,Medical Supplies,254071,274536
2025-02-01,2025,2,F01,D500,6500,Expense,Other Operating,13101,12203
2025-02-01,2025,2,F01,D500,6500,Expense,Pharmaceuticals,4367,4095
2025-02-01,2025,2,F01,D500,6500,Expense,Purchased Services,43668,40778
2025-02-01,2025,2,F01,D500,6500,Expense,Salaries & Wages,436685,467699
2025-02-01,2025,2,F01,D510,6510,Revenue,Net Patient Service Revenue,914085,986036
2025-02-01,2025,2,F01,D510,6510,Expense,Employee Benefits,106710,109972
2025-02-01,2025,2,F01,D510,6510,Expense,Equipment & Maintenance,142915,146858
2025-02-01,2025,2,F01,D510,6510,Expense,Medical Supplies,19055,22131
2025-02-01,2025,2,F01,D510,6510,Expense,Other Operating,11433,10748
2025-02-01,2025,2,F01,D510,6510,Expense,Pharmaceuticals,3811,4221
2025-02-01,2025,2,F01,D510,6510,Expense,Purchased Services,38111,40512
2025-02-01,2025,2,F01,D510,6510,Expense,Salaries & Wages,381107,377843
2025-02-01,2025,2,F01,D520,6520,Expense,Employee Benefits,68917,73898
2025-02-01,2025,2,F01,D520,6520,Expense,Equipment & Maintenance,14768,15900
2025-02-01,2025,2,F01,D520,6520,Expense,Medical Supplies,12307,12306
2025-02-01,2025,2,F01,D520,6520,Expense,Other Operating,7384,6487
2025-02-01,2025,2,F01,D520,6520,Expense,Pharmaceuticals,158795,173563
2025-02-01,2025,2,F01,D520,6520,Expense,Purchased Services,24613,24430
2025-02-01,2025,2,F01,D520,6520,Expense,Salaries & Wages,246132,277647
2025-03-01,2025,3,F01,D100,6100,Revenue,Net Patient Service Revenue,1356451,1395062
2025-03-01,2025,3,F01,D100,6100,Expense,Employee Benefits,236286,241051
2025-03-01,2025,3,F01,D100,6100,Expense,Equipment & Maintenance,42194,44395
2025-03-01,2025,3,F01,D100,6100,Expense,Medical Supplies,118143,120109
2025-03-01,2025,3,F01,D100,6100,Expense,Other Operating,25316,27106
2025-03-01,2025,3,F01,D100,6100,Expense,Pharmaceuticals,75949,78926
2025-03-01,2025,3,F01,D100,6100,Expense,Purchased Services,101266,95188
2025-03-01,2025,3,F01,D100,6100,Expense,Salaries & Wages,843879,861910
2025-03-01,2025,3,F01,D110,6110,Revenue,Net Patient Service Revenue,1127420,997794
2025-03-01,2025,3,F01,D110,6110,Expense,Employee Benefits,181645,179529
2025-03-01,2025,3,F01,D110,6110,Expense,Equipment & Maintenance,17405,18200
2025-03-01,2025,3,F01,D110,6110,Expense,Medical Supplies,98101,97882
2025-03-01,2025,3,F01,D110,6110,Expense,Other Operating,13291,14692
2025-03-01,2025,3,F01,D110,6110,Expense,Pharmaceuticals,75949,62129
2025-03-01,2025,3,F01,D110,6110,Expense,Purchased Services,28481,30353
2025-03-01,2025,3,F01,D110,6110,Expense,Salaries & Wages,648732,616790
2025-03-01,2025,3,F01,D111,6111,Revenue,Net Patient Service Revenue,1002150,1013024
2025-03-01,2025,3,F01,D111,6111,Expense,Employee Benefits,161462,173408
2025-03-01,2025,3,F01,D111,6111,Expense,Equipment & Maintenance,15471,15107
2025-03-01,2025,3,F01,D111,6111,Expense,Medical Supplies,87201,89547
2025-03-01,2025,3,F01,D111,6111,Expense,Other Operating,11814,12177
2025-03-01,2025,3,F01,D111,6111,Expense,Pharmaceuticals,67510,65394
2025-03-01,2025,3,F01,D111,6111,Expense,Purchased Services,25316,27058
2025-03-01,2025,3,F01,D111,6111,Expense,Salaries & Wages,576651,571928
2025-03-01,2025,3,F01,D120,6120,Revenue,Net Patient Service Revenue,836703,815797
2025-03-01,2025,3,F01,D120,6120,Expense,Employee Benefits,121097,125053
2025-03-01,2025,3,F01,D120,6120,Expense,Equipment & Maintenance,11603,10869
2025-03-01,2025,3,F01,D120,6120,Expense,Medical Supplies,65401,64206
2025-03-01,2025,3,F01,D120,6120,Expense,Other Operating,8861,8473
2025-03-01,2025,3,F01,D120,6120,Expense,Pharmaceuticals,50633,49807
2025-03-01,2025,3,F01,D120,6120,Expense,Purchased Services,18987,18381
2025-03-01,2025,3,F01,D120,6120,Expense,Salaries & Wages,432488,427760
2025-03-01,2025,3,F01,D130,6130,Revenue,Net Patient Service Revenue,1018626,923868
2025-03-01,2025,3,F01,D130,6130,Expense,Employee Benefits,162447,161372
2025-03-01,2025,3,F01,D130,6130,Expense,Equipment & Maintenance,19339,17241
2025-03-01,2025,3,F01,D130,6130,Expense,Medical Supplies,91420,93384
2025-03-01,2025,3,F01,D130,6130,Expense,Other Operating,7384,6632
2025-03-01,2025,3,F01,D130,6130,Expense,Pharmaceuticals,84388,78469
2025-03-01,2025,3,F01,D130,6130,Expense,Purchased Services,15823,14897
2025-03-01,2025,3,F01,D130,6130,Expense,Salaries & Wages,580167,577194
2025-03-01,2025,3,F01,D140,6140,Revenue,Net Patient Service Revenue,792976,832462
2025-03-01,2025,3,F01,D140,6140,Expense,Employee Benefits,111005,112688
2025-03-01,2025,3,F01,D140,6140,Expense,Equipment & Maintenance,10636,11709
2025-03-01,2025,3,F01,D140,6140,Expense,Medical Supplies,59951,58970
2025-03-01,2025,3,F01,D140,6140,Expense,Other Operating,8122,7980
2025-03-01,2025,3,F01,D140,6140,Expense,Pharmaceuticals,46413,47565
2025-03-01,2025,3,F01,D140,6140,Expense,Purchased Services,17405,18642
2025-03-01,2025,3,F01,D140,6140,Expense,Salaries & Wages,396448,426727
2025-03-01,2025,3,F01,D150,6150,Revenue,Net Patient Service Revenue,774605,796899
2025-03-01,2025,3,F01,D150,6150,Expense,Employee Benefits,90823,83497
2025-03-01,2025,3,F01,D150,6150,Expense,Equipment & Maintenance,8703,9833
2025-03-01,2025,3,F01,D150,6150,Expense,Medical Supplies,49050,48819
2025-03-01,2025,3,F01,D150,6150,Expense,Other Operating,6646,6378
2025-03-01,2025,3,F01,D150,6150,Expense,Pharmaceuticals,197784,198245
2025-03-01,2025,3,F01,D150,6150,Expense,Purchased Services,14240,14326
2025-03-01,2025,3,F01,D150,6150,Expense,Salaries & Wages,324366,323205
2025-03-01,2025,3,F01,D160,6160,Revenue,Net Patient Service Revenue,501075,538664
2025-03-01,2025,3,F01,D160,6160,Expense,Employee Benefits,80731,78686
2025-03-01,2025,3,F01,D160,6160,Expense,Equipment & Maintenance,7736,7167
2025-03-01,2025,3,F01,D160,6160,Expense,Medical Supplies,43600,46214
2025-03-01,2025,3,F01,D160,6160,Expense,Other Operating,5907,5020
2025-03-01,2025,3,F01,D160,6160,Expense,Pharmaceuticals,33755,28567
2025-03-01,2025,3,F01,D160,6160,Expense,Purchased Services,12658,12299
2025-03-01,2025,3,F01,D160,6160,Expense,Salaries & Wages,288325,291545
2025-03-01,2025,3,F01,D170,6170,Revenue,Net Patient Service Revenue,602710,544977
2025-03-01,2025,3,F01,D170,6170,Expense,Employee Benefits,100914,93934
2025-03-01,2025,3,F01,D170,6170,Expense,Equipment & Maintenance,9669,10273
2025-03-01,2025,3,F01,D170,6170,Expense,Medical Supplies,54501,56684
2025-03-01,2025,3,F01,D170,6170,Expense,Other Operating,7384,7502
2025-03-01,2025,3,F01,D170,6170,Expense,Pharmaceuticals,42194,34836
2025-03-01,2025,3,F01,D170,6170,Expense,Purchased Services,15823,15081
2025-03-01,2025,3,F01,D170,6170,Expense,Salaries & Wages,360407,369203
2025-03-01,2025,3,F01,D180,6180,Revenue,Net Patient Service Revenue,372262,367309
2025-03-01,2025,3,F01,D180,6180,Expense,Employee Benefits,70640,65752
2025-03-01,2025,3,F01,D180,6180,Expense,Equipment & Maintenance,6769,6852
2025-03-01,2025,3,F01,D180,6180,Expense,Medical Supplies,38150,31031
2025-03-01,2025,3,F01,D180,6180,Expense,Other Operating,5169,4325
2025-03-01,2025,3,F01,D180,6180,Expense,Pharmaceuticals,29536,29409
2025-03-01,2025,3,F01,D180,6180,Expense,Purchased Services,11076,10477
2025-03-01,2025,3,F01,D180,6180,Expense,Salaries & Wages,252285,252389
2025-03-01,2025,3,F01,D190,6190,Revenue,Net Patient Service Revenue,446715,400403
2025-03-01,2025,3,F01,D190,6190,Expense,Employee Benefits,90823,87504
2025-03-01,2025,3,F01,D190,6190,Expense,Equipment & Maintenance,8703,8738
2025-03-01,2025,3,F01,D190,6190,Expense,Medical Supplies,49050,56239
2025-03-01,2025,3,F01,D190,6190,Expense,Other Operating,6646,6644
2025-03-01,2025,3,F01,D190,6190,Expense,Pharmaceuticals,37975,38573
2025-03-01,2025,3,F01,D190,6190,Expense,Purchased Services,14240,14716
2025-03-01,2025,3,F01,D190,6190,Expense,Salaries & Wages,324366,324038
2025-03-01,2025,3,F01,D195,6195,Revenue,Net Patient Service Revenue,375806,364593
2025-03-01,2025,3,F01,D195,6195,Expense,Employee Benefits,60548,62677
2025-03-01,2025,3,F01,D195,6195,Expense,Equipment & Maintenance,5802,6333
2025-03-01,2025,3,F01,D195,6195,Expense,Medical Supplies,32700,35982
2025-03-01,2025,3,F01,D195,6195,Expense,Other Operating,4430,4788
2025-03-01,2025,3,F01,D195,6195,Expense,Pharmaceuticals,25316,28342
2025-03-01,2025,3,F01,D195,6195,Expense,Purchased Services,9494,8983
2025-03-01,2025,3,F01,D195,6195,Expense,Salaries & Wages,216244,202171
2025-03-01,2025,3,F01,D196,6196,Revenue,Net Patient Service Revenue,1942241,2014477
2025-03-01,2025,3,F01,D196,6196,Expense,Employee Benefits,152602,159396
2025-03-01,2025,3,F01,D196,6196,Expense,Equipment & Maintenance,32700,33390
2025-03-01,2025,3,F01,D196,6196,Expense,Medical Supplies,747185,778539
2025-03-01,2025,3,F01,D196,6196,Expense,Other Operating,16350,18200
2025-03-01,2025,3,F01,D196,6196,Expense,Pharmaceuticals,5450,5693
2025-03-01,2025,3,F01,D196,6196,Expense,Purchased Services,54501,54027
2025-03-01,2025,3,F01,D196,6196,Expense,Salaries & Wages,545005,509113
2025-03-01,2025,3,F02,D200,6200,Revenue,Net Patient Service Revenue,536929,526493
2025-03-01,2025,3,F02,D200,6200,Expense,Employee Benefits,93530,97415
2025-03-01,2025,3,F02,D200,6200,Expense,Equipment & Maintenance,16702,18455
2025-03-01,2025,3,F02,D200,6200,Expense,Medical Supplies,46765,45777
2025-03-01,2025,3,F02,D200,6200,Expense,Other Operating,10021,10536
2025-03-01,2025,3,F02,D200,6200,Expense,Pharmaceuticals,30063,31520
2025-03-01,2025,3,F02,D200,6200,Expense,Purchased Services,40084,38310
2025-03-01,2025,3,F02,D200,6200,Expense,Salaries & Wages,334036,320906
2025-03-01,2025,3,F02,D210,6210,Revenue,Net Patient Service Revenue,876884,904149
2025-03-01,2025,3,F02,D210,6210,Expense,Employee Benefits,141279,144454
2025-03-01,2025,3,F02,D210,6210,Expense,Equipment & Maintenance,13537,11944
2025-03-01,2025,3,F02,D210,6210,Expense,Medical Supplies,76301,87372
2025-03-01,2025,3,F02,D210,6210,Expense,Other Operating,10338,9334
2025-03-01,2025,3,F02,D210,6210,Expense,Pharmaceuticals,59072,52748
2025-03-01,2025,3,F02,D210,6210,Expense,Purchased Services,22152,20369
2025-03-01,2025,3,F02,D210,6210,Expense,Salaries & Wages,504570,523285
2025-03-01,2025,3,F02,D230,6230,Revenue,Net Patient Service Revenue,407451,400959
2025-03-01,2025,3,F02,D230,6230,Expense,Employee Benefits,64979,63436
2025-03-01,2025,3,F02,D230,6230,Expense,Equipment & Maintenance,7736,8772
2025-03-01,2025,3,F02,D230,6230,Expense,Medical Supplies,36568,35425
2025-03-01,2025,3,F02,D230,6230,Expense,Other Operating,2954,2938
2025-03-01,2025,3,F02,D230,6230,Expense,Pharmaceuticals,33755,35900
2025-03-01,2025,3,F02,D230,6230,Expense,Purchased Services,6329,6608
2025-03-01,2025,3,F02,D230,6230,Expense,Salaries & Wages,232067,240869
2025-03-01,2025,3,F02,D270,6270,Revenue,Net Patient Service Revenue,313172,288756
2025-03-01,2025,3,F02,D270,6270,Expense,Employee Benefits,50457,51695
2025-03-01,2025,3,F02,D270,6270,Expense,Equipment & Maintenance,4835,4889
2025-03-01,2025,3,F02,D270,6270,Expense,Medical Supplies,27250,26015
2025-03-01,2025,3,F02,D270,6270,Expense,Other Operating,3692,3787
2025-03-01,2025,3,F02,D270,6270,Expense,Pharmaceuticals,21097,22123
2025-03-01,2025,3,F02,D270,6270,Expense,Purchased Services,7911,8508
2025-03-01,2025,3,F02,D270,6270,Expense,Salaries & Wages,180203,177934
2025-03-01,2025,3,F03,D300,6300,Revenue,Net Patient Service Revenue,720615,651646
2025-03-01,2025,3,F03,D300,6300,Expense,Employee Benefits,125527,131010
2025-03-01,2025,3,F03,D300,6300,Expense,Equipment & Maintenance,22416,20995
2025-03-01,2025,3,F03,D300,6300,Expense,Medical Supplies,62764,59740
2025-03-01,2025,3,F03,D300,6300,Expense,Other Operating,13449,15143
2025-03-01,2025,3,F03,D300,6300,Expense,Pharmaceuticals,40348,35432
2025-03-01,2025,3,F03,D300,6300,Expense,Purchased Services,53797,56964
2025-03-01,2025,3,F03,D300,6300,Expense,Salaries & Wages,448311,438010
2025-03-01,2025,3,F03,D310,6310,Revenue,Net Patient Service Revenue,939517,926742
2025-03-01,2025,3,F03,D310,6310,Expense,Employee Benefits,151371,153143
2025-03-01,2025,3,F03,D310,6310,Expense,Equipment & Maintenance,14504,17241
2025-03-01,2025,3,F03,D310,6310,Expense,Medical Supplies,81751,81193
2025-03-01,2025,3,F03,D310,6310,Expense,Other Operating,11076,12120
2025-03-01,2025,3,F03,D310,6310,Expense,Pharmaceuticals,63291,70092
2025-03-01,2025,3,F03,D310,6310,Expense,Purchased Services,23734,24526
2025-03-01,2025,3,F03,D310,6310,Expense,Salaries & Wages,540610,548254
2025-03-01,2025,3,F03,D320,6320,Revenue,Net Patient Service Revenue,501075,559398
2025-03-01,2025,3,F03,D320,6320,Expense,Employee Benefits,80731,81241
2025-03-01,2025,3,F03,D320,6320,Expense,Equipment & Maintenance,7736,7338
2025-03-01,2025,3,F03,D320,6320,Expense,Medical Supplies,43600,41761
2025-03-01,2025,3,F03,D320,6320,Expense,Other Operating,5907,5486
2025-03-01,2025,3,F03,D320,6320,Expense,Pharmaceuticals,33755,30095
2025-03-01,2025,3,F03,D320,6320,Expense,Purchased Services,12658,14924
2025-03-01,2025,3,F03,D320,6320,Expense,Salaries & Wages,288325,294229
2025-03-01,2025,3,F03,D330,6330,Revenue,Net Patient Service Revenue,611175,637244
2025-03-01,2025,3,F03,D330,6330,Expense,Employee Benefits,97468,93155
2025-03-01,2025,3,F03,D330,6330,Expense,Equipment & Maintenance,11603,12010
2025-03-01,2025,3,F03,D330,6330,Expense,Medical Supplies,54852,66935
2025-03-01,2025,3,F03,D330,6330,Expense,Other Operating,4430,4305
2025-03-01,2025,3,F03,D330,6330,Expense,Pharmaceuticals,50633,46770
2025-03-01,2025,3,F03,D330,6330,Expense,Purchased Services,9494,10133
2025-03-01,2025,3,F03,D330,6330,Expense,Salaries & Wages,348100,349963
2025-03-01,2025,3,F03,D340,6340,Revenue,Net Patient Service Revenue,438442,444937
2025-03-01,2025,3,F03,D340,6340,Expense,Employee Benefits,70640,69425
2025-03-01,2025,3,F03,D340,6340,Expense,Equipment & Maintenance,6769,7193
2025-03-01,2025,3,F03,D340,6340,Expense,Medical Supplies,38150,42119
2025-03-01,2025,3,F03,D340,6340,Expense,Other Operating,5169,4504
2025-03-01,2025,3,F03,D340,6340,Expense,Pharmaceuticals,29536,32644
2025-03-01,2025,3,F03,D340,6340,Expense,Purchased Services,11076,10108
2025-03-01,2025,3,F03,D340,6340,Expense,Salaries & Wages,252285,250746
2025-03-01,2025,3,F04,D400,6400,Revenue,Net Patient Service Revenue,440659,464726
2025-03-01,2025,3,F04,D400,6400,Expense,Employee Benefits,80696,78004
2025-03-01,2025,3,F04,D400,6400,Expense,Equipment & Maintenance,11955,11541
2025-03-01,2025,3,F04,D400,6400,Expense,Medical Supplies,17932,17562
2025-03-01,2025,3,F04,D400,6400,Expense,Other Operating,14944,12985
2025-03-01,2025,3,F04,D400,6400,Expense,Pharmaceuticals,5977,5929
2025-03-01,2025,3,F04,D400,6400,Expense,Purchased Services,23910,26097
2025-03-01,2025,3,F04,D400,6400,Expense,Salaries & Wages,298874,295417
2025-03-01,2025,3,F04,D410,6410,Revenue,Net Patient Service Revenue,304640,291465
2025-03-01,2025,3,F04,D410,6410,Expense,Employee Benefits,45095,46428
2025-03-01,2025,3,F04,D410,6410,Expense,Equipment & Maintenance,6681,7686
2025-03-01,2025,3,F04,D410,6410,Expense,Medical Supplies,10021,10198
2025-03-01,2025,3,F04,D410,6410,Expense,Other Operating,8351,9497
2025-03-01,2025,3,F04,D410,6410,Expense,Pharmaceuticals,3340,3403
2025-03-01,2025,3,F04,D410,6410,Expense,Purchased Services,13361,12204
2025-03-01,2025,3,F04,D410,6410,Expense,Salaries & Wages,167018,159015
2025-03-01,2025,3,F04,D420,6420,Revenue,Net Patient Service Revenue,268030,281832
2025-03-01,2025,3,F04,D420,6420,Expense,Employee Benefits,40348,40312
2025-03-01,2025,3,F04,D420,6420,Expense,Equipment & Maintenance,5977,6276
2025-03-01,2025,3,F04,D420,6420,Expense,Medical Supplies,8966,7315
2025-03-01,2025,3,F04,D420,6420,Expense,Other Operating,7472,7964
2025-03-01,2025,3,F04,D420,6420,Expense,Pharmaceuticals,2989,2797
2025-03-01,2025,3,F04,D420,6420,Expense,Purchased Services,11955,11128
2025-03-01,2025,3,F04,D420,6420,Expense,Salaries & Wages,149437,152905
2025-03-01,2025,3,F04,D430,6430,Revenue,Net Patient Service Revenue,975514,985777
2025-03-01,2025,3,F04,D430,6430,Expense,Employee Benefits,54588,55992
2025-03-01,2025,3,F04,D430,6430,Expense,Equipment & Maintenance,8087,6965
2025-03-01,2025,3,F04,D430,6430,Expense,Medical Supplies,12131,12353
2025-03-01,2025,3,F04,D430,6430,Expense,Other Operating,10109,10221
2025-03-01,2025,3,F04,D430,6430,Expense,Pharmaceuticals,545005,587981
2025-03-01,2025,3,F04,D430,6430,Expense,Purchased Services,16174,17648
2025-03-01,2025,3,F04,D430,6430,Expense,Salaries & Wages,202179,212750
2025-03-01,2025,3,F04,D440,6440,Revenue,Net Patient Service Revenue,148448,146666
2025-03-01,2025,3,F04,D440,6440,Expense,Employee Benefits,26108,26561
2025-03-01,2025,3,F04,D440,6440,Expense,Equipment & Maintenance,3868,4114
2025-03-01,2025,3,F04,D440,6440,Expense,Medical Supplies,5802,5228
2025-03-01,2025,3,F04,D440,6440,Expense,Other Operating,4835,5163
2025-03-01,2025,3,F04,D440,6440,Expense,Pharmaceuticals,1934,2380
2025-03-01,2025,3,F04,D440,6440,Expense,Purchased Services,7736,7573
2025-03-01,2025,3,F04,D440,6440,Expense,Salaries & Wages,96695,100413
2025-03-01,2025,3,F04,D450,6450,Revenue,Net Patient Service Revenue,203095,201253
2025-03-01,2025,3,F04,D450,6450,Expense,Employee Benefits,37975,37572
2025-03-01,2025,3,F04,D450,6450,Expense,Equipment & Maintenance,5626,5671
2025-03-01,2025,3,F04,D450,6450,Expense,Medical Supplies,8439,7993
2025-03-01,2025,3,F04,D450,6450,Expense,Other Operating,7032,6764
2025-03-01,2025,3,F04,D450,6450,Expense,Pharmaceuticals,2813,3357
2025-03-01,2025,3,F04,D450,6450,Expense,Purchased Services,11252,12174
2025-03-01,2025,3,F04,D450,6450,Expense,Salaries & Wages,140647,140764
2025-03-01,2025,3,F01,D500,6500,Revenue,Net Patient Service Revenue,1096515,1228315
2025-03-01,2025,3,F01,D500,6500,Expense,Employee Benefits,135372,135424
2025-03-01,2025,3,F01,D500,6500,Expense,Equipment & Maintenance,29008,29176
2025-03-01,2025,3,F01,D500,6500,Expense,Medical Supplies,281293,228235
2025-03-01,2025,3,F01,D500,6500,Expense,Other Operating,14504,14153
2025-03-01,2025,3,F01,D500,6500,Expense,Pharmaceuticals,4835,4334
2025-03-01,2025,3,F01,D500,6500,Expense,Purchased Services,48347,53785
2025-03-01,2025,3,F01,D500,6500,Expense,Salaries & Wages,483473,506376
2025-03-01,2025,3,F01,D510,6510,Revenue,Net Patient Service Revenue,1012021,1045463
2025-03-01,2025,3,F01,D510,6510,Expense,Employee Benefits,118143,120482
2025-03-01,2025,3,F01,D510,6510,Expense,Equipment & Maintenance,158227,172413
2025-03-01,2025,3,F01,D510,6510,Expense,Medical Supplies,21097,21208
2025-03-01,2025,3,F01,D510,6510,Expense,Other Operating,12658,12405
2025-03-01,2025,3,F01,D510,6510,Expense,Pharmaceuticals,4219,4739
2025-03-01,2025,3,F01,D510,6510,Expense,Purchased Services,42194,41590
2025-03-01,2025,3,F01,D510,6510,Expense,Salaries & Wages,421940,400090
2025-03-01,2025,3,F01,D520,6520,Expense,Employee Benefits,76301,78282
2025-03-01,2025,3,F01,D520,6520,Expense,Equipment & Maintenance,16350,14779
2025-03-01,2025,3,F01,D520,6520,Expense,Medical Supplies,13625,12414
2025-03-01,2025,3,F01,D520,6520,Expense,Other Operating,8175,8167
2025-03-01,2025,3,F01,D520,6520,Expense,Pharmaceuticals,175808,154404
2025-03-01,2025,3,F01,D520,6520,Expense,Purchased Services,27250,27894
2025-03-01,2025,3,F01,D520,6520,Expense,Salaries & Wages,272503,291254
2025-04-01,2025,4,F01,D100,6100,Revenue,Net Patient Service Revenue,1312696,1272295
2025-04-01,2025,4,F01,D100,6100,Expense,Employee Benefits,228664,240082
2025-04-01,2025,4,F01,D100,6100,Expense,Equipment & Maintenance,40833,42433
2025-04-01,2025,4,F01,D100,6100,Expense,Medical Supplies,114332,115540
2025-04-01,2025,4,F01,D100,6100,Expense,Other Operating,24500,27378
2025-04-01,2025,4,F01,D100,6100,Expense,Pharmaceuticals,73499,85595
2025-04-01,2025,4,F01,D100,6100,Expense,Purchased Services,97999,108905
2025-04-01,2025,4,F01,D100,6100,Expense,Salaries & Wages,816658,824195
2025-04-01,2025,4,F01,D110,6110,Revenue,Net Patient Service Revenue,1091052,1052072
2025-04-01,2025,4,F01,D110,6110,Expense,Employee Benefits,175786,174516
2025-04-01,2025,4,F01,D110,6110,Expense,Equipment & Maintenance,16844,15894
2025-04-01,2025,4,F01,D110,6110,Expense,Medical Supplies,94936,86575
2025-04-01,2025,4,F01,D110,6110,Expense,Other Operating,12862,11620
2025-04-01,2025,4,F01,D110,6110,Expense,Pharmaceuticals,73499,68772
2025-04-01,2025,4,F01,D110,6110,Expense,Purchased Services,27562,28171
2025-04-01,2025,4,F01,D110,6110,Expense,Salaries & Wages,627805,568561
2025-04-01,2025,4,F01,D111,6111,Revenue,Net Patient Service Revenue,969825,1016618
2025-04-01,2025,4,F01,D111,6111,Expense,Employee Benefits,156254,166616
2025-04-01,2025,4,F01,D111,6111,Expense,Equipment & Maintenance,14972,14812
2025-04-01,2025,4,F01,D111,6111,Expense,Medical Supplies,84388,89428
2025-04-01,2025,4,F01,D111,6111,Expense,Other Operating,11433,11905
2025-04-01,2025,4,F01,D111,6111,Expense,Pharmaceuticals,65333,76074
2025-04-01,2025,4,F01,D111,6111,Expense,Purchased Services,24500,22975
2025-04-01,2025,4,F01,D111,6111,Expense,Salaries & Wages,558049,584094
2025-04-01,2025,4,F01,D120,6120,Revenue,Net Patient Service Revenue,809711,876498
2025-04-01,2025,4,F01,D120,6120,Expense,Employee Benefits,117190,121863
2025-04-01,2025,4,F01,D120,6120,Expense,Equipment & Maintenance,11229,9988
2025-04-01,2025,4,F01,D120,6120,Expense,Medical Supplies,63291,66174
2025-04-01,2025,4,F01,D120,6120,Expense,Other Operating,8575,7801
2025-04-01,2025,4,F01,D120,6120,Expense,Pharmaceuticals,48999,42493
2025-04-01,2025,4,F01,D120,6120,Expense,Purchased Services,18375,16694
2025-04-01,2025,4,F01,D120,6120,Expense,Salaries & Wages,418537,436616
2025-04-01,2025,4,F01,D130,6130,Revenue,Net Patient Service Revenue,985767,893866
2025-04-01,2025,4,F01,D130,6130,Expense,Employee Benefits,157207,161313
2025-04-01,2025,4,F01,D130,6130,Expense,Equipment & Maintenance,18715,16224
2025-04-01,2025,4,F01,D130,6130,Expense,Medical Supplies,88471,96226
2025-04-01,2025,4,F01,D130,6130,Expense,Other Operating,7146,7931
2025-04-01,2025,4,F01,D130,6130,Expense,Pharmaceuticals,81666,94711
2025-04-01,2025,4,F01,D130,6130,Expense,Purchased Services,15312,14854
2025-04-01,2025,4,F01,D130,6130,Expense,Salaries & Wages,561452,551853
2025-04-01,2025,4,F01,D140,6140,Revenue,Net Patient Service Revenue,767396,842672
2025-04-01,2025,4,F01,D140,6140,Expense,Employee Benefits,107424,106838
2025-04-01,2025,4,F01,D140,6140,Expense,Equipment & Maintenance,10293,10395
2025-04-01,2025,4,F01,D140,6140,Expense,Medical Supplies,58017,60249
2025-04-01,2025,4,F01,D140,6140,Expense,Other Operating,7860,8815
2025-04-01,2025,4,F01,D140,6140,Expense,Pharmaceuticals,44916,44738
2025-04-01,2025,4,F01,D140,6140,Expense,Purchased Services,16844,18562
2025-04-01,2025,4,F01,D140,6140,Expense,Salaries & Wages,383659,396174
2025-04-01,2025,4,F01,D150,6150,Revenue,Net Patient Service Revenue,749618,740807
2025-04-01,2025,4,F01,D150,6150,Expense,Employee Benefits,87893,82589
2025-04-01,2025,4,F01,D150,6150,Expense,Equipment & Maintenance,8422,9444
2025-04-01,2025,4,F01,D150,6150,Expense,Medical Supplies,47468,51871
2025-04-01,2025,4,F01,D150,6150,Expense,Other Operating,6431,7629
2025-04-01,2025,4,F01,D150,6150,Expense,Pharmaceuticals,191404,215467
2025-04-01,2025,4,F01,D150,6150,Expense,Purchased Services,13781,13035
2025-04-01,2025,4,F01,D150,6150,Expense,Salaries & Wages,313903,298033
2025-04-01,2025,4,F01,D160,6160,Revenue,Net Patient Service Revenue,484913,547688
2025-04-01,2025,4,F01,D160,6160,Expense,Employee Benefits,78127,80173
2025-04-01,2025,4,F01,D160,6160,Expense,Equipment & Maintenance,7486,8073
2025-04-01,2025,4,F01,D160,6160,Expense,Medical Supplies,42194,40733
2025-04-01,2025,4,F01,D160,6160,Expense,Other Operating,5717,5207
2025-04-01,2025,4,F01,D160,6160,Expense,Pharmaceuticals,32666,31827
2025-04-01,2025,4,F01,D160,6160,Expense,Purchased Services,12250,13142
2025-04-01,2025,4,F01,D160,6160,Expense,Salaries & Wages,279025,266937
2025-04-01,2025,4,F01,D170,6170,Revenue,Net Patient Service Revenue,583268,575836
2025-04-01,2025,4,F01,D170,6170,Expense,Employee Benefits,97659,88213
2025-04-01,2025,4,F01,D170,6170,Expense,Equipment & Maintenance,9358,9253
2025-04-01,2025,4,F01,D170,6170,Expense,Medical Supplies,52742,55604
2025-04-01,2025,4,F01,D170,6170,Expense,Other Operating,7146,6726
2025-04-01,2025,4,F01,D170,6170,Expense,Pharmaceuticals,40833,37221
2025-04-01,2025,4,F01,D170,6170,Expense,Purchased Services,15312,15518
2025-04-01,2025,4,F01,D170,6170,Expense,Salaries & Wages,348781,371899
2025-04-01,2025,4,F01,D180,6180,Revenue,Net Patient Service Revenue,360254,376036
2025-04-01,2025,4,F01,D180,6180,Expense,Employee Benefits,68361,62346
2025-04-01,2025,4,F01,D180,6180,Expense,Equipment & Maintenance,6550,6455
2025-04-01,2025,4,F01,D180,6180,Expense,Medical Supplies,36920,37738
2025-04-01,2025,4,F01,D180,6180,Expense,Other Operating,5002,5500
2025-04-01,2025,4,F01,D180,6180,Expense,Pharmaceuticals,28583,20358
2025-04-01,2025,4,F01,D180,6180,Expense,Purchased Services,10719,11578
2025-04-01,2025,4,F01,D180,6180,Expense,Salaries & Wages,244147,242932
2025-04-01,2025,4,F01,D190,6190,Revenue,Net Patient Service Revenue,432304,406604
2025-04-01,2025,4,F01,D190,6190,Expense,Employee Benefits,87893,85344
2025-04-01,2025,4,F01,D190,6190,Expense,Equipment & Maintenance,8422,8550
2025-04-01,2025,4,F01,D190,6190,Expense,Medical Supplies,47468,45055
2025-04-01,2025,4,F01,D190,6190,Expense,Other Operating,6431,6797
2025-04-01,2025,4,F01,D190,6190,Expense,Pharmaceuticals,36750,31974
2025-04-01,2025,4,F01,D190,6190,Expense,Purchased Services,13781,13675
2025-04-01,2025,4,F01,D190,6190,Expense,Salaries & Wages,313903,307990
2025-04-01,2025,4,F01,D195,6195,Revenue,Net Patient Service Revenue,363683,354890
2025-04-01,2025,4,F01,D195,6195,Expense,Employee Benefits,58595,62219
2025-04-01,2025,4,F01,D195,6195,Expense,Equipment & Maintenance,5615,6400
2025-04-01,2025,4,F01,D195,6195,Expense,Medical Supplies,31645,29272
2025-04-01,2025,4,F01,D195,6195,Expense,Other Operating,4287,4736
2025-04-01,2025,4,F01,D195,6195,Expense,Pharmaceuticals,24500,23865
2025-04-01,2025,4,F01,D195,6195,Expense,Purchased Services,9187,10331
2025-04-01,2025,4,F01,D195,6195,Expense,Salaries & Wages,209268,206194
2025-04-01,2025,4,F01,D196,6196,Revenue,Net Patient Service Revenue,1879588,1866096
2025-04-01,2025,4,F01,D196,6196,Expense,Employee Benefits,147679,152386
2025-04-01,2025,4,F01,D196,6196,Expense,Equipment & Maintenance,31645,32940
2025-04-01,2025,4,F01,D196,6196,Expense,Medical Supplies,723082,705335
2025-04-01,2025,4,F01,D196,6196,Expense,Other Operating,15823,14976
2025-04-01,2025,4,F01,D196,6196,Expense,Pharmaceuticals,5274,5281
2025-04-01,2025,4,F01,D196,6196,Expense,Purchased Services,52742,53109
2025-04-01,2025,4,F01,D196,6196,Expense,Salaries & Wages,527425,543579
2025-04-01,2025,4,F02,D200,6200,Revenue,Net Patient Service Revenue,519608,595000
2025-04-01,2025,4,F02,D200,6200,Expense,Employee Benefits,90513,92284
2025-04-01,2025,4,F02,D200,6200,Expense,Equipment & Maintenance,16163,16717
2025-04-01,2025,4,F02,D200,6200,Expense,Medical Supplies,45256,48264
2025-04-01,2025,4,F02,D200,6200,Expense,Other Operating,9698,9289
2025-04-01,2025,4,F02,D200,6200,Expense,Pharmaceuticals,29093,31320
2025-04-01,2025,4,F02,D200,6200,Expense,Purchased Services,38791,41167
2025-04-01,2025,4,F02,D200,6200,Expense,Salaries & Wages,323260,297569
2025-04-01,2025,4,F02,D210,6210,Revenue,Net Patient Service Revenue,848596,864286
2025-04-01,2025,4,F02,D210,6210,Expense,Employee Benefits,136722,134163
2025-04-01,2025,4,F02,D210,6210,Expense,Equipment & Maintenance,13101,13950
2025-04-01,2025,4,F02,D210,6210,Expense,Medical Supplies,73839,76700
2025-04-01,2025,4,F02,D210,6210,Expense,Other Operating,10004,10209
2025-04-01,2025,4,F02,D210,6210,Expense,Pharmaceuticals,57166,44268
2025-04-01,2025,4,F02,D210,6210,Expense,Purchased Services,21437,20915
2025-04-01,2025,4,F02,D210,6210,Expense,Salaries & Wages,488293,494428
2025-04-01,2025,4,F02,D230,6230,Revenue,Net Patient Service Revenue,394306,406091
2025-04-01,2025,4,F02,D230,6230,Expense,Employee Benefits,62883,59851
2025-04-01,2025,4,F02,D230,6230,Expense,Equipment & Maintenance,7486,7370
2025-04-01,2025,4,F02,D230,6230,Expense,Medical Supplies,35388,32071
2025-04-01,2025,4,F02,D230,6230,Expense,Other Operating,2858,2891
2025-04-01,2025,4,F02,D230,6230,Expense,Pharmaceuticals,32666,34022
2025-04-01,2025,4,F02,D230,6230,Expense,Purchased Services,6125,6948
2025-04-01,2025,4,F02,D230,6230,Expense,Salaries & Wages,224581,239840
2025-04-01,2025,4,F02,D270,6270,Revenue,Net Patient Service Revenue,303069,304140
2025-04-01,2025,4,F02,D270,6270,Expense,Employee Benefits,48829,51348
2025-04-01,2025,4,F02,D270,6270,Expense,Equipment & Maintenance,4679,4223
2025-04-01,2025,4,F02,D270,6270,Expense,Medical Supplies,26371,28542
2025-04-01,2025,4,F02,D270,6270,Expense,Other Operating,3573,3564
2025-04-01,2025,4,F02,D270,6270,Expense,Pharmaceuticals,20416,21908
2025-04-01,2025,4,F02,D270,6270,Expense,Purchased Services,7656,7816
2025-04-01,2025,4,F02,D270,6270,Expense,Salaries & Wages,174390,177360
2025-04-01,2025,4,F03,D300,6300,Revenue,Net Patient Service Revenue,697368,660031
2025-04-01,2025,4,F03,D300,6300,Expense,Employee Benefits,121478,123058
2025-04-01,2025,4,F03,D300,6300,Expense,Equipment & Maintenance,21692,21737
2025-04-01,2025,4,F03,D300,6300,Expense,Medical Supplies,60739,54873
2025-04-01,2025,4,F03,D300,6300,Expense,Other Operating,13015,13267
2025-04-01,2025,4,F03,D300,6300,Expense,Pharmaceuticals,39046,39322
2025-04-01,2025,4,F03,D300,6300,Expense,Purchased Services,52062,57917
2025-04-01,2025,4,F03,D300,6300,Expense,Salaries & Wages,433849,419993
2025-04-01,2025,4,F03,D310,6310,Revenue,Net Patient Service Revenue,909210,877409
2025-04-01,2025,4,F03,D310,6310,Expense,Employee Benefits,146488,141587
2025-04-01,2025,4,F03,D310,6310,Expense,Equipment & Maintenance,14036,17447
2025-04-01,2025,4,F03,D310,6310,Expense,Medical Supplies,79114,75013
2025-04-01,2025,4,F03,D310,6310,Expense,Other Operating,10719,12048
2025-04-01,2025,4,F03,D310,6310,Expense,Pharmaceuticals,61249,70639
2025-04-01,2025,4,F03,D310,6310,Expense,Purchased Services,22968,19739
2025-04-01,2025,4,F03,D310,6310,Expense,Salaries & Wages,523171,551919
2025-04-01,2025,4,F03,D320,6320,Revenue,Net Patient Service Revenue,484913,513751
2025-04-01,2025,4,F03,D320,6320,Expense,Employee Benefits,78127,78342
2025-04-01,2025,4,F03,D320,6320,Expense,Equipment & Maintenance,7486,6669
2025-04-01,2025,4,F03,D320,6320,Expense,Medical Supplies,42194,49046
2025-04-01,2025,4,F03,D320,6320,Expense,Other Operating,5717,5512
2025-04-01,2025,4,F03,D320,6320,Expense,Pharmaceuticals,32666,35436
2025-04-01,2025,4,F03,D320,6320,Expense,Purchased Services,12250,12944
2025-04-01,2025,4,F03,D320,6320,Expense,Salaries & Wages,279025,290697
2025-04-01,2025,4,F03,D330,6330,Revenue,Net Patient Service Revenue,591459,599588
2025-04-01,2025,4,F03,D330,6330,Expense,Employee Benefits,94324,96459
2025-04-01,2025,4,F03,D330,6330,Expense,Equipment & Maintenance,11229,12773
2025-04-01,2025,4,F03,D330,6330,Expense,Medical Supplies,53083,49325
2025-04-01,2025,4,F03,D330,6330,Expense,Other Operating,4287,4462
2025-04-01,2025,4,F03,D330,6330,Expense,Pharmaceuticals,48999,50513
2025-04-01,2025,4,F03,D330,6330,Expense,Purchased Services,9187,9459
2025-04-01,2025,4,F03,D330,6330,Expense,Salaries & Wages,336871,333258
2025-04-01,2025,4,F03,D340,6340,Revenue,Net Patient Service Revenue,424299,419303
2025-04-01,2025,4,F03,D340,6340,Expense,Employee Benefits,68361,69907
2025-04-01,2025,4,F03,D340,6340,Expense,Equipment & Maintenance,6550,7177
2025-04-01,2025,4,F03,D340,6340,Expense,Medical Supplies,36920,36553
2025-04-01,2025,4,F03,D340,6340,Expense,Other Operating,5002,4629
2025-04-01,2025,4,F03,D340,6340,Expense,Pharmaceuticals,28583,28448
2025-04-01,2025,4,F03,D340,6340,Expense,Purchased Services,10719,10059
2025-04-01,2025,4,F03,D340,6340,Expense,Salaries & Wages,244147,234330
2025-04-01,2025,4,F04,D400,6400,Revenue,Net Patient Service Revenue,426446,420143
2025-04-01,2025,4,F04,D400,6400,Expense,Employee Benefits,78093,78979
2025-04-01,2025,4,F04,D400,6400,Expense,Equipment & Maintenance,11569,11109
2025-04-01,2025,4,F04,D400,6400,Expense,Medical Supplies,17354,19615
2025-04-01,2025,4,F04,D400,6400,Expense,Other Operating,14462,16411
2025-04-01,2025,4,F04,D400,6400,Expense,Pharmaceuticals,5785,6324
2025-04-01,2025,4,F04,D400,6400,Expense,Purchased Services,23139,23598
2025-04-01,2025,4,F04,D400,6400,Expense,Salaries & Wages,289233,286802
2025-04-01,2025,4,F04,D410,6410,Revenue,Net Patient Service Revenue,294814,308661
2025-04-01,2025,4,F04,D410,6410,Expense,Employee Benefits,43640,45456
2025-04-01,2025,4,F04,D410,6410,Expense,Equipment & Maintenance,6465,7472
2025-04-01,2025,4,F04,D410,6410,Expense,Medical Supplies,9698,10880
2025-04-01,2025,4,F04,D410,6410,Expense,Other Operating,8082,7200
2025-04-01,2025,4,F04,D410,6410,Expense,Pharmaceuticals,3233,3800
2025-04-01,2025,4,F04,D410,6410,Expense,Purchased Services,12930,12353
2025-04-01,2025,4,F04,D410,6410,Expense,Salaries & Wages,161630,158435
2025-04-01,2025,4,F04,D420,6420,Revenue,Net Patient Service Revenue,259383,258991
2025-04-01,2025,4,F04,D420,6420,Expense,Employee Benefits,39046,40153
2025-04-01,2025,4,F04,D420,6420,Expense,Equipment & Maintenance,5785,5636
2025-04-01,2025,4,F04,D420,6420,Expense,Medical Supplies,8677,9021
2025-04-01,2025,4,F04,D420,6420,Expense,Other Operating,7231,6942
2025-04-01,2025,4,F04,D420,6420,Expense,Pharmaceuticals,2892,2860
2025-04-01,2025,4,F04,D420,6420,Expense,Purchased Services,11569,11078
2025-04-01,2025,4,F04,D420,6420,Expense,Salaries & Wages,144616,150722
2025-04-01,2025,4,F04,D430,6430,Revenue,Net Patient Service Revenue,944049,967386
2025-04-01,2025,4,F04,D430,6430,Expense,Employee Benefits,52828,55838
2025-04-01,2025,4,F04,D430,6430,Expense,Equipment & Maintenance,7826,7628
2025-04-01,2025,4,F04,D430,6430,Expense,Medical Supplies,11739,10649
2025-04-01,2025,4,F04,D430,6430,Expense,Other Operating,9783,9755
2025-04-01,2025,4,F04,D430,6430,Expense,Pharmaceuticals,527425,601363
2025-04-01,2025,4,F04,D430,6430,Expense,Purchased Services,15653,16476
2025-04-01,2025,4,F04,D430,6430,Expense,Salaries & Wages,195658,210505
2025-04-01,2025,4,F04,D440,6440,Revenue,Net Patient Service Revenue,143657,131943
2025-04-01,2025,4,F04,D440,6440,Expense,Employee Benefits,25265,24580
2025-04-01,2025,4,F04,D440,6440,Expense,Equipment & Maintenance,3743,3816
2025-04-01,2025,4,F04,D440,6440,Expense,Medical Supplies,5615,5737
2025-04-01,2025,4,F04,D440,6440,Expense,Other Operating,4679,4793
2025-04-01,2025,4,F04,D440,6440,Expense,Pharmaceuticals,1872,1748
2025-04-01,2025,4,F04,D440,6440,Expense,Purchased Services,7486,7544
2025-04-01,2025,4,F04,D440,6440,Expense,Salaries & Wages,93575,92126
2025-04-01,2025,4,F04,D450,6450,Revenue,Net Patient Service Revenue,196543,195972
2025-04-01,2025,4,F04,D450,6450,Expense,Employee Benefits,36750,37733
2025-04-01,2025,4,F04,D450,6450,Expense,Equipment & Maintenance,5444,5315
2025-04-01,2025,4,F04,D450,6450,Expense,Medical Supplies,8167,7468
2025-04-01,2025,4,F04,D450,6450,Expense,Other Operating,6805,6191
2025-04-01,2025,4,F04,D450,6450,Expense,Pharmaceuticals,2722,2712
2025-04-01,2025,4,F04,D450,6450,Expense,Purchased Services,10889,10013
2025-04-01,2025,4,F04,D450,6450,Expense,Salaries & Wages,136110,141940
2025-04-01,2025,4,F01,D500,6500,Revenue,Net Patient Service Revenue,1061145,1020055
2025-04-01,2025,4,F01,D500,6500,Expense,Employee Benefits,131005,139006
2025-04-01,2025,4,F01,D500,6500,Expense,Equipment & Maintenance,28073,23829
2025-04-01,2025,4,F01,D500,6500,Expense,Medical Supplies,272219,294780
2025-04-01,2025,4,F01,D500,6500,Expense,Other Operating,14036,12880
2025-04-01,2025,4,F01,D500,6500,Expense,Pharmaceuticals,4679,5141
2025-04-01,2025,4,F01,D500,6500,Expense,Purchased Services,46788,51453
2025-04-01,2025,4,F01,D500,6500,Expense,Salaries & Wages,467877,472895
2025-04-01,2025,4,F01,D510,6510,Revenue,Net Patient Service Revenue,979376,1007073
2025-04-01,2025,4,F01,D510,6510,Expense,Employee Benefits,114332,115634
2025-04-01,2025,4,F01,D510,6510,Expense,Equipment & Maintenance,153123,142199
2025-04-01,2025,4,F01,D510,6510,Expense,Medical Supplies,20416,21111
2025-04-01,2025,4,F01,D510,6510,Expense,Other Operating,12250,13073
2025-04-01,2025,4,F01,D510,6510,Expense,Pharmaceuticals,4083,4029
2025-04-01,2025,4,F01,D510,6510,Expense,Purchased Services,40833,42120
2025-04-01,2025,4,F01,D510,6510,Expense,Salaries & Wages,408329,390513
2025-04-01,2025,4,F01,D520,6520,Expense,Employee Benefits,73839,77684
2025-04-01,2025,4,F01,D520,6520,Expense,Equipment & Maintenance,15823,16590
2025-04-01,2025,4,F01,D520,6520,Expense,Medical Supplies,13186,13936
2025-04-01,2025,4,F01,D520,6520,Expense,Other Operating,7911,8308
2025-04-01,2025,4,F01,D520,6520,Expense,Pharmaceuticals,170137,178889
2025-04-01,2025,4,F01,D520,6520,Expense,Purchased Services,26371,22707
2025-04-01,2025,4,F01,D520,6520,Expense,Salaries & Wages,263712,285747
2025-05-01,2025,5,F01,D100,6100,Revenue,Net Patient Service Revenue,1356451,1129880
2025-05-01,2025,5,F01,D100,6100,Expense,Employee Benefits,236286,242177
2025-05-01,2025,5,F01,D100,6100,Expense,Equipment & Maintenance,42194,44938
2025-05-01,2025,5,F01,D100,6100,Expense,Medical Supplies,118143,129023
2025-05-01,2025,5,F01,D100,6100,Expense,Other Operating,25316,24978
2025-05-01,2025,5,F01,D100,6100,Expense,Pharmaceuticals,75949,80401
2025-05-01,2025,5,F01,D100,6100,Expense,Purchased Services,101266,110382
2025-05-01,2025,5,F01,D100,6100,Expense,Salaries & Wages,843879,844915
2025-05-01,2025,5,F01,D110,6110,Revenue,Net Patient Service Revenue,1127420,1103273
2025-05-01,2025,5,F01,D110,6110,Expense,Employee Benefits,181645,182409
2025-05-01,2025,5,F01,D110,6110,Expense,Equipment & Maintenance,17405,17415
2025-05-01,2025,5,F01,D110,6110,Expense,Medical Supplies,98101,90529
2025-05-01,2025,5,F01,D110,6110,Expense,Other Operating,13291,11716
2025-05-01,2025,5,F01,D110,6110,Expense,Pharmaceuticals,75949,70447
2025-05-01,2025,5,F01,D110,6110,Expense,Purchased Services,28481,30330
2025-05-01,2025,5,F01,D110,6110,Expense,Salaries & Wages,648732,626434
2025-05-01,2025,5,F01,D111,6111,Revenue,Net Patient Service Revenue,1002150,957758
2025-05-01,2025,5,F01,D111,6111,Expense,Employee Benefits,161462,167117
2025-05-01,2025,5,F01,D111,6111,Expense,Equipment & Maintenance,15471,15723
2025-05-01,2025,5,F01,D111,6111,Expense,Medical Supplies,87201,86231
2025-05-01,2025,5,F01,D111,6111,Expense,Other Operating,11814,12009
2025-05-01,2025,5,F01,D111,6111,Expense,Pharmaceuticals,67510,66351
2025-05-01,2025,5,F01,D111,6111,Expense,Purchased Services,25316,24432
2025-05-01,2025,5,F01,D111,6111,Expense,Salaries & Wages,576651,593889
2025-05-01,2025,5,F01,D120,6120,Revenue,Net Patient Service Revenue,836703,871465
2025-05-01,2025,5,F01,D120,6120,Expense,Employee Benefits,121097,124485
2025-05-01,2025,5,F01,D120,6120,Expense,Equipment & Maintenance,11603,12173
2025-05-01,2025,5,F01,D120,6120,Expense,Medical Supplies,65401,69847
2025-05-01,2025,5,F01,D120,6120,Expense,Other Operating,8861,7733
2025-05-01,2025,5,F01,D120,6120,Expense,Pharmaceuticals,50633,46722
2025-05-01,2025,5,F01,D120,6120,Expense,Purchased Services,18987,17866
2025-05-01,2025,5,F01,D120,6120,Expense,Salaries & Wages,432488,442764
2025-05-01,2025,5,F01,D130,6130,Revenue,Net Patient Service Revenue,1018626,1035223
2025-05-01,2025,5,F01,D130,6130,Expense,Employee Benefits,162447,159047
2025-05-01,2025,5,F01,D130,6130,Expense,Equipment & Maintenance,19339,20741
2025-05-01,2025,5,F01,D130,6130,Expense,Medical Supplies,91420,80105
2025-05-01,2025,5,F01,D130,6130,Expense,Other Operating,7384,7735
2025-05-01,2025,5,F01,D130,6130,Expense,Pharmaceuticals,84388,89219
2025-05-01,2025,5,F01,D130,6130,Expense,Purchased Services,15823,17391
2025-05-01,2025,5,F01,D130,6130,Expense,Salaries & Wages,580167,585933
2025-05-01,2025,5,F01,D140,6140,Revenue,Net Patient Service Revenue,792976,784619
2025-05-01,2025,5,F01,D140,6140,Expense,Employee Benefits,111005,112255
2025-05-01,2025,5,F01,D140,6140,Expense,Equipment & Maintenance,10636,10044
2025-05-01,2025,5,F01,D140,6140,Expense,Medical Supplies,59951,61021
2025-05-01,2025,5,F01,D140,6140,Expense,Other Operating,8122,8367
2025-05-01,2025,5,F01,D140,6140,Expense,Pharmaceuticals,46413,51531
2025-05-01,2025,5,F01,D140,6140,Expense,Purchased Services,17405,15613
2025-05-01,2025,5,F01,D140,6140,Expense,Salaries & Wages,396448,422264
2025-05-01,2025,5,F01,D150,6150,Revenue,Net Patient Service Revenue,774605,809007
2025-05-01,2025,5,F01,D150,6150,Expense,Employee Benefits,90823,89768
2025-05-01,2025,5,F01,D150,6150,Expense,Equipment & Maintenance,8703,9981
2025-05-01,2025,5,F01,D150,6150,Expense,Medical Supplies,49050,46693
2025-05-01,2025,5,F01,D150,6150,Expense,Other Operating,6646,7509
2025-05-01,2025,5,F01,D150,6150,Expense,Pharmaceuticals,197784,190746
2025-05-01,2025,5,F01,D150,6150,Expense,Purchased Services,14240,15166
2025-05-01,2025,5,F01,D150,6150,Expense,Salaries & Wages,324366,323383
2025-05-01,2025,5,F01,D160,6160,Revenue,Net Patient Service Revenue,501075,534219
2025-05-01,2025,5,F01,D160,6160,Expense,Employee Benefits,80731,82534
2025-05-01,2025,5,F01,D160,6160,Expense,Equipment & Maintenance,7736,7676
2025-05-01,2025,5,F01,D160,6160,Expense,Medical Supplies,43600,42258
2025-05-01,2025,5,F01,D160,6160,Expense,Other Operating,5907,6458
2025-05-01,2025,5,F01,D160,6160,Expense,Pharmaceuticals,33755,39912
2025-05-01,2025,5,F01,D160,6160,Expense,Purchased Services,12658,12450
2025-05-01,2025,5,F01,D160,6160,Expense,Salaries & Wages,288325,279331
2025-05-01,2025,5,F01,D170,6170,Revenue,Net Patient Service Revenue,602710,605525
2025-05-01,2025,5,F01,D170,6170,Expense,Employee Benefits,100914,95470
2025-05-01,2025,5,F01,D170,6170,Expense,Equipment & Maintenance,9669,10496
2025-05-01,2025,5,F01,D170,6170,Expense,Medical Supplies,54501,45080
2025-05-01,2025,5,F01,D170,6170,Expense,Other Operating,7384,8273
2025-05-01,2025,5,F01,D170,6170,Expense,Pharmaceuticals,42194,44994
2025-05-01,2025,5,F01,D170,6170,Expense,Purchased Services,15823,16509
2025-05-01,2025,5,F01,D170,6170,Expense,Salaries & Wages,360407,375297
2025-05-01,2025,5,F01,D180,6180,Revenue,Net Patient Service Revenue,372262,394126
2025-05-01,2025,5,F01,D180,6180,Expense,Employee Benefits,70640,69788
2025-05-01,2025,5,F01,D180,6180,Expense,Equipment & Maintenance,6769,7048
2025-05-01,2025,5,F01,D180,6180,Expense,Medical Supplies,38150,37870
2025-05-01,2025,5,F01,D180,6180,Expense,Other Operating,5169,4770
2025-05-01,2025,5,F01,D180,6180,Expense,Pharmaceuticals,29536,30182
2025-05-01,2025,5,F01,D180,6180,Expense,Purchased Services,11076,12990
2025-05-01,2025,5,F01,D180,6180,Expense,Salaries & Wages,252285,248267
2025-05-01,2025,5,F01,D190,6190,Revenue,Net Patient Service Revenue,446715,393822
2025-05-01,2025,5,F01,D190,6190,Expense,Employee Benefits,90823,86695
2025-05-01,2025,5,F01,D190,6190,Expense,Equipment & Maintenance,8703,8434
2025-05-01,2025,5,F01,D190,6190,Expense,Medical Supplies,49050,54558
2025-05-01,2025,5,F01,D190,6190,Expense,Other Operating,6646,6392
2025-05-01,2025,5,F01,D190,6190,Expense,Pharmaceuticals,37975,49602
2025-05-01,2025,5,F01,D190,6190,Expense,Purchased Services,14240,14896
2025-05-01,2025,5,F01,D190,6190,Expense,Salaries & Wages,324366,321412
2025-05-01,2025,5,F01,D195,6195,Revenue,Net Patient Service Revenue,375806,356736
2025-05-01,2025,5,F01,D195,6195,Expense,Employee Benefits,60548,63339
2025-05-01,2025,5,F01,D195,6195,Expense,Equipment & Maintenance,5802,6091
2025-05-01,2025,5,F01,D195,6195,Expense,Medical Supplies,32700,31937
2025-05-01,2025,5,F01,D195,6195,Expense,Other Operating,4430,4413
2025-05-01,2025,5,F01,D195,6195,Expense,Pharmaceuticals,25316,29095
2025-05-01,2025,5,F01,D195,6195,Expense,Purchased Services,9494,8471
2025-05-01,2025,5,F01,D195,6195,Expense,Salaries & Wages,216244,207671
2025-05-01,2025,5,F01,D196,6196,Revenue,Net Patient Service Revenue,1942241,2028992
2025-05-01,2025,5,F01,D196,6196,Expense,Employee Benefits,152602,164781
2025-05-01,2025,5,F01,D196,6196,Expense,Equipment & Maintenance,32700,36970
2025-05-01,2025,5,F01,D196,6196,Expense,Medical Supplies,747185,796365
2025-05-01,2025,5,F01,D196,6196,Expense,Other Operating,16350,13293
2025-05-01,2025,5,F01,D196,6196,Expense,Pharmaceuticals,5450,5727
2025-05-01,2025,5,F01,D196,6196,Expense,Purchased Services,54501,47980
2025-05-01,2025,5,F01,D196,6196,Expense,Salaries & Wages,545005,568680
2025-05-01,2025,5,F02,D200,6200,Revenue,Net Patient Service Revenue,536929,522271
2025-05-01,2025,5,F02,D200,6200,Expense,Employee Benefits,93530,93894
2025-05-01,2025,5,F02,D200,6200,Expense,Equipment & Maintenance,16702,16105
2025-05-01,2025,5,F02,D200,6200,Expense,Medical Supplies,46765,56608
2025-05-01,2025,5,F02,D200,6200,Expense,Other Operating,10021,11329
2025-05-01,2025,5,F02,D200,6200,Expense,Pharmaceuticals,30063,24462
2025-05-01,2025,5,F02,D200,6200,Expense,Purchased Services,40084,37323
2025-05-01,2025,5,F02,D200,6200,Expense,Salaries & Wages,334036,321521
2025-05-01,2025,5,F02,D210,6210,Revenue,Net Patient Service Revenue,876884,887104
2025-05-01,2025,5,F02,D210,6210,Expense,Employee Benefits,141279,140829
2025-05-01,2025,5,F02,D210,6210,Expense,Equipment & Maintenance,13537,13413
2025-05-01,2025,5,F02,D210,6210,Expense,Medical Supplies,76301,86355
2025-05-01,2025,5,F02,D210,6210,Expense,Other Operating,10338,10245
2025-05-01,2025,5,F02,D210,6210,Expense,Pharmaceuticals,59072,60304
2025-05-01,2025,5,F02,D210,6210,Expense,Purchased Services,22152,21870
2025-05-01,2025,5,F02,D210,6210,Expense,Salaries & Wages,504570,527905
2025-05-01,2025,5,F02,D230,6230,Revenue,Net Patient Service Revenue,407451,410657
2025-05-01,2025,5,F02,D230,6230,Expense,Employee Benefits,64979,62901
2025-05-01,2025,5,F02,D230,6230,Expense,Equipment & Maintenance,7736,7967
2025-05-01,2025,5,F02,D230,6230,Expense,Medical Supplies,36568,38841
2025-05-01,2025,5,F02,D230,6230,Expense,Other Operating,2954,2701
2025-05-01,2025,5,F02,D230,6230,Expense,Pharmaceuticals,33755,41895
2025-05-01,2025,5,F02,D230,6230,Expense,Purchased Services,6329,7588
2025-05-01,2025,5,F02,D230,6230,Expense,Salaries & Wages,232067,246342
2025-05-01,2025,5,F02,D270,6270,Revenue,Net Patient Service Revenue,313172,304455
2025-05-01,2025,5,F02,D270,6270,Expense,Employee Benefits,50457,51708
2025-05-01,2025,5,F02,D270,6270,Expense,Equipment & Maintenance,4835,5072
2025-05-01,2025,5,F02,D270,6270,Expense,Medical Supplies,27250,25921
2025-05-01,2025,5,F02,D270,6270,Expense,Other Operating,3692,3689
2025-05-01,2025,5,F02,D270,6270,Expense,Pharmaceuticals,21097,21445
2025-05-01,2025,5,F02,D270,6270,Expense,Purchased Services,7911,6975
2025-05-01,2025,5,F02,D270,6270,Expense,Salaries & Wages,180203,182891
2025-05-01,2025,5,F03,D300,6300,Revenue,Net Patient Service Revenue,720615,659805
2025-05-01,2025,5,F03,D300,6300,Expense,Employee Benefits,125527,122729
2025-05-01,2025,5,F03,D300,6300,Expense,Equipment & Maintenance,22416,23167
2025-05-01,2025,5,F03,D300,6300,Expense,Medical Supplies,62764,64710
2025-05-01,2025,5,F03,D300,6300,Expense,Other Operating,13449,14895
2025-05-01,2025,5,F03,D300,6300,Expense,Pharmaceuticals,40348,41660
2025-05-01,2025,5,F03,D300,6300,Expense,Purchased Services,53797,63168
2025-05-01,2025,5,F03,D300,6300,Expense,Salaries & Wages,448311,466085
2025-05-01,2025,5,F03,D310,6310,Revenue,Net Patient Service Revenue,939517,944024
2025-05-01,2025,5,F03,D310,6310,Expense,Employee Benefits,151371,154928
2025-05-01,2025,5,F03,D310,6310,Expense,Equipment & Maintenance,14504,16131
2025-05-01,2025,5,F03,D310,6310,Expense,Medical Supplies,81751,80907
2025-05-01,2025,5,F03,D310,6310,Expense,Other Operating,11076,11665
2025-05-01,2025,5,F03,D310,6310,Expense,Pharmaceuticals,63291,66622
2025-05-01,2025,5,F03,D310,6310,Expense,Purchased Services,23734,22446
2025-05-01,2025,5,F03,D310,6310,Expense,Salaries & Wages,540610,557652
2025-05-01,2025,5,F03,D320,6320,Revenue,Net Patient Service Revenue,501075,504080
2025-05-01,2025,5,F03,D320,6320,Expense,Employee Benefits,80731,80736
2025-05-01,2025,5,F03,D320,6320,Expense,Equipment & Maintenance,7736,7801
2025-05-01,2025,5,F03,D320,6320,Expense,Medical Supplies,43600,38396
2025-05-01,2025,5,F03,D320,6320,Expense,Other Operating,5907,5186
2025-05-01,2025,5,F03,D320,6320,Expense,Pharmaceuticals,33755,32927
2025-05-01,2025,5,F03,D320,6320,Expense,Purchased Services,12658,14705
2025-05-01,2025,5,F03,D320,6320,Expense,Salaries & Wages,288325,301528
2025-05-01,2025,5,F03,D330,6330,Revenue,Net Patient Service Revenue,611175,633355
2025-05-01,2025,5,F03,D330,6330,Expense,Employee Benefits,97468,90251
2025-05-01,2025,5,F03,D330,6330,Expense,Equipment & Maintenance,11603,14408
2025-05-01,2025,5,F03,D330,6330,Expense,Medical Supplies,54852,58671
2025-05-01,2025,5,F03,D330,6330,Expense,Other Operating,4430,4717
2025-05-01,2025,5,F03,D330,6330,Expense,Pharmaceuticals,50633,50679
2025-05-01,2025,5,F03,D330,6330,Expense,Purchased Services,9494,8798
2025-05-01,2025,5,F03,D330,6330,Expense,Salaries & Wages,348100,350927
2025-05-01,2025,5,F03,D340,6340,Revenue,Net Patient Service Revenue,438442,493012
2025-05-01,2025,5,F03,D340,6340,Expense,Employee Benefits,70640,69760
2025-05-01,2025,5,F03,D340,6340,Expense,Equipment & Maintenance,6769,6450
2025-05-01,2025,5,F03,D340,6340,Expense,Medical Supplies,38150,36396
2025-05-01,2025,5,F03,D340,6340,Expense,Other Operating,5169,4736
2025-05-01,2025,5,F03,D340,6340,Expense,Pharmaceuticals,29536,30357
2025-05-01,2025,5,F03,D340,6340,Expense,Purchased Services,11076,10195
2025-05-01,2025,5,F03,D340,6340,Expense,Salaries & Wages,252285,229906
2025-05-01,2025,5,F04,D400,6400,Revenue,Net Patient Service Revenue,440659,456995
2025-05-01,2025,5,F04,D400,6400,Expense,Employee Benefits,80696,74993
2025-05-01,2025,5,F04,D400,6400,Expense,Equipment & Maintenance,11955,9627
2025-05-01,2025,5,F04,D400,6400,Expense,Medical Supplies,17932,19495
2025-05-01,2025,5,F04,D400,6400,Expense,Other Operating,14944,15819
2025-05-01,2025,5,F04,D400,6400,Expense,Pharmaceuticals,5977,6092
2025-05-01,2025,5,F04,D400,6400,Expense,Purchased Services,23910,22750
2025-05-01,2025,5,F04,D400,6400,Expense,Salaries & Wages,298874,290384
2025-05-01,2025,5,F04,D410,6410,Revenue,Net Patient Service Revenue,304640,293696
2025-05-01,2025,5,F04,D410,6410,Expense,Employee Benefits,45095,47121
2025-05-01,2025,5,F04,D410,6410,Expense,Equipment & Maintenance,6681,6459
2025-05-01,2025,5,F04,D410,6410,Expense,Medical Supplies,10021,9268
2025-05-01,2025,5,F04,D410,6410,Expense,Other Operating,8351,8284
2025-05-01,2025,5,F04,D410,6410,Expense,Pharmaceuticals,3340,3607
2025-05-01,2025,5,F04,D410,6410,Expense,Purchased Services,13361,13017
2025-05-01,2025,5,F04,D410,6410,Expense,Salaries & Wages,167018,169949
2025-05-01,2025,5,F04,D420,6420,Revenue,Net Patient Service Revenue,268030,278841
2025-05-01,2025,5,F04,D420,6420,Expense,Employee Benefits,40348,41792
2025-05-01,2025,5,F04,D420,6420,Expense,Equipment & Maintenance,5977,5921
2025-05-01,2025,5,F04,D420,6420,Expense,Medical Supplies,8966,7575
2025-05-01,2025,5,F04,D420,6420,Expense,Other Operating,7472,7927
2025-05-01,2025,5,F04,D420,6420,Expense,Pharmaceuticals,2989,3107
2025-05-01,2025,5,F04,D420,6420,Expense,Purchased Services,11955,11416
2025-05-01,2025,5,F04,D420,6420,Expense,Salaries & Wages,149437,149712
2025-05-01,2025,5,F04,D430,6430,Revenue,Net Patient Service Revenue,975514,1046557
2025-05-01,2025,5,F04,D430,6430,Expense,Employee Benefits,54588,53418
2025-05-01,2025,5,F04,D430,6430,Expense,Equipment & Maintenance,8087,8207
2025-05-01,2025,5,F04,D430,6430,Expense,Medical Supplies,12131,12511
2025-05-01,2025,5,F04,D430,6430,Expense,Other Operating,10109,9225
2025-05-01,2025,5,F04,D430,6430,Expense,Pharmaceuticals,545005,436063
2025-05-01,2025,5,F04,D430,6430,Expense,Purchased Services,16174,15750
2025-05-01,2025,5,F04,D430,6430,Expense,Salaries & Wages,202179,219477
2025-05-01,2025,5,F04,D440,6440,Revenue,Net Patient Service Revenue,148448,148843
2025-05-01,2025,5,F04,D440,6440,Expense,Employee Benefits,26108,24825
2025-05-01,2025,5,F04,D440,6440,Expense,Equipment & Maintenance,3868,4357
2025-05-01,2025,5,F04,D440,6440,Expense,Medical Supplies,5802,5089
2025-05-01,2025,5,F04,D440,6440,Expense,Other Operating,4835,5087
2025-05-01,2025,5,F04,D440,6440,Expense,Pharmaceuticals,1934,1963
2025-05-01,2025,5,F04,D440,6440,Expense,Purchased Services,7736,7240
2025-05-01,2025,5,F04,D440,6440,Expense,Salaries & Wages,96695,102230
2025-05-01,2025,5,F04,D450,6450,Revenue,Net Patient Service Revenue,203095,203617
2025-05-01,2025,5,F04,D450,6450,Expense,Employee Benefits,37975,40073
2025-05-01,2025,5,F04,D450,6450,Expense,Equipment & Maintenance,5626,5849
2025-05-01,2025,5,F04,D450,6450,Expense,Medical Supplies,8439,8684
2025-05-01,2025,5,F04,D450,6450,Expense,Other Operating,7032,6756
2025-05-01,2025,5,F04,D450,6450,Expense,Pharmaceuticals,2813,3290
2025-05-01,2025,5,F04,D450,6450,Expense,Purchased Services,11252,10637
2025-05-01,2025,5,F04,D450,6450,Expense,Salaries & Wages,140647,132037
2025-05-01,2025,5,F01,D500,6500,Revenue,Net Patient Service Revenue,1096515,1169649
2025-05-01,2025,5,F01,D500,6500,Expense,Employee Benefits,135372,137157
2025-05-01,2025,5,F01,D500,6500,Expense,Equipment & Maintenance,29008,25054
2025-05-01,2025,5,F01,D500,6500,Expense,Medical Supplies,281293,266099
2025-05-01,2025,5,F01,D500,6500,Expense,Other Operating,14504,15487
2025-05-01,2025,5,F01,D500,6500,Expense,Pharmaceuticals,4835,4487
2025-05-01,2025,5,F01,D500,6500,Expense,Purchased Services,48347,46153
2025-05-01,2025,5,F01,D500,6500,Expense,Salaries & Wages,483473,511381
2025-05-01,2025,5,F01,D510,6510,Revenue,Net Patient Service Revenue,1012021,930826
2025-05-01,2025,5,F01,D510,6510,Expense,Employee Benefits,118143,116313
2025-05-01,2025,5,F01,D510,6510,Expense,Equipment & Maintenance,158227,139375
2025-05-01,2025,5,F01,D510,6510,Expense,Medical Supplies,21097,24942
2025-05-01,2025,5,F01,D510,6510,Expense,Other Operating,12658,12345
2025-05-01,2025,5,F01,D510,6510,Expense,Pharmaceuticals,4219,4663
2025-05-01,2025,5,F01,D510,6510,Expense,Purchased Services,42194,42408
2025-05-01,2025,5,F01,D510,6510,Expense,Salaries & Wages,421940,389638
2025-05-01,2025,5,F01,D520,6520,Expense,Employee Benefits,76301,76548
2025-05-01,2025,5,F01,D520,6520,Expense,Equipment & Maintenance,16350,14726
2025-05-01,2025,5,F01,D520,6520,Expense,Medical Supplies,13625,13477
2025-05-01,2025,5,F01,D520,6520,Expense,Other Operating,8175,8751
2025-05-01,2025,5,F01,D520,6520,Expense,Pharmaceuticals,175808,163493
2025-05-01,2025,5,F01,D520,6520,Expense,Purchased Services,27250,26749
2025-05-01,2025,5,F01,D520,6520,Expense,Salaries & Wages,272503,295408
2025-06-01,2025,6,F01,D100,6100,Revenue,Net Patient Service Revenue,1312696,1228469
2025-06-01,2025,6,F01,D100,6100,Expense,Employee Benefits,228664,231364
2025-06-01,2025,6,F01,D100,6100,Expense,Equipment & Maintenance,40833,41385
2025-06-01,2025,6,F01,D100,6100,Expense,Medical Supplies,114332,100107
2025-06-01,2025,6,F01,D100,6100,Expense,Other Operating,24500,25575
2025-06-01,2025,6,F01,D100,6100,Expense,Pharmaceuticals,73499,69517
2025-06-01,2025,6,F01,D100,6100,Expense,Purchased Services,97999,114879
2025-06-01,2025,6,F01,D100,6100,Expense,Salaries & Wages,816658,799241
2025-06-01,2025,6,F01,D110,6110,Revenue,Net Patient Service Revenue,1091052,962245
2025-06-01,2025,6,F01,D110,6110,Expense,Employee Benefits,175786,169106
2025-06-01,2025,6,F01,D110,6110,Expense,Equipment & Maintenance,16844,18175
2025-06-01,2025,6,F01,D110,6110,Expense,Medical Supplies,94936,76643
2025-06-01,2025,6,F01,D110,6110,Expense,Other Operating,12862,14506
2025-06-01,2025,6,F01,D110,6110,Expense,Pharmaceuticals,73499,72330
2025-06-01,2025,6,F01,D110,6110,Expense,Purchased Services,27562,26006
2025-06-01,2025,6,F01,D110,6110,Expense,Salaries & Wages,627805,608708
2025-06-01,2025,6,F01,D111,6111,Revenue,Net Patient Service Revenue,969825,963298
2025-06-01,2025,6,F01,D111,6111,Expense,Employee Benefits,156254,158458
2025-06-01,2025,6,F01,D111,6111,Expense,Equipment & Maintenance,14972,12842
2025-06-01,2025,6,F01,D111,6111,Expense,Medical Supplies,84388,86040
2025-06-01,2025,6,F01,D111,6111,Expense,Other Operating,11433,13061
2025-06-01,2025,6,F01,D111,6111,Expense,Pharmaceuticals,65333,67194
2025-06-01,2025,6,F01,D111,6111,Expense,Purchased Services,24500,26462
2025-06-01,2025,6,F01,D111,6111,Expense,Salaries & Wages,558049,566395
2025-06-01,2025,6,F01,D120,6120,Revenue,Net Patient Service Revenue,809711,774275
2025-06-01,2025,6,F01,D120,6120,Expense,Employee Benefits,117190,118635
2025-06-01,2025,6,F01,D120,6120,Expense,Equipment & Maintenance,11229,12618
2025-06-01,2025,6,F01,D120,6120,Expense,Medical Supplies,63291,71607
2025-06-01,2025,6,F01,D120,6120,Expense,Other Operating,8575,8693
2025-06-01,2025,6,F01,D120,6120,Expense,Pharmaceuticals,48999,45478
2025-06-01,2025,6,F01,D120,6120,Expense,Purchased Services,18375,18516
2025-06-01,2025,6,F01,D120,6120,Expense,Salaries & Wages,418537,418986
2025-06-01,2025,6,F01,D130,6130,Revenue,Net Patient Service Revenue,985767,936619
2025-06-01,2025,6,F01,D130,6130,Expense,Employee Benefits,157207,154632
2025-06-01,2025,6,F01,D130,6130,Expense,Equipment & Maintenance,18715,19112
2025-06-01,2025,6,F01,D130,6130,Expense,Medical Supplies,88471,90589
2025-06-01,2025,6,F01,D130,6130,Expense,Other Operating,7146,7370
2025-06-01,2025,6,F01,D130,6130,Expense,Pharmaceuticals,81666,72761
2025-06-01,2025,6,F01,D130,6130,Expense,Purchased Services,15312,15738
2025-06-01,2025,6,F01,D130,6130,Expense,Salaries & Wages,561452,520370
2025-06-01,2025,6,F01,D140,6140,Revenue,Net Patient Service Revenue,767396,832321
2025-06-01,2025,6,F01,D140,6140,Expense,Employee Benefits,107424,102921
2025-06-01,2025,6,F01,D140,6140,Expense,Equipment & Maintenance,10293,11134
2025-06-01,2025,6,F01,D140,6140,Expense,Medical Supplies,58017,61769
2025-06-01,2025,6,F01,D140,6140,Expense,Other Operating,7860,8882
2025-06-01,2025,6,F01,D140,6140,Expense,Pharmaceuticals,44916,32356
2025-06-01,2025,6,F01,D140,6140,Expense,Purchased Services,16844,15685
2025-06-01,2025,6,F01,D140,6140,Expense,Salaries & Wages,383659,412463
2025-06-01,2025,6,F01,D150,6150,Revenue,Net Patient Service Revenue,749618,739184
2025-06-01,2025,6,F01,D150,6150,Expense,Employee Benefits,87893,84566
2025-06-01,2025,6,F01,D150,6150,Expense,Equipment & Maintenance,8422,9314
2025-06-01,2025,6,F01,D150,6150,Expense,Medical Supplies,47468,54590
2025-06-01,2025,6,F01,D150,6150,Expense,Other Operating,6431,5576
2025-06-01,2025,6,F01,D150,6150,Expense,Pharmaceuticals,191404,222605
2025-06-01,2025,6,F01,D150,6150,Expense,Purchased Services,13781,14499
2025-06-01,2025,6,F01,D150,6150,Expense,Salaries & Wages,313903,314008
2025-06-01,2025,6,F01,D160,6160,Revenue,Net Patient Service Revenue,484913,501194
2025-06-01,2025,6,F01,D160,6160,Expense,Employee Benefits,78127,78592
2025-06-01,2025,6,F01,D160,6160,Expense,Equipment & Maintenance,7486,8143
2025-06-01,2025,6,F01,D160,6160,Expense,Medical Supplies,42194,47302
2025-06-01,2025,6,F01,D160,6160,Expense,Other Operating,5717,4722
2025-06-01,2025,6,F01,D160,6160,Expense,Pharmaceuticals,32666,34392
2025-06-01,2025,6,F01,D160,6160,Expense,Purchased Services,12250,11486
2025-06-01,2025,6,F01,D160,6160,Expense,Salaries & Wages,279025,259268
2025-06-01,2025,6,F01,D170,6170,Revenue,Net Patient Service Revenue,583268,576237
2025-06-01,2025,6,F01,D170,6170,Expense,Employee Benefits,97659,91218
2025-06-01,2025,6,F01,D170,6170,Expense,Equipment & Maintenance,9358,10678
2025-06-01,2025,6,F01,D170,6170,Expense,Medical Supplies,52742,52599
2025-06-01,2025,6,F01,D170,6170,Expense,Other Operating,7146,7682
2025-06-01,2025,6,F01,D170,6170,Expense,Pharmaceuticals,40833,39776
2025-06-01,2025,6,F01,D170,6170,Expense,Purchased Services,15312,14721
2025-06-01,2025,6,F01,D170,6170,Expense,Salaries & Wages,348781,349920
2025-06-01,2025,6,F01,D180,6180,Revenue,Net Patient Service Revenue,360254,381246
2025-06-01,2025,6,F01,D180,6180,Expense,Employee Benefits,68361,68427
2025-06-01,2025,6,F01,D180,6180,Expense,Equipment & Maintenance,6550,6135
2025-06-01,2025,6,F01,D180,6180,Expense,Medical Supplies,36920,35469
2025-06-01,2025,6,F01,D180,6180,Expense,Other Operating,5002,5213
2025-06-01,2025,6,F01,D180,6180,Expense,Pharmaceuticals,28583,26276
2025-06-01,2025,6,F01,D180,6180,Expense,Purchased Services,10719,12663
2025-06-01,2025,6,F01,D180,6180,Expense,Salaries & Wages,244147,243639
2025-06-01,2025,6,F01,D190,6190,Revenue,Net Patient Service Revenue,432304,394965
2025-06-01,2025,6,F01,D190,6190,Expense,Employee Benefits,87893,84317
2025-06-01,2025,6,F01,D190,6190,Expense,Equipment & Maintenance,8422,7718
2025-06-01,2025,6,F01,D190,6190,Expense,Medical Supplies,47468,48483
2025-06-01,2025,6,F01,D190,6190,Expense,Other Operating,6431,5462
2025-06-01,2025,6,F01,D190,6190,Expense,Pharmaceuticals,36750,43409
2025-06-01,2025,6,F01,D190,6190,Expense,Purchased Services,13781,13358
2025-06-01,2025,6,F01,D190,6190,Expense,Salaries & Wages,313903,306295
2025-06-01,2025,6,F01,D195,6195,Revenue,Net Patient Service Revenue,363683,338919
2025-06-01,2025,6,F01,D195,6195,Expense,Employee Benefits,58595,64612
2025-06-01,2025,6,F01,D195,6195,Expense,Equipment & Maintenance,5615,5535
2025-06-01,2025,6,F01,D195,6195,Expense,Medical Supplies,31645,38755
2025-06-01,2025,6,F01,D195,6195,Expense,Other Operating,4287,4082
2025-06-01,2025,6,F01,D195,6195,Expense,Pharmaceuticals,24500,19152
2025-06-01,2025,6,F01,D195,6195,Expense,Purchased Services,9187,8905
2025-06-01,2025,6,F01,D195,6195,Expense,Salaries & Wages,209268,200298
2025-06-01,2025,6,F01,D196,6196,Revenue,Net Patient Service Revenue,1879588,1872175
2025-06-01,2025,6,F01,D196,6196,Expense,Employee Benefits,147679,158924
2025-06-01,2025,6,F01,D196,6196,Expense,Equipment & Maintenance,31645,30459
2025-06-01,2025,6,F01,D196,6196,Expense,Medical Supplies,723082,668116
2025-06-01,2025,6,F01,D196,6196,Expense,Other Operating,15823,17798
2025-06-01,2025,6,F01,D196,6196,Expense,Pharmaceuticals,5274,5490
2025-06-01,2025,6,F01,D196,6196,Expense,Purchased Services,52742,46678
2025-06-01,2025,6,F01,D196,6196,Expense,Salaries & Wages,527425,519945
2025-06-01,2025,6,F02,D200,6200,Revenue,Net Patient Service Revenue,519608,542260
2025-06-01,2025,6,F02,D200,6200,Expense,Employee Benefits,90513,91656
2025-06-01,2025,6,F02,D200,6200,Expense,Equipment & Maintenance,16163,17233
2025-06-01,2025,6,F02,D200,6200,Expense,Medical Supplies,45256,46370
2025-06-01,2025,6,F02,D200,6200,Expense,Other Operating,9698,8891
2025-06-01,2025,6,F02,D200,6200,Expense,Pharmaceuticals,29093,24571
2025-06-01,2025,6,F02,D200,6200,Expense,Purchased Services,38791,43721
2025-06-01,2025,6,F02,D200,6200,Expense,Salaries & Wages,323260,317891
2025-06-01,2025,6,F02,D210,6210,Revenue,Net Patient Service Revenue,848596,896222
2025-06-01,2025,6,F02,D210,6210,Expense,Employee Benefits,136722,133463
2025-06-01,2025,6,F02,D210,6210,Expense,Equipment & Maintenance,13101,14815
2025-06-01,2025,6,F02,D210,6210,Expense,Medical Supplies,73839,78492
2025-06-01,2025,6,F02,D210,6210,Expense,Other Operating,10004,10699
2025-06-01,2025,6,F02,D210,6210,Expense,Pharmaceuticals,57166,59958
2025-06-01,2025,6,F02,D210,6210,Expense,Purchased Services,21437,23604
2025-06-01,2025,6,F02,D210,6210,Expense,Salaries & Wages,488293,493905
2025-06-01,2025,6,F02,D230,6230,Revenue,Net Patient Service Revenue,394306,372152
2025-06-01,2025,6,F02,D230,6230,Expense,Employee Benefits,62883,65561
2025-06-01,2025,6,F02,D230,6230,Expense,Equipment & Maintenance,7486,7669
2025-06-01,2025,6,F02,D230,6230,Expense,Medical Supplies,35388,37022
2025-06-01,2025,6,F02,D230,6230,Expense,Other Operating,2858,2665
2025-06-01,2025,6,F02,D230,6230,Expense,Pharmaceuticals,32666,31296
2025-06-01,2025,6,F02,D230,6230,Expense,Purchased Services,6125,5348
2025-06-01,2025,6,F02,D230,6230,Expense,Salaries & Wages,224581,245970
2025-06-01,2025,6,F02,D270,6270,Revenue,Net Patient Service Revenue,303069,303448
2025-06-01,2025,6,F02,D270,6270,Expense,Employee Benefits,48829,48017
2025-06-01,2025,6,F02,D270,6270,Expense,Equipment & Maintenance,4679,4650
2025-06-01,2025,6,F02,D270,6270,Expense,Medical Supplies,26371,27199
2025-06-01,2025,6,F02,D270,6270,Expense,Other Operating,3573,3930
2025-06-01,2025,6,F02,D270,6270,Expense,Pharmaceuticals,20416,18482
2025-06-01,2025,6,F02,D270,6270,Expense,Purchased Services,7656,7180
2025-06-01,2025,6,F02,D270,6270,Expense,Salaries & Wages,174390,183001
2025-06-01,2025,6,F03,D300,6300,Revenue,Net Patient Service Revenue,697368,697284
2025-06-01,2025,6,F03,D300,6300,Expense,Employee Benefits,121478,126074
2025-06-01,2025,6,F03,D300,6300,Expense,Equipment & Maintenance,21692,22812
2025-06-01,2025,6,F03,D300,6300,Expense,Medical Supplies,60739,64455
2025-06-01,2025,6,F03,D300,6300,Expense,Other Operating,13015,13781
2025-06-01,2025,6,F03,D300,6300,Expense,Pharmaceuticals,39046,31210
2025-06-01,2025,6,F03,D300,6300,Expense,Purchased Services,52062,56629
2025-06-01,2025,6,F03,D300,6300,Expense,Salaries & Wages,433849,426379
2025-06-01,2025,6,F03,D310,6310,Revenue,Net Patient Service Revenue,909210,912830
2025-06-01,2025,6,F03,D310,6310,Expense,Employee Benefits,146488,154327
2025-06-01,2025,6,F03,D310,6310,Expense,Equipment & Maintenance,14036,14172
2025-06-01,2025,6,F03,D310,6310,Expense,Medical Supplies,79114,62644
2025-06-01,2025,6,F03,D310,6310,Expense,Other Operating,10719,11734
2025-06-01,2025,6,F03,D310,6310,Expense,Pharmaceuticals,61249,57893
2025-06-01,2025,6,F03,D310,6310,Expense,Purchased Services,22968,22483
2025-06-01,2025,6,F03,D310,6310,Expense,Salaries & Wages,523171,528165
2025-06-01,2025,6,F03,D320,6320,Revenue,Net Patient Service Revenue,484913,492804
2025-06-01,2025,6,F03,D320,6320,Expense,Employee Benefits,78127,81944
2025-06-01,2025,6,F03,D320,6320,Expense,Equipment & Maintenance,7486,7681
2025-06-01,2025,6,F03,D320,6320,Expense,Medical Supplies,42194,43330
2025-06-01,2025,6,F03,D320,6320,Expense,Other Operating,5717,5530
2025-06-01,2025,6,F03,D320,6320,Expense,Pharmaceuticals,32666,35904
2025-06-01,2025,6,F03,D320,6320,Expense,Purchased Services,12250,11551
2025-06-01,2025,6,F03,D320,6320,Expense,Salaries & Wages,279025,293286
2025-06-01,2025,6,F03,D330,6330,Revenue,Net Patient Service Revenue,591459,637768
2025-06-01,2025,6,F03,D330,6330,Expense,Employee Benefits,94324,88639
2025-06-01,2025,6,F03,D330,6330,Expense,Equipment & Maintenance,11229,11879
2025-06-01,2025,6,F03,D330,6330,Expense,Medical Supplies,53083,62234
2025-06-01,2025,6,F03,D330,6330,Expense,Other Operating,4287,4155
2025-06-01,2025,6,F03,D330,6330,Expense,Pharmaceuticals,48999,48920
2025-06-01,2025,6,F03,D330,6330,Expense,Purchased Services,9187,10335
2025-06-01,2025,6,F03,D330,6330,Expense,Salaries & Wages,336871,323174
2025-06-01,2025,6,F03,D340,6340,Revenue,Net Patient Service Revenue,424299,453250
2025-06-01,2025,6,F03,D340,6340,Expense,Employee Benefits,68361,69766
2025-06-01,2025,6,F03,D340,6340,Expense,Equipment & Maintenance,6550,6576
2025-06-01,2025,6,F03,D340,6340,Expense,Medical Supplies,36920,35453
2025-06-01,2025,6,F03,D340,6340,Expense,Other Operating,5002,4815
2025-06-01,2025,6,F03,D340,6340,Expense,Pharmaceuticals,28583,25587
2025-06-01,2025,6,F03,D340,6340,Expense,Purchased Services,10719,11021
2025-06-01,2025,6,F03,D340,6340,Expense,Salaries & Wages,244147,224279
2025-06-01,2025,6,F04,D400,6400,Revenue,Net Patient Service Revenue,426446,479318
2025-06-01,2025,6,F04,D400,6400,Expense,Employee Benefits,78093,74394
2025-06-01,2025,6,F04,D400,6400,Expense,Equipment & Maintenance,11569,11352
2025-06-01,2025,6,F04,D400,6400,Expense,Medical Supplies,17354,18130
2025-06-01,2025,6,F04,D400,6400,Expense,Other Operating,14462,14133
2025-06-01,2025,6,F04,D400,6400,Expense,Pharmaceuticals,5785,5273
2025-06-01,2025,6,F04,D400,6400,Expense,Purchased Services,23139,25884
2025-06-01,2025,6,F04,D400,6400,Expense,Salaries & Wages,289233,270170
2025-06-01,2025,6,F04,D410,6410,Revenue,Net Patient Service Revenue,294814,280360
2025-06-01,2025,6,F04,D410,6410,Expense,Employee Benefits,43640,44593
2025-06-01,2025,6,F04,D410,6410,Expense,Equipment & Maintenance,6465,6899
2025-06-01,2025,6,F04,D410,6410,Expense,Medical Supplies,9698,10147
2025-06-01,2025,6,F04,D410,6410,Expense,Other Operating,8082,7964
2025-06-01,2025,6,F04,D410,6410,Expense,Pharmaceuticals,3233,3526
2025-06-01,2025,6,F04,D410,6410,Expense,Purchased Services,12930,13027
2025-06-01,2025,6,F04,D410,6410,Expense,Salaries & Wages,161630,152785
2025-06-01,2025,6,F04,D420,6420,Revenue,Net Patient Service Revenue,259383,281755
2025-06-01,2025,6,F04,D420,6420,Expense,Employee Benefits,39046,39143
2025-06-01,2025,6,F04,D420,6420,Expense,Equipment & Maintenance,5785,6841
2025-06-01,2025,6,F04,D420,6420,Expense,Medical Supplies,8677,8372
2025-06-01,2025,6,F04,D420,6420,Expense,Other Operating,7231,7513
2025-06-01,2025,6,F04,D420,6420,Expense,Pharmaceuticals,2892,3007
2025-06-01,2025,6,F04,D420,6420,Expense,Purchased Services,11569,10179
2025-06-01,2025,6,F04,D420,6420,Expense,Salaries & Wages,144616,148954
2025-06-01,2025,6,F04,D430,6430,Revenue,Net Patient Service Revenue,944049,953197
2025-06-01,2025,6,F04,D430,6430,Expense,Employee Benefits,52828,54853
2025-06-01,2025,6,F04,D430,6430,Expense,Equipment & Maintenance,7826,7422
2025-06-01,2025,6,F04,D430,6430,Expense,Medical Supplies,11739,12108
2025-06-01,2025,6,F04,D430,6430,Expense,Other Operating,9783,9966
2025-06-01,2025,6,F04,D430,6430,Expense,Pharmaceuticals,527425,545353
2025-06-01,2025,6,F04,D430,6430,Expense,Purchased Services,15653,14982
2025-06-01,2025,6,F04,D430,6430,Expense,Salaries & Wages,195658,205227
2025-06-01,2025,6,F04,D440,6440,Revenue,Net Patient Service Revenue,143657,133901
2025-06-01,2025,6,F04,D440,6440,Expense,Employee Benefits,25265,24837
2025-06-01,2025,6,F04,D440,6440,Expense,Equipment & Maintenance,3743,3292
2025-06-01,2025,6,F04,D440,6440,Expense,Medical Supplies,5615,5550
2025-06-01,2025,6,F04,D440,6440,Expense,Other Operating,4679,4471
2025-06-01,2025,6,F04,D440,6440,Expense,Pharmaceuticals,1872,1529
2025-06-01,2025,6,F04,D440,6440,Expense,Purchased Services,7486,8590
2025-06-01,2025,6,F04,D440,6440,Expense,Salaries & Wages,93575,91871
2025-06-01,2025,6,F04,D450,6450,Revenue,Net Patient Service Revenue,196543,209926
2025-06-01,2025,6,F04,D450,6450,Expense,Employee Benefits,36750,37592
2025-06-01,2025,6,F04,D450,6450,Expense,Equipment & Maintenance,5444,6135
2025-06-01,2025,6,F04,D450,6450,Expense,Medical Supplies,8167,8500
2025-06-01,2025,6,F04,D450,6450,Expense,Other Operating,6805,6494
2025-06-01,2025,6,F04,D450,6450,Expense,Pharmaceuticals,2722,2380
2025-06-01,2025,6,F04,D450,6450,Expense,Purchased Services,10889,11338
2025-06-01,2025,6,F04,D450,6450,Expense,Salaries & Wages,136110,133699
2025-06-01,2025,6,F01,D500,6500,Revenue,Net Patient Service Revenue,1061145,928610
2025-06-01,2025,6,F01,D500,6500,Expense,Employee Benefits,131005,133679
2025-06-01,2025,6,F01,D500,6500,Expense,Equipment & Maintenance,28073,28022
2025-06-01,2025,6,F01,D500,6500,Expense,Medical Supplies,272219,272643
2025-06-01,2025,6,F01,D500,6500,Expense,Other Operating,14036,12406
2025-06-01,2025,6,F01,D500,6500,Expense,Pharmaceuticals,4679,3817
2025-06-01,2025,6,F01,D500,6500,Expense,Purchased Services,46788,41148
2025-06-01,2025,6,F01,D500,6500,Expense,Salaries & Wages,467877,491853
2025-06-01,2025,6,F01,D510,6510,Revenue,Net Patient Service Revenue,979376,954413
2025-06-01,2025,6,F01,D510,6510,Expense,Employee Benefits,114332,108641
2025-06-01,2025,6,F01,D510,6510,Expense,Equipment & Maintenance,153123,166208
2025-06-01,2025,6,F01,D510,6510,Expense,Medical Supplies,20416,22538
2025-06-01,2025,6,F01,D510,6510,Expense,Other Operating,12250,11132
2025-06-01,2025,6,F01,D510,6510,Expense,Pharmaceuticals,4083,4435
2025-06-01,2025,6,F01,D510,6510,Expense,Purchased Services,40833,42475
2025-06-01,2025,6,F01,D510,6510,Expense,Salaries & Wages,408329,373064
2025-06-01,2025,6,F01,D520,6520,Expense,Employee Benefits,73839,76747
2025-06-01,2025,6,F01,D520,6520,Expense,Equipment & Maintenance,15823,14973
2025-06-01,2025,6,F01,D520,6520,Expense,Medical Supplies,13186,11732
2025-06-01,2025,6,F01,D520,6520,Expense,Other Operating,7911,7706
2025-06-01,2025,6,F01,D520,6520,Expense,Pharmaceuticals,170137,174879
2025-06-01,2025,6,F01,D520,6520,Expense,Purchased Services,26371,27470
2025-06-01,2025,6,F01,D520,6520,Expense,Salaries & Wages,263712,277795
2025-07-01,2025,7,F01,D100,6100,Revenue,Net Patient Service Revenue,1356451,1294507
2025-07-01,2025,7,F01,D100,6100,Expense,Employee Benefits,236286,242160
2025-07-01,2025,7,F01,D100,6100,Expense,Equipment & Maintenance,42194,48491
2025-07-01,2025,7,F01,D100,6100,Expense,Medical Supplies,118143,97126
2025-07-01,2025,7,F01,D100,6100,Expense,Other Operating,25316,27886
2025-07-01,2025,7,F01,D100,6100,Expense,Pharmaceuticals,75949,79501
2025-07-01,2025,7,F01,D100,6100,Expense,Purchased Services,101266,104833
2025-07-01,2025,7,F01,D100,6100,Expense,Salaries & Wages,843879,888763
2025-07-01,2025,7,F01,D110,6110,Revenue,Net Patient Service Revenue,1127420,1157311
2025-07-01,2025,7,F01,D110,6110,Expense,Employee Benefits,181645,177799
2025-07-01,2025,7,F01,D110,6110,Expense,Equipment & Maintenance,17405,19146
2025-07-01,2025,7,F01,D110,6110,Expense,Medical Supplies,98101,89605
2025-07-01,2025,7,F01,D110,6110,Expense,Other Operating,13291,11574
2025-07-01,2025,7,F01,D110,6110,Expense,Pharmaceuticals,75949,70280
2025-07-01,2025,7,F01,D110,6110,Expense,Purchased Services,28481,30980
2025-07-01,2025,7,F01,D110,6110,Expense,Salaries & Wages,648732,628550
2025-07-01,2025,7,F01,D111,6111,Revenue,Net Patient Service Revenue,1002150,983870
2025-07-01,2025,7,F01,D111,6111,Expense,Employee Benefits,161462,176522
2025-07-01,2025,7,F01,D111,6111,Expense,Equipment & Maintenance,15471,14817
2025-07-01,2025,7,F01,D111,6111,Expense,Medical Supplies,87201,78190
2025-07-01,2025,7,F01,D111,6111,Expense,Other Operating,11814,13237
2025-07-01,2025,7,F01,D111,6111,Expense,Pharmaceuticals,67510,56190
2025-07-01,2025,7,F01,D111,6111,Expense,Purchased Services,25316,27098
2025-07-01,2025,7,F01,D111,6111,Expense,Salaries & Wages,576651,581810
2025-07-01,2025,7,F01,D120,6120,Revenue,Net Patient Service Revenue,836703,891378
2025-07-01,2025,7,F01,D120,6120,Expense,Employee Benefits,121097,125802
2025-07-01,2025,7,F01,D120,6120,Expense,Equipment & Maintenance,11603,10297
2025-07-01,2025,7,F01,D120,6120,Expense,Medical Supplies,65401,74974
2025-07-01,2025,7,F01,D120,6120,Expense,Other Operating,8861,9348
2025-07-01,2025,7,F01,D120,6120,Expense,Pharmaceuticals,50633,37334
2025-07-01,2025,7,F01,D120,6120,Expense,Purchased Services,18987,18024
2025-07-01,2025,7,F01,D120,6120,Expense,Salaries & Wages,432488,439839
2025-07-01,2025,7,F01,D130,6130,Revenue,Net Patient Service Revenue,1018626,931949
2025-07-01,2025,7,F01,D130,6130,Expense,Employee Benefits,162447,158274
2025-07-01,2025,7,F01,D130,6130,Expense,Equipment & Maintenance,19339,21310
2025-07-01,2025,7,F01,D130,6130,Expense,Medical Supplies,91420,96922
2025-07-01,2025,7,F01,D130,6130,Expense,Other Operating,7384,7826
2025-07-01,2025,7,F01,D130,6130,Expense,Pharmaceuticals,84388,83626
2025-07-01,2025,7,F01,D130,6130,Expense,Purchased Services,15823,16121
2025-07-01,2025,7,F01,D130,6130,Expense,Salaries & Wages,580167,574257
2025-07-01,2025,7,F01,D140,6140,Revenue,Net Patient Service Revenue,792976,791434
2025-07-01,2025,7,F01,D140,6140,Expense,Employee Benefits,111005,114960
2025-07-01,2025,7,F01,D140,6140,Expense,Equipment & Maintenance,10636,10045
2025-07-01,2025,7,F01,D140,6140,Expense,Medical Supplies,59951,58801
2025-07-01,2025,7,F01,D140,6140,Expense,Other Operating,8122,7743
2025-07-01,2025,7,F01,D140,6140,Expense,Pharmaceuticals,46413,52278
2025-07-01,2025,7,F01,D140,6140,Expense,Purchased Services,17405,18624
2025-07-01,2025,7,F01,D140,6140,Expense,Salaries & Wages,396448,414342
2025-07-01,2025,7,F01,D150,6150,Revenue,Net Patient Service Revenue,774605,775499
2025-07-01,2025,7,F01,D150,6150,Expense,Employee Benefits,90823,87058
2025-07-01,2025,7,F01,D150,6150,Expense,Equipment & Maintenance,8703,9350
2025-07-01,2025,7,F01,D150,6150,Expense,Medical Supplies,49050,40431
2025-07-01,2025,7,F01,D150,6150,Expense,Other Operating,6646,6340
2025-07-01,2025,7,F01,D150,6150,Expense,Pharmaceuticals,197784,237715
2025-07-01,2025,7,F01,D150,6150,Expense,Purchased Services,14240,12584
2025-07-01,2025,7,F01,D150,6150,Expense,Salaries & Wages,324366,315700
2025-07-01,2025,7,F01,D160,6160,Revenue,Net Patient Service Revenue,501075,513580
2025-07-01,2025,7,F01,D160,6160,Expense,Employee Benefits,80731,82600
2025-07-01,2025,7,F01,D160,6160,Expense,Equipment & Maintenance,7736,6948
2025-07-01,2025,7,F01,D160,6160,Expense,Medical Supplies,43600,48544
2025-07-01,2025,7,F01,D160,6160,Expense,Other Operating,5907,5641
2025-07-01,2025,7,F01,D160,6160,Expense,Pharmaceuticals,33755,31740
2025-07-01,2025,7,F01,D160,6160,Expense,Purchased Services,12658,12166
2025-07-01,2025,7,F01,D160,6160,Expense,Salaries & Wages,288325,277980
2025-07-01,2025,7,F01,D170,6170,Revenue,Net Patient Service Revenue,602710,628895
2025-07-01,2025,7,F01,D170,6170,Expense,Employee Benefits,100914,97187
2025-07-01,2025,7,F01,D170,6170,Expense,Equipment & Maintenance,9669,9259
2025-07-01,2025,7,F01,D170,6170,Expense,Medical Supplies,54501,55236
2025-07-01,2025,7,F01,D170,6170,Expense,Other Operating,7384,6556
2025-07-01,2025,7,F01,D170,6170,Expense,Pharmaceuticals,42194,38712
2025-07-01,2025,7,F01,D170,6170,Expense,Purchased Services,15823,15282
2025-07-01,2025,7,F01,D170,6170,Expense,Salaries & Wages,360407,380953
2025-07-01,2025,7,F01,D180,6180,Revenue,Net Patient Service Revenue,372262,367254
2025-07-01,2025,7,F01,D180,6180,Expense,Employee Benefits,70640,68038
2025-07-01,2025,7,F01,D180,6180,Expense,Equipment & Maintenance,6769,7542
2025-07-01,2025,7,F01,D180,6180,Expense,Medical Supplies,38150,33568
2025-07-01,2025,7,F01,D180,6180,Expense,Other Operating,5169,5479
2025-07-01,2025,7,F01,D180,6180,Expense,Pharmaceuticals,29536,26567
2025-07-01,2025,7,F01,D180,6180,Expense,Purchased Services,11076,12779
2025-07-01,2025,7,F01,D180,6180,Expense,Salaries & Wages,252285,263034
2025-07-01,2025,7,F01,D190,6190,Revenue,Net Patient Service Revenue,446715,406172
2025-07-01,2025,7,F01,D190,6190,Expense,Employee Benefits,90823,87469
2025-07-01,2025,7,F01,D190,6190,Expense,Equipment & Maintenance,8703,8785
2025-07-01,2025,7,F01,D190,6190,Expense,Medical Supplies,49050,51214
2025-07-01,2025,7,F01,D190,6190,Expense,Other Operating,6646,6368
2025-07-01,2025,7,F01,D190,6190,Expense,Pharmaceuticals,37975,47347
2025-07-01,2025,7,F01,D190,6190,Expense,Purchased Services,14240,14418
2025-07-01,2025,7,F01,D190,6190,Expense,Salaries & Wages,324366,326875
2025-07-01,2025,7,F01,D195,6195,Revenue,Net Patient Service Revenue,375806,342142
2025-07-01,2025,7,F01,D195,6195,Expense,Employee Benefits,60548,63084
2025-07-01,2025,7,F01,D195,6195,Expense,Equipment & Maintenance,5802,6016
2025-07-01,2025,7,F01,D195,6195,Expense,Medical Supplies,32700,31765
2025-07-01,2025,7,F01,D195,6195,Expense,Other Operating,4430,4471
2025-07-01,2025,7,F01,D195,6195,Expense,Pharmaceuticals,25316,25357
2025-07-01,2025,7,F01,D195,6195,Expense,Purchased Services,9494,8834
2025-07-01,2025,7,F01,D195,6195,Expense,Salaries & Wages,216244,206808
2025-07-01,2025,7,F01,D196,6196,Revenue,Net Patient Service Revenue,1942241,1968461
2025-07-01,2025,7,F01,D196,6196,Expense,Employee Benefits,152602,146655
2025-07-01,2025,7,F01,D196,6196,Expense,Equipment & Maintenance,32700,33525
2025-07-01,2025,7,F01,D196,6196,Expense,Medical Supplies,747185,700130
2025-07-01,2025,7,F01,D196,6196,Expense,Other Operating,16350,17346
2025-07-01,2025,7,F01,D196,6196,Expense,Pharmaceuticals,5450,5248
2025-07-01,2025,7,F01,D196,6196,Expense,Purchased Services,54501,60445
2025-07-01,2025,7,F01,D196,6196,Expense,Salaries & Wages,545005,553116
2025-07-01,2025,7,F02,D200,6200,Revenue,Net Patient Service Revenue,536929,564139
2025-07-01,2025,7,F02,D200,6200,Expense,Employee Benefits,93530,97693
2025-07-01,2025,7,F02,D200,6200,Expense,Equipment & Maintenance,16702,15861
2025-07-01,2025,7,F02,D200,6200,Expense,Medical Supplies,46765,49722
2025-07-01,2025,7,F02,D200,6200,Expense,Other Operating,10021,9772
2025-07-01,2025,7,F02,D200,6200,Expense,Pharmaceuticals,30063,31360
2025-07-01,2025,7,F02,D200,6200,Expense,Purchased Services,40084,39253
2025-07-01,2025,7,F02,D200,6200,Expense,Salaries & Wages,334036,337625
2025-07-01,2025,7,F02,D210,6210,Revenue,Net Patient Service Revenue,876884,849163
2025-07-01,2025,7,F02,D210,6210,Expense,Employee Benefits,141279,139976
2025-07-01,2025,7,F02,D210,6210,Expense,Equipment & Maintenance,13537,13692
2025-07-01,2025,7,F02,D210,6210,Expense,Medical Supplies,76301,84363
2025-07-01,2025,7,F02,D210,6210,Expense,Other Operating,10338,9938
2025-07-01,2025,7,F02,D210,6210,Expense,Pharmaceuticals,59072,70939
2025-07-01,2025,7,F02,D210,6210,Expense,Purchased Services,22152,22441
2025-07-01,2025,7,F02,D210,6210,Expense,Salaries & Wages,504570,520594
2025-07-01,2025,7,F02,D230,6230,Revenue,Net Patient Service Revenue,407451,413437
2025-07-01,2025,7,F02,D230,6230,Expense,Employee Benefits,64979,63045
2025-07-01,2025,7,F02,D230,6230,Expense,Equipment & Maintenance,7736,7505
2025-07-01,2025,7,F02,D230,6230,Expense,Medical Supplies,36568,34537
2025-07-01,2025,7,F02,D230,6230,Expense,Other Operating,2954,3244
2025-07-01,2025,7,F02,D230,6230,Expense,Pharmaceuticals,33755,36788
2025-07-01,2025,7,F02,D230,6230,Expense,Purchased Services,6329,6669
2025-07-01,2025,7,F02,D230,6230,Expense,Salaries & Wages,232067,248671
2025-07-01,2025,7,F02,D270,6270,Revenue,Net Patient Service Revenue,313172,304581
2025-07-01,2025,7,F02,D270,6270,Expense,Employee Benefits,50457,51471
2025-07-01,2025,7,F02,D270,6270,Expense,Equipment & Maintenance,4835,4245
2025-07-01,2025,7,F02,D270,6270,Expense,Medical Supplies,27250,26041
2025-07-01,2025,7,F02,D270,6270,Expense,Other Operating,3692,3008
2025-07-01,2025,7,F02,D270,6270,Expense,Pharmaceuticals,21097,20494
2025-07-01,2025,7,F02,D270,6270,Expense,Purchased Services,7911,7961
2025-07-01,2025,7,F02,D270,6270,Expense,Salaries & Wages,180203,177345
2025-07-01,2025,7,F03,D300,6300,Revenue,Net Patient Service Revenue,720615,660269
2025-07-01,2025,7,F03,D300,6300,Expense,Employee Benefits,125527,130514
2025-07-01,2025,7,F03,D300,6300,Expense,Equipment & Maintenance,22416,24228
2025-07-01,2025,7,F03,D300,6300,Expense,Medical Supplies,62764,45032
2025-07-01,2025,7,F03,D300,6300,Expense,Other Operating,13449,14866
2025-07-01,2025,7,F03,D300,6300,Expense,Pharmaceuticals,40348,41942
2025-07-01,2025,7,F03,D300,6300,Expense,Purchased Services,53797,51172
2025-07-01,2025,7,F03,D300,6300,Expense,Salaries & Wages,448311,430121
2025-07-01,2025,7,F03,D310,6310,Revenue,Net Patient Service Revenue,939517,920650
2025-07-01,2025,7,F03,D310,6310,Expense,Employee Benefits,151371,153712
2025-07-01,2025,7,F03,D310,6310,Expense,Equipment & Maintenance,14504,14452
2025-07-01,2025,7,F03,D310,6310,Expense,Medical Supplies,81751,75981
2025-07-01,2025,7,F03,D310,6310,Expense,Other Operating,11076,11572
2025-07-01,2025,7,F03,D310,6310,Expense,Pharmaceuticals,63291,64151
2025-07-01,2025,7,F03,D310,6310,Expense,Purchased Services,23734,24062
2025-07-01,2025,7,F03,D310,6310,Expense,Salaries & Wages,540610,567385
2025-07-01,2025,7,F03,D320,6320,Revenue,Net Patient Service Revenue,501075,505756
2025-07-01,2025,7,F03,D320,6320,Expense,Employee Benefits,80731,84841
2025-07-01,2025,7,F03,D320,6320,Expense,Equipment & Maintenance,7736,6876
2025-07-01,2025,7,F03,D320,6320,Expense,Medical Supplies,43600,46261
2025-07-01,2025,7,F03,D320,6320,Expense,Other Operating,5907,5105
2025-07-01,2025,7,F03,D320,6320,Expense,Pharmaceuticals,33755,33964
2025-07-01,2025,7,F03,D320,6320,Expense,Purchased Services,12658,12928
2025-07-01,2025,7,F03,D320,6320,Expense,Salaries & Wages,288325,294644
2025-07-01,2025,7,F03,D330,6330,Revenue,Net Patient Service Revenue,611175,601829
2025-07-01,2025,7,F03,D330,6330,Expense,Employee Benefits,97468,91613
2025-07-01,2025,7,F03,D330,6330,Expense,Equipment & Maintenance,11603,12529
2025-07-01,2025,7,F03,D330,6330,Expense,Medical Supplies,54852,58322
2025-07-01,2025,7,F03,D330,6330,Expense,Other Operating,4430,4923
2025-07-01,2025,7,F03,D330,6330,Expense,Pharmaceuticals,50633,49990
2025-07-01,2025,7,F03,D330,6330,Expense,Purchased Services,9494,9408
2025-07-01,2025,7,F03,D330,6330,Expense,Salaries & Wages,348100,339564
2025-07-01,2025,7,F03,D340,6340,Revenue,Net Patient Service Revenue,438442,425470
2025-07-01,2025,7,F03,D340,6340,Expense,Employee Benefits,70640,70526
2025-07-01,2025,7,F03,D340,6340,Expense,Equipment & Maintenance,6769,6954
2025-07-01,2025,7,F03,D340,6340,Expense,Medical Supplies,38150,38412
2025-07-01,2025,7,F03,D340,6340,Expense,Other Operating,5169,5514
2025-07-01,2025,7,F03,D340,6340,Expense,Pharmaceuticals,29536,19148
2025-07-01,2025,7,F03,D340,6340,Expense,Purchased Services,11076,12900
2025-07-01,2025,7,F03,D340,6340,Expense,Salaries & Wages,252285,250520
2025-07-01,2025,7,F04,D400,6400,Revenue,Net Patient Service Revenue,440659,451987
2025-07-01,2025,7,F04,D400,6400,Expense,Employee Benefits,80696,76570
2025-07-01,2025,7,F04,D400,6400,Expense,Equipment & Maintenance,11955,11685
2025-07-01,2025,7,F04,D400,6400,Expense,Medical Supplies,17932,20063
2025-07-01,2025,7,F04,D400,6400,Expense,Other Operating,14944,13899
2025-07-01,2025,7,F04,D400,6400,Expense,Pharmaceuticals,5977,4064
2025-07-01,2025,7,F04,D400,6400,Expense,Purchased Services,23910,22707
2025-07-01,2025,7,F04,D400,6400,Expense,Salaries & Wages,298874,279302
2025-07-01,2025,7,F04,D410,6410,Revenue,Net Patient Service Revenue,304640,265402
2025-07-01,2025,7,F04,D410,6410,Expense,Employee Benefits,45095,45839
2025-07-01,2025,7,F04,D410,6410,Expense,Equipment & Maintenance,6681,7158
2025-07-01,2025,7,F04,D410,6410,Expense,Medical Supplies,10021,11058
2025-07-01,2025,7,F04,D410,6410,Expense,Other Operating,8351,8692
2025-07-01,2025,7,F04,D410,6410,Expense,Pharmaceuticals,3340,4407
2025-07-01,2025,7,F04,D410,6410,Expense,Purchased Services,13361,12371
2025-07-01,2025,7,F04,D410,6410,Expense,Salaries & Wages,167018,164333
2025-07-01,2025,7,F04,D420,6420,Revenue,Net Patient Service Revenue,268030,280072
2025-07-01,2025,7,F04,D420,6420,Expense,Employee Benefits,40348,40668
2025-07-01,2025,7,F04,D420,6420,Expense,Equipment & Maintenance,5977,6082
2025-07-01,2025,7,F04,D420,6420,Expense,Medical Supplies,8966,8162
2025-07-01,2025,7,F04,D420,6420,Expense,Other Operating,7472,7233
2025-07-01,2025,7,F04,D420,6420,Expense,Pharmaceuticals,2989,3066
2025-07-01,2025,7,F04,D420,6420,Expense,Purchased Services,11955,12121
2025-07-01,2025,7,F04,D420,6420,Expense,Salaries & Wages,149437,154146
2025-07-01,2025,7,F04,D430,6430,Revenue,Net Patient Service Revenue,975514,1052916
2025-07-01,2025,7,F04,D430,6430,Expense,Employee Benefits,54588,53613
2025-07-01,2025,7,F04,D430,6430,Expense,Equipment & Maintenance,8087,8402
2025-07-01,2025,7,F04,D430,6430,Expense,Medical Supplies,12131,12138
2025-07-01,2025,7,F04,D430,6430,Expense,Other Operating,10109,11040
2025-07-01,2025,7,F04,D430,6430,Expense,Pharmaceuticals,545005,542803
2025-07-01,2025,7,F04,D430,6430,Expense,Purchased Services,16174,15090
2025-07-01,2025,7,F04,D430,6430,Expense,Salaries & Wages,202179,226643
2025-07-01,2025,7,F04,D440,6440,Revenue,Net Patient Service Revenue,148448,143081
2025-07-01,2025,7,F04,D440,6440,Expense,Employee Benefits,26108,26480
2025-07-01,2025,7,F04,D440,6440,Expense,Equipment & Maintenance,3868,4607
2025-07-01,2025,7,F04,D440,6440,Expense,Medical Supplies,5802,6002
2025-07-01,2025,7,F04,D440,6440,Expense,Other Operating,4835,3938
2025-07-01,2025,7,F04,D440,6440,Expense,Pharmaceuticals,1934,1707
2025-07-01,2025,7,F04,D440,6440,Expense,Purchased Services,7736,7347
2025-07-01,2025,7,F04,D440,6440,Expense,Salaries & Wages,96695,99792
2025-07-01,2025,7,F04,D450,6450,Revenue,Net Patient Service Revenue,203095,230493
2025-07-01,2025,7,F04,D450,6450,Expense,Employee Benefits,37975,40277
2025-07-01,2025,7,F04,D450,6450,Expense,Equipment & Maintenance,5626,5251
2025-07-01,2025,7,F04,D450,6450,Expense,Medical Supplies,8439,7230
2025-07-01,2025,7,F04,D450,6450,Expense,Other Operating,7032,7074
2025-07-01,2025,7,F04,D450,6450,Expense,Pharmaceuticals,2813,2769
2025-07-01,2025,7,F04,D450,6450,Expense,Purchased Services,11252,11424
2025-07-01,2025,7,F04,D450,6450,Expense,Salaries & Wages,140647,147282
2025-07-01,2025,7,F01,D500,6500,Revenue,Net Patient Service Revenue,1096515,1055759
2025-07-01,2025,7,F01,D500,6500,Expense,Employee Benefits,135372,135166
2025-07-01,2025,7,F01,D500,6500,Expense,Equipment & Maintenance,29008,25389
2025-07-01,2025,7,F01,D500,6500,Expense,Medical Supplies,281293,264343
2025-07-01,2025,7,F01,D500,6500,Expense,Other Operating,14504,13801
2025-07-01,2025,7,F01,D500,6500,Expense,Pharmaceuticals,4835,5620
2025-07-01,2025,7,F01,D500,6500,Expense,Purchased Services,48347,47717
2025-07-01,2025,7,F01,D500,6500,Expense,Salaries & Wages,483473,509894
2025-07-01,2025,7,F01,D510,6510,Revenue,Net Patient Service Revenue,1012021,1028474
2025-07-01,2025,7,F01,D510,6510,Expense,Employee Benefits,118143,116542
2025-07-01,2025,7,F01,D510,6510,Expense,Equipment & Maintenance,158227,155751
2025-07-01,2025,7,F01,D510,6510,Expense,Medical Supplies,21097,22245
2025-07-01,2025,7,F01,D510,6510,Expense,Other Operating,12658,11116
2025-07-01,2025,7,F01,D510,6510,Expense,Pharmaceuticals,4219,4310
2025-07-01,2025,7,F01,D510,6510,Expense,Purchased Services,42194,40776
2025-07-01,2025,7,F01,D510,6510,Expense,Salaries & Wages,421940,375754
2025-07-01,2025,7,F01,D520,6520,Expense,Employee Benefits,76301,76503
2025-07-01,2025,7,F01,D520,6520,Expense,Equipment & Maintenance,16350,17375
2025-07-01,2025,7,F01,D520,6520,Expense,Medical Supplies,13625,12983
2025-07-01,2025,7,F01,D520,6520,Expense,Other Operating,8175,8467
2025-07-01,2025,7,F01,D520,6520,Expense,Pharmaceuticals,175808,156477
2025-07-01,2025,7,F01,D520,6520,Expense,Purchased Services,27250,25222
2025-07-01,2025,7,F01,D520,6520,Expense,Salaries & Wages,272503,292344
2025-08-01,2025,8,F01,D100,6100,Revenue,Net Patient Service Revenue,1356451,1328528
2025-08-01,2025,8,F01,D100,6100,Expense,Employee Benefits,236286,234808
2025-08-01,2025,8,F01,D100,6100,Expense,Equipment & Maintenance,42194,53536
2025-08-01,2025,8,F01,D100,6100,Expense,Medical Supplies,118143,123975
2025-08-01,2025,8,F01,D100,6100,Expense,Other Operating,25316,27667
2025-08-01,2025,8,F01,D100,6100,Expense,Pharmaceuticals,75949,83266
2025-08-01,2025,8,F01,D100,6100,Expense,Purchased Services,101266,97132
2025-08-01,2025,8,F01,D100,6100,Expense,Salaries & Wages,843879,841997
2025-08-01,2025,8,F01,D110,6110,Revenue,Net Patient Service Revenue,1127420,1102416
2025-08-01,2025,8,F01,D110,6110,Expense,Employee Benefits,181645,181104
2025-08-01,2025,8,F01,D110,6110,Expense,Equipment & Maintenance,17405,17857
2025-08-01,2025,8,F01,D110,6110,Expense,Medical Supplies,98101,95624
2025-08-01,2025,8,F01,D110,6110,Expense,Other Operating,13291,14315
2025-08-01,2025,8,F01,D110,6110,Expense,Pharmaceuticals,75949,74240
2025-08-01,2025,8,F01,D110,6110,Expense,Purchased Services,28481,31924
2025-08-01,2025,8,F01,D110,6110,Expense,Salaries & Wages,648732,617440
2025-08-01,2025,8,F01,D111,6111,Revenue,Net Patient Service Revenue,1002150,985584
2025-08-01,2025,8,F01,D111,6111,Expense,Employee Benefits,161462,165982
2025-08-01,2025,8,F01,D111,6111,Expense,Equipment & Maintenance,15471,14814
2025-08-01,2025,8,F01,D111,6111,Expense,Medical Supplies,87201,83210
2025-08-01,2025,8,F01,D111,6111,Expense,Other Operating,11814,11311
2025-08-01,2025,8,F01,D111,6111,Expense,Pharmaceuticals,67510,60167
2025-08-01,2025,8,F01,D111,6111,Expense,Purchased Services,25316,27851
2025-08-01,2025,8,F01,D111,6111,Expense,Salaries & Wages,576651,576176
2025-08-01,2025,8,F01,D120,6120,Revenue,Net Patient Service Revenue,836703,825957
2025-08-01,2025,8,F01,D120,6120,Expense,Employee Benefits,121097,122024
2025-08-01,2025,8,F01,D120,6120,Expense,Equipment & Maintenance,11603,11656
2025-08-01,2025,8,F01,D120,6120,Expense,Medical Supplies,65401,63046
2025-08-01,2025,8,F01,D120,6120,Expense,Other Operating,8861,8647
2025-08-01,2025,8,F01,D120,6120,Expense,Pharmaceuticals,50633,49746
2025-08-01,2025,8,F01,D120,6120,Expense,Purchased Services,18987,19666
2025-08-01,2025,8,F01,D120,6120,Expense,Salaries & Wages,432488,433001
2025-08-01,2025,8,F01,D130,6130,Revenue,Net Patient Service Revenue,1018626,894109
2025-08-01,2025,8,F01,D130,6130,Expense,Employee Benefits,162447,161606
2025-08-01,2025,8,F01,D130,6130,Expense,Equipment & Maintenance,19339,21668
2025-08-01,2025,8,F01,D130,6130,Expense,Medical Supplies,91420,87315
2025-08-01,2025,8,F01,D130,6130,Expense,Other Operating,7384,6979
2025-08-01,2025,8,F01,D130,6130,Expense,Pharmaceuticals,84388,91087
2025-08-01,2025,8,F01,D130,6130,Expense,Purchased Services,15823,17959
2025-08-01,2025,8,F01,D130,6130,Expense,Salaries & Wages,580167,557149
2025-08-01,2025,8,F01,D140,6140,Revenue,Net Patient Service Revenue,792976,766071
2025-08-01,2025,8,F01,D140,6140,Expense,Employee Benefits,111005,118896
2025-08-01,2025,8,F01,D140,6140,Expense,Equipment & Maintenance,10636,10199
2025-08-01,2025,8,F01,D140,6140,Expense,Medical Supplies,59951,61030
2025-08-01,2025,8,F01,D140,6140,Expense,Other Operating,8122,6711
2025-08-01,2025,8,F01,D140,6140,Expense,Pharmaceuticals,46413,49281
2025-08-01,2025,8,F01,D140,6140,Expense,Purchased Services,17405,17327
2025-08-01,2025,8,F01,D140,6140,Expense,Salaries & Wages,396448,414194
2025-08-01,2025,8,F01,D150,6150,Revenue,Net Patient Service Revenue,774605,750009
2025-08-01,2025,8,F01,D150,6150,Expense,Employee Benefits,90823,87008
2025-08-01,2025,8,F01,D150,6150,Expense,Equipment & Maintenance,8703,9253
2025-08-01,2025,8,F01,D150,6150,Expense,Medical Supplies,49050,49783
2025-08-01,2025,8,F01,D150,6150,Expense,Other Operating,6646,6700
2025-08-01,2025,8,F01,D150,6150,Expense,Pharmaceuticals,197784,200601
2025-08-01,2025,8,F01,D150,6150,Expense,Purchased Services,14240,12782
2025-08-01,2025,8,F01,D150,6150,Expense,Salaries & Wages,324366,316750
2025-08-01,2025,8,F01,D160,6160,Revenue,Net Patient Service Revenue,501075,551986
2025-08-01,2025,8,F01,D160,6160,Expense,Employee Benefits,80731,84624
2025-08-01,2025,8,F01,D160,6160,Expense,Equipment & Maintenance,7736,6648
2025-08-01,2025,8,F01,D160,6160,Expense,Medical Supplies,43600,44547
2025-08-01,2025,8,F01,D160,6160,Expense,Other Operating,5907,5653
2025-08-01,2025,8,F01,D160,6160,Expense,Pharmaceuticals,33755,34941
2025-08-01,2025,8,F01,D160,6160,Expense,Purchased Services,12658,14161
2025-08-01,2025,8,F01,D160,6160,Expense,Salaries & Wages,288325,278118
2025-08-01,2025,8,F01,D170,6170,Revenue,Net Patient Service Revenue,602710,583953
2025-08-01,2025,8,F01,D170,6170,Expense,Employee Benefits,100914,98600
2025-08-01,2025,8,F01,D170,6170,Expense,Equipment & Maintenance,9669,9171
2025-08-01,2025,8,F01,D170,6170,Expense,Medical Supplies,54501,56283
2025-08-01,2025,8,F01,D170,6170,Expense,Other Operating,7384,7927
2025-08-01,2025,8,F01,D170,6170,Expense,Pharmaceuticals,42194,38720
2025-08-01,2025,8,F01,D170,6170,Expense,Purchased Services,15823,16054
2025-08-01,2025,8,F01,D170,6170,Expense,Salaries & Wages,360407,362337
2025-08-01,2025,8,F01,D180,6180,Revenue,Net Patient Service Revenue,372262,382776
2025-08-01,2025,8,F01,D180,6180,Expense,Employee Benefits,70640,66295
2025-08-01,2025,8,F01,D180,6180,Expense,Equipment & Maintenance,6769,5955
2025-08-01,2025,8,F01,D180,6180,Expense,Medical Supplies,38150,40619
2025-08-01,2025,8,F01,D180,6180,Expense,Other Operating,5169,5060
2025-08-01,2025,8,F01,D180,6180,Expense,Pharmaceuticals,29536,26470
2025-08-01,2025,8,F01,D180,6180,Expense,Purchased Services,11076,12948
2025-08-01,2025,8,F01,D180,6180,Expense,Salaries & Wages,252285,250915
2025-08-01,2025,8,F01,D190,6190,Revenue,Net Patient Service Revenue,446715,444899
2025-08-01,2025,8,F01,D190,6190,Expense,Employee Benefits,90823,92064
2025-08-01,2025,8,F01,D190,6190,Expense,Equipment & Maintenance,8703,9190
2025-08-01,2025,8,F01,D190,6190,Expense,Medical Supplies,49050,48637
2025-08-01,2025,8,F01,D190,6190,Expense,Other Operating,6646,6855
2025-08-01,2025,8,F01,D190,6190,Expense,Pharmaceuticals,37975,34670
2025-08-01,2025,8,F01,D190,6190,Expense,Purchased Services,14240,14188
2025-08-01,2025,8,F01,D190,6190,Expense,Salaries & Wages,324366,328408
2025-08-01,2025,8,F01,D195,6195,Revenue,Net Patient Service Revenue,375806,359801
2025-08-01,2025,8,F01,D195,6195,Expense,Employee Benefits,60548,64240
2025-08-01,2025,8,F01,D195,6195,Expense,Equipment & Maintenance,5802,5356
2025-08-01,2025,8,F01,D195,6195,Expense,Medical Supplies,32700,31895
2025-08-01,2025,8,F01,D195,6195,Expense,Other Operating,4430,4266
2025-08-01,2025,8,F01,D195,6195,Expense,Pharmaceuticals,25316,29090
2025-08-01,2025,8,F01,D195,6195,Expense,Purchased Services,9494,9411
2025-08-01,2025,8,F01,D195,6195,Expense,Salaries & Wages,216244,208209
2025-08-01,2025,8,F01,D196,6196,Revenue,Net Patient Service Revenue,1942241,1969864
2025-08-01,2025,8,F01,D196,6196,Expense,Employee Benefits,152602,148497
2025-08-01,2025,8,F01,D196,6196,Expense,Equipment & Maintenance,32700,31582
2025-08-01,2025,8,F01,D196,6196,Expense,Medical Supplies,747185,725783
2025-08-01,2025,8,F01,D196,6196,Expense,Other Operating,16350,14616
2025-08-01,2025,8,F01,D196,6196,Expense,Pharmaceuticals,5450,6201
2025-08-01,2025,8,F01,D196,6196,Expense,Purchased Services,54501,59104
2025-08-01,2025,8,F01,D196,6196,Expense,Salaries & Wages,545005,542161
2025-08-01,2025,8,F02,D200,6200,Revenue,Net Patient Service Revenue,536929,579940
2025-08-01,2025,8,F02,D200,6200,Expense,Employee Benefits,93530,101057
2025-08-01,2025,8,F02,D200,6200,Expense,Equipment & Maintenance,16702,17160
2025-08-01,2025,8,F02,D200,6200,Expense,Medical Supplies,46765,43675
2025-08-01,2025,8,F02,D200,6200,Expense,Other Operating,10021,11054
2025-08-01,2025,8,F02,D200,6200,Expense,Pharmaceuticals,30063,29492
2025-08-01,2025,8,F02,D200,6200,Expense,Purchased Services,40084,41720
2025-08-01,2025,8,F02,D200,6200,Expense,Salaries & Wages,334036,332768
2025-08-01,2025,8,F02,D210,6210,Revenue,Net Patient Service Revenue,876884,866050
2025-08-01,2025,8,F02,D210,6210,Expense,Employee Benefits,141279,139209
2025-08-01,2025,8,F02,D210,6210,Expense,Equipment & Maintenance,13537,14450
2025-08-01,2025,8,F02,D210,6210,Expense,Medical Supplies,76301,79499
2025-08-01,2025,8,F02,D210,6210,Expense,Other Operating,10338,10791
2025-08-01,2025,8,F02,D210,6210,Expense,Pharmaceuticals,59072,58386
2025-08-01,2025,8,F02,D210,6210,Expense,Purchased Services,22152,24581
2025-08-01,2025,8,F02,D210,6210,Expense,Salaries & Wages,504570,500332
2025-08-01,2025,8,F02,D230,6230,Revenue,Net Patient Service Revenue,407451,409906
2025-08-01,2025,8,F02,D230,6230,Expense,Employee Benefits,64979,63051
2025-08-01,2025,8,F02,D230,6230,Expense,Equipment & Maintenance,7736,7414
2025-08-01,2025,8,F02,D230,6230,Expense,Medical Supplies,36568,34745
2025-08-01,2025,8,F02,D230,6230,Expense,Other Operating,2954,2909
2025-08-01,2025,8,F02,D230,6230,Expense,Pharmaceuticals,33755,28873
2025-08-01,2025,8,F02,D230,6230,Expense,Purchased Services,6329,7339
2025-08-01,2025,8,F02,D230,6230,Expense,Salaries & Wages,232067,248065
2025-08-01,2025,8,F02,D270,6270,Revenue,Net Patient Service Revenue,313172,320830
2025-08-01,2025,8,F02,D270,6270,Expense,Employee Benefits,50457,50001
2025-08-01,2025,8,F02,D270,6270,Expense,Equipment & Maintenance,4835,5228
2025-08-01,2025,8,F02,D270,6270,Expense,Medical Supplies,27250,27872
2025-08-01,2025,8,F02,D270,6270,Expense,Other Operating,3692,3692
2025-08-01,2025,8,F02,D270,6270,Expense,Pharmaceuticals,21097,24450
2025-08-01,2025,8,F02,D270,6270,Expense,Purchased Services,7911,8106
2025-08-01,2025,8,F02,D270,6270,Expense,Salaries & Wages,180203,181102
2025-08-01,2025,8,F03,D300,6300,Revenue,Net Patient Service Revenue,720615,704594
2025-08-01,2025,8,F03,D300,6300,Expense,Employee Benefits,125527,128805
2025-08-01,2025,8,F03,D300,6300,Expense,Equipment & Maintenance,22416,22466
2025-08-01,2025,8,F03,D300,6300,Expense,Medical Supplies,62764,55339
2025-08-01,2025,8,F03,D300,6300,Expense,Other Operating,13449,14190
2025-08-01,2025,8,F03,D300,6300,Expense,Pharmaceuticals,40348,31142
2025-08-01,2025,8,F03,D300,6300,Expense,Purchased Services,53797,65864
2025-08-01,2025,8,F03,D300,6300,Expense,Salaries & Wages,448311,438276
2025-08-01,2025,8,F03,D310,6310,Revenue,Net Patient Service Revenue,939517,828661
2025-08-01,2025,8,F03,D310,6310,Expense,Employee Benefits,151371,150229
2025-08-01,2025,8,F03,D310,6310,Expense,Equipment & Maintenance,14504,15794
2025-08-01,2025,8,F03,D310,6310,Expense,Medical Supplies,81751,86252
2025-08-01,2025,8,F03,D310,6310,Expense,Other Operating,11076,11795
2025-08-01,2025,8,F03,D310,6310,Expense,Pharmaceuticals,63291,66559
2025-08-01,2025,8,F03,D310,6310,Expense,Purchased Services,23734,26704
2025-08-01,2025,8,F03,D310,6310,Expense,Salaries & Wages,540610,568344
2025-08-01,2025,8,F03,D320,6320,Revenue,Net Patient Service Revenue,501075,472761
2025-08-01,2025,8,F03,D320,6320,Expense,Employee Benefits,80731,82670
2025-08-01,2025,8,F03,D320,6320,Expense,Equipment & Maintenance,7736,6428
2025-08-01,2025,8,F03,D320,6320,Expense,Medical Supplies,43600,49165
2025-08-01,2025,8,F03,D320,6320,Expense,Other Operating,5907,6221
2025-08-01,2025,8,F03,D320,6320,Expense,Pharmaceuticals,33755,35652
2025-08-01,2025,8,F03,D320,6320,Expense,Purchased Services,12658,12566
2025-08-01,2025,8,F03,D320,6320,Expense,Salaries & Wages,288325,309239
2025-08-01,2025,8,F03,D330,6330,Revenue,Net Patient Service Revenue,611175,624884
2025-08-01,2025,8,F03,D330,6330,Expense,Employee Benefits,97468,93136
2025-08-01,2025,8,F03,D330,6330,Expense,Equipment & Maintenance,11603,13178
2025-08-01,2025,8,F03,D330,6330,Expense,Medical Supplies,54852,55700
2025-08-01,2025,8,F03,D330,6330,Expense,Other Operating,4430,4171
2025-08-01,2025,8,F03,D330,6330,Expense,Pharmaceuticals,50633,49857
2025-08-01,2025,8,F03,D330,6330,Expense,Purchased Services,9494,8816
2025-08-01,2025,8,F03,D330,6330,Expense,Salaries & Wages,348100,351557
2025-08-01,2025,8,F03,D340,6340,Revenue,Net Patient Service Revenue,438442,449306
2025-08-01,2025,8,F03,D340,6340,Expense,Employee Benefits,70640,71914
2025-08-01,2025,8,F03,D340,6340,Expense,Equipment & Maintenance,6769,6791
2025-08-01,2025,8,F03,D340,6340,Expense,Medical Supplies,38150,37711
2025-08-01,2025,8,F03,D340,6340,Expense,Other Operating,5169,5341
2025-08-01,2025,8,F03,D340,6340,Expense,Pharmaceuticals,29536,32071
2025-08-01,2025,8,F03,D340,6340,Expense,Purchased Services,11076,9358
2025-08-01,2025,8,F03,D340,6340,Expense,Salaries & Wages,252285,240321
2025-08-01,2025,8,F04,D400,6400,Revenue,Net Patient Service Revenue,440659,474232
2025-08-01,2025,8,F04,D400,6400,Expense,Employee Benefits,80696,77966
2025-08-01,2025,8,F04,D400,6400,Expense,Equipment & Maintenance,11955,12307
2025-08-01,2025,8,F04,D400,6400,Expense,Medical Supplies,17932,19874
2025-08-01,2025,8,F04,D400,6400,Expense,Other Operating,14944,14220
2025-08-01,2025,8,F04,D400,6400,Expense,Pharmaceuticals,5977,5152
2025-08-01,2025,8,F04,D400,6400,Expense,Purchased Services,23910,24649
2025-08-01,2025,8,F04,D400,6400,Expense,Salaries & Wages,298874,288009
2025-08-01,2025,8,F04,D410,6410,Revenue,Net Patient Service Revenue,304640,308732
2025-08-01,2025,8,F04,D410,6410,Expense,Employee Benefits,45095,42570
2025-08-01,2025,8,F04,D410,6410,Expense,Equipment & Maintenance,6681,6830
2025-08-01,2025,8,F04,D410,6410,Expense,Medical Supplies,10021,9767
2025-08-01,2025,8,F04,D410,6410,Expense,Other Operating,8351,8733
2025-08-01,2025,8,F04,D410,6410,Expense,Pharmaceuticals,3340,3622
2025-08-01,2025,8,F04,D410,6410,Expense,Purchased Services,13361,15001
2025-08-01,2025,8,F04,D410,6410,Expense,Salaries & Wages,167018,162314
2025-08-01,2025,8,F04,D420,6420,Revenue,Net Patient Service Revenue,268030,278117
2025-08-01,2025,8,F04,D420,6420,Expense,Employee Benefits,40348,40675
2025-08-01,2025,8,F04,D420,6420,Expense,Equipment & Maintenance,5977,6129
2025-08-01,2025,8,F04,D420,6420,Expense,Medical Supplies,8966,8831
2025-08-01,2025,8,F04,D420,6420,Expense,Other Operating,7472,7497
2025-08-01,2025,8,F04,D420,6420,Expense,Pharmaceuticals,2989,2820
2025-08-01,2025,8,F04,D420,6420,Expense,Purchased Services,11955,12404
2025-08-01,2025,8,F04,D420,6420,Expense,Salaries & Wages,149437,152383
2025-08-01,2025,8,F04,D430,6430,Revenue,Net Patient Service Revenue,975514,1076905
2025-08-01,2025,8,F04,D430,6430,Expense,Employee Benefits,54588,53578
2025-08-01,2025,8,F04,D430,6430,Expense,Equipment & Maintenance,8087,8331
2025-08-01,2025,8,F04,D430,6430,Expense,Medical Supplies,12131,10920
2025-08-01,2025,8,F04,D430,6430,Expense,Other Operating,10109,9673
2025-08-01,2025,8,F04,D430,6430,Expense,Pharmaceuticals,545005,547311
2025-08-01,2025,8,F04,D430,6430,Expense,Purchased Services,16174,16390
2025-08-01,2025,8,F04,D430,6430,Expense,Salaries & Wages,202179,227279
2025-08-01,2025,8,F04,D440,6440,Revenue,Net Patient Service Revenue,148448,146185
2025-08-01,2025,8,F04,D440,6440,Expense,Employee Benefits,26108,24767
2025-08-01,2025,8,F04,D440,6440,Expense,Equipment & Maintenance,3868,3883
2025-08-01,2025,8,F04,D440,6440,Expense,Medical Supplies,5802,5626
2025-08-01,2025,8,F04,D440,6440,Expense,Other Operating,4835,4469
2025-08-01,2025,8,F04,D440,6440,Expense,Pharmaceuticals,1934,1810
2025-08-01,2025,8,F04,D440,6440,Expense,Purchased Services,7736,8261
2025-08-01,2025,8,F04,D440,6440,Expense,Salaries & Wages,96695,97955
2025-08-01,2025,8,F04,D450,6450,Revenue,Net Patient Service Revenue,203095,206205
2025-08-01,2025,8,F04,D450,6450,Expense,Employee Benefits,37975,39175
2025-08-01,2025,8,F04,D450,6450,Expense,Equipment & Maintenance,5626,5961
2025-08-01,2025,8,F04,D450,6450,Expense,Medical Supplies,8439,7695
2025-08-01,2025,8,F04,D450,6450,Expense,Other Operating,7032,7347
2025-08-01,2025,8,F04,D450,6450,Expense,Pharmaceuticals,2813,2489
2025-08-01,2025,8,F04,D450,6450,Expense,Purchased Services,11252,11704
2025-08-01,2025,8,F04,D450,6450,Expense,Salaries & Wages,140647,146018
2025-08-01,2025,8,F01,D500,6500,Revenue,Net Patient Service Revenue,1096515,1036772
2025-08-01,2025,8,F01,D500,6500,Expense,Employee Benefits,135372,134093
2025-08-01,2025,8,F01,D500,6500,Expense,Equipment & Maintenance,29008,32328
2025-08-01,2025,8,F01,D500,6500,Expense,Medical Supplies,281293,289261
2025-08-01,2025,8,F01,D500,6500,Expense,Other Operating,14504,14465
2025-08-01,2025,8,F01,D500,6500,Expense,Pharmaceuticals,4835,5336
2025-08-01,2025,8,F01,D500,6500,Expense,Purchased Services,48347,49679
2025-08-01,2025,8,F01,D500,6500,Expense,Salaries & Wages,483473,482940
2025-08-01,2025,8,F01,D510,6510,Revenue,Net Patient Service Revenue,1012021,1102644
2025-08-01,2025,8,F01,D510,6510,Expense,Employee Benefits,118143,118913
2025-08-01,2025,8,F01,D510,6510,Expense,Equipment & Maintenance,158227,139756
2025-08-01,2025,8,F01,D510,6510,Expense,Medical Supplies,21097,19299
2025-08-01,2025,8,F01,D510,6510,Expense,Other Operating,12658,11336
2025-08-01,2025,8,F01,D510,6510,Expense,Pharmaceuticals,4219,4700
2025-08-01,2025,8,F01,D510,6510,Expense,Purchased Services,42194,42156
2025-08-01,2025,8,F01,D510,6510,Expense,Salaries & Wages,421940,388869
2025-08-01,2025,8,F01,D520,6520,Expense,Employee Benefits,76301,76829
2025-08-01,2025,8,F01,D520,6520,Expense,Equipment & Maintenance,16350,16487
2025-08-01,2025,8,F01,D520,6520,Expense,Medical Supplies,13625,14211
2025-08-01,2025,8,F01,D520,6520,Expense,Other Operating,8175,7906
2025-08-01,2025,8,F01,D520,6520,Expense,Pharmaceuticals,175808,164716
2025-08-01,2025,8,F01,D520,6520,Expense,Purchased Services,27250,27824
2025-08-01,2025,8,F01,D520,6520,Expense,Salaries & Wages,272503,290191
2025-09-01,2025,9,F01,D100,6100,Revenue,Net Patient Service Revenue,1312696,1191596
2025-09-01,2025,9,F01,D100,6100,Expense,Employee Benefits,228664,231443
2025-09-01,2025,9,F01,D100,6100,Expense,Equipment & Maintenance,40833,41614
2025-09-01,2025,9,F01,D100,6100,Expense,Medical Supplies,114332,129515
2025-09-01,2025,9,F01,D100,6100,Expense,Other Operating,24500,23375
2025-09-01,2025,9,F01,D100,6100,Expense,Pharmaceuticals,73499,82749
2025-09-01,2025,9,F01,D100,6100,Expense,Purchased Services,97999,112292
2025-09-01,2025,9,F01,D100,6100,Expense,Salaries & Wages,816658,835392
2025-09-01,2025,9,F01,D110,6110,Revenue,Net Patient Service Revenue,1091052,1127688
2025-09-01,2025,9,F01,D110,6110,Expense,Employee Benefits,175786,176691
2025-09-01,2025,9,F01,D110,6110,Expense,Equipment & Maintenance,16844,17280
2025-09-01,2025,9,F01,D110,6110,Expense,Medical Supplies,94936,84060
2025-09-01,2025,9,F01,D110,6110,Expense,Other Operating,12862,12883
2025-09-01,2025,9,F01,D110,6110,Expense,Pharmaceuticals,73499,69330
2025-09-01,2025,9,F01,D110,6110,Expense,Purchased Services,27562,33526
2025-09-01,2025,9,F01,D110,6110,Expense,Salaries & Wages,627805,584446
2025-09-01,2025,9,F01,D111,6111,Revenue,Net Patient Service Revenue,969825,930809
2025-09-01,2025,9,F01,D111,6111,Expense,Employee Benefits,156254,166213
2025-09-01,2025,9,F01,D111,6111,Expense,Equipment & Maintenance,14972,13224
2025-09-01,2025,9,F01,D111,6111,Expense,Medical Supplies,84388,83589
2025-09-01,2025,9,F01,D111,6111,Expense,Other Operating,11433,11683
2025-09-01,2025,9,F01,D111,6111,Expense,Pharmaceuticals,65333,70397
2025-09-01,2025,9,F01,D111,6111,Expense,Purchased Services,24500,23746
2025-09-01,2025,9,F01,D111,6111,Expense,Salaries & Wages,558049,526301
2025-09-01,2025,9,F01,D120,6120,Revenue,Net Patient Service Revenue,809711,823276
2025-09-01,2025,9,F01,D120,6120,Expense,Employee Benefits,117190,123829
2025-09-01,2025,9,F01,D120,6120,Expense,Equipment & Maintenance,11229,10040
2025-09-01,2025,9,F01,D120,6120,Expense,Medical Supplies,63291,62652
2025-09-01,2025,9,F01,D120,6120,Expense,Other Operating,8575,8585
2025-09-01,2025,9,F01,D120,6120,Expense,Pharmaceuticals,48999,44542
2025-09-01,2025,9,F01,D120,6120,Expense,Purchased Services,18375,18217
2025-09-01,2025,9,F01,D120,6120,Expense,Salaries & Wages,418537,431075
2025-09-01,2025,9,F01,D130,6130,Revenue,Net Patient Service Revenue,985767,877387
2025-09-01,2025,9,F01,D130,6130,Expense,Employee Benefits,157207,157671
2025-09-01,2025,9,F01,D130,6130,Expense,Equipment & Maintenance,18715,19668
2025-09-01,2025,9,F01,D130,6130,Expense,Medical Supplies,88471,101256
2025-09-01,2025,9,F01,D130,6130,Expense,Other Operating,7146,8730
2025-09-01,2025,9,F01,D130,6130,Expense,Pharmaceuticals,81666,74704
2025-09-01,2025,9,F01,D130,6130,Expense,Purchased Services,15312,15028
2025-09-01,2025,9,F01,D130,6130,Expense,Salaries & Wages,561452,558729
2025-09-01,2025,9,F01,D140,6140,Revenue,Net Patient Service Revenue,767396,824708
2025-09-01,2025,9,F01,D140,6140,Expense,Employee Benefits,107424,108165
2025-09-01,2025,9,F01,D140,6140,Expense,Equipment & Maintenance,10293,8612
2025-09-01,2025,9,F01,D140,6140,Expense,Medical Supplies,58017,52741
2025-09-01,2025,9,F01,D140,6140,Expense,Other Operating,7860,8828
2025-09-01,2025,9,F01,D140,6140,Expense,Pharmaceuticals,44916,46387
2025-09-01,2025,9,F01,D140,6140,Expense,Purchased Services,16844,14359
2025-09-01,2025,9,F01,D140,6140,Expense,Salaries & Wages,383659,395521
2025-09-01,2025,9,F01,D150,6150,Revenue,Net Patient Service Revenue,749618,679790
2025-09-01,2025,9,F01,D150,6150,Expense,Employee Benefits,87893,82871
2025-09-01,2025,9,F01,D150,6150,Expense,Equipment & Maintenance,8422,8112
2025-09-01,2025,9,F01,D150,6150,Expense,Medical Supplies,47468,46696
2025-09-01,2025,9,F01,D150,6150,Expense,Other Operating,6431,6580
2025-09-01,2025,9,F01,D150,6150,Expense,Pharmaceuticals,191404,171184
2025-09-01,2025,9,F01,D150,6150,Expense,Purchased Services,13781,14651
2025-09-01,2025,9,F01,D150,6150,Expense,Salaries & Wages,313903,315201
2025-09-01,2025,9,F01,D160,6160,Revenue,Net Patient Service Revenue,484913,517524
2025-09-01,2025,9,F01,D160,6160,Expense,Employee Benefits,78127,77724
2025-09-01,2025,9,F01,D160,6160,Expense,Equipment & Maintenance,7486,6443
2025-09-01,2025,9,F01,D160,6160,Expense,Medical Supplies,42194,41251
2025-09-01,2025,9,F01,D160,6160,Expense,Other Operating,5717,5689
2025-09-01,2025,9,F01,D160,6160,Expense,Pharmaceuticals,32666,30657
2025-09-01,2025,9,F01,D160,6160,Expense,Purchased Services,12250,11403
2025-09-01,2025,9,F01,D160,6160,Expense,Salaries & Wages,279025,280498
2025-09-01,2025,9,F01,D170,6170,Revenue,Net Patient Service Revenue,583268,563286
2025-09-01,2025,9,F01,D170,6170,Expense,Employee Benefits,97659,91315
2025-09-01,2025,9,F01,D170,6170,Expense,Equipment & Maintenance,9358,10870
2025-09-01,2025,9,F01,D170,6170,Expense,Medical Supplies,52742,51463
2025-09-01,2025,9,F01,D170,6170,Expense,Other Operating,7146,6949
2025-09-01,2025,9,F01,D170,6170,Expense,Pharmaceuticals,40833,39743
2025-09-01,2025,9,F01,D170,6170,Expense,Purchased Services,15312,17471
2025-09-01,2025,9,F01,D170,6170,Expense,Salaries & Wages,348781,362613
2025-09-01,2025,9,F01,D180,6180,Revenue,Net Patient Service Revenue,360254,371031
2025-09-01,2025,9,F01,D180,6180,Expense,Employee Benefits,68361,66882
2025-09-01,2025,9,F01,D180,6180,Expense,Equipment & Maintenance,6550,6903
2025-09-01,2025,9,F01,D180,6180,Expense,Medical Supplies,36920,38598
2025-09-01,2025,9,F01,D180,6180,Expense,Other Operating,5002,4898
2025-09-01,2025,9,F01,D180,6180,Expense,Pharmaceuticals,28583,22919
2025-09-01,2025,9,F01,D180,6180,Expense,Purchased Services,10719,11579
2025-09-01,2025,9,F01,D180,6180,Expense,Salaries & Wages,244147,239090
2025-09-01,2025,9,F01,D190,6190,Revenue,Net Patient Service Revenue,432304,405852
2025-09-01,2025,9,F01,D190,6190,Expense,Employee Benefits,87893,85546
2025-09-01,2025,9,F01,D190,6190,Expense,Equipment & Maintenance,8422,8485
2025-09-01,2025,9,F01,D190,6190,Expense,Medical Supplies,47468,47373
2025-09-01,2025,9,F01,D190,6190,Expense,Other Operating,6431,5693
2025-09-01,2025,9,F01,D190,6190,Expense,Pharmaceuticals,36750,36202
2025-09-01,2025,9,F01,D190,6190,Expense,Purchased Services,13781,15772
2025-09-01,2025,9,F01,D190,6190,Expense,Salaries & Wages,313903,307786
2025-09-01,2025,9,F01,D195,6195,Revenue,Net Patient Service Revenue,363683,332443
2025-09-01,2025,9,F01,D195,6195,Expense,Employee Benefits,58595,63158
2025-09-01,2025,9,F01,D195,6195,Expense,Equipment & Maintenance,5615,6247
2025-09-01,2025,9,F01,D195,6195,Expense,Medical Supplies,31645,30206
2025-09-01,2025,9,F01,D195,6195,Expense,Other Operating,4287,4015
2025-09-01,2025,9,F01,D195,6195,Expense,Pharmaceuticals,24500,23619
2025-09-01,2025,9,F01,D195,6195,Expense,Purchased Services,9187,8256
2025-09-01,2025,9,F01,D195,6195,Expense,Salaries & Wages,209268,208937
2025-09-01,2025,9,F01,D196,6196,Revenue,Net Patient Service Revenue,1879588,1909206
2025-09-01,2025,9,F01,D196,6196,Expense,Employee Benefits,147679,147545
2025-09-01,2025,9,F01,D196,6196,Expense,Equipment & Maintenance,31645,33689
2025-09-01,2025,9,F01,D196,6196,Expense,Medical Supplies,723082,847034
2025-09-01,2025,9,F01,D196,6196,Expense,Other Operating,15823,17304
2025-09-01,2025,9,F01,D196,6196,Expense,Pharmaceuticals,5274,6247
2025-09-01,2025,9,F01,D196,6196,Expense,Purchased Services,52742,59897
2025-09-01,2025,9,F01,D196,6196,Expense,Salaries & Wages,527425,542261
2025-09-01,2025,9,F02,D200,6200,Revenue,Net Patient Service Revenue,519608,515822
2025-09-01,2025,9,F02,D200,6200,Expense,Employee Benefits,90513,88999
2025-09-01,2025,9,F02,D200,6200,Expense,Equipment & Maintenance,16163,16179
2025-09-01,2025,9,F02,D200,6200,Expense,Medical Supplies,45256,43820
2025-09-01,2025,9,F02,D200,6200,Expense,Other Operating,9698,8851
2025-09-01,2025,9,F02,D200,6200,Expense,Pharmaceuticals,29093,31160
2025-09-01,2025,9,F02,D200,6200,Expense,Purchased Services,38791,36345
2025-09-01,2025,9,F02,D200,6200,Expense,Salaries & Wages,323260,317015
2025-09-01,2025,9,F02,D210,6210,Revenue,Net Patient Service Revenue,848596,820515
2025-09-01,2025,9,F02,D210,6210,Expense,Employee Benefits,136722,133821
2025-09-01,2025,9,F02,D210,6210,Expense,Equipment & Maintenance,13101,12328
2025-09-01,2025,9,F02,D210,6210,Expense,Medical Supplies,73839,74785
2025-09-01,2025,9,F02,D210,6210,Expense,Other Operating,10004,9506
2025-09-01,2025,9,F02,D210,6210,Expense,Pharmaceuticals,57166,54232
2025-09-01,2025,9,F02,D210,6210,Expense,Purchased Services,21437,21653
2025-09-01,2025,9,F02,D210,6210,Expense,Salaries & Wages,488293,510203
2025-09-01,2025,9,F02,D230,6230,Revenue,Net Patient Service Revenue,394306,397041
2025-09-01,2025,9,F02,D230,6230,Expense,Employee Benefits,62883,59530
2025-09-01,2025,9,F02,D230,6230,Expense,Equipment & Maintenance,7486,7992
2025-09-01,2025,9,F02,D230,6230,Expense,Medical Supplies,35388,41892
2025-09-01,2025,9,F02,D230,6230,Expense,Other Operating,2858,2997
2025-09-01,2025,9,F02,D230,6230,Expense,Pharmaceuticals,32666,31915
2025-09-01,2025,9,F02,D230,6230,Expense,Purchased Services,6125,6637
2025-09-01,2025,9,F02,D230,6230,Expense,Salaries & Wages,224581,239984
2025-09-01,2025,9,F02,D270,6270,Revenue,Net Patient Service Revenue,303069,316762
2025-09-01,2025,9,F02,D270,6270,Expense,Employee Benefits,48829,47915
2025-09-01,2025,9,F02,D270,6270,Expense,Equipment & Maintenance,4679,4219
2025-09-01,2025,9,F02,D270,6270,Expense,Medical Supplies,26371,27284
2025-09-01,2025,9,F02,D270,6270,Expense,Other Operating,3573,3290
2025-09-01,2025,9,F02,D270,6270,Expense,Pharmaceuticals,20416,18450
2025-09-01,2025,9,F02,D270,6270,Expense,Purchased Services,7656,8102
2025-09-01,2025,9,F02,D270,6270,Expense,Salaries & Wages,174390,175702
2025-09-01,2025,9,F03,D300,6300,Revenue,Net Patient Service Revenue,697368,646529
2025-09-01,2025,9,F03,D300,6300,Expense,Employee Benefits,121478,121844
2025-09-01,2025,9,F03,D300,6300,Expense,Equipment & Maintenance,21692,23921
2025-09-01,2025,9,F03,D300,6300,Expense,Medical Supplies,60739,59788
2025-09-01,2025,9,F03,D300,6300,Expense,Other Operating,13015,13636
2025-09-01,2025,9,F03,D300,6300,Expense,Pharmaceuticals,39046,35219
2025-09-01,2025,9,F03,D300,6300,Expense,Purchased Services,52062,53395
2025-09-01,2025,9,F03,D300,6300,Expense,Salaries & Wages,433849,428712
2025-09-01,2025,9,F03,D310,6310,Revenue,Net Patient Service Revenue,909210,901416
2025-09-01,2025,9,F03,D310,6310,Expense,Employee Benefits,146488,146793
2025-09-01,2025,9,F03,D310,6310,Expense,Equipment & Maintenance,14036,14711
2025-09-01,2025,9,F03,D310,6310,Expense,Medical Supplies,79114,84399
2025-09-01,2025,9,F03,D310,6310,Expense,Other Operating,10719,10813
2025-09-01,2025,9,F03,D310,6310,Expense,Pharmaceuticals,61249,70913
2025-09-01,2025,9,F03,D310,6310,Expense,Purchased Services,22968,21890
2025-09-01,2025,9,F03,D310,6310,Expense,Salaries & Wages,523171,527713
2025-09-01,2025,9,F03,D320,6320,Revenue,Net Patient Service Revenue,484913,488779
2025-09-01,2025,9,F03,D320,6320,Expense,Employee Benefits,78127,74231
2025-09-01,2025,9,F03,D320,6320,Expense,Equipment & Maintenance,7486,7830
2025-09-01,2025,9,F03,D320,6320,Expense,Medical Supplies,42194,38554
2025-09-01,2025,9,F03,D320,6320,Expense,Other Operating,5717,5876
2025-09-01,2025,9,F03,D320,6320,Expense,Pharmaceuticals,32666,34799
2025-09-01,2025,9,F03,D320,6320,Expense,Purchased Services,12250,12907
2025-09-01,2025,9,F03,D320,6320,Expense,Salaries & Wages,279025,287319
2025-09-01,2025,9,F03,D330,6330,Revenue,Net Patient Service Revenue,591459,651319
2025-09-01,2025,9,F03,D330,6330,Expense,Employee Benefits,94324,91270
2025-09-01,2025,9,F03,D330,6330,Expense,Equipment & Maintenance,11229,11518
2025-09-01,2025,9,F03,D330,6330,Expense,Medical Supplies,53083,43513
2025-09-01,2025,9,F03,D330,6330,Expense,Other Operating,4287,4145
2025-09-01,2025,9,F03,D330,6330,Expense,Pharmaceuticals,48999,50797
2025-09-01,2025,9,F03,D330,6330,Expense,Purchased Services,9187,9344
2025-09-01,2025,9,F03,D330,6330,Expense,Salaries & Wages,336871,331895
2025-09-01,2025,9,F03,D340,6340,Revenue,Net Patient Service Revenue,424299,438242
2025-09-01,2025,9,F03,D340,6340,Expense,Employee Benefits,68361,70661
2025-09-01,2025,9,F03,D340,6340,Expense,Equipment & Maintenance,6550,7120
2025-09-01,2025,9,F03,D340,6340,Expense,Medical Supplies,36920,42121
2025-09-01,2025,9,F03,D340,6340,Expense,Other Operating,5002,4743
2025-09-01,2025,9,F03,D340,6340,Expense,Pharmaceuticals,28583,31629
2025-09-01,2025,9,F03,D340,6340,Expense,Purchased Services,10719,9581
2025-09-01,2025,9,F03,D340,6340,Expense,Salaries & Wages,244147,229841
2025-09-01,2025,9,F04,D400,6400,Revenue,Net Patient Service Revenue,426446,456564
2025-09-01,2025,9,F04,D400,6400,Expense,Employee Benefits,78093,76173
2025-09-01,2025,9,F04,D400,6400,Expense,Equipment & Maintenance,11569,11444
2025-09-01,2025,9,F04,D400,6400,Expense,Medical Supplies,17354,17453
2025-09-01,2025,9,F04,D400,6400,Expense,Other Operating,14462,12997
2025-09-01,2025,9,F04,D400,6400,Expense,Pharmaceuticals,5785,4315
2025-09-01,2025,9,F04,D400,6400,Expense,Purchased Services,23139,21305
2025-09-01,2025,9,F04,D400,6400,Expense,Salaries & Wages,289233,277574
2025-09-01,2025,9,F04,D410,6410,Revenue,Net Patient Service Revenue,294814,282563
2025-09-01,2025,9,F04,D410,6410,Expense,Employee Benefits,43640,44549
2025-09-01,2025,9,F04,D410,6410,Expense,Equipment & Maintenance,6465,5540
2025-09-01,2025,9,F04,D410,6410,Expense,Medical Supplies,9698,10665
2025-09-01,2025,9,F04,D410,6410,Expense,Other Operating,8082,6898
2025-09-01,2025,9,F04,D410,6410,Expense,Pharmaceuticals,3233,3477
2025-09-01,2025,9,F04,D410,6410,Expense,Purchased Services,12930,13296
2025-09-01,2025,9,F04,D410,6410,Expense,Salaries & Wages,161630,155472
2025-09-01,2025,9,F04,D420,6420,Revenue,Net Patient Service Revenue,259383,248528
2025-09-01,2025,9,F04,D420,6420,Expense,Employee Benefits,39046,37339
2025-09-01,2025,9,F04,D420,6420,Expense,Equipment & Maintenance,5785,5472
2025-09-01,2025,9,F04,D420,6420,Expense,Medical Supplies,8677,9735
2025-09-01,2025,9,F04,D420,6420,Expense,Other Operating,7231,8312
2025-09-01,2025,9,F04,D420,6420,Expense,Pharmaceuticals,2892,2790
2025-09-01,2025,9,F04,D420,6420,Expense,Purchased Services,11569,11060
2025-09-01,2025,9,F04,D420,6420,Expense,Salaries & Wages,144616,151536
2025-09-01,2025,9,F04,D430,6430,Revenue,Net Patient Service Revenue,944049,1003742
2025-09-01,2025,9,F04,D430,6430,Expense,Employee Benefits,52828,53791
2025-09-01,2025,9,F04,D430,6430,Expense,Equipment & Maintenance,7826,8432
2025-09-01,2025,9,F04,D430,6430,Expense,Medical Supplies,11739,11996
2025-09-01,2025,9,F04,D430,6430,Expense,Other Operating,9783,11260
2025-09-01,2025,9,F04,D430,6430,Expense,Pharmaceuticals,527425,604870
2025-09-01,2025,9,F04,D430,6430,Expense,Purchased Services,15653,15869
2025-09-01,2025,9,F04,D430,6430,Expense,Salaries & Wages,195658,207023
2025-09-01,2025,9,F04,D440,6440,Revenue,Net Patient Service Revenue,143657,132297
2025-09-01,2025,9,F04,D440,6440,Expense,Employee Benefits,25265,25719
2025-09-01,2025,9,F04,D440,6440,Expense,Equipment & Maintenance,3743,3802
2025-09-01,2025,9,F04,D440,6440,Expense,Medical Supplies,5615,4657
2025-09-01,2025,9,F04,D440,6440,Expense,Other Operating,4679,4202
2025-09-01,2025,9,F04,D440,6440,Expense,Pharmaceuticals,1872,1892
2025-09-01,2025,9,F04,D440,6440,Expense,Purchased Services,7486,8081
2025-09-01,2025,9,F04,D440,6440,Expense,Salaries & Wages,93575,89376
2025-09-01,2025,9,F04,D450,6450,Revenue,Net Patient Service Revenue,196543,201508
2025-09-01,2025,9,F04,D450,6450,Expense,Employee Benefits,36750,37426
2025-09-01,2025,9,F04,D450,6450,Expense,Equipment & Maintenance,5444,6210
2025-09-01,2025,9,F04,D450,6450,Expense,Medical Supplies,8167,6847
2025-09-01,2025,9,F04,D450,6450,Expense,Other Operating,6805,7449
2025-09-01,2025,9,F04,D450,6450,Expense,Pharmaceuticals,2722,2637
2025-09-01,2025,9,F04,D450,6450,Expense,Purchased Services,10889,11953
2025-09-01,2025,9,F04,D450,6450,Expense,Salaries & Wages,136110,143766
2025-09-01,2025,9,F01,D500,6500,Revenue,Net Patient Service Revenue,1061145,1053954
2025-09-01,2025,9,F01,D500,6500,Expense,Employee Benefits,131005,136805
2025-09-01,2025,9,F01,D500,6500,Expense,Equipment & Maintenance,28073,26615
2025-09-01,2025,9,F01,D500,6500,Expense,Medical Supplies,272219,265905
2025-09-01,2025,9,F01,D500,6500,Expense,Other Operating,14036,13360
2025-09-01,2025,9,F01,D500,6500,Expense,Pharmaceuticals,4679,5094
2025-09-01,2025,9,F01,D500,6500,Expense,Purchased Services,46788,50448
2025-09-01,2025,9,F01,D500,6500,Expense,Salaries & Wages,467877,484859
2025-09-01,2025,9,F01,D510,6510,Revenue,Net Patient Service Revenue,979376,1101735
2025-09-01,2025,9,F01,D510,6510,Expense,Employee Benefits,114332,113449
2025-09-01,2025,9,F01,D510,6510,Expense,Equipment & Maintenance,153123,147175
2025-09-01,2025,9,F01,D510,6510,Expense,Medical Supplies,20416,20969
2025-09-01,2025,9,F01,D510,6510,Expense,Other Operating,12250,11182
2025-09-01,2025,9,F01,D510,6510,Expense,Pharmaceuticals,4083,4730
2025-09-01,2025,9,F01,D510,6510,Expense,Purchased Services,40833,42061
2025-09-01,2025,9,F01,D510,6510,Expense,Salaries & Wages,408329,390494
2025-09-01,2025,9,F01,D520,6520,Expense,Employee Benefits,73839,74894
2025-09-01,2025,9,F01,D520,6520,Expense,Equipment & Maintenance,15823,18063
2025-09-01,2025,9,F01,D520,6520,Expense,Medical Supplies,13186,15286
2025-09-01,2025,9,F01,D520,6520,Expense,Other Operating,7911,7471
2025-09-01,2025,9,F01,D520,6520,Expense,Pharmaceuticals,170137,146602
2025-09-01,2025,9,F01,D520,6520,Expense,Purchased Services,26371,27778
2025-09-01,2025,9,F01,D520,6520,Expense,Salaries & Wages,263712,277700
2025-10-01,2025,10,F01,D100,6100,Revenue,Net Patient Service Revenue,1356451,1292261
2025-10-01,2025,10,F01,D100,6100,Expense,Employee Benefits,236286,232299
2025-10-01,2025,10,F01,D100,6100,Expense,Equipment & Maintenance,42194,46210
2025-10-01,2025,10,F01,D100,6100,Expense,Medical Supplies,118143,97503
2025-10-01,2025,10,F01,D100,6100,Expense,Other Operating,25316,24521
2025-10-01,2025,10,F01,D100,6100,Expense,Pharmaceuticals,75949,85627
2025-10-01,2025,10,F01,D100,6100,Expense,Purchased Services,101266,89467
2025-10-01,2025,10,F01,D100,6100,Expense,Salaries & Wages,843879,859807
2025-10-01,2025,10,F01,D110,6110,Revenue,Net Patient Service Revenue,1127420,1031751
2025-10-01,2025,10,F01,D110,6110,Expense,Employee Benefits,181645,181713
2025-10-01,2025,10,F01,D110,6110,Expense,Equipment & Maintenance,17405,20004
2025-10-01,2025,10,F01,D110,6110,Expense,Medical Supplies,98101,76462
2025-10-01,2025,10,F01,D110,6110,Expense,Other Operating,13291,15196
2025-10-01,2025,10,F01,D110,6110,Expense,Pharmaceuticals,75949,75644
2025-10-01,2025,10,F01,D110,6110,Expense,Purchased Services,28481,29795
2025-10-01,2025,10,F01,D110,6110,Expense,Salaries & Wages,648732,609878
2025-10-01,2025,10,F01,D111,6111,Revenue,Net Patient Service Revenue,1002150,1032350
2025-10-01,2025,10,F01,D111,6111,Expense,Employee Benefits,161462,165104
2025-10-01,2025,10,F01,D111,6111,Expense,Equipment & Maintenance,15471,15222
2025-10-01,2025,10,F01,D111,6111,Expense,Medical Supplies,87201,86990
2025-10-01,2025,10,F01,D111,6111,Expense,Other Operating,11814,11542
2025-10-01,2025,10,F01,D111,6111,Expense,Pharmaceuticals,67510,62880
2025-10-01,2025,10,F01,D111,6111,Expense,Purchased Services,25316,24964
2025-10-01,2025,10,F01,D111,6111,Expense,Salaries & Wages,576651,599680
2025-10-01,2025,10,F01,D120,6120,Revenue,Net Patient Service Revenue,836703,868896
2025-10-01,2025,10,F01,D120,6120,Expense,Employee Benefits,121097,125725
2025-10-01,2025,10,F01,D120,6120,Expense,Equipment & Maintenance,11603,11209
2025-10-01,2025,10,F01,D120,6120,Expense,Medical Supplies,65401,66479
2025-10-01,2025,10,F01,D120,6120,Expense,Other Operating,8861,9287
2025-10-01,2025,10,F01,D120,6120,Expense,Pharmaceuticals,50633,54810
2025-10-01,2025,10,F01,D120,6120,Expense,Purchased Services,18987,18551
2025-10-01,2025,10,F01,D120,6120,Expense,Salaries & Wages,432488,451984
2025-10-01,2025,10,F01,D130,6130,Revenue,Net Patient Service Revenue,1018626,902074
2025-10-01,2025,10,F01,D130,6130,Expense,Employee Benefits,162447,166473
2025-10-01,2025,10,F01,D130,6130,Expense,Equipment & Maintenance,19339,19993
2025-10-01,2025,10,F01,D130,6130,Expense,Medical Supplies,91420,86967
2025-10-01,2025,10,F01,D130,6130,Expense,Other Operating,7384,7193
2025-10-01,2025,10,F01,D130,6130,Expense,Pharmaceuticals,84388,82101
2025-10-01,2025,10,F01,D130,6130,Expense,Purchased Services,15823,14652
2025-10-01,2025,10,F01,D130,6130,Expense,Salaries & Wages,580167,566232
2025-10-01,2025,10,F01,D140,6140,Revenue,Net Patient Service Revenue,792976,789303
2025-10-01,2025,10,F01,D140,6140,Expense,Employee Benefits,111005,111442
2025-10-01,2025,10,F01,D140,6140,Expense,Equipment & Maintenance,10636,10841
2025-10-01,2025,10,F01,D140,6140,Expense,Medical Supplies,59951,62684
2025-10-01,2025,10,F01,D140,6140,Expense,Other Operating,8122,8739
2025-10-01,2025,10,F01,D140,6140,Expense,Pharmaceuticals,46413,42484
2025-10-01,2025,10,F01,D140,6140,Expense,Purchased Services,17405,16135
2025-10-01,2025,10,F01,D140,6140,Expense,Salaries & Wages,396448,411167
2025-10-01,2025,10,F01,D150,6150,Revenue,Net Patient Service Revenue,774605,715954
2025-10-01,2025,10,F01,D150,6150,Expense,Employee Benefits,90823,85593
2025-10-01,2025,10,F01,D150,6150,Expense,Equipment & Maintenance,8703,9307
2025-10-01,2025,10,F01,D150,6150,Expense,Medical Supplies,49050,56899
2025-10-01,2025,10,F01,D150,6150,Expense,Other Operating,6646,6869
2025-10-01,2025,10,F01,D150,6150,Expense,Pharmaceuticals,197784,228126
2025-10-01,2025,10,F01,D150,6150,Expense,Purchased Services,14240,15885
2025-10-01,2025,10,F01,D150,6150,Expense,Salaries & Wages,324366,326993
2025-10-01,2025,10,F01,D160,6160,Revenue,Net Patient Service Revenue,501075,557127
2025-10-01,2025,10,F01,D160,6160,Expense,Employee Benefits,80731,82257
2025-10-01,2025,10,F01,D160,6160,Expense,Equipment & Maintenance,7736,7004
2025-10-01,2025,10,F01,D160,6160,Expense,Medical Supplies,43600,45941
2025-10-01,2025,10,F01,D160,6160,Expense,Other Operating,5907,5049
2025-10-01,2025,10,F01,D160,6160,Expense,Pharmaceuticals,33755,32573
2025-10-01,2025,10,F01,D160,6160,Expense,Purchased Services,12658,12372
2025-10-01,2025,10,F01,D160,6160,Expense,Salaries & Wages,288325,284946
2025-10-01,2025,10,F01,D170,6170,Revenue,Net Patient Service Revenue,602710,586508
2025-10-01,2025,10,F01,D170,6170,Expense,Employee Benefits,100914,102522
2025-10-01,2025,10,F01,D170,6170,Expense,Equipment & Maintenance,9669,9826
2025-10-01,2025,10,F01,D170,6170,Expense,Medical Supplies,54501,61984
2025-10-01,2025,10,F01,D170,6170,Expense,Other Operating,7384,6632
2025-10-01,2025,10,F01,D170,6170,Expense,Pharmaceuticals,42194,41046
2025-10-01,2025,10,F01,D170,6170,Expense,Purchased Services,15823,16013
2025-10-01,2025,10,F01,D170,6170,Expense,Salaries & Wages,360407,381189
2025-10-01,2025,10,F01,D180,6180,Revenue,Net Patient Service Revenue,372262,393466
2025-10-01,2025,10,F01,D180,6180,Expense,Employee Benefits,70640,67115
2025-10-01,2025,10,F01,D180,6180,Expense,Equipment & Maintenance,6769,6068
2025-10-01,2025,10,F01,D180,6180,Expense,Medical Supplies,38150,41432
2025-10-01,2025,10,F01,D180,6180,Expense,Other Operating,5169,5398
2025-10-01,2025,10,F01,D180,6180,Expense,Pharmaceuticals,29536,31032
2025-10-01,2025,10,F01,D180,6180,Expense,Purchased Services,11076,10211
2025-10-01,2025,10,F01,D180,6180,Expense,Salaries & Wages,252285,244533
2025-10-01,2025,10,F01,D190,6190,Revenue,Net Patient Service Revenue,446715,432101
2025-10-01,2025,10,F01,D190,6190,Expense,Employee Benefits,90823,86793
2025-10-01,2025,10,F01,D190,6190,Expense,Equipment & Maintenance,8703,9142
2025-10-01,2025,10,F01,D190,6190,Expense,Medical Supplies,49050,48832
2025-10-01,2025,10,F01,D190,6190,Expense,Other Operating,6646,6890
2025-10-01,2025,10,F01,D190,6190,Expense,Pharmaceuticals,37975,35985
2025-10-01,2025,10,F01,D190,6190,Expense,Purchased Services,14240,11946
2025-10-01,2025,10,F01,D190,6190,Expense,Salaries & Wages,324366,304466
2025-10-01,2025,10,F01,D195,6195,Revenue,Net Patient Service Revenue,375806,366689
2025-10-01,2025,10,F01,D195,6195,Expense,Employee Benefits,60548,63782
2025-10-01,2025,10,F01,D195,6195,Expense,Equipment & Maintenance,5802,6291
2025-10-01,2025,10,F01,D195,6195,Expense,Medical Supplies,32700,29806
2025-10-01,2025,10,F01,D195,6195,Expense,Other Operating,4430,4455
2025-10-01,2025,10,F01,D195,6195,Expense,Pharmaceuticals,25316,27659
2025-10-01,2025,10,F01,D195,6195,Expense,Purchased Services,9494,8867
2025-10-01,2025,10,F01,D195,6195,Expense,Salaries & Wages,216244,204669
2025-10-01,2025,10,F01,D196,6196,Revenue,Net Patient Service Revenue,1942241,2031142
2025-10-01,2025,10,F01,D196,6196,Expense,Employee Benefits,152602,148385
2025-10-01,2025,10,F01,D196,6196,Expense,Equipment & Maintenance,32700,35656
2025-10-01,2025,10,F01,D196,6196,Expense,Medical Supplies,747185,688687
2025-10-01,2025,10,F01,D196,6196,Expense,Other Operating,16350,16207
2025-10-01,2025,10,F01,D196,6196,Expense,Pharmaceuticals,5450,5755
2025-10-01,2025,10,F01,D196,6196,Expense,Purchased Services,54501,63359
2025-10-01,2025,10,F01,D196,6196,Expense,Salaries & Wages,545005,533978
2025-10-01,2025,10,F02,D200,6200,Revenue,Net Patient Service Revenue,536929,514926
2025-10-01,2025,10,F02,D200,6200,Expense,Employee Benefits,93530,94132
2025-10-01,2025,10,F02,D200,6200,Expense,Equipment & Maintenance,16702,15339
2025-10-01,2025,10,F02,D200,6200,Expense,Medical Supplies,46765,44621
2025-10-01,2025,10,F02,D200,6200,Expense,Other Operating,10021,9525
2025-10-01,2025,10,F02,D200,6200,Expense,Pharmaceuticals,30063,32992
2025-10-01,2025,10,F02,D200,6200,Expense,Purchased Services,40084,41784
2025-10-01,2025,10,F02,D200,6200,Expense,Salaries & Wages,334036,320026
2025-10-01,2025,10,F02,D210,6210,Revenue,Net Patient Service Revenue,876884,843417
2025-10-01,2025,10,F02,D210,6210,Expense,Employee Benefits,141279,140422
2025-10-01,2025,10,F02,D210,6210,Expense,Equipment & Maintenance,13537,14795
2025-10-01,2025,10,F02,D210,6210,Expense,Medical Supplies,76301,80919
2025-10-01,2025,10,F02,D210,6210,Expense,Other Operating,10338,10635
2025-10-01,2025,10,F02,D210,6210,Expense,Pharmaceuticals,59072,62188
2025-10-01,2025,10,F02,D210,6210,Expense,Purchased Services,22152,24652
2025-10-01,2025,10,F02,D210,6210,Expense,Salaries & Wages,504570,523447
2025-10-01,2025,10,F02,D230,6230,Revenue,Net Patient Service Revenue,407451,410526
2025-10-01,2025,10,F02,D230,6230,Expense,Employee Benefits,64979,61418
2025-10-01,2025,10,F02,D230,6230,Expense,Equipment & Maintenance,7736,7279
2025-10-01,2025,10,F02,D230,6230,Expense,Medical Supplies,36568,41637
2025-10-01,2025,10,F02,D230,6230,Expense,Other Operating,2954,2750
2025-10-01,2025,10,F02,D230,6230,Expense,Pharmaceuticals,33755,37256
2025-10-01,2025,10,F02,D230,6230,Expense,Purchased Services,6329,6924
2025-10-01,2025,10,F02,D230,6230,Expense,Salaries & Wages,232067,241714
2025-10-01,2025,10,F02,D270,6270,Revenue,Net Patient Service Revenue,313172,323302
2025-10-01,2025,10,F02,D270,6270,Expense,Employee Benefits,50457,51295
2025-10-01,2025,10,F02,D270,6270,Expense,Equipment & Maintenance,4835,5150
2025-10-01,2025,10,F02,D270,6270,Expense,Medical Supplies,27250,26516
2025-10-01,2025,10,F02,D270,6270,Expense,Other Operating,3692,3330
2025-10-01,2025,10,F02,D270,6270,Expense,Pharmaceuticals,21097,20603
2025-10-01,2025,10,F02,D270,6270,Expense,Purchased Services,7911,7674
2025-10-01,2025,10,F02,D270,6270,Expense,Salaries & Wages,180203,182266
2025-10-01,2025,10,F03,D300,6300,Revenue,Net Patient Service Revenue,720615,698163
2025-10-01,2025,10,F03,D300,6300,Expense,Employee Benefits,125527,124582
2025-10-01,2025,10,F03,D300,6300,Expense,Equipment & Maintenance,22416,24461
2025-10-01,2025,10,F03,D300,6300,Expense,Medical Supplies,62764,67212
2025-10-01,2025,10,F03,D300,6300,Expense,Other Operating,13449,14658
2025-10-01,2025,10,F03,D300,6300,Expense,Pharmaceuticals,40348,38961
2025-10-01,2025,10,F03,D300,6300,Expense,Purchased Services,53797,64776
2025-10-01,2025,10,F03,D300,6300,Expense,Salaries & Wages,448311,452581
2025-10-01,2025,10,F03,D310,6310,Revenue,Net Patient Service Revenue,939517,817972
2025-10-01,2025,10,F03,D310,6310,Expense,Employee Benefits,151371,147901
2025-10-01,2025,10,F03,D310,6310,Expense,Equipment & Maintenance,14504,14166
2025-10-01,2025,10,F03,D310,6310,Expense,Medical Supplies,81751,79575
2025-10-01,2025,10,F03,D310,6310,Expense,Other Operating,11076,11126
2025-10-01,2025,10,F03,D310,6310,Expense,Pharmaceuticals,63291,72642
2025-10-01,2025,10,F03,D310,6310,Expense,Purchased Services,23734,25468
2025-10-01,2025,10,F03,D310,6310,Expense,Salaries & Wages,540610,560390
2025-10-01,2025,10,F03,D320,6320,Revenue,Net Patient Service Revenue,501075,503462
2025-10-01,2025,10,F03,D320,6320,Expense,Employee Benefits,80731,82024
2025-10-01,2025,10,F03,D320,6320,Expense,Equipment & Maintenance,7736,7080
2025-10-01,2025,10,F03,D320,6320,Expense,Medical Supplies,43600,46443
2025-10-01,2025,10,F03,D320,6320,Expense,Other Operating,5907,6359
2025-10-01,2025,10,F03,D320,6320,Expense,Pharmaceuticals,33755,36076
2025-10-01,2025,10,F03,D320,6320,Expense,Purchased Services,12658,15351
2025-10-01,2025,10,F03,D320,6320,Expense,Salaries & Wages,288325,299563
2025-10-01,2025,10,F03,D330,6330,Revenue,Net Patient Service Revenue,611175,669848
2025-10-01,2025,10,F03,D330,6330,Expense,Employee Benefits,97468,94499
2025-10-01,2025,10,F03,D330,6330,Expense,Equipment & Maintenance,11603,14802
2025-10-01,2025,10,F03,D330,6330,Expense,Medical Supplies,54852,61736
2025-10-01,2025,10,F03,D330,6330,Expense,Other Operating,4430,4446
2025-10-01,2025,10,F03,D330,6330,Expense,Pharmaceuticals,50633,48844
2025-10-01,2025,10,F03,D330,6330,Expense,Purchased Services,9494,9872
2025-10-01,2025,10,F03,D330,6330,Expense,Salaries & Wages,348100,352131
2025-10-01,2025,10,F03,D340,6340,Revenue,Net Patient Service Revenue,438442,475335
2025-10-01,2025,10,F03,D340,6340,Expense,Employee Benefits,70640,72124
2025-10-01,2025,10,F03,D340,6340,Expense,Equipment & Maintenance,6769,7600
2025-10-01,2025,10,F03,D340,6340,Expense,Medical Supplies,38150,39380
2025-10-01,2025,10,F03,D340,6340,Expense,Other Operating,5169,5560
2025-10-01,2025,10,F03,D340,6340,Expense,Pharmaceuticals,29536,26779
2025-10-01,2025,10,F03,D340,6340,Expense,Purchased Services,11076,9893
2025-10-01,2025,10,F03,D340,6340,Expense,Salaries & Wages,252285,251904
2025-10-01,2025,10,F04,D400,6400,Revenue,Net Patient Service Revenue,440659,454797
2025-10-01,2025,10,F04,D400,6400,Expense,Employee Benefits,80696,78620
2025-10-01,2025,10,F04,D400,6400,Expense,Equipment & Maintenance,11955,12768
2025-10-01,2025,10,F04,D400,6400,Expense,Medical Supplies,17932,17587
2025-10-01,2025,10,F04,D400,6400,Expense,Other Operating,14944,14798
2025-10-01,2025,10,F04,D400,6400,Expense,Pharmaceuticals,5977,5103
2025-10-01,2025,10,F04,D400,6400,Expense,Purchased Services,23910,21993
2025-10-01,2025,10,F04,D400,6400,Expense,Salaries & Wages,298874,289092
2025-10-01,2025,10,F04,D410,6410,Revenue,Net Patient Service Revenue,304640,294704
2025-10-01,2025,10,F04,D410,6410,Expense,Employee Benefits,45095,44799
2025-10-01,2025,10,F04,D410,6410,Expense,Equipment & Maintenance,6681,6095
2025-10-01,2025,10,F04,D410,6410,Expense,Medical Supplies,10021,10385
2025-10-01,2025,10,F04,D410,6410,Expense,Other Operating,8351,9143
2025-10-01,2025,10,F04,D410,6410,Expense,Pharmaceuticals,3340,4077
2025-10-01,2025,10,F04,D410,6410,Expense,Purchased Services,13361,14323
2025-10-01,2025,10,F04,D410,6410,Expense,Salaries & Wages,167018,157711
2025-10-01,2025,10,F04,D420,6420,Revenue,Net Patient Service Revenue,268030,283819
2025-10-01,2025,10,F04,D420,6420,Expense,Employee Benefits,40348,40735
2025-10-01,2025,10,F04,D420,6420,Expense,Equipment & Maintenance,5977,5130
2025-10-01,2025,10,F04,D420,6420,Expense,Medical Supplies,8966,8856
2025-10-01,2025,10,F04,D420,6420,Expense,Other Operating,7472,8290
2025-10-01,2025,10,F04,D420,6420,Expense,Pharmaceuticals,2989,2448
2025-10-01,2025,10,F04,D420,6420,Expense,Purchased Services,11955,14057
2025-10-01,2025,10,F04,D420,6420,Expense,Salaries & Wages,149437,153664
2025-10-01,2025,10,F04,D430,6430,Revenue,Net Patient Service Revenue,975514,979492
2025-10-01,2025,10,F04,D430,6430,Expense,Employee Benefits,54588,56587
2025-10-01,2025,10,F04,D430,6430,Expense,Equipment & Maintenance,8087,7213
2025-10-01,2025,10,F04,D430,6430,Expense,Medical Supplies,12131,10706
2025-10-01,2025,10,F04,D430,6430,Expense,Other Operating,10109,11423
2025-10-01,2025,10,F04,D430,6430,Expense,Pharmaceuticals,545005,599770
2025-10-01,2025,10,F04,D430,6430,Expense,Purchased Services,16174,17129
2025-10-01,2025,10,F04,D430,6430,Expense,Salaries & Wages,202179,224383
2025-10-01,2025,10,F04,D440,6440,Revenue,Net Patient Service Revenue,148448,146314
2025-10-01,2025,10,F04,D440,6440,Expense,Employee Benefits,26108,25744
2025-10-01,2025,10,F04,D440,6440,Expense,Equipment & Maintenance,3868,3510
2025-10-01,2025,10,F04,D440,6440,Expense,Medical Supplies,5802,4971
2025-10-01,2025,10,F04,D440,6440,Expense,Other Operating,4835,4508
2025-10-01,2025,10,F04,D440,6440,Expense,Pharmaceuticals,1934,1398
2025-10-01,2025,10,F04,D440,6440,Expense,Purchased Services,7736,7741
2025-10-01,2025,10,F04,D440,6440,Expense,Salaries & Wages,96695,99563
2025-10-01,2025,10,F04,D450,6450,Revenue,Net Patient Service Revenue,203095,218339
2025-10-01,2025,10,F04,D450,6450,Expense,Employee Benefits,37975,40280
2025-10-01,2025,10,F04,D450,6450,Expense,Equipment & Maintenance,5626,5669
2025-10-01,2025,10,F04,D450,6450,Expense,Medical Supplies,8439,9084
2025-10-01,2025,10,F04,D450,6450,Expense,Other Operating,7032,7056
2025-10-01,2025,10,F04,D450,6450,Expense,Pharmaceuticals,2813,3043
2025-10-01,2025,10,F04,D450,6450,Expense,Purchased Services,11252,11324
2025-10-01,2025,10,F04,D450,6450,Expense,Salaries & Wages,140647,139806
2025-10-01,2025,10,F01,D500,6500,Revenue,Net Patient Service Revenue,1096515,1203409
2025-10-01,2025,10,F01,D500,6500,Expense,Employee Benefits,135372,138409
2025-10-01,2025,10,F01,D500,6500,Expense,Equipment & Maintenance,29008,25758
2025-10-01,2025,10,F01,D500,6500,Expense,Medical Supplies,281293,259713
2025-10-01,2025,10,F01,D500,6500,Expense,Other Operating,14504,15213
2025-10-01,2025,10,F01,D500,6500,Expense,Pharmaceuticals,4835,4999
2025-10-01,2025,10,F01,D500,6500,Expense,Purchased Services,48347,55318
2025-10-01,2025,10,F01,D500,6500,Expense,Salaries & Wages,483473,484518
2025-10-01,2025,10,F01,D510,6510,Revenue,Net Patient Service Revenue,1012021,1094244
2025-10-01,2025,10,F01,D510,6510,Expense,Employee Benefits,118143,113840
2025-10-01,2025,10,F01,D510,6510,Expense,Equipment & Maintenance,158227,162349
2025-10-01,2025,10,F01,D510,6510,Expense,Medical Supplies,21097,23487
2025-10-01,2025,10,F01,D510,6510,Expense,Other Operating,12658,12296
2025-10-01,2025,10,F01,D510,6510,Expense,Pharmaceuticals,4219,4462
2025-10-01,2025,10,F01,D510,6510,Expense,Purchased Services,42194,40590
2025-10-01,2025,10,F01,D510,6510,Expense,Salaries & Wages,421940,430170
2025-10-01,2025,10,F01,D520,6520,Expense,Employee Benefits,76301,77068
2025-10-01,2025,10,F01,D520,6520,Expense,Equipment & Maintenance,16350,17576
2025-10-01,2025,10,F01,D520,6520,Expense,Medical Supplies,13625,12982
2025-10-01,2025,10,F01,D520,6520,Expense,Other Operating,8175,8322
2025-10-01,2025,10,F01,D520,6520,Expense,Pharmaceuticals,175808,193756
2025-10-01,2025,10,F01,D520,6520,Expense,Purchased Services,27250,27805
2025-10-01,2025,10,F01,D520,6520,Expense,Salaries & Wages,272503,296381
2025-11-01,2025,11,F01,D100,6100,Revenue,Net Patient Service Revenue,1312696,1332919
2025-11-01,2025,11,F01,D100,6100,Expense,Employee Benefits,228664,230591
2025-11-01,2025,11,F01,D100,6100,Expense,Equipment & Maintenance,40833,39430
2025-11-01,2025,11,F01,D100,6100,Expense,Medical Supplies,114332,119846
2025-11-01,2025,11,F01,D100,6100,Expense,Other Operating,24500,28240
2025-11-01,2025,11,F01,D100,6100,Expense,Pharmaceuticals,73499,62990
2025-11-01,2025,11,F01,D100,6100,Expense,Purchased Services,97999,111637
2025-11-01,2025,11,F01,D100,6100,Expense,Salaries & Wages,816658,866792
2025-11-01,2025,11,F01,D110,6110,Revenue,Net Patient Service Revenue,1091052,1106512
2025-11-01,2025,11,F01,D110,6110,Expense,Employee Benefits,175786,167541
2025-11-01,2025,11,F01,D110,6110,Expense,Equipment & Maintenance,16844,16051
2025-11-01,2025,11,F01,D110,6110,Expense,Medical Supplies,94936,80707
2025-11-01,2025,11,F01,D110,6110,Expense,Other Operating,12862,14017
2025-11-01,2025,11,F01,D110,6110,Expense,Pharmaceuticals,73499,65253
2025-11-01,2025,11,F01,D110,6110,Expense,Purchased Services,27562,31424
2025-11-01,2025,11,F01,D110,6110,Expense,Salaries & Wages,627805,611966
2025-11-01,2025,11,F01,D111,6111,Revenue,Net Patient Service Revenue,969825,991626
2025-11-01,2025,11,F01,D111,6111,Expense,Employee Benefits,156254,163495
2025-11-01,2025,11,F01,D111,6111,Expense,Equipment & Maintenance,14972,12826
2025-11-01,2025,11,F01,D111,6111,Expense,Medical Supplies,84388,75365
2025-11-01,2025,11,F01,D111,6111,Expense,Other Operating,11433,9450
2025-11-01,2025,11,F01,D111,6111,Expense,Pharmaceuticals,65333,65831
2025-11-01,2025,11,F01,D111,6111,Expense,Purchased Services,24500,22546
2025-11-01,2025,11,F01,D111,6111,Expense,Salaries & Wages,558049,580452
2025-11-01,2025,11,F01,D120,6120,Revenue,Net Patient Service Revenue,809711,830893
2025-11-01,2025,11,F01,D120,6120,Expense,Employee Benefits,117190,126351
2025-11-01,2025,11,F01,D120,6120,Expense,Equipment & Maintenance,11229,13167
2025-11-01,2025,11,F01,D120,6120,Expense,Medical Supplies,63291,69222
2025-11-01,2025,11,F01,D120,6120,Expense,Other Operating,8575,8512
2025-11-01,2025,11,F01,D120,6120,Expense,Pharmaceuticals,48999,51406
2025-11-01,2025,11,F01,D120,6120,Expense,Purchased Services,18375,17785
2025-11-01,2025,11,F01,D120,6120,Expense,Salaries & Wages,418537,409192
2025-11-01,2025,11,F01,D130,6130,Revenue,Net Patient Service Revenue,985767,851057
2025-11-01,2025,11,F01,D130,6130,Expense,Employee Benefits,157207,156313
2025-11-01,2025,11,F01,D130,6130,Expense,Equipment & Maintenance,18715,18722
2025-11-01,2025,11,F01,D130,6130,Expense,Medical Supplies,88471,89976
2025-11-01,2025,11,F01,D130,6130,Expense,Other Operating,7146,7502
2025-11-01,2025,11,F01,D130,6130,Expense,Pharmaceuticals,81666,71836
2025-11-01,2025,11,F01,D130,6130,Expense,Purchased Services,15312,15722
2025-11-01,2025,11,F01,D130,6130,Expense,Salaries & Wages,561452,531571
2025-11-01,2025,11,F01,D140,6140,Revenue,Net Patient Service Revenue,767396,719069
2025-11-01,2025,11,F01,D140,6140,Expense,Employee Benefits,107424,108793
2025-11-01,2025,11,F01,D140,6140,Expense,Equipment & Maintenance,10293,9949
2025-11-01,2025,11,F01,D140,6140,Expense,Medical Supplies,58017,62524
2025-11-01,2025,11,F01,D140,6140,Expense,Other Operating,7860,7316
2025-11-01,2025,11,F01,D140,6140,Expense,Pharmaceuticals,44916,53670
2025-11-01,2025,11,F01,D140,6140,Expense,Purchased Services,16844,16098
2025-11-01,2025,11,F01,D140,6140,Expense,Salaries & Wages,383659,412763
2025-11-01,2025,11,F01,D150,6150,Revenue,Net Patient Service Revenue,749618,714561
2025-11-01,2025,11,F01,D150,6150,Expense,Employee Benefits,87893,81815
2025-11-01,2025,11,F01,D150,6150,Expense,Equipment & Maintenance,8422,8684
2025-11-01,2025,11,F01,D150,6150,Expense,Medical Supplies,47468,48373
2025-11-01,2025,11,F01,D150,6150,Expense,Other Operating,6431,6358
2025-11-01,2025,11,F01,D150,6150,Expense,Pharmaceuticals,191404,207259
2025-11-01,2025,11,F01,D150,6150,Expense,Purchased Services,13781,13532
2025-11-01,2025,11,F01,D150,6150,Expense,Salaries & Wages,313903,309964
2025-11-01,2025,11,F01,D160,6160,Revenue,Net Patient Service Revenue,484913,475610
2025-11-01,2025,11,F01,D160,6160,Expense,Employee Benefits,78127,81456
2025-11-01,2025,11,F01,D160,6160,Expense,Equipment & Maintenance,7486,6602
2025-11-01,2025,11,F01,D160,6160,Expense,Medical Supplies,42194,37776
2025-11-01,2025,11,F01,D160,6160,Expense,Other Operating,5717,5092
2025-11-01,2025,11,F01,D160,6160,Expense,Pharmaceuticals,32666,36286
2025-11-01,2025,11,F01,D160,6160,Expense,Purchased Services,12250,12550
2025-11-01,2025,11,F01,D160,6160,Expense,Salaries & Wages,279025,276179
2025-11-01,2025,11,F01,D170,6170,Revenue,Net Patient Service Revenue,583268,556314
2025-11-01,2025,11,F01,D170,6170,Expense,Employee Benefits,97659,88520
2025-11-01,2025,11,F01,D170,6170,Expense,Equipment & Maintenance,9358,9528
2025-11-01,2025,11,F01,D170,6170,Expense,Medical Supplies,52742,47734
2025-11-01,2025,11,F01,D170,6170,Expense,Other Operating,7146,7787
2025-11-01,2025,11,F01,D170,6170,Expense,Pharmaceuticals,40833,39884
2025-11-01,2025,11,F01,D170,6170,Expense,Purchased Services,15312,14889
2025-11-01,2025,11,F01,D170,6170,Expense,Salaries & Wages,348781,364127
2025-11-01,2025,11,F01,D180,6180,Revenue,Net Patient Service Revenue,360254,327849
2025-11-01,2025,11,F01,D180,6180,Expense,Employee Benefits,68361,65619
2025-11-01,2025,11,F01,D180,6180,Expense,Equipment & Maintenance,6550,5467
2025-11-01,2025,11,F01,D180,6180,Expense,Medical Supplies,36920,37087
2025-11-01,2025,11,F01,D180,6180,Expense,Other Operating,5002,4307
2025-11-01,2025,11,F01,D180,6180,Expense,Pharmaceuticals,28583,31123
2025-11-01,2025,11,F01,D180,6180,Expense,Purchased Services,10719,10997
2025-11-01,2025,11,F01,D180,6180,Expense,Salaries & Wages,244147,245142
2025-11-01,2025,11,F01,D190,6190,Revenue,Net Patient Service Revenue,432304,418372
2025-11-01,2025,11,F01,D190,6190,Expense,Employee Benefits,87893,88274
2025-11-01,2025,11,F01,D190,6190,Expense,Equipment & Maintenance,8422,8832
2025-11-01,2025,11,F01,D190,6190,Expense,Medical Supplies,47468,48224
2025-11-01,2025,11,F01,D190,6190,Expense,Other Operating,6431,6752
2025-11-01,2025,11,F01,D190,6190,Expense,Pharmaceuticals,36750,35773
2025-11-01,2025,11,F01,D190,6190,Expense,Purchased Services,13781,14693
2025-11-01,2025,11,F01,D190,6190,Expense,Salaries & Wages,313903,303299
2025-11-01,2025,11,F01,D195,6195,Revenue,Net Patient Service Revenue,363683,360220
2025-11-01,2025,11,F01,D195,6195,Expense,Employee Benefits,58595,61786
2025-11-01,2025,11,F01,D195,6195,Expense,Equipment & Maintenance,5615,5472
2025-11-01,2025,11,F01,D195,6195,Expense,Medical Supplies,31645,30532
2025-11-01,2025,11,F01,D195,6195,Expense,Other Operating,4287,4346
2025-11-01,2025,11,F01,D195,6195,Expense,Pharmaceuticals,24500,27066
2025-11-01,2025,11,F01,D195,6195,Expense,Purchased Services,9187,7698
2025-11-01,2025,11,F01,D195,6195,Expense,Salaries & Wages,209268,198151
2025-11-01,2025,11,F01,D196,6196,Revenue,Net Patient Service Revenue,1879588,1747795
2025-11-01,2025,11,F01,D196,6196,Expense,Employee Benefits,147679,152861
2025-11-01,2025,11,F01,D196,6196,Expense,Equipment & Maintenance,31645,31464
2025-11-01,2025,11,F01,D196,6196,Expense,Medical Supplies,723082,707311
2025-11-01,2025,11,F01,D196,6196,Expense,Other Operating,15823,19043
2025-11-01,2025,11,F01,D196,6196,Expense,Pharmaceuticals,5274,4471
2025-11-01,2025,11,F01,D196,6196,Expense,Purchased Services,52742,56042
2025-11-01,2025,11,F01,D196,6196,Expense,Salaries & Wages,527425,522640
2025-11-01,2025,11,F02,D200,6200,Revenue,Net Patient Service Revenue,519608,559671
2025-11-01,2025,11,F02,D200,6200,Expense,Employee Benefits,90513,95446
2025-11-01,2025,11,F02,D200,6200,Expense,Equipment & Maintenance,16163,18074
2025-11-01,2025,11,F02,D200,6200,Expense,Medical Supplies,45256,50631
2025-11-01,2025,11,F02,D200,6200,Expense,Other Operating,9698,10139
2025-11-01,2025,11,F02,D200,6200,Expense,Pharmaceuticals,29093,29240
2025-11-01,2025,11,F02,D200,6200,Expense,Purchased Services,38791,43955
2025-11-01,2025,11,F02,D200,6200,Expense,Salaries & Wages,323260,314749
2025-11-01,2025,11,F02,D210,6210,Revenue,Net Patient Service Revenue,848596,894153
2025-11-01,2025,11,F02,D210,6210,Expense,Employee Benefits,136722,138157
2025-11-01,2025,11,F02,D210,6210,Expense,Equipment & Maintenance,13101,14121
2025-11-01,2025,11,F02,D210,6210,Expense,Medical Supplies,73839,59460
2025-11-01,2025,11,F02,D210,6210,Expense,Other Operating,10004,8621
2025-11-01,2025,11,F02,D210,6210,Expense,Pharmaceuticals,57166,55862
2025-11-01,2025,11,F02,D210,6210,Expense,Purchased Services,21437,23490
2025-11-01,2025,11,F02,D210,6210,Expense,Salaries & Wages,488293,506007
2025-11-01,2025,11,F02,D230,6230,Revenue,Net Patient Service Revenue,394306,382159
2025-11-01,2025,11,F02,D230,6230,Expense,Employee Benefits,62883,60047
2025-11-01,2025,11,F02,D230,6230,Expense,Equipment & Maintenance,7486,7927
2025-11-01,2025,11,F02,D230,6230,Expense,Medical Supplies,35388,38446
2025-11-01,2025,11,F02,D230,6230,Expense,Other Operating,2858,2785
2025-11-01,2025,11,F02,D230,6230,Expense,Pharmaceuticals,32666,28299
2025-11-01,2025,11,F02,D230,6230,Expense,Purchased Services,6125,6514
2025-11-01,2025,11,F02,D230,6230,Expense,Salaries & Wages,224581,229872
2025-11-01,2025,11,F02,D270,6270,Revenue,Net Patient Service Revenue,303069,310931
2025-11-01,2025,11,F02,D270,6270,Expense,Employee Benefits,48829,49650
2025-11-01,2025,11,F02,D270,6270,Expense,Equipment & Maintenance,4679,4284
2025-11-01,2025,11,F02,D270,6270,Expense,Medical Supplies,26371,27625
2025-11-01,2025,11,F02,D270,6270,Expense,Other Operating,3573,3196
2025-11-01,2025,11,F02,D270,6270,Expense,Pharmaceuticals,20416,24439
2025-11-01,2025,11,F02,D270,6270,Expense,Purchased Services,7656,7080
2025-11-01,2025,11,F02,D270,6270,Expense,Salaries & Wages,174390,176666
2025-11-01,2025,11,F03,D300,6300,Revenue,Net Patient Service Revenue,697368,671070
2025-11-01,2025,11,F03,D300,6300,Expense,Employee Benefits,121478,121329
2025-11-01,2025,11,F03,D300,6300,Expense,Equipment & Maintenance,21692,24049
2025-11-01,2025,11,F03,D300,6300,Expense,Medical Supplies,60739,63154
2025-11-01,2025,11,F03,D300,6300,Expense,Other Operating,13015,12971
2025-11-01,2025,11,F03,D300,6300,Expense,Pharmaceuticals,39046,37927
2025-11-01,2025,11,F03,D300,6300,Expense,Purchased Services,52062,59304
2025-11-01,2025,11,F03,D300,6300,Expense,Salaries & Wages,433849,437628
2025-11-01,2025,11,F03,D310,6310,Revenue,Net Patient Service Revenue,909210,940294
2025-11-01,2025,11,F03,D310,6310,Expense,Employee Benefits,146488,143541
2025-11-01,2025,11,F03,D310,6310,Expense,Equipment & Maintenance,14036,12987
2025-11-01,2025,11,F03,D310,6310,Expense,Medical Supplies,79114,84678
2025-11-01,2025,11,F03,D310,6310,Expense,Other Operating,10719,10733
2025-11-01,2025,11,F03,D310,6310,Expense,Pharmaceuticals,61249,68255
2025-11-01,2025,11,F03,D310,6310,Expense,Purchased Services,22968,23151
2025-11-01,2025,11,F03,D310,6310,Expense,Salaries & Wages,523171,552924
2025-11-01,2025,11,F03,D320,6320,Revenue,Net Patient Service Revenue,484913,504024
2025-11-01,2025,11,F03,D320,6320,Expense,Employee Benefits,78127,81238
2025-11-01,2025,11,F03,D320,6320,Expense,Equipment & Maintenance,7486,8037
2025-11-01,2025,11,F03,D320,6320,Expense,Medical Supplies,42194,41527
2025-11-01,2025,11,F03,D320,6320,Expense,Other Operating,5717,5379
2025-11-01,2025,11,F03,D320,6320,Expense,Pharmaceuticals,32666,33667
2025-11-01,2025,11,F03,D320,6320,Expense,Purchased Services,12250,12456
2025-11-01,2025,11,F03,D320,6320,Expense,Salaries & Wages,279025,282212
2025-11-01,2025,11,F03,D330,6330,Revenue,Net Patient Service Revenue,591459,635338
2025-11-01,2025,11,F03,D330,6330,Expense,Employee Benefits,94324,86235
2025-11-01,2025,11,F03,D330,6330,Expense,Equipment & Maintenance,11229,12493
2025-11-01,2025,11,F03,D330,6330,Expense,Medical Supplies,53083,56751
2025-11-01,2025,11,F03,D330,6330,Expense,Other Operating,4287,4492
2025-11-01,2025,11,F03,D330,6330,Expense,Pharmaceuticals,48999,40690
2025-11-01,2025,11,F03,D330,6330,Expense,Purchased Services,9187,9674
2025-11-01,2025,11,F03,D330,6330,Expense,Salaries & Wages,336871,322216
2025-11-01,2025,11,F03,D340,6340,Revenue,Net Patient Service Revenue,424299,451495
2025-11-01,2025,11,F03,D340,6340,Expense,Employee Benefits,68361,70676
2025-11-01,2025,11,F03,D340,6340,Expense,Equipment & Maintenance,6550,6752
2025-11-01,2025,11,F03,D340,6340,Expense,Medical Supplies,36920,37972
2025-11-01,2025,11,F03,D340,6340,Expense,Other Operating,5002,4421
2025-11-01,2025,11,F03,D340,6340,Expense,Pharmaceuticals,28583,26487
2025-11-01,2025,11,F03,D340,6340,Expense,Purchased Services,10719,10520
2025-11-01,2025,11,F03,D340,6340,Expense,Salaries & Wages,244147,236850
2025-11-01,2025,11,F04,D400,6400,Revenue,Net Patient Service Revenue,426446,435709
2025-11-01,2025,11,F04,D400,6400,Expense,Employee Benefits,78093,72223
2025-11-01,2025,11,F04,D400,6400,Expense,Equipment & Maintenance,11569,11067
2025-11-01,2025,11,F04,D400,6400,Expense,Medical Supplies,17354,17615
2025-11-01,2025,11,F04,D400,6400,Expense,Other Operating,14462,14442
2025-11-01,2025,11,F04,D400,6400,Expense,Pharmaceuticals,5785,5284
2025-11-01,2025,11,F04,D400,6400,Expense,Purchased Services,23139,25711
2025-11-01,2025,11,F04,D400,6400,Expense,Salaries & Wages,289233,285457
2025-11-01,2025,11,F04,D410,6410,Revenue,Net Patient Service Revenue,294814,278295
2025-11-01,2025,11,F04,D410,6410,Expense,Employee Benefits,43640,43810
2025-11-01,2025,11,F04,D410,6410,Expense,Equipment & Maintenance,6465,6703
2025-11-01,2025,11,F04,D410,6410,Expense,Medical Supplies,9698,9842
2025-11-01,2025,11,F04,D410,6410,Expense,Other Operating,8082,7872
2025-11-01,2025,11,F04,D410,6410,Expense,Pharmaceuticals,3233,3445
2025-11-01,2025,11,F04,D410,6410,Expense,Purchased Services,12930,11468
2025-11-01,2025,11,F04,D410,6410,Expense,Salaries & Wages,161630,155198
2025-11-01,2025,11,F04,D420,6420,Revenue,Net Patient Service Revenue,259383,260633
2025-11-01,2025,11,F04,D420,6420,Expense,Employee Benefits,39046,39796
2025-11-01,2025,11,F04,D420,6420,Expense,Equipment & Maintenance,5785,5610
2025-11-01,2025,11,F04,D420,6420,Expense,Medical Supplies,8677,9041
2025-11-01,2025,11,F04,D420,6420,Expense,Other Operating,7231,7441
2025-11-01,2025,11,F04,D420,6420,Expense,Pharmaceuticals,2892,2503
2025-11-01,2025,11,F04,D420,6420,Expense,Purchased Services,11569,12611
2025-11-01,2025,11,F04,D420,6420,Expense,Salaries & Wages,144616,154416
2025-11-01,2025,11,F04,D430,6430,Revenue,Net Patient Service Revenue,944049,999960
2025-11-01,2025,11,F04,D430,6430,Expense,Employee Benefits,52828,54212
2025-11-01,2025,11,F04,D430,6430,Expense,Equipment & Maintenance,7826,8290
2025-11-01,2025,11,F04,D430,6430,Expense,Medical Supplies,11739,10522
2025-11-01,2025,11,F04,D430,6430,Expense,Other Operating,9783,8993
2025-11-01,2025,11,F04,D430,6430,Expense,Pharmaceuticals,527425,405649
2025-11-01,2025,11,F04,D430,6430,Expense,Purchased Services,15653,16689
2025-11-01,2025,11,F04,D430,6430,Expense,Salaries & Wages,195658,214971
2025-11-01,2025,11,F04,D440,6440,Revenue,Net Patient Service Revenue,143657,144169
2025-11-01,2025,11,F04,D440,6440,Expense,Employee Benefits,25265,23878
2025-11-01,2025,11,F04,D440,6440,Expense,Equipment & Maintenance,3743,4031
2025-11-01,2025,11,F04,D440,6440,Expense,Medical Supplies,5615,4997
2025-11-01,2025,11,F04,D440,6440,Expense,Other Operating,4679,4619
2025-11-01,2025,11,F04,D440,6440,Expense,Pharmaceuticals,1872,1911
2025-11-01,2025,11,F04,D440,6440,Expense,Purchased Services,7486,6783
2025-11-01,2025,11,F04,D440,6440,Expense,Salaries & Wages,93575,91950
2025-11-01,2025,11,F04,D450,6450,Revenue,Net Patient Service Revenue,196543,206794
2025-11-01,2025,11,F04,D450,6450,Expense,Employee Benefits,36750,38874
2025-11-01,2025,11,F04,D450,6450,Expense,Equipment & Maintenance,5444,5702
2025-11-01,2025,11,F04,D450,6450,Expense,Medical Supplies,8167,8642
2025-11-01,2025,11,F04,D450,6450,Expense,Other Operating,6805,7064
2025-11-01,2025,11,F04,D450,6450,Expense,Pharmaceuticals,2722,2522
2025-11-01,2025,11,F04,D450,6450,Expense,Purchased Services,10889,10987
2025-11-01,2025,11,F04,D450,6450,Expense,Salaries & Wages,136110,135430
2025-11-01,2025,11,F01,D500,6500,Revenue,Net Patient Service Revenue,1061145,1128114
2025-11-01,2025,11,F01,D500,6500,Expense,Employee Benefits,131005,132191
2025-11-01,2025,11,F01,D500,6500,Expense,Equipment & Maintenance,28073,27638
2025-11-01,2025,11,F01,D500,6500,Expense,Medical Supplies,272219,227106
2025-11-01,2025,11,F01,D500,6500,Expense,Other Operating,14036,14263
2025-11-01,2025,11,F01,D500,6500,Expense,Pharmaceuticals,4679,4269
2025-11-01,2025,11,F01,D500,6500,Expense,Purchased Services,46788,49057
2025-11-01,2025,11,F01,D500,6500,Expense,Salaries & Wages,467877,485571
2025-11-01,2025,11,F01,D510,6510,Revenue,Net Patient Service Revenue,979376,991476
2025-11-01,2025,11,F01,D510,6510,Expense,Employee Benefits,114332,118115
2025-11-01,2025,11,F01,D510,6510,Expense,Equipment & Maintenance,153123,144724
2025-11-01,2025,11,F01,D510,6510,Expense,Medical Supplies,20416,20316
2025-11-01,2025,11,F01,D510,6510,Expense,Other Operating,12250,9976
2025-11-01,2025,11,F01,D510,6510,Expense,Pharmaceuticals,4083,4369
2025-11-01,2025,11,F01,D510,6510,Expense,Purchased Services,40833,40231
2025-11-01,2025,11,F01,D510,6510,Expense,Salaries & Wages,408329,393251
2025-11-01,2025,11,F01,D520,6520,Expense,Employee Benefits,73839,74207
2025-11-01,2025,11,F01,D520,6520,Expense,Equipment & Maintenance,15823,16801
2025-11-01,2025,11,F01,D520,6520,Expense,Medical Supplies,13186,12834
2025-11-01,2025,11,F01,D520,6520,Expense,Other Operating,7911,8002
2025-11-01,2025,11,F01,D520,6520,Expense,Pharmaceuticals,170137,182806
2025-11-01,2025,11,F01,D520,6520,Expense,Purchased Services,26371,26774
2025-11-01,2025,11,F01,D520,6520,Expense,Salaries & Wages,263712,292504
2025-12-01,2025,12,F01,D100,6100,Revenue,Net Patient Service Revenue,1356451,1243538
2025-12-01,2025,12,F01,D100,6100,Expense,Employee Benefits,236286,261689
2025-12-01,2025,12,F01,D100,6100,Expense,Equipment & Maintenance,42194,48423
2025-12-01,2025,12,F01,D100,6100,Expense,Medical Supplies,118143,114612
2025-12-01,2025,12,F01,D100,6100,Expense,Other Operating,25316,25147
2025-12-01,2025,12,F01,D100,6100,Expense,Pharmaceuticals,75949,71566
2025-12-01,2025,12,F01,D100,6100,Expense,Purchased Services,101266,117116
2025-12-01,2025,12,F01,D100,6100,Expense,Salaries & Wages,843879,891650
2025-12-01,2025,12,F01,D110,6110,Revenue,Net Patient Service Revenue,1127420,1139463
2025-12-01,2025,12,F01,D110,6110,Expense,Employee Benefits,181645,188262
2025-12-01,2025,12,F01,D110,6110,Expense,Equipment & Maintenance,17405,18446
2025-12-01,2025,12,F01,D110,6110,Expense,Medical Supplies,98101,102937
2025-12-01,2025,12,F01,D110,6110,Expense,Other Operating,13291,14058
2025-12-01,2025,12,F01,D110,6110,Expense,Pharmaceuticals,75949,86540
2025-12-01,2025,12,F01,D110,6110,Expense,Purchased Services,28481,30578
2025-12-01,2025,12,F01,D110,6110,Expense,Salaries & Wages,648732,652699
2025-12-01,2025,12,F01,D111,6111,Revenue,Net Patient Service Revenue,1002150,1010678
2025-12-01,2025,12,F01,D111,6111,Expense,Employee Benefits,161462,174378
2025-12-01,2025,12,F01,D111,6111,Expense,Equipment & Maintenance,15471,17353
2025-12-01,2025,12,F01,D111,6111,Expense,Medical Supplies,87201,93904
2025-12-01,2025,12,F01,D111,6111,Expense,Other Operating,11814,13122
2025-12-01,2025,12,F01,D111,6111,Expense,Pharmaceuticals,67510,77870
2025-12-01,2025,12,F01,D111,6111,Expense,Purchased Services,25316,26577
2025-12-01,2025,12,F01,D111,6111,Expense,Salaries & Wages,576651,597989
2025-12-01,2025,12,F01,D120,6120,Revenue,Net Patient Service Revenue,836703,826816
2025-12-01,2025,12,F01,D120,6120,Expense,Employee Benefits,121097,134567
2025-12-01,2025,12,F01,D120,6120,Expense,Equipment & Maintenance,11603,9785
2025-12-01,2025,12,F01,D120,6120,Expense,Medical Supplies,65401,70011
2025-12-01,2025,12,F01,D120,6120,Expense,Other Operating,8861,9895
2025-12-01,2025,12,F01,D120,6120,Expense,Pharmaceuticals,50633,56547
2025-12-01,2025,12,F01,D120,6120,Expense,Purchased Services,18987,17890
2025-12-01,2025,12,F01,D120,6120,Expense,Salaries & Wages,432488,447282
2025-12-01,2025,12,F01,D130,6130,Revenue,Net Patient Service Revenue,1018626,1014497
2025-12-01,2025,12,F01,D130,6130,Expense,Employee Benefits,162447,172549
2025-12-01,2025,12,F01,D130,6130,Expense,Equipment & Maintenance,19339,17442
2025-12-01,2025,12,F01,D130,6130,Expense,Medical Supplies,91420,102650
2025-12-01,2025,12,F01,D130,6130,Expense,Other Operating,7384,7940
2025-12-01,2025,12,F01,D130,6130,Expense,Pharmaceuticals,84388,90727
2025-12-01,2025,12,F01,D130,6130,Expense,Purchased Services,15823,16179
2025-12-01,2025,12,F01,D130,6130,Expense,Salaries & Wages,580167,600520
2025-12-01,2025,12,F01,D140,6140,Revenue,Net Patient Service Revenue,792976,847599
2025-12-01,2025,12,F01,D140,6140,Expense,Employee Benefits,111005,113429
2025-12-01,2025,12,F01,D140,6140,Expense,Equipment & Maintenance,10636,9712
2025-12-01,2025,12,F01,D140,6140,Expense,Medical Supplies,59951,67091
2025-12-01,2025,12,F01,D140,6140,Expense,Other Operating,8122,9540
2025-12-01,2025,12,F01,D140,6140,Expense,Pharmaceuticals,46413,41882
2025-12-01,2025,12,F01,D140,6140,Expense,Purchased Services,17405,16782
2025-12-01,2025,12,F01,D140,6140,Expense,Salaries & Wages,396448,433334
2025-12-01,2025,12,F01,D150,6150,Revenue,Net Patient Service Revenue,774605,816172
2025-12-01,2025,12,F01,D150,6150,Expense,Employee Benefits,90823,85668
2025-12-01,2025,12,F01,D150,6150,Expense,Equipment & Maintenance,8703,7743
2025-12-01,2025,12,F01,D150,6150,Expense,Medical Supplies,49050,46479
2025-12-01,2025,12,F01,D150,6150,Expense,Other Operating,6646,6164
2025-12-01,2025,12,F01,D150,6150,Expense,Pharmaceuticals,197784,219248
2025-12-01,2025,12,F01,D150,6150,Expense,Purchased Services,14240,14217
2025-12-01,2025,12,F01,D150,6150,Expense,Salaries & Wages,324366,316054
2025-12-01,2025,12,F01,D160,6160,Revenue,Net Patient Service Revenue,501075,537085
2025-12-01,2025,12,F01,D160,6160,Expense,Employee Benefits,80731,86848
2025-12-01,2025,12,F01,D160,6160,Expense,Equipment & Maintenance,7736,8002
2025-12-01,2025,12,F01,D160,6160,Expense,Medical Supplies,43600,43078
2025-12-01,2025,12,F01,D160,6160,Expense,Other Operating,5907,5774
2025-12-01,2025,12,F01,D160,6160,Expense,Pharmaceuticals,33755,34408
2025-12-01,2025,12,F01,D160,6160,Expense,Purchased Services,12658,13196
2025-12-01,2025,12,F01,D160,6160,Expense,Salaries & Wages,288325,316944
2025-12-01,2025,12,F01,D170,6170,Revenue,Net Patient Service Revenue,602710,600457
2025-12-01,2025,12,F01,D170,6170,Expense,Employee Benefits,100914,100259
2025-12-01,2025,12,F01,D170,6170,Expense,Equipment & Maintenance,9669,9567
2025-12-01,2025,12,F01,D170,6170,Expense,Medical Supplies,54501,57801
2025-12-01,2025,12,F01,D170,6170,Expense,Other Operating,7384,7318
2025-12-01,2025,12,F01,D170,6170,Expense,Pharmaceuticals,42194,38022
2025-12-01,2025,12,F01,D170,6170,Expense,Purchased Services,15823,17602
2025-12-01,2025,12,F01,D170,6170,Expense,Salaries & Wages,360407,400396
2025-12-01,2025,12,F01,D180,6180,Revenue,Net Patient Service Revenue,372262,412263
2025-12-01,2025,12,F01,D180,6180,Expense,Employee Benefits,70640,74313
2025-12-01,2025,12,F01,D180,6180,Expense,Equipment & Maintenance,6769,6651
2025-12-01,2025,12,F01,D180,6180,Expense,Medical Supplies,38150,36048
2025-12-01,2025,12,F01,D180,6180,Expense,Other Operating,5169,4793
2025-12-01,2025,12,F01,D180,6180,Expense,Pharmaceuticals,29536,28796
2025-12-01,2025,12,F01,D180,6180,Expense,Purchased Services,11076,9758
2025-12-01,2025,12,F01,D180,6180,Expense,Salaries & Wages,252285,259815
2025-12-01,2025,12,F01,D190,6190,Revenue,Net Patient Service Revenue,446715,461865
2025-12-01,2025,12,F01,D190,6190,Expense,Employee Benefits,90823,94060
2025-12-01,2025,12,F01,D190,6190,Expense,Equipment & Maintenance,8703,9139
2025-12-01,2025,12,F01,D190,6190,Expense,Medical Supplies,49050,53345
2025-12-01,2025,12,F01,D190,6190,Expense,Other Operating,6646,6772
2025-12-01,2025,12,F01,D190,6190,Expense,Pharmaceuticals,37975,40937
2025-12-01,2025,12,F01,D190,6190,Expense,Purchased Services,14240,14271
2025-12-01,2025,12,F01,D190,6190,Expense,Salaries & Wages,324366,325457
2025-12-01,2025,12,F01,D195,6195,Revenue,Net Patient Service Revenue,375806,393773
2025-12-01,2025,12,F01,D195,6195,Expense,Employee Benefits,60548,65739
2025-12-01,2025,12,F01,D195,6195,Expense,Equipment & Maintenance,5802,6027
2025-12-01,2025,12,F01,D195,6195,Expense,Medical Supplies,32700,34864
2025-12-01,2025,12,F01,D195,6195,Expense,Other Operating,4430,4247
2025-12-01,2025,12,F01,D195,6195,Expense,Pharmaceuticals,25316,25365
2025-12-01,2025,12,F01,D195,6195,Expense,Purchased Services,9494,9015
2025-12-01,2025,12,F01,D195,6195,Expense,Salaries & Wages,216244,218120
2025-12-01,2025,12,F01,D196,6196,Revenue,Net Patient Service Revenue,1942241,1973385
2025-12-01,2025,12,F01,D196,6196,Expense,Employee Benefits,152602,164766
2025-12-01,2025,12,F01,D196,6196,Expense,Equipment & Maintenance,32700,34603
2025-12-01,2025,12,F01,D196,6196,Expense,Medical Supplies,747185,769811
2025-12-01,2025,12,F01,D196,6196,Expense,Other Operating,16350,15770
2025-12-01,2025,12,F01,D196,6196,Expense,Pharmaceuticals,5450,5431
2025-12-01,2025,12,F01,D196,6196,Expense,Purchased Services,54501,57790
2025-12-01,2025,12,F01,D196,6196,Expense,Salaries & Wages,545005,552007
2025-12-01,2025,12,F02,D200,6200,Revenue,Net Patient Service Revenue,536929,568506
2025-12-01,2025,12,F02,D200,6200,Expense,Employee Benefits,93530,103583
2025-12-01,2025,12,F02,D200,6200,Expense,Equipment & Maintenance,16702,17972
2025-12-01,2025,12,F02,D200,6200,Expense,Medical Supplies,46765,50979
2025-12-01,2025,12,F02,D200,6200,Expense,Other Operating,10021,10171
2025-12-01,2025,12,F02,D200,6200,Expense,Pharmaceuticals,30063,31964
2025-12-01,2025,12,F02,D200,6200,Expense,Purchased Services,40084,41402
2025-12-01,2025,12,F02,D200,6200,Expense,Salaries & Wages,334036,349127
2025-12-01,2025,12,F02,D210,6210,Revenue,Net Patient Service Revenue,876884,921348
2025-12-01,2025,12,F02,D210,6210,Expense,Employee Benefits,141279,137936
2025-12-01,2025,12,F02,D210,6210,Expense,Equipment & Maintenance,13537,13920
2025-12-01,2025,12,F02,D210,6210,Expense,Medical Supplies,76301,79500
2025-12-01,2025,12,F02,D210,6210,Expense,Other Operating,10338,9207
2025-12-01,2025,12,F02,D210,6210,Expense,Pharmaceuticals,59072,67765
2025-12-01,2025,12,F02,D210,6210,Expense,Purchased Services,22152,21634
2025-12-01,2025,12,F02,D210,6210,Expense,Salaries & Wages,504570,544047
2025-12-01,2025,12,F02,D230,6230,Revenue,Net Patient Service Revenue,407451,431657
2025-12-01,2025,12,F02,D230,6230,Expense,Employee Benefits,64979,63498
2025-12-01,2025,12,F02,D230,6230,Expense,Equipment & Maintenance,7736,7314
2025-12-01,2025,12,F02,D230,6230,Expense,Medical Supplies,36568,44588
2025-12-01,2025,12,F02,D230,6230,Expense,Other Operating,2954,2917
2025-12-01,2025,12,F02,D230,6230,Expense,Pharmaceuticals,33755,35996
2025-12-01,2025,12,F02,D230,6230,Expense,Purchased Services,6329,5886
2025-12-01,2025,12,F02,D230,6230,Expense,Salaries & Wages,232067,256840
2025-12-01,2025,12,F02,D270,6270,Revenue,Net Patient Service Revenue,313172,342607
2025-12-01,2025,12,F02,D270,6270,Expense,Employee Benefits,50457,53543
2025-12-01,2025,12,F02,D270,6270,Expense,Equipment & Maintenance,4835,4822
2025-12-01,2025,12,F02,D270,6270,Expense,Medical Supplies,27250,30957
2025-12-01,2025,12,F02,D270,6270,Expense,Other Operating,3692,3690
2025-12-01,2025,12,F02,D270,6270,Expense,Pharmaceuticals,21097,21284
2025-12-01,2025,12,F02,D270,6270,Expense,Purchased Services,7911,8856
2025-12-01,2025,12,F02,D270,6270,Expense,Salaries & Wages,180203,192608
2025-12-01,2025,12,F03,D300,6300,Revenue,Net Patient Service Revenue,720615,635071
2025-12-01,2025,12,F03,D300,6300,Expense,Employee Benefits,125527,138455
2025-12-01,2025,12,F03,D300,6300,Expense,Equipment & Maintenance,22416,24099
2025-12-01,2025,12,F03,D300,6300,Expense,Medical Supplies,62764,64789
2025-12-01,2025,12,F03,D300,6300,Expense,Other Operating,13449,12568
2025-12-01,2025,12,F03,D300,6300,Expense,Pharmaceuticals,40348,29570
2025-12-01,2025,12,F03,D300,6300,Expense,Purchased Services,53797,62139
2025-12-01,2025,12,F03,D300,6300,Expense,Salaries & Wages,448311,480396
2025-12-01,2025,12,F03,D310,6310,Revenue,Net Patient Service Revenue,939517,966952
2025-12-01,2025,12,F03,D310,6310,Expense,Employee Benefits,151371,158288
2025-12-01,2025,12,F03,D310,6310,Expense,Equipment & Maintenance,14504,14462
2025-12-01,2025,12,F03,D310,6310,Expense,Medical Supplies,81751,100245
2025-12-01,2025,12,F03,D310,6310,Expense,Other Operating,11076,12135
2025-12-01,2025,12,F03,D310,6310,Expense,Pharmaceuticals,63291,68546
2025-12-01,2025,12,F03,D310,6310,Expense,Purchased Services,23734,24081
2025-12-01,2025,12,F03,D310,6310,Expense,Salaries & Wages,540610,577073
2025-12-01,2025,12,F03,D320,6320,Revenue,Net Patient Service Revenue,501075,508845
2025-12-01,2025,12,F03,D320,6320,Expense,Employee Benefits,80731,85390
2025-12-01,2025,12,F03,D320,6320,Expense,Equipment & Maintenance,7736,6808
2025-12-01,2025,12,F03,D320,6320,Expense,Medical Supplies,43600,44287
2025-12-01,2025,12,F03,D320,6320,Expense,Other Operating,5907,5483
2025-12-01,2025,12,F03,D320,6320,Expense,Pharmaceuticals,33755,31919
2025-12-01,2025,12,F03,D320,6320,Expense,Purchased Services,12658,11962
2025-12-01,2025,12,F03,D320,6320,Expense,Salaries & Wages,288325,308202
2025-12-01,2025,12,F03,D330,6330,Revenue,Net Patient Service Revenue,611175,693228
2025-12-01,2025,12,F03,D330,6330,Expense,Employee Benefits,97468,104791
2025-12-01,2025,12,F03,D330,6330,Expense,Equipment & Maintenance,11603,12227
2025-12-01,2025,12,F03,D330,6330,Expense,Medical Supplies,54852,59455
2025-12-01,2025,12,F03,D330,6330,Expense,Other Operating,4430,5149
2025-12-01,2025,12,F03,D330,6330,Expense,Pharmaceuticals,50633,45634
2025-12-01,2025,12,F03,D330,6330,Expense,Purchased Services,9494,9663
2025-12-01,2025,12,F03,D330,6330,Expense,Salaries & Wages,348100,365023
2025-12-01,2025,12,F03,D340,6340,Revenue,Net Patient Service Revenue,438442,464501
2025-12-01,2025,12,F03,D340,6340,Expense,Employee Benefits,70640,73479
2025-12-01,2025,12,F03,D340,6340,Expense,Equipment & Maintenance,6769,7158
2025-12-01,2025,12,F03,D340,6340,Expense,Medical Supplies,38150,33630
2025-12-01,2025,12,F03,D340,6340,Expense,Other Operating,5169,4379
2025-12-01,2025,12,F03,D340,6340,Expense,Pharmaceuticals,29536,29932
2025-12-01,2025,12,F03,D340,6340,Expense,Purchased Services,11076,12173
2025-12-01,2025,12,F03,D340,6340,Expense,Salaries & Wages,252285,262267
2025-12-01,2025,12,F04,D400,6400,Revenue,Net Patient Service Revenue,440659,463994
2025-12-01,2025,12,F04,D400,6400,Expense,Employee Benefits,80696,81603
2025-12-01,2025,12,F04,D400,6400,Expense,Equipment & Maintenance,11955,12502
2025-12-01,2025,12,F04,D400,6400,Expense,Medical Supplies,17932,18763
2025-12-01,2025,12,F04,D400,6400,Expense,Other Operating,14944,12571
2025-12-01,2025,12,F04,D400,6400,Expense,Pharmaceuticals,5977,5990
2025-12-01,2025,12,F04,D400,6400,Expense,Purchased Services,23910,25893
2025-12-01,2025,12,F04,D400,6400,Expense,Salaries & Wages,298874,305482
2025-12-01,2025,12,F04,D410,6410,Revenue,Net Patient Service Revenue,304640,308122
2025-12-01,2025,12,F04,D410,6410,Expense,Employee Benefits,45095,46998
2025-12-01,2025,12,F04,D410,6410,Expense,Equipment & Maintenance,6681,6885
2025-12-01,2025,12,F04,D410,6410,Expense,Medical Supplies,10021,10719
2025-12-01,2025,12,F04,D410,6410,Expense,Other Operating,8351,7881
2025-12-01,2025,12,F04,D410,6410,Expense,Pharmaceuticals,3340,4166
2025-12-01,2025,12,F04,D410,6410,Expense,Purchased Services,13361,14016
2025-12-01,2025,12,F04,D410,6410,Expense,Salaries & Wages,167018,173200
2025-12-01,2025,12,F04,D420,6420,Revenue,Net Patient Service Revenue,268030,277204
2025-12-01,2025,12,F04,D420,6420,Expense,Employee Benefits,40348,40533
2025-12-01,2025,12,F04,D420,6420,Expense,Equipment & Maintenance,5977,5445
2025-12-01,2025,12,F04,D420,6420,Expense,Medical Supplies,8966,9244
2025-12-01,2025,12,F04,D420,6420,Expense,Other Operating,7472,7522
2025-12-01,2025,12,F04,D420,6420,Expense,Pharmaceuticals,2989,3490
2025-12-01,2025,12,F04,D420,6420,Expense,Purchased Services,11955,11652
2025-12-01,2025,12,F04,D420,6420,Expense,Salaries & Wages,149437,165458
2025-12-01,2025,12,F04,D430,6430,Revenue,Net Patient Service Revenue,975514,1099161
2025-12-01,2025,12,F04,D430,6430,Expense,Employee Benefits,54588,55026
2025-12-01,2025,12,F04,D430,6430,Expense,Equipment & Maintenance,8087,8630
2025-12-01,2025,12,F04,D430,6430,Expense,Medical Supplies,12131,15192
2025-12-01,2025,12,F04,D430,6430,Expense,Other Operating,10109,8838
2025-12-01,2025,12,F04,D430,6430,Expense,Pharmaceuticals,545005,523891
2025-12-01,2025,12,F04,D430,6430,Expense,Purchased Services,16174,14574
2025-12-01,2025,12,F04,D430,6430,Expense,Salaries & Wages,202179,223904
2025-12-01,2025,12,F04,D440,6440,Revenue,Net Patient Service Revenue,148448,153316
2025-12-01,2025,12,F04,D440,6440,Expense,Employee Benefits,26108,25652
2025-12-01,2025,12,F04,D440,6440,Expense,Equipment & Maintenance,3868,3402
2025-12-01,2025,12,F04,D440,6440,Expense,Medical Supplies,5802,6370
2025-12-01,2025,12,F04,D440,6440,Expense,Other Operating,4835,4838
2025-12-01,2025,12,F04,D440,6440,Expense,Pharmaceuticals,1934,2151
2025-12-01,2025,12,F04,D440,6440,Expense,Purchased Services,7736,8444
2025-12-01,2025,12,F04,D440,6440,Expense,Salaries & Wages,96695,102469
2025-12-01,2025,12,F04,D450,6450,Revenue,Net Patient Service Revenue,203095,207808
2025-12-01,2025,12,F04,D450,6450,Expense,Employee Benefits,37975,39620
2025-12-01,2025,12,F04,D450,6450,Expense,Equipment & Maintenance,5626,5435
2025-12-01,2025,12,F04,D450,6450,Expense,Medical Supplies,8439,8627
2025-12-01,2025,12,F04,D450,6450,Expense,Other Operating,7032,5941
2025-12-01,2025,12,F04,D450,6450,Expense,Pharmaceuticals,2813,2229
2025-12-01,2025,12,F04,D450,6450,Expense,Purchased Services,11252,11249
2025-12-01,2025,12,F04,D450,6450,Expense,Salaries & Wages,140647,155715
2025-12-01,2025,12,F01,D500,6500,Revenue,Net Patient Service Revenue,1096515,1123354
2025-12-01,2025,12,F01,D500,6500,Expense,Employee Benefits,135372,150646
2025-12-01,2025,12,F01,D500,6500,Expense,Equipment & Maintenance,29008,29464
2025-12-01,2025,12,F01,D500,6500,Expense,Medical Supplies,281293,264488
2025-12-01,2025,12,F01,D500,6500,Expense,Other Operating,14504,14222
2025-12-01,2025,12,F01,D500,6500,Expense,Pharmaceuticals,4835,4882
2025-12-01,2025,12,F01,D500,6500,Expense,Purchased Services,48347,49816
2025-12-01,2025,12,F01,D500,6500,Expense,Salaries & Wages,483473,516316
2025-12-01,2025,12,F01,D510,6510,Revenue,Net Patient Service Revenue,1012021,1062664
2025-12-01,2025,12,F01,D510,6510,Expense,Employee Benefits,118143,119295
2025-12-01,2025,12,F01,D510,6510,Expense,Equipment & Maintenance,158227,138123
2025-12-01,2025,12,F01,D510,6510,Expense,Medical Supplies,21097,23308
2025-12-01,2025,12,F01,D510,6510,Expense,Other Operating,12658,14413
2025-12-01,2025,12,F01,D510,6510,Expense,Pharmaceuticals,4219,5119
2025-12-01,2025,12,F01,D510,6510,Expense,Purchased Services,42194,44522
2025-12-01,2025,12,F01,D510,6510,Expense,Salaries & Wages,421940,415781
2025-12-01,2025,12,F01,D520,6520,Expense,Employee Benefits,76301,81623
2025-12-01,2025,12,F01,D520,6520,Expense,Equipment & Maintenance,16350,15232
2025-12-01,2025,12,F01,D520,6520,Expense,Medical Supplies,13625,11274
2025-12-01,2025,12,F01,D520,6520,Expense,Other Operating,8175,8254
2025-12-01,2025,12,F01,D520,6520,Expense,Pharmaceuticals,175808,147308
2025-12-01,2025,12,F01,D520,6520,Expense,Purchased Services,27250,24590
2025-12-01,2025,12,F01,D520,6520,Expense,Salaries & Wages,272503,302308
