CensusDate,FacilityID,DeptID,StaffedBeds,Admissions,Discharges,MidnightCensus
2024-01-01,F01,D110,36,14,13,32
2024-01-01,F01,D111,32,8,5,30
2024-01-01,F01,D120,24,3,2,20
2024-01-01,F01,D130,20,7,6,17
2024-01-01,F01,D140,22,2,3,15
2024-01-01,F01,D150,18,2,1,15
2024-01-01,F01,D160,16,3,2,13
2024-01-01,F01,D170,20,1,1,12
2024-01-01,F01,D180,14,6,3,10
2024-01-01,F01,D190,18,3,3,16
2024-01-01,F01,D195,12,12,11,9
2024-01-01,F02,D210,28,5,2,26
2024-01-01,F02,D230,8,2,2,6
2024-01-01,F02,D270,10,2,2,6
2024-01-01,F03,D310,30,7,3,30
2024-01-01,F03,D320,16,5,5,13
2024-01-01,F03,D330,12,2,0,11
2024-01-01,F03,D340,14,4,4,10
2024-01-02,F01,D110,36,9,9,32
2024-01-02,F01,D111,32,8,6,32
2024-01-02,F01,D120,24,5,4,21
2024-01-02,F01,D130,20,6,5,18
2024-01-02,F01,D140,22,7,5,17
2024-01-02,F01,D150,18,4,4,15
2024-01-02,F01,D160,16,3,4,12
2024-01-02,F01,D170,20,0,0,12
2024-01-02,F01,D180,14,4,4,10
2024-01-02,F01,D190,18,0,0,16
2024-01-02,F01,D195,12,11,11,9
2024-01-02,F02,D210,28,10,8,28
2024-01-02,F02,D230,8,1,0,7
2024-01-02,F02,D270,10,2,2,6
2024-01-02,F03,D310,30,5,6,29
2024-01-02,F03,D320,16,2,1,14
2024-01-02,F03,D330,12,0,0,11
2024-01-02,F03,D340,14,4,4,10
2024-01-03,F01,D110,36,8,7,33
2024-01-03,F01,D111,32,6,5,33
2024-01-03,F01,D120,24,5,5,21
2024-01-03,F01,D130,20,4,3,19
2024-01-03,F01,D140,22,7,6,18
2024-01-03,F01,D150,18,2,2,15
2024-01-03,F01,D160,16,3,2,13
2024-01-03,F01,D170,20,6,5,13
2024-01-03,F01,D180,14,5,5,10
2024-01-03,F01,D190,18,0,0,16
2024-01-03,F01,D195,12,10,11,8
2024-01-03,F02,D210,28,9,9,28
2024-01-03,F02,D230,8,3,3,7
2024-01-03,F02,D270,10,2,2,6
2024-01-03,F03,D310,30,13,14,28
2024-01-03,F03,D320,16,6,6,14
2024-01-03,F03,D330,12,3,3,11
2024-01-03,F03,D340,14,2,2,10
2024-01-04,F01,D110,36,4,2,35
2024-01-04,F01,D111,32,9,10,32
2024-01-04,F01,D120,24,5,6,20
2024-01-04,F01,D130,20,6,5,20
2024-01-04,F01,D140,22,5,5,18
2024-01-04,F01,D150,18,3,3,15
2024-01-04,F01,D160,16,2,2,13
2024-01-04,F01,D170,20,7,8,12
2024-01-04,F01,D180,14,3,3,10
2024-01-04,F01,D190,18,2,2,16
2024-01-04,F01,D195,12,5,5,8
2024-01-04,F02,D210,28,5,5,28
2024-01-04,F02,D230,8,1,2,6
2024-01-04,F02,D270,10,2,2,6
2024-01-04,F03,D310,30,4,6,26
2024-01-04,F03,D320,16,7,7,14
2024-01-04,F03,D330,12,6,6,11
2024-01-04,F03,D340,14,6,5,11
2024-01-05,F01,D110,36,7,8,34
2024-01-05,F01,D111,32,6,8,30
2024-01-05,F01,D120,24,9,10,19
2024-01-05,F01,D130,20,8,9,19
2024-01-05,F01,D140,22,9,10,17
2024-01-05,F01,D150,18,2,2,15
2024-01-05,F01,D160,16,4,4,13
2024-01-05,F01,D170,20,6,5,13
2024-01-05,F01,D180,14,1,0,11
2024-01-05,F01,D190,18,1,1,16
2024-01-05,F01,D195,12,7,7,8
2024-01-05,F02,D210,28,5,6,27
2024-01-05,F02,D230,8,3,3,6
2024-01-05,F02,D270,10,4,5,5
2024-01-05,F03,D310,30,9,9,26
2024-01-05,F03,D320,16,7,7,14
2024-01-05,F03,D330,12,3,4,10
2024-01-05,F03,D340,14,2,3,10
2024-01-06,F01,D110,36,6,8,32
2024-01-06,F01,D111,32,8,8,30
2024-01-06,F01,D120,24,6,6,19
2024-01-06,F01,D130,20,8,9,18
2024-01-06,F01,D140,22,5,9,13
2024-01-06,F01,D150,18,3,4,14
2024-01-06,F01,D160,16,4,5,12
2024-01-06,F01,D170,20,3,4,12
2024-01-06,F01,D180,14,4,4,11
2024-01-06,F01,D190,18,4,3,17
2024-01-06,F01,D195,12,11,11,8
2024-01-06,F02,D210,28,6,6,27
2024-01-06,F02,D230,8,2,2,6
2024-01-06,F02,D270,10,2,2,5
2024-01-06,F03,D310,30,5,4,27
2024-01-06,F03,D320,16,3,3,14
2024-01-06,F03,D330,12,4,4,10
2024-01-06,F03,D340,14,6,9,7
2024-01-07,F01,D110,36,14,13,33
2024-01-07,F01,D111,32,5,6,29
2024-01-07,F01,D120,24,5,6,18
2024-01-07,F01,D130,20,6,5,19
2024-01-07,F01,D140,22,7,6,14
2024-01-07,F01,D150,18,2,2,14
2024-01-07,F01,D160,16,4,3,13
2024-01-07,F01,D170,20,7,7,12
2024-01-07,F01,D180,14,6,7,10
2024-01-07,F01,D190,18,2,2,17
2024-01-07,F01,D195,12,12,13,7
2024-01-07,F02,D210,28,9,9,27
2024-01-07,F02,D230,8,2,2,6
2024-01-07,F02,D270,10,0,0,5
2024-01-07,F03,D310,30,9,8,28
2024-01-07,F03,D320,16,6,7,13
2024-01-07,F03,D330,12,3,3,10
2024-01-07,F03,D340,14,1,1,7
2024-01-08,F01,D110,36,7,7,33
2024-01-08,F01,D111,32,7,8,28
2024-01-08,F01,D120,24,7,6,19
2024-01-08,F01,D130,20,4,3,20
2024-01-08,F01,D140,22,7,3,18
2024-01-08,F01,D150,18,3,2,15
2024-01-08,F01,D160,16,1,2,12
2024-01-08,F01,D170,20,8,9,11
2024-01-08,F01,D180,14,4,3,11
2024-01-08,F01,D190,18,1,2,16
2024-01-08,F01,D195,12,8,7,8
2024-01-08,F02,D210,28,3,3,27
2024-01-08,F02,D230,8,2,1,7
2024-01-08,F02,D270,10,1,0,6
2024-01-08,F03,D310,30,7,8,27
2024-01-08,F03,D320,16,6,6,13
2024-01-08,F03,D330,12,6,6,10
2024-01-08,F03,D340,14,3,0,10
2024-01-09,F01,D110,36,11,11,33
2024-01-09,F01,D111,32,10,8,30
2024-01-09,F01,D120,24,4,2,21
2024-01-09,F01,D130,20,5,5,20
2024-01-09,F01,D140,22,8,5,21
2024-01-09,F01,D150,18,5,3,17
2024-01-09,F01,D160,16,6,6,12
2024-01-09,F01,D170,20,8,8,11
2024-01-09,F01,D180,14,4,4,11
2024-01-09,F01,D190,18,1,1,16
2024-01-09,F01,D195,12,11,10,9
2024-01-09,F02,D210,28,7,7,27
2024-01-09,F02,D230,8,4,4,7
2024-01-09,F02,D270,10,0,0,6
2024-01-09,F03,D310,30,10,10,27
2024-01-09,F03,D320,16,4,4,13
2024-01-09,F03,D330,12,2,2,10
2024-01-09,F03,D340,14,4,4,10
2024-01-10,F01,D110,36,8,6,35
2024-01-10,F01,D111,32,9,10,29
2024-01-10,F01,D120,24,9,8,22
2024-01-10,F01,D130,20,4,4,20
2024-01-10,F01,D140,22,9,10,20
2024-01-10,F01,D150,18,0,1,16
2024-01-10,F01,D160,16,3,2,13
2024-01-10,F01,D170,20,3,2,12
2024-01-10,F01,D180,14,2,2,11
2024-01-10,F01,D190,18,3,4,15
2024-01-10,F01,D195,12,11,11,9
2024-01-10,F02,D210,28,9,9,27
2024-01-10,F02,D230,8,4,4,7
2024-01-10,F02,D270,10,2,2,6
2024-01-10,F03,D310,30,8,7,28
2024-01-10,F03,D320,16,5,5,13
2024-01-10,F03,D330,12,4,4,10
2024-01-10,F03,D340,14,1,0,11
2024-01-11,F01,D110,36,3,3,35
2024-01-11,F01,D111,32,8,9,28
2024-01-11,F01,D120,24,3,4,21
2024-01-11,F01,D130,20,7,8,19
2024-01-11,F01,D140,22,7,7,20
2024-01-11,F01,D150,18,5,5,16
2024-01-11,F01,D160,16,2,2,13
2024-01-11,F01,D170,20,8,7,13
2024-01-11,F01,D180,14,5,5,11
2024-01-11,F01,D190,18,2,1,16
2024-01-11,F01,D195,12,11,11,9
2024-01-11,F02,D210,28,4,5,26
2024-01-11,F02,D230,8,0,0,7
2024-01-11,F02,D270,10,4,4,6
2024-01-11,F03,D310,30,5,5,28
2024-01-11,F03,D320,16,0,1,12
2024-01-11,F03,D330,12,4,3,11
2024-01-11,F03,D340,14,4,4,11
2024-01-12,F01,D110,36,11,12,34
2024-01-12,F01,D111,32,9,8,29
2024-01-12,F01,D120,24,8,7,22
2024-01-12,F01,D130,20,9,9,19
2024-01-12,F01,D140,22,2,4,18
2024-01-12,F01,D150,18,4,6,14
2024-01-12,F01,D160,16,6,5,14
2024-01-12,F01,D170,20,6,7,12
2024-01-12,F01,D180,14,3,4,10
2024-01-12,F01,D190,18,2,1,17
2024-01-12,F01,D195,12,8,9,8
2024-01-12,F02,D210,28,5,6,25
2024-01-12,F02,D230,8,0,0,7
2024-01-12,F02,D270,10,4,4,6
2024-01-12,F03,D310,30,7,8,27
2024-01-12,F03,D320,16,5,5,12
2024-01-12,F03,D330,12,3,4,10
2024-01-12,F03,D340,14,1,2,10
2024-01-13,F01,D110,36,14,15,33
2024-01-13,F01,D111,32,4,3,30
2024-01-13,F01,D120,24,5,7,20
2024-01-13,F01,D130,20,7,7,19
2024-01-13,F01,D140,22,6,9,15
2024-01-13,F01,D150,18,2,3,13
2024-01-13,F01,D160,16,0,0,14
2024-01-13,F01,D170,20,4,4,12
2024-01-13,F01,D180,14,6,6,10
2024-01-13,F01,D190,18,2,1,18
2024-01-13,F01,D195,12,9,9,8
2024-01-13,F02,D210,28,7,6,26
2024-01-13,F02,D230,8,2,2,7
2024-01-13,F02,D270,10,3,3,6
2024-01-13,F03,D310,30,10,10,27
2024-01-13,F03,D320,16,5,5,12
2024-01-13,F03,D330,12,0,0,10
2024-01-13,F03,D340,14,5,6,9
2024-01-14,F01,D110,36,7,8,32
2024-01-14,F01,D111,32,11,14,27
2024-01-14,F01,D120,24,4,4,20
2024-01-14,F01,D130,20,8,8,19
2024-01-14,F01,D140,22,4,4,15
2024-01-14,F01,D150,18,4,4,13
2024-01-14,F01,D160,16,4,5,13
2024-01-14,F01,D170,20,4,4,12
2024-01-14,F01,D180,14,5,5,10
2024-01-14,F01,D190,18,2,2,18
2024-01-14,F01,D195,12,12,12,8
2024-01-14,F02,D210,28,9,12,23
2024-01-14,F02,D230,8,2,2,7
2024-01-14,F02,D270,10,5,5,6
2024-01-14,F03,D310,30,3,3,27
2024-01-14,F03,D320,16,3,2,13
2024-01-14,F03,D330,12,2,2,10
2024-01-14,F03,D340,14,2,3,8
2024-01-15,F01,D110,36,5,4,33
2024-01-15,F01,D111,32,6,5,28
2024-01-15,F01,D120,24,5,5,20
2024-01-15,F01,D130,20,9,9,19
2024-01-15,F01,D140,22,3,2,16
2024-01-15,F01,D150,18,3,2,14
2024-01-15,F01,D160,16,5,5,13
2024-01-15,F01,D170,20,8,7,13
2024-01-15,F01,D180,14,4,4,10
2024-01-15,F01,D190,18,0,1,17
2024-01-15,F01,D195,12,11,11,8
2024-01-15,F02,D210,28,8,7,24
2024-01-15,F02,D230,8,2,2,7
2024-01-15,F02,D270,10,1,1,6
2024-01-15,F03,D310,30,9,7,29
2024-01-15,F03,D320,16,1,1,13
2024-01-15,F03,D330,12,4,4,10
2024-01-15,F03,D340,14,3,1,10
2024-01-16,F01,D110,36,8,6,35
2024-01-16,F01,D111,32,3,3,28
2024-01-16,F01,D120,24,7,6,21
2024-01-16,F01,D130,20,5,7,17
2024-01-16,F01,D140,22,3,0,19
2024-01-16,F01,D150,18,4,4,14
2024-01-16,F01,D160,16,1,1,13
2024-01-16,F01,D170,20,7,7,13
2024-01-16,F01,D180,14,1,0,11
2024-01-16,F01,D190,18,3,4,16
2024-01-16,F01,D195,12,10,9,9
2024-01-16,F02,D210,28,5,5,24
2024-01-16,F02,D230,8,1,2,6
2024-01-16,F02,D270,10,4,4,6
2024-01-16,F03,D310,30,7,8,28
2024-01-16,F03,D320,16,5,6,12
2024-01-16,F03,D330,12,1,1,10
2024-01-16,F03,D340,14,1,1,10
2024-01-17,F01,D110,36,8,10,33
2024-01-17,F01,D111,32,9,9,28
2024-01-17,F01,D120,24,7,7,21
2024-01-17,F01,D130,20,5,5,17
2024-01-17,F01,D140,22,5,5,19
2024-01-17,F01,D150,18,4,3,15
2024-01-17,F01,D160,16,2,2,13
2024-01-17,F01,D170,20,6,6,13
2024-01-17,F01,D180,14,2,3,10
2024-01-17,F01,D190,18,2,1,17
2024-01-17,F01,D195,12,10,10,9
2024-01-17,F02,D210,28,6,6,24
2024-01-17,F02,D230,8,3,3,6
2024-01-17,F02,D270,10,6,5,7
2024-01-17,F03,D310,30,5,6,27
2024-01-17,F03,D320,16,5,4,13
2024-01-17,F03,D330,12,4,4,10
2024-01-17,F03,D340,14,4,3,11
2024-01-18,F01,D110,36,10,9,34
2024-01-18,F01,D111,32,6,4,30
2024-01-18,F01,D120,24,7,6,22
2024-01-18,F01,D130,20,8,8,17
2024-01-18,F01,D140,22,9,11,17
2024-01-18,F01,D150,18,2,3,14
2024-01-18,F01,D160,16,2,3,12
2024-01-18,F01,D170,20,2,3,12
2024-01-18,F01,D180,14,2,1,11
2024-01-18,F01,D190,18,1,1,17
2024-01-18,F01,D195,12,8,8,9
2024-01-18,F02,D210,28,6,4,26
2024-01-18,F02,D230,8,2,1,7
2024-01-18,F02,D270,10,4,4,7
2024-01-18,F03,D310,30,5,4,28
2024-01-18,F03,D320,16,7,6,14
2024-01-18,F03,D330,12,4,4,10
2024-01-18,F03,D340,14,3,3,11
2024-01-19,F01,D110,36,5,7,32
2024-01-19,F01,D111,32,7,8,29
2024-01-19,F01,D120,24,6,8,20
2024-01-19,F01,D130,20,3,3,17
2024-01-19,F01,D140,22,8,9,16
2024-01-19,F01,D150,18,4,5,13
2024-01-19,F01,D160,16,5,6,11
2024-01-19,F01,D170,20,2,2,12
2024-01-19,F01,D180,14,3,3,11
2024-01-19,F01,D190,18,4,4,17
2024-01-19,F01,D195,12,4,4,9
2024-01-19,F02,D210,28,4,3,27
2024-01-19,F02,D230,8,6,6,7
2024-01-19,F02,D270,10,3,3,7
2024-01-19,F03,D310,30,10,10,28
2024-01-19,F03,D320,16,4,4,14
2024-01-19,F03,D330,12,1,0,11
2024-01-19,F03,D340,14,6,6,11
2024-01-20,F01,D110,36,5,4,33
2024-01-20,F01,D111,32,1,2,28
2024-01-20,F01,D120,24,5,5,20
2024-01-20,F01,D130,20,5,5,17
2024-01-20,F01,D140,22,8,10,14
2024-01-20,F01,D150,18,2,2,13
2024-01-20,F01,D160,16,0,0,11
2024-01-20,F01,D170,20,8,8,12
2024-01-20,F01,D180,14,4,4,11
2024-01-20,F01,D190,18,5,5,17
2024-01-20,F01,D195,12,9,10,8
2024-01-20,F02,D210,28,5,6,26
2024-01-20,F02,D230,8,2,2,7
2024-01-20,F02,D270,10,2,3,6
2024-01-20,F03,D310,30,2,2,28
2024-01-20,F03,D320,16,5,5,14
2024-01-20,F03,D330,12,2,2,11
2024-01-20,F03,D340,14,3,5,9
2024-01-21,F01,D110,36,6,4,35
2024-01-21,F01,D111,32,5,5,28
2024-01-21,F01,D120,24,2,2,20
2024-01-21,F01,D130,20,5,5,17
2024-01-21,F01,D140,22,2,1,15
2024-01-21,F01,D150,18,3,3,13
2024-01-21,F01,D160,16,2,2,11
2024-01-21,F01,D170,20,5,6,11
2024-01-21,F01,D180,14,3,2,12
2024-01-21,F01,D190,18,4,3,18
2024-01-21,F01,D195,12,5,5,8
2024-01-21,F02,D210,28,11,10,27
2024-01-21,F02,D230,8,2,2,7
2024-01-21,F02,D270,10,3,3,6
2024-01-21,F03,D310,30,7,8,27
2024-01-21,F03,D320,16,4,4,14
2024-01-21,F03,D330,12,7,7,11
2024-01-21,F03,D340,14,0,0,9
2024-01-22,F01,D110,36,9,9,35
2024-01-22,F01,D111,32,9,9,28
2024-01-22,F01,D120,24,5,5,20
2024-01-22,F01,D130,20,6,5,18
2024-01-22,F01,D140,22,10,7,18
2024-01-22,F01,D150,18,0,0,13
2024-01-22,F01,D160,16,2,2,11
2024-01-22,F01,D170,20,8,6,13
2024-01-22,F01,D180,14,5,5,12
2024-01-22,F01,D190,18,1,1,18
2024-01-22,F01,D195,12,7,5,10
2024-01-22,F02,D210,28,5,4,28
2024-01-22,F02,D230,8,1,1,7
2024-01-22,F02,D270,10,5,5,6
2024-01-22,F03,D310,30,7,4,30
2024-01-22,F03,D320,16,2,2,14
2024-01-22,F03,D330,12,4,4,11
2024-01-22,F03,D340,14,5,3,11
2024-01-23,F01,D110,36,8,8,35
2024-01-23,F01,D111,32,9,12,25
2024-01-23,F01,D120,24,5,5,20
2024-01-23,F01,D130,20,6,6,18
2024-01-23,F01,D140,22,8,7,19
2024-01-23,F01,D150,18,3,2,14
2024-01-23,F01,D160,16,3,2,12
2024-01-23,F01,D170,20,5,4,14
2024-01-23,F01,D180,14,5,5,12
2024-01-23,F01,D190,18,0,0,18
2024-01-23,F01,D195,12,10,10,10
2024-01-23,F02,D210,28,14,13,29
2024-01-23,F02,D230,8,2,2,7
2024-01-23,F02,D270,10,0,0,6
2024-01-23,F03,D310,30,9,10,29
2024-01-23,F03,D320,16,6,6,14
2024-01-23,F03,D330,12,5,5,11
2024-01-23,F03,D340,14,1,1,11
2024-01-24,F01,D110,36,10,10,35
2024-01-24,F01,D111,32,5,4,26
2024-01-24,F01,D120,24,11,10,21
2024-01-24,F01,D130,20,4,4,18
2024-01-24,F01,D140,22,8,9,18
2024-01-24,F01,D150,18,4,4,14
2024-01-24,F01,D160,16,3,4,11
2024-01-24,F01,D170,20,8,9,13
2024-01-24,F01,D180,14,8,9,11
2024-01-24,F01,D190,18,0,1,17
2024-01-24,F01,D195,12,8,8,10
2024-01-24,F02,D210,28,7,6,30
2024-01-24,F02,D230,8,3,3,7
2024-01-24,F02,D270,10,1,1,6
2024-01-24,F03,D310,30,1,0,30
2024-01-24,F03,D320,16,5,5,14
2024-01-24,F03,D330,12,1,1,11
2024-01-24,F03,D340,14,4,4,11
2024-01-25,F01,D110,36,5,7,33
2024-01-25,F01,D111,32,5,7,24
2024-01-25,F01,D120,24,10,12,19
2024-01-25,F01,D130,20,3,4,17
2024-01-25,F01,D140,22,7,7,18
2024-01-25,F01,D150,18,2,1,15
2024-01-25,F01,D160,16,4,3,12
2024-01-25,F01,D170,20,4,3,14
2024-01-25,F01,D180,14,8,8,11
2024-01-25,F01,D190,18,1,1,17
2024-01-25,F01,D195,12,13,13,10
2024-01-25,F02,D210,28,12,12,30
2024-01-25,F02,D230,8,0,0,7
2024-01-25,F02,D270,10,4,4,6
2024-01-25,F03,D310,30,7,7,30
2024-01-25,F03,D320,16,1,0,15
2024-01-25,F03,D330,12,4,4,11
2024-01-25,F03,D340,14,4,4,11
2024-01-26,F01,D110,36,7,6,34
2024-01-26,F01,D111,32,6,6,24
2024-01-26,F01,D120,24,7,8,18
2024-01-26,F01,D130,20,4,4,17
2024-01-26,F01,D140,22,10,13,15
2024-01-26,F01,D150,18,5,7,13
2024-01-26,F01,D160,16,3,3,12
2024-01-26,F01,D170,20,3,4,13
2024-01-26,F01,D180,14,6,6,11
2024-01-26,F01,D190,18,2,2,17
2024-01-26,F01,D195,12,4,5,9
2024-01-26,F02,D210,28,11,11,30
2024-01-26,F02,D230,8,2,2,7
2024-01-26,F02,D270,10,5,5,6
2024-01-26,F03,D310,30,10,10,30
2024-01-26,F03,D320,16,5,6,14
2024-01-26,F03,D330,12,3,3,11
2024-01-26,F03,D340,14,6,7,10
2024-01-27,F01,D110,36,2,4,32
2024-01-27,F01,D111,32,4,5,23
2024-01-27,F01,D120,24,3,3,18
2024-01-27,F01,D130,20,4,4,17
2024-01-27,F01,D140,22,6,7,14
2024-01-27,F01,D150,18,2,2,13
2024-01-27,F01,D160,16,1,1,12
2024-01-27,F01,D170,20,5,5,13
2024-01-27,F01,D180,14,8,8,11
2024-01-27,F01,D190,18,4,4,17
2024-01-27,F01,D195,12,9,10,8
2024-01-27,F02,D210,28,8,10,28
2024-01-27,F02,D230,8,3,4,6
2024-01-27,F02,D270,10,4,5,5
2024-01-27,F03,D310,30,7,10,27
2024-01-27,F03,D320,16,1,1,14
2024-01-27,F03,D330,12,2,2,11
2024-01-27,F03,D340,14,3,5,8
2024-01-28,F01,D110,36,10,12,30
2024-01-28,F01,D111,32,7,5,25
2024-01-28,F01,D120,24,3,4,17
2024-01-28,F01,D130,20,3,4,16
2024-01-28,F01,D140,22,4,4,14
2024-01-28,F01,D150,18,3,4,12
2024-01-28,F01,D160,16,3,3,12
2024-01-28,F01,D170,20,7,6,14
2024-01-28,F01,D180,14,9,9,11
2024-01-28,F01,D190,18,2,4,15
2024-01-28,F01,D195,12,11,11,8
2024-01-28,F02,D210,28,6,7,27
2024-01-28,F02,D230,8,1,0,7
2024-01-28,F02,D270,10,3,3,5
2024-01-28,F03,D310,30,7,6,28
2024-01-28,F03,D320,16,9,9,14
2024-01-28,F03,D330,12,3,3,11
2024-01-28,F03,D340,14,4,4,8
2024-01-29,F01,D110,36,8,7,31
2024-01-29,F01,D111,32,9,9,25
2024-01-29,F01,D120,24,6,3,20
2024-01-29,F01,D130,20,6,5,17
2024-01-29,F01,D140,22,5,1,18
2024-01-29,F01,D150,18,2,1,13
2024-01-29,F01,D160,16,5,4,13
2024-01-29,F01,D170,20,7,7,14
2024-01-29,F01,D180,14,7,7,11
2024-01-29,F01,D190,18,6,6,15
2024-01-29,F01,D195,12,10,10,8
2024-01-29,F02,D210,28,7,5,29
2024-01-29,F02,D230,8,4,5,6
2024-01-29,F02,D270,10,0,0,5
2024-01-29,F03,D310,30,7,6,29
2024-01-29,F03,D320,16,6,6,14
2024-01-29,F03,D330,12,3,3,11
2024-01-29,F03,D340,14,2,0,10
2024-01-30,F01,D110,36,8,10,29
2024-01-30,F01,D111,32,6,5,26
2024-01-30,F01,D120,24,6,6,20
2024-01-30,F01,D130,20,4,4,17
2024-01-30,F01,D140,22,3,2,19
2024-01-30,F01,D150,18,5,4,14
2024-01-30,F01,D160,16,1,2,12
2024-01-30,F01,D170,20,6,7,13
2024-01-30,F01,D180,14,6,6,11
2024-01-30,F01,D190,18,1,0,16
2024-01-30,F01,D195,12,9,9,8
2024-01-30,F02,D210,28,9,10,28
2024-01-30,F02,D230,8,4,4,6
2024-01-30,F02,D270,10,0,0,5
2024-01-30,F03,D310,30,4,6,27
2024-01-30,F03,D320,16,5,5,14
2024-01-30,F03,D330,12,1,1,11
2024-01-30,F03,D340,14,2,2,10
2024-01-31,F01,D110,36,9,9,29
2024-01-31,F01,D111,32,3,2,27
2024-01-31,F01,D120,24,9,6,23
2024-01-31,F01,D130,20,3,3,17
2024-01-31,F01,D140,22,8,8,19
2024-01-31,F01,D150,18,5,5,14
2024-01-31,F01,D160,16,3,2,13
2024-01-31,F01,D170,20,2,3,12
2024-01-31,F01,D180,14,4,4,11
2024-01-31,F01,D190,18,1,1,16
2024-01-31,F01,D195,12,4,4,8
2024-01-31,F02,D210,28,9,10,27
2024-01-31,F02,D230,8,2,2,6
2024-01-31,F02,D270,10,1,0,6
2024-01-31,F03,D310,30,7,6,28
2024-01-31,F03,D320,16,5,5,14
2024-01-31,F03,D330,12,1,1,11
2024-01-31,F03,D340,14,4,4,10
2024-02-01,F01,D110,36,10,9,30
2024-02-01,F01,D111,32,9,7,29
2024-02-01,F01,D120,24,7,7,23
2024-02-01,F01,D130,20,5,5,17
2024-02-01,F01,D140,22,6,6,19
2024-02-01,F01,D150,18,3,3,14
2024-02-01,F01,D160,16,3,2,14
2024-02-01,F01,D170,20,10,9,13
2024-02-01,F01,D180,14,2,2,11
2024-02-01,F01,D190,18,1,2,15
2024-02-01,F01,D195,12,11,11,8
2024-02-01,F02,D210,28,6,7,26
2024-02-01,F02,D230,8,2,1,7
2024-02-01,F02,D270,10,2,2,6
2024-02-01,F03,D310,30,4,4,28
2024-02-01,F03,D320,16,5,5,14
2024-02-01,F03,D330,12,1,1,11
2024-02-01,F03,D340,14,5,6,9
2024-02-02,F01,D110,36,12,11,31
2024-02-02,F01,D111,32,9,11,27
2024-02-02,F01,D120,24,12,12,23
2024-02-02,F01,D130,20,3,2,18
2024-02-02,F01,D140,22,5,6,18
2024-02-02,F01,D150,18,2,2,14
2024-02-02,F01,D160,16,4,4,14
2024-02-02,F01,D170,20,0,0,13
2024-02-02,F01,D180,14,3,3,11
2024-02-02,F01,D190,18,3,3,15
2024-02-02,F01,D195,12,6,6,8
2024-02-02,F02,D210,28,6,5,27
2024-02-02,F02,D230,8,2,3,6
2024-02-02,F02,D270,10,2,2,6
2024-02-02,F03,D310,30,10,10,28
2024-02-02,F03,D320,16,6,7,13
2024-02-02,F03,D330,12,2,2,11
2024-02-02,F03,D340,14,4,4,9
2024-02-03,F01,D110,36,14,14,31
2024-02-03,F01,D111,32,8,9,26
2024-02-03,F01,D120,24,6,8,21
2024-02-03,F01,D130,20,8,9,17
2024-02-03,F01,D140,22,10,13,15
2024-02-03,F01,D150,18,1,1,14
2024-02-03,F01,D160,16,4,4,14
2024-02-03,F01,D170,20,6,6,13
2024-02-03,F01,D180,14,3,3,11
2024-02-03,F01,D190,18,1,1,15
2024-02-03,F01,D195,12,6,7,7
2024-02-03,F02,D210,28,9,9,27
2024-02-03,F02,D230,8,5,4,7
2024-02-03,F02,D270,10,4,5,5
2024-02-03,F03,D310,30,12,11,29
2024-02-03,F03,D320,16,3,4,12
2024-02-03,F03,D330,12,2,3,10
2024-02-03,F03,D340,14,3,5,7
2024-02-04,F01,D110,36,5,5,31
2024-02-04,F01,D111,32,8,8,26
2024-02-04,F01,D120,24,5,6,20
2024-02-04,F01,D130,20,4,4,17
2024-02-04,F01,D140,22,5,5,15
2024-02-04,F01,D150,18,3,4,13
2024-02-04,F01,D160,16,3,4,13
2024-02-04,F01,D170,20,9,8,14
2024-02-04,F01,D180,14,7,7,11
2024-02-04,F01,D190,18,0,0,15
2024-02-04,F01,D195,12,10,10,7
2024-02-04,F02,D210,28,3,4,26
2024-02-04,F02,D230,8,2,2,7
2024-02-04,F02,D270,10,0,0,5
2024-02-04,F03,D310,30,7,9,27
2024-02-04,F03,D320,16,3,2,13
2024-02-04,F03,D330,12,2,2,10
2024-02-04,F03,D340,14,4,4,7
2024-02-05,F01,D110,36,5,6,30
2024-02-05,F01,D111,32,4,3,27
2024-02-05,F01,D120,24,8,8,20
2024-02-05,F01,D130,20,8,10,15
2024-02-05,F01,D140,22,6,3,18
2024-02-05,F01,D150,18,3,2,14
2024-02-05,F01,D160,16,4,3,14
2024-02-05,F01,D170,20,8,8,14
2024-02-05,F01,D180,14,2,2,11
2024-02-05,F01,D190,18,2,1,16
2024-02-05,F01,D195,12,12,11,8
2024-02-05,F02,D210,28,1,2,25
2024-02-05,F02,D230,8,3,3,7
2024-02-05,F02,D270,10,3,2,6
2024-02-05,F03,D310,30,11,10,28
2024-02-05,F03,D320,16,1,1,13
2024-02-05,F03,D330,12,5,5,10
2024-02-05,F03,D340,14,4,2,9
2024-02-06,F01,D110,36,7,7,30
2024-02-06,F01,D111,32,7,5,29
2024-02-06,F01,D120,24,7,8,19
2024-02-06,F01,D130,20,5,4,16
2024-02-06,F01,D140,22,5,4,19
2024-02-06,F01,D150,18,2,3,13
2024-02-06,F01,D160,16,4,3,15
2024-02-06,F01,D170,20,1,0,15
2024-02-06,F01,D180,14,3,3,11
2024-02-06,F01,D190,18,3,3,16
2024-02-06,F01,D195,12,9,8,9
2024-02-06,F02,D210,28,5,5,25
2024-02-06,F02,D230,8,5,5,7
2024-02-06,F02,D270,10,3,3,6
2024-02-06,F03,D310,30,7,5,30
2024-02-06,F03,D320,16,6,6,13
2024-02-06,F03,D330,12,4,4,10
2024-02-06,F03,D340,14,4,3,10
2024-02-07,F01,D110,36,6,3,33
2024-02-07,F01,D111,32,6,6,29
2024-02-07,F01,D120,24,8,7,20
2024-02-07,F01,D130,20,4,5,15
2024-02-07,F01,D140,22,9,10,18
2024-02-07,F01,D150,18,2,2,13
2024-02-07,F01,D160,16,3,4,14
2024-02-07,F01,D170,20,11,11,15
2024-02-07,F01,D180,14,4,5,10
2024-02-07,F01,D190,18,2,1,17
2024-02-07,F01,D195,12,14,13,10
2024-02-07,F02,D210,28,7,7,25
2024-02-07,F02,D230,8,5,5,7
2024-02-07,F02,D270,10,1,1,6
2024-02-07,F03,D310,30,6,6,30
2024-02-07,F03,D320,16,6,6,13
2024-02-07,F03,D330,12,1,1,10
2024-02-07,F03,D340,14,2,1,11
2024-02-08,F01,D110,36,9,9,33
2024-02-08,F01,D111,32,4,6,27
2024-02-08,F01,D120,24,6,7,19
2024-02-08,F01,D130,20,5,4,16
2024-02-08,F01,D140,22,5,6,17
2024-02-08,F01,D150,18,3,2,14
2024-02-08,F01,D160,16,2,2,14
2024-02-08,F01,D170,20,7,7,15
2024-02-08,F01,D180,14,1,1,10
2024-02-08,F01,D190,18,0,0,17
2024-02-08,F01,D195,12,5,6,9
2024-02-08,F02,D210,28,6,6,25
2024-02-08,F02,D230,8,4,4,7
2024-02-08,F02,D270,10,2,2,6
2024-02-08,F03,D310,30,2,3,29
2024-02-08,F03,D320,16,3,3,13
2024-02-08,F03,D330,12,4,4,10
2024-02-08,F03,D340,14,1,1,11
2024-02-09,F01,D110,36,7,7,33
2024-02-09,F01,D111,32,3,2,28
2024-02-09,F01,D120,24,1,3,17
2024-02-09,F01,D130,20,3,3,16
2024-02-09,F01,D140,22,8,8,17
2024-02-09,F01,D150,18,7,8,13
2024-02-09,F01,D160,16,4,5,13
2024-02-09,F01,D170,20,8,9,14
2024-02-09,F01,D180,14,2,2,10
2024-02-09,F01,D190,18,4,4,17
2024-02-09,F01,D195,12,3,4,8
2024-02-09,F02,D210,28,4,4,25
2024-02-09,F02,D230,8,1,1,7
2024-02-09,F02,D270,10,1,2,5
2024-02-09,F03,D310,30,9,9,29
2024-02-09,F03,D320,16,4,4,13
2024-02-09,F03,D330,12,4,4,10
2024-02-09,F03,D340,14,4,6,9
2024-02-10,F01,D110,36,3,5,31
2024-02-10,F01,D111,32,6,7,27
2024-02-10,F01,D120,24,4,3,18
2024-02-10,F01,D130,20,3,3,16
2024-02-10,F01,D140,22,5,7,15
2024-02-10,F01,D150,18,3,3,13
2024-02-10,F01,D160,16,1,1,13
2024-02-10,F01,D170,20,5,6,13
2024-02-10,F01,D180,14,6,5,11
2024-02-10,F01,D190,18,1,1,17
2024-02-10,F01,D195,12,7,7,8
2024-02-10,F02,D210,28,4,5,24
2024-02-10,F02,D230,8,3,4,6
2024-02-10,F02,D270,10,6,6,5
2024-02-10,F03,D310,30,6,5,30
2024-02-10,F03,D320,16,4,4,13
2024-02-10,F03,D330,12,2,2,10
2024-02-10,F03,D340,14,4,5,8
2024-02-11,F01,D110,36,5,3,33
2024-02-11,F01,D111,32,9,8,28
2024-02-11,F01,D120,24,6,5,19
2024-02-11,F01,D130,20,7,6,17
2024-02-11,F01,D140,22,3,4,14
2024-02-11,F01,D150,18,5,4,14
2024-02-11,F01,D160,16,3,3,13
2024-02-11,F01,D170,20,6,7,12
2024-02-11,F01,D180,14,7,8,10
2024-02-11,F01,D190,18,3,2,18
2024-02-11,F01,D195,12,5,5,8
2024-02-11,F02,D210,28,6,6,24
2024-02-11,F02,D230,8,1,0,7
2024-02-11,F02,D270,10,4,4,5
2024-02-11,F03,D310,30,10,10,30
2024-02-11,F03,D320,16,5,4,14
2024-02-11,F03,D330,12,3,3,10
2024-02-11,F03,D340,14,2,1,9
2024-02-12,F01,D110,36,10,8,35
2024-02-12,F01,D111,32,7,6,29
2024-02-12,F01,D120,24,9,8,20
2024-02-12,F01,D130,20,6,7,16
2024-02-12,F01,D140,22,1,0,15
2024-02-12,F01,D150,18,5,5,14
2024-02-12,F01,D160,16,5,5,13
2024-02-12,F01,D170,20,6,6,12
2024-02-12,F01,D180,14,2,2,10
2024-02-12,F01,D190,18,2,2,18
2024-02-12,F01,D195,12,7,6,9
2024-02-12,F02,D210,28,0,1,23
2024-02-12,F02,D230,8,3,4,6
2024-02-12,F02,D270,10,3,2,6
2024-02-12,F03,D310,30,4,5,29
2024-02-12,F03,D320,16,13,12,15
2024-02-12,F03,D330,12,2,2,10
2024-02-12,F03,D340,14,3,1,11
2024-02-13,F01,D110,36,5,5,35
2024-02-13,F01,D111,32,4,4,29
2024-02-13,F01,D120,24,9,9,20
2024-02-13,F01,D130,20,4,3,17
2024-02-13,F01,D140,22,6,4,17
2024-02-13,F01,D150,18,3,1,16
2024-02-13,F01,D160,16,4,4,13
2024-02-13,F01,D170,20,8,7,13
2024-02-13,F01,D180,14,3,3,10
2024-02-13,F01,D190,18,4,5,17
2024-02-13,F01,D195,12,5,5,9
2024-02-13,F02,D210,28,6,5,24
2024-02-13,F02,D230,8,0,0,6
2024-02-13,F02,D270,10,5,5,6
2024-02-13,F03,D310,30,4,3,30
2024-02-13,F03,D320,16,5,5,15
2024-02-13,F03,D330,12,3,3,10
2024-02-13,F03,D340,14,2,2,11
2024-02-14,F01,D110,36,3,6,32
2024-02-14,F01,D111,32,5,5,29
2024-02-14,F01,D120,24,3,4,19
2024-02-14,F01,D130,20,4,4,17
2024-02-14,F01,D140,22,4,4,17
2024-02-14,F01,D150,18,4,5,15
2024-02-14,F01,D160,16,6,7,12
2024-02-14,F01,D170,20,10,11,12
2024-02-14,F01,D180,14,1,2,9
2024-02-14,F01,D190,18,4,3,18
2024-02-14,F01,D195,12,10,11,8
2024-02-14,F02,D210,28,9,10,23
2024-02-14,F02,D230,8,2,1,7
2024-02-14,F02,D270,10,4,4,6
2024-02-14,F03,D310,30,5,3,32
2024-02-14,F03,D320,16,5,6,14
2024-02-14,F03,D330,12,3,3,10
2024-02-14,F03,D340,14,4,4,11
2024-02-15,F01,D110,36,8,8,32
2024-02-15,F01,D111,32,3,0,32
2024-02-15,F01,D120,24,5,5,19
2024-02-15,F01,D130,20,5,6,16
2024-02-15,F01,D140,22,7,8,16
2024-02-15,F01,D150,18,5,6,14
2024-02-15,F01,D160,16,3,3,12
2024-02-15,F01,D170,20,9,7,14
2024-02-15,F01,D180,14,4,3,10
2024-02-15,F01,D190,18,3,3,18
2024-02-15,F01,D195,12,9,8,9
2024-02-15,F02,D210,28,6,7,22
2024-02-15,F02,D230,8,1,2,6
2024-02-15,F02,D270,10,1,1,6
2024-02-15,F03,D310,30,5,5,32
2024-02-15,F03,D320,16,2,3,13
2024-02-15,F03,D330,12,2,2,10
2024-02-15,F03,D340,14,3,3,11
2024-02-16,F01,D110,36,5,4,33
2024-02-16,F01,D111,32,11,12,31
2024-02-16,F01,D120,24,4,3,20
2024-02-16,F01,D130,20,6,6,16
2024-02-16,F01,D140,22,12,14,14
2024-02-16,F01,D150,18,2,3,13
2024-02-16,F01,D160,16,3,3,12
2024-02-16,F01,D170,20,6,6,14
2024-02-16,F01,D180,14,0,0,10
2024-02-16,F01,D190,18,2,3,17
2024-02-16,F01,D195,12,6,7,8
2024-02-16,F02,D210,28,4,3,23
2024-02-16,F02,D230,8,0,0,6
2024-02-16,F02,D270,10,3,4,5
2024-02-16,F03,D310,30,9,10,31
2024-02-16,F03,D320,16,2,2,13
2024-02-16,F03,D330,12,6,6,10
2024-02-16,F03,D340,14,3,5,9
2024-02-17,F01,D110,36,0,1,32
2024-02-17,F01,D111,32,9,9,31
2024-02-17,F01,D120,24,5,5,20
2024-02-17,F01,D130,20,3,2,17
2024-02-17,F01,D140,22,6,9,11
2024-02-17,F01,D150,18,3,3,13
2024-02-17,F01,D160,16,3,3,12
2024-02-17,F01,D170,20,7,7,14
2024-02-17,F01,D180,14,4,4,10
2024-02-17,F01,D190,18,3,4,16
2024-02-17,F01,D195,12,8,9,7
2024-02-17,F02,D210,28,2,2,23
2024-02-17,F02,D230,8,1,0,7
2024-02-17,F02,D270,10,4,3,6
2024-02-17,F03,D310,30,5,5,31
2024-02-17,F03,D320,16,4,4,13
2024-02-17,F03,D330,12,7,7,10
2024-02-17,F03,D340,14,3,5,7
2024-02-18,F01,D110,36,10,8,34
2024-02-18,F01,D111,32,9,8,32
2024-02-18,F01,D120,24,3,4,19
2024-02-18,F01,D130,20,3,4,16
2024-02-18,F01,D140,22,5,5,11
2024-02-18,F01,D150,18,1,0,14
2024-02-18,F01,D160,16,0,1,11
2024-02-18,F01,D170,20,10,12,12
2024-02-18,F01,D180,14,5,5,10
2024-02-18,F01,D190,18,2,1,17
2024-02-18,F01,D195,12,6,6,7
2024-02-18,F02,D210,28,7,8,22
2024-02-18,F02,D230,8,2,2,7
2024-02-18,F02,D270,10,0,1,5
2024-02-18,F03,D310,30,6,6,31
2024-02-18,F03,D320,16,7,7,13
2024-02-18,F03,D330,12,1,1,10
2024-02-18,F03,D340,14,5,4,8
2024-02-19,F01,D110,36,7,6,35
2024-02-19,F01,D111,32,4,6,30
2024-02-19,F01,D120,24,7,6,20
2024-02-19,F01,D130,20,0,0,16
2024-02-19,F01,D140,22,4,0,15
2024-02-19,F01,D150,18,2,1,15
2024-02-19,F01,D160,16,2,1,12
2024-02-19,F01,D170,20,7,6,13
2024-02-19,F01,D180,14,4,4,10
2024-02-19,F01,D190,18,3,3,17
2024-02-19,F01,D195,12,9,9,7
2024-02-19,F02,D210,28,3,3,22
2024-02-19,F02,D230,8,0,1,6
2024-02-19,F02,D270,10,4,3,6
2024-02-19,F03,D310,30,14,14,31
2024-02-19,F03,D320,16,4,5,12
2024-02-19,F03,D330,12,4,3,11
2024-02-19,F03,D340,14,6,4,10
2024-02-20,F01,D110,36,8,10,33
2024-02-20,F01,D111,32,6,7,29
2024-02-20,F01,D120,24,1,1,20
2024-02-20,F01,D130,20,5,5,16
2024-02-20,F01,D140,22,3,2,16
2024-02-20,F01,D150,18,2,3,14
2024-02-20,F01,D160,16,4,4,12
2024-02-20,F01,D170,20,4,5,12
2024-02-20,F01,D180,14,5,5,10
2024-02-20,F01,D190,18,1,1,17
2024-02-20,F01,D195,12,7,7,7
2024-02-20,F02,D210,28,5,5,22
2024-02-20,F02,D230,8,4,4,6
2024-02-20,F02,D270,10,3,3,6
2024-02-20,F03,D310,30,8,9,30
2024-02-20,F03,D320,16,4,3,13
2024-02-20,F03,D330,12,4,6,9
2024-02-20,F03,D340,14,6,6,10
2024-02-21,F01,D110,36,3,4,32
2024-02-21,F01,D111,32,4,6,27
2024-02-21,F01,D120,24,2,2,20
2024-02-21,F01,D130,20,4,3,17
2024-02-21,F01,D140,22,8,7,17
2024-02-21,F01,D150,18,3,2,15
2024-02-21,F01,D160,16,5,5,12
2024-02-21,F01,D170,20,6,6,12
2024-02-21,F01,D180,14,3,2,11
2024-02-21,F01,D190,18,3,3,17
2024-02-21,F01,D195,12,12,12,7
2024-02-21,F02,D210,28,8,8,22
2024-02-21,F02,D230,8,3,2,7
2024-02-21,F02,D270,10,2,2,6
2024-02-21,F03,D310,30,7,7,30
2024-02-21,F03,D320,16,3,4,12
2024-02-21,F03,D330,12,4,3,10
2024-02-21,F03,D340,14,5,4,11
2024-02-22,F01,D110,36,8,8,32
2024-02-22,F01,D111,32,6,5,28
2024-02-22,F01,D120,24,9,8,21
2024-02-22,F01,D130,20,3,3,17
2024-02-22,F01,D140,22,7,6,18
2024-02-22,F01,D150,18,1,0,16
2024-02-22,F01,D160,16,7,7,12
2024-02-22,F01,D170,20,8,7,13
2024-02-22,F01,D180,14,2,3,10
2024-02-22,F01,D190,18,0,1,16
2024-02-22,F01,D195,12,4,4,7
2024-02-22,F02,D210,28,5,4,23
2024-02-22,F02,D230,8,2,3,6
2024-02-22,F02,D270,10,2,1,7
2024-02-22,F03,D310,30,7,8,29
2024-02-22,F03,D320,16,4,3,13
2024-02-22,F03,D330,12,3,2,11
2024-02-22,F03,D340,14,0,1,10
2024-02-23,F01,D110,36,4,5,31
2024-02-23,F01,D111,32,7,7,28
2024-02-23,F01,D120,24,2,3,20
2024-02-23,F01,D130,20,4,3,18
2024-02-23,F01,D140,22,8,10,16
2024-02-23,F01,D150,18,4,3,17
2024-02-23,F01,D160,16,1,2,11
2024-02-23,F01,D170,20,7,8,12
2024-02-23,F01,D180,14,3,3,10
2024-02-23,F01,D190,18,0,0,16
2024-02-23,F01,D195,12,5,5,7
2024-02-23,F02,D210,28,4,3,24
2024-02-23,F02,D230,8,3,2,7
2024-02-23,F02,D270,10,1,1,7
2024-02-23,F03,D310,30,7,7,29
2024-02-23,F03,D320,16,6,6,13
2024-02-23,F03,D330,12,3,3,11
2024-02-23,F03,D340,14,4,5,9
2024-02-24,F01,D110,36,4,4,31
2024-02-24,F01,D111,32,5,6,27
2024-02-24,F01,D120,24,7,6,21
2024-02-24,F01,D130,20,6,6,18
2024-02-24,F01,D140,22,4,6,14
2024-02-24,F01,D150,18,4,5,16
2024-02-24,F01,D160,16,2,1,12
2024-02-24,F01,D170,20,6,6,12
2024-02-24,F01,D180,14,6,5,11
2024-02-24,F01,D190,18,1,1,16
2024-02-24,F01,D195,12,9,9,7
2024-02-24,F02,D210,28,5,6,23
2024-02-24,F02,D230,8,0,0,7
2024-02-24,F02,D270,10,1,3,5
2024-02-24,F03,D310,30,5,6,28
2024-02-24,F03,D320,16,0,0,13
2024-02-24,F03,D330,12,5,5,11
2024-02-24,F03,D340,14,1,3,7
2024-02-25,F01,D110,36,4,4,31
2024-02-25,F01,D111,32,3,3,27
2024-02-25,F01,D120,24,11,11,21
2024-02-25,F01,D130,20,7,5,20
2024-02-25,F01,D140,22,8,8,14
2024-02-25,F01,D150,18,5,5,16
2024-02-25,F01,D160,16,4,4,12
2024-02-25,F01,D170,20,6,5,13
2024-02-25,F01,D180,14,7,6,12
2024-02-25,F01,D190,18,2,2,16
2024-02-25,F01,D195,12,8,9,6
2024-02-25,F02,D210,28,9,9,23
2024-02-25,F02,D230,8,3,3,7
2024-02-25,F02,D270,10,1,1,5
2024-02-25,F03,D310,30,5,7,26
2024-02-25,F03,D320,16,3,3,13
2024-02-25,F03,D330,12,5,5,11
2024-02-25,F03,D340,14,2,1,8
2024-02-26,F01,D110,36,9,9,31
2024-02-26,F01,D111,32,3,1,29
2024-02-26,F01,D120,24,6,5,22
2024-02-26,F01,D130,20,3,3,20
2024-02-26,F01,D140,22,4,1,17
2024-02-26,F01,D150,18,6,6,16
2024-02-26,F01,D160,16,9,9,12
2024-02-26,F01,D170,20,6,5,14
2024-02-26,F01,D180,14,4,5,11
2024-02-26,F01,D190,18,3,3,16
2024-02-26,F01,D195,12,6,4,8
2024-02-26,F02,D210,28,10,9,24
2024-02-26,F02,D230,8,1,0,8
2024-02-26,F02,D270,10,1,0,6
2024-02-26,F03,D310,30,5,3,28
2024-02-26,F03,D320,16,2,1,14
2024-02-26,F03,D330,12,6,6,11
2024-02-26,F03,D340,14,7,5,10
2024-02-27,F01,D110,36,4,4,31
2024-02-27,F01,D111,32,8,6,31
2024-02-27,F01,D120,24,5,5,22
2024-02-27,F01,D130,20,8,9,19
2024-02-27,F01,D140,22,5,5,17
2024-02-27,F01,D150,18,6,6,16
2024-02-27,F01,D160,16,1,0,13
2024-02-27,F01,D170,20,3,4,13
2024-02-27,F01,D180,14,1,1,11
2024-02-27,F01,D190,18,3,4,15
2024-02-27,F01,D195,12,6,6,8
2024-02-27,F02,D210,28,7,6,25
2024-02-27,F02,D230,8,3,4,7
2024-02-27,F02,D270,10,3,3,6
2024-02-27,F03,D310,30,4,4,28
2024-02-27,F03,D320,16,9,9,14
2024-02-27,F03,D330,12,1,2,10
2024-02-27,F03,D340,14,3,2,11
2024-02-28,F01,D110,36,9,7,33
2024-02-28,F01,D111,32,8,10,29
2024-02-28,F01,D120,24,3,4,21
2024-02-28,F01,D130,20,5,7,17
2024-02-28,F01,D140,22,3,3,17
2024-02-28,F01,D150,18,2,2,16
2024-02-28,F01,D160,16,4,4,13
2024-02-28,F01,D170,20,7,8,12
2024-02-28,F01,D180,14,2,4,9
2024-02-28,F01,D190,18,1,0,16
2024-02-28,F01,D195,12,9,9,8
2024-02-28,F02,D210,28,6,8,23
2024-02-28,F02,D230,8,2,2,7
2024-02-28,F02,D270,10,4,4,6
2024-02-28,F03,D310,30,12,12,28
2024-02-28,F03,D320,16,0,0,14
2024-02-28,F03,D330,12,2,2,10
2024-02-28,F03,D340,14,6,6,11
2024-02-29,F01,D110,36,10,11,32
2024-02-29,F01,D111,32,8,9,28
2024-02-29,F01,D120,24,11,11,21
2024-02-29,F01,D130,20,3,4,16
2024-02-29,F01,D140,22,5,7,15
2024-02-29,F01,D150,18,3,3,16
2024-02-29,F01,D160,16,1,2,12
2024-02-29,F01,D170,20,4,3,13
2024-02-29,F01,D180,14,5,5,9
2024-02-29,F01,D190,18,2,2,16
2024-02-29,F01,D195,12,10,10,8
2024-02-29,F02,D210,28,4,4,23
2024-02-29,F02,D230,8,2,2,7
2024-02-29,F02,D270,10,4,4,6
2024-02-29,F03,D310,30,6,5,29
2024-02-29,F03,D320,16,5,5,14
2024-02-29,F03,D330,12,4,4,10
2024-02-29,F03,D340,14,4,5,10
2024-03-01,F01,D110,36,2,6,28
2024-03-01,F01,D111,32,6,5,29
2024-03-01,F01,D120,24,8,9,20
2024-03-01,F01,D130,20,7,7,16
2024-03-01,F01,D140,22,5,6,14
2024-03-01,F01,D150,18,1,3,14
2024-03-01,F01,D160,16,3,4,11
2024-03-01,F01,D170,20,5,7,11
2024-03-01,F01,D180,14,6,7,8
2024-03-01,F01,D190,18,4,4,16
2024-03-01,F01,D195,12,8,8,8
2024-03-01,F02,D210,28,6,8,21
2024-03-01,F02,D230,8,2,2,7
2024-03-01,F02,D270,10,3,3,6
2024-03-01,F03,D310,30,9,11,27
2024-03-01,F03,D320,16,2,2,14
2024-03-01,F03,D330,12,3,4,9
2024-03-01,F03,D340,14,5,6,9
2024-03-02,F01,D110,36,3,4,27
2024-03-02,F01,D111,32,9,11,27
2024-03-02,F01,D120,24,5,7,18
2024-03-02,F01,D130,20,2,2,16
2024-03-02,F01,D140,22,4,5,13
2024-03-02,F01,D150,18,3,3,14
2024-03-02,F01,D160,16,2,2,11
2024-03-02,F01,D170,20,6,7,10
2024-03-02,F01,D180,14,3,3,8
2024-03-02,F01,D190,18,3,3,16
2024-03-02,F01,D195,12,11,11,8
2024-03-02,F02,D210,28,5,5,21
2024-03-02,F02,D230,8,3,3,7
2024-03-02,F02,D270,10,3,4,5
2024-03-02,F03,D310,30,3,4,26
2024-03-02,F03,D320,16,0,2,12
2024-03-02,F03,D330,12,0,0,9
2024-03-02,F03,D340,14,0,1,8
2024-03-03,F01,D110,36,1,0,28
2024-03-03,F01,D111,32,8,7,28
2024-03-03,F01,D120,24,5,5,18
2024-03-03,F01,D130,20,4,4,16
2024-03-03,F01,D140,22,0,0,13
2024-03-03,F01,D150,18,2,0,16
2024-03-03,F01,D160,16,3,3,11
2024-03-03,F01,D170,20,9,9,10
2024-03-03,F01,D180,14,2,1,9
2024-03-03,F01,D190,18,2,2,16
2024-03-03,F01,D195,12,7,8,7
2024-03-03,F02,D210,28,4,4,21
2024-03-03,F02,D230,8,2,3,6
2024-03-03,F02,D270,10,2,2,5
2024-03-03,F03,D310,30,5,7,24
2024-03-03,F03,D320,16,6,6,12
2024-03-03,F03,D330,12,4,4,9
2024-03-03,F03,D340,14,7,7,8
2024-03-04,F01,D110,36,11,9,30
2024-03-04,F01,D111,32,5,6,27
2024-03-04,F01,D120,24,5,2,21
2024-03-04,F01,D130,20,4,3,17
2024-03-04,F01,D140,22,7,4,16
2024-03-04,F01,D150,18,5,5,16
2024-03-04,F01,D160,16,4,3,12
2024-03-04,F01,D170,20,4,2,12
2024-03-04,F01,D180,14,5,6,8
2024-03-04,F01,D190,18,2,2,16
2024-03-04,F01,D195,12,3,3,7
2024-03-04,F02,D210,28,11,9,23
2024-03-04,F02,D230,8,3,3,6
2024-03-04,F02,D270,10,5,5,5
2024-03-04,F03,D310,30,8,7,25
2024-03-04,F03,D320,16,3,2,13
2024-03-04,F03,D330,12,1,1,9
2024-03-04,F03,D340,14,5,3,10
2024-03-05,F01,D110,36,9,6,33
2024-03-05,F01,D111,32,7,7,27
2024-03-05,F01,D120,24,6,7,20
2024-03-05,F01,D130,20,3,2,18
2024-03-05,F01,D140,22,2,0,18
2024-03-05,F01,D150,18,4,4,16
2024-03-05,F01,D160,16,2,2,12
2024-03-05,F01,D170,20,4,3,13
2024-03-05,F01,D180,14,6,5,9
2024-03-05,F01,D190,18,1,0,17
2024-03-05,F01,D195,12,9,9,7
2024-03-05,F02,D210,28,2,1,24
2024-03-05,F02,D230,8,2,2,6
2024-03-05,F02,D270,10,1,1,5
2024-03-05,F03,D310,30,7,7,25
2024-03-05,F03,D320,16,4,3,14
2024-03-05,F03,D330,12,4,4,9
2024-03-05,F03,D340,14,5,3,12
2024-03-06,F01,D110,36,9,8,34
2024-03-06,F01,D111,32,7,6,28
2024-03-06,F01,D120,24,1,1,20
2024-03-06,F01,D130,20,3,3,18
2024-03-06,F01,D140,22,6,7,17
2024-03-06,F01,D150,18,2,3,15
2024-03-06,F01,D160,16,1,0,13
2024-03-06,F01,D170,20,7,8,12
2024-03-06,F01,D180,14,5,6,8
2024-03-06,F01,D190,18,1,0,18
2024-03-06,F01,D195,12,8,7,8
2024-03-06,F02,D210,28,4,3,25
2024-03-06,F02,D230,8,3,2,7
2024-03-06,F02,D270,10,4,3,6
2024-03-06,F03,D310,30,9,9,25
2024-03-06,F03,D320,16,3,3,14
2024-03-06,F03,D330,12,1,1,9
2024-03-06,F03,D340,14,4,4,12
2024-03-07,F01,D110,36,9,9,34
2024-03-07,F01,D111,32,6,7,27
2024-03-07,F01,D120,24,7,5,22
2024-03-07,F01,D130,20,7,7,18
2024-03-07,F01,D140,22,5,5,17
2024-03-07,F01,D150,18,3,3,15
2024-03-07,F01,D160,16,3,2,14
2024-03-07,F01,D170,20,10,10,12
2024-03-07,F01,D180,14,2,2,8
2024-03-07,F01,D190,18,0,1,17
2024-03-07,F01,D195,12,3,4,7
2024-03-07,F02,D210,28,11,11,25
2024-03-07,F02,D230,8,4,4,7
2024-03-07,F02,D270,10,1,1,6
2024-03-07,F03,D310,30,5,5,25
2024-03-07,F03,D320,16,4,3,15
2024-03-07,F03,D330,12,4,3,10
2024-03-07,F03,D340,14,3,3,12
2024-03-08,F01,D110,36,7,5,36
2024-03-08,F01,D111,32,11,10,28
2024-03-08,F01,D120,24,6,8,20
2024-03-08,F01,D130,20,6,6,18
2024-03-08,F01,D140,22,4,6,15
2024-03-08,F01,D150,18,3,2,16
2024-03-08,F01,D160,16,1,1,14
2024-03-08,F01,D170,20,3,4,11
2024-03-08,F01,D180,14,7,7,8
2024-03-08,F01,D190,18,2,3,16
2024-03-08,F01,D195,12,7,6,8
2024-03-08,F02,D210,28,6,6,25
2024-03-08,F02,D230,8,0,0,7
2024-03-08,F02,D270,10,3,4,5
2024-03-08,F03,D310,30,4,5,24
2024-03-08,F03,D320,16,5,5,15
2024-03-08,F03,D330,12,4,4,10
2024-03-08,F03,D340,14,8,9,11
2024-03-09,F01,D110,36,5,7,34
2024-03-09,F01,D111,32,4,3,29
2024-03-09,F01,D120,24,3,3,20
2024-03-09,F01,D130,20,5,5,18
2024-03-09,F01,D140,22,7,9,13
2024-03-09,F01,D150,18,4,5,15
2024-03-09,F01,D160,16,3,4,13
2024-03-09,F01,D170,20,6,6,11
2024-03-09,F01,D180,14,2,2,8
2024-03-09,F01,D190,18,1,0,17
2024-03-09,F01,D195,12,5,7,6
2024-03-09,F02,D210,28,3,3,25
2024-03-09,F02,D230,8,4,5,6
2024-03-09,F02,D270,10,0,0,5
2024-03-09,F03,D310,30,4,5,23
2024-03-09,F03,D320,16,5,6,14
2024-03-09,F03,D330,12,3,3,10
2024-03-09,F03,D340,14,2,4,9
2024-03-10,F01,D110,36,6,3,37
2024-03-10,F01,D111,32,9,10,28
2024-03-10,F01,D120,24,5,6,19
2024-03-10,F01,D130,20,4,5,17
2024-03-10,F01,D140,22,10,10,13
2024-03-10,F01,D150,18,5,5,15
2024-03-10,F01,D160,16,4,4,13
2024-03-10,F01,D170,20,8,7,12
2024-03-10,F01,D180,14,2,2,8
2024-03-10,F01,D190,18,2,2,17
2024-03-10,F01,D195,12,4,4,6
2024-03-10,F02,D210,28,8,9,24
2024-03-10,F02,D230,8,4,4,6
2024-03-10,F02,D270,10,2,2,5
2024-03-10,F03,D310,30,7,5,25
2024-03-10,F03,D320,16,4,4,14
2024-03-10,F03,D330,12,1,1,10
2024-03-10,F03,D340,14,4,4,9
2024-03-11,F01,D110,36,11,13,35
2024-03-11,F01,D111,32,8,8,28
2024-03-11,F01,D120,24,7,7,19
2024-03-11,F01,D130,20,2,2,17
2024-03-11,F01,D140,22,7,5,15
2024-03-11,F01,D150,18,1,0,16
2024-03-11,F01,D160,16,3,4,12
2024-03-11,F01,D170,20,6,6,12
2024-03-11,F01,D180,14,7,7,8
2024-03-11,F01,D190,18,2,3,16
2024-03-11,F01,D195,12,7,6,7
2024-03-11,F02,D210,28,3,0,27
2024-03-11,F02,D230,8,3,3,6
2024-03-11,F02,D270,10,1,1,5
2024-03-11,F03,D310,30,6,5,26
2024-03-11,F03,D320,16,3,3,14
2024-03-11,F03,D330,12,1,0,11
2024-03-11,F03,D340,14,8,6,11
2024-03-12,F01,D110,36,11,13,33
2024-03-12,F01,D111,32,9,7,30
2024-03-12,F01,D120,24,5,4,20
2024-03-12,F01,D130,20,5,6,16
2024-03-12,F01,D140,22,6,4,17
2024-03-12,F01,D150,18,4,5,15
2024-03-12,F01,D160,16,1,1,12
2024-03-12,F01,D170,20,10,9,13
2024-03-12,F01,D180,14,4,3,9
2024-03-12,F01,D190,18,0,0,16
2024-03-12,F01,D195,12,9,8,8
2024-03-12,F02,D210,28,5,6,26
2024-03-12,F02,D230,8,3,3,6
2024-03-12,F02,D270,10,2,2,5
2024-03-12,F03,D310,30,5,7,24
2024-03-12,F03,D320,16,5,6,13
2024-03-12,F03,D330,12,3,3,11
2024-03-12,F03,D340,14,0,0,11
2024-03-13,F01,D110,36,5,5,33
2024-03-13,F01,D111,32,8,9,29
2024-03-13,F01,D120,24,5,5,20
2024-03-13,F01,D130,20,3,1,18
2024-03-13,F01,D140,22,2,2,17
2024-03-13,F01,D150,18,0,0,15
2024-03-13,F01,D160,16,4,4,12
2024-03-13,F01,D170,20,4,4,13
2024-03-13,F01,D180,14,2,3,8
2024-03-13,F01,D190,18,2,2,16
2024-03-13,F01,D195,12,6,5,9
2024-03-13,F02,D210,28,9,10,25
2024-03-13,F02,D230,8,1,1,6
2024-03-13,F02,D270,10,1,1,5
2024-03-13,F03,D310,30,8,8,24
2024-03-13,F03,D320,16,5,4,14
2024-03-13,F03,D330,12,3,4,10
2024-03-13,F03,D340,14,1,2,10
2024-03-14,F01,D110,36,10,8,35
2024-03-14,F01,D111,32,9,10,28
2024-03-14,F01,D120,24,4,3,21
2024-03-14,F01,D130,20,10,11,17
2024-03-14,F01,D140,22,6,6,17
2024-03-14,F01,D150,18,4,4,15
2024-03-14,F01,D160,16,3,2,13
2024-03-14,F01,D170,20,3,4,12
2024-03-14,F01,D180,14,3,3,8
2024-03-14,F01,D190,18,1,1,16
2024-03-14,F01,D195,12,15,16,8
2024-03-14,F02,D210,28,6,7,24
2024-03-14,F02,D230,8,1,1,6
2024-03-14,F02,D270,10,1,1,5
2024-03-14,F03,D310,30,5,4,25
2024-03-14,F03,D320,16,8,9,13
2024-03-14,F03,D330,12,1,2,9
2024-03-14,F03,D340,14,0,0,10
2024-03-15,F01,D110,36,4,6,33
2024-03-15,F01,D111,32,8,10,26
2024-03-15,F01,D120,24,3,5,19
2024-03-15,F01,D130,20,0,1,16
2024-03-15,F01,D140,22,5,6,16
2024-03-15,F01,D150,18,4,4,15
2024-03-15,F01,D160,16,3,3,13
2024-03-15,F01,D170,20,5,5,12
2024-03-15,F01,D180,14,3,2,9
2024-03-15,F01,D190,18,0,0,16
2024-03-15,F01,D195,12,6,6,8
2024-03-15,F02,D210,28,5,6,23
2024-03-15,F02,D230,8,1,1,6
2024-03-15,F02,D270,10,2,2,5
2024-03-15,F03,D310,30,5,7,23
2024-03-15,F03,D320,16,3,3,13
2024-03-15,F03,D330,12,1,0,10
2024-03-15,F03,D340,14,6,7,9
2024-03-16,F01,D110,36,5,5,33
2024-03-16,F01,D111,32,5,2,29
2024-03-16,F01,D120,24,9,9,19
2024-03-16,F01,D130,20,4,3,17
2024-03-16,F01,D140,22,5,6,15
2024-03-16,F01,D150,18,4,4,15
2024-03-16,F01,D160,16,4,5,12
2024-03-16,F01,D170,20,3,5,10
2024-03-16,F01,D180,14,1,0,10
2024-03-16,F01,D190,18,1,1,16
2024-03-16,F01,D195,12,1,3,6
2024-03-16,F02,D210,28,3,4,22
2024-03-16,F02,D230,8,3,3,6
2024-03-16,F02,D270,10,5,5,5
2024-03-16,F03,D310,30,2,2,23
2024-03-16,F03,D320,16,4,5,12
2024-03-16,F03,D330,12,5,5,10
2024-03-16,F03,D340,14,3,4,8
2024-03-17,F01,D110,36,7,8,32
2024-03-17,F01,D111,32,7,6,30
2024-03-17,F01,D120,24,4,5,18
2024-03-17,F01,D130,20,5,7,15
2024-03-17,F01,D140,22,3,3,15
2024-03-17,F01,D150,18,3,3,15
2024-03-17,F01,D160,16,3,3,12
2024-03-17,F01,D170,20,4,5,9
2024-03-17,F01,D180,14,3,3,10
2024-03-17,F01,D190,18,2,1,17
2024-03-17,F01,D195,12,8,8,6
2024-03-17,F02,D210,28,7,8,21
2024-03-17,F02,D230,8,5,5,6
2024-03-17,F02,D270,10,3,3,5
2024-03-17,F03,D310,30,6,3,26
2024-03-17,F03,D320,16,3,3,12
2024-03-17,F03,D330,12,0,1,9
2024-03-17,F03,D340,14,3,3,8
2024-03-18,F01,D110,36,10,10,32
2024-03-18,F01,D111,32,9,10,29
2024-03-18,F01,D120,24,6,6,18
2024-03-18,F01,D130,20,8,9,14
2024-03-18,F01,D140,22,7,6,16
2024-03-18,F01,D150,18,3,3,15
2024-03-18,F01,D160,16,2,1,13
2024-03-18,F01,D170,20,5,3,11
2024-03-18,F01,D180,14,4,4,10
2024-03-18,F01,D190,18,1,1,17
2024-03-18,F01,D195,12,4,3,7
2024-03-18,F02,D210,28,3,4,20
2024-03-18,F02,D230,8,1,1,6
2024-03-18,F02,D270,10,2,1,6
2024-03-18,F03,D310,30,5,5,26
2024-03-18,F03,D320,16,1,0,13
2024-03-18,F03,D330,12,2,1,10
2024-03-18,F03,D340,14,3,1,10
2024-03-19,F01,D110,36,7,6,33
2024-03-19,F01,D111,32,13,12,30
2024-03-19,F01,D120,24,5,3,20
2024-03-19,F01,D130,20,3,2,15
2024-03-19,F01,D140,22,3,1,18
2024-03-19,F01,D150,18,5,4,16
2024-03-19,F01,D160,16,5,5,13
2024-03-19,F01,D170,20,3,1,13
2024-03-19,F01,D180,14,6,7,9
2024-03-19,F01,D190,18,2,1,18
2024-03-19,F01,D195,12,9,8,8
2024-03-19,F02,D210,28,9,7,22
2024-03-19,F02,D230,8,1,1,6
2024-03-19,F02,D270,10,3,3,6
2024-03-19,F03,D310,30,5,7,24
2024-03-19,F03,D320,16,4,3,14
2024-03-19,F03,D330,12,3,3,10
2024-03-19,F03,D340,14,6,5,11
2024-03-20,F01,D110,36,7,6,34
2024-03-20,F01,D111,32,5,6,29
2024-03-20,F01,D120,24,6,6,20
2024-03-20,F01,D130,20,4,3,16
2024-03-20,F01,D140,22,6,6,18
2024-03-20,F01,D150,18,5,5,16
2024-03-20,F01,D160,16,1,0,14
2024-03-20,F01,D170,20,4,5,12
2024-03-20,F01,D180,14,3,3,9
2024-03-20,F01,D190,18,1,2,17
2024-03-20,F01,D195,12,9,9,8
2024-03-20,F02,D210,28,7,8,21
2024-03-20,F02,D230,8,2,2,6
2024-03-20,F02,D270,10,1,1,6
2024-03-20,F03,D310,30,7,6,25
2024-03-20,F03,D320,16,7,7,14
2024-03-20,F03,D330,12,2,2,10
2024-03-20,F03,D340,14,6,6,11
2024-03-21,F01,D110,36,10,11,33
2024-03-21,F01,D111,32,9,10,28
2024-03-21,F01,D120,24,6,7,19
2024-03-21,F01,D130,20,1,1,16
2024-03-21,F01,D140,22,8,9,17
2024-03-21,F01,D150,18,5,6,15
2024-03-21,F01,D160,16,2,2,14
2024-03-21,F01,D170,20,6,6,12
2024-03-21,F01,D180,14,4,2,11
2024-03-21,F01,D190,18,1,1,17
2024-03-21,F01,D195,12,13,12,9
2024-03-21,F02,D210,28,3,2,22
2024-03-21,F02,D230,8,1,1,6
2024-03-21,F02,D270,10,5,5,6
2024-03-21,F03,D310,30,7,5,27
2024-03-21,F03,D320,16,4,4,14
2024-03-21,F03,D330,12,5,5,10
2024-03-21,F03,D340,14,4,5,10
2024-03-22,F01,D110,36,7,7,33
2024-03-22,F01,D111,32,12,13,27
2024-03-22,F01,D120,24,7,5,21
2024-03-22,F01,D130,20,5,4,17
2024-03-22,F01,D140,22,2,3,16
2024-03-22,F01,D150,18,3,4,14
2024-03-22,F01,D160,16,2,2,14
2024-03-22,F01,D170,20,2,2,12
2024-03-22,F01,D180,14,2,3,10
2024-03-22,F01,D190,18,3,3,17
2024-03-22,F01,D195,12,4,5,8
2024-03-22,F02,D210,28,7,7,22
2024-03-22,F02,D230,8,5,4,7
2024-03-22,F02,D270,10,2,3,5
2024-03-22,F03,D310,30,8,10,25
2024-03-22,F03,D320,16,6,6,14
2024-03-22,F03,D330,12,2,3,9
2024-03-22,F03,D340,14,3,4,9
2024-03-23,F01,D110,36,11,11,33
2024-03-23,F01,D111,32,4,5,26
2024-03-23,F01,D120,24,3,4,20
2024-03-23,F01,D130,20,5,6,16
2024-03-23,F01,D140,22,5,8,13
2024-03-23,F01,D150,18,5,6,13
2024-03-23,F01,D160,16,4,5,13
2024-03-23,F01,D170,20,6,7,11
2024-03-23,F01,D180,14,2,2,10
2024-03-23,F01,D190,18,5,5,17
2024-03-23,F01,D195,12,4,5,7
2024-03-23,F02,D210,28,8,9,21
2024-03-23,F02,D230,8,1,2,6
2024-03-23,F02,D270,10,4,4,5
2024-03-23,F03,D310,30,7,9,23
2024-03-23,F03,D320,16,3,3,14
2024-03-23,F03,D330,12,4,3,10
2024-03-23,F03,D340,14,4,5,8
2024-03-24,F01,D110,36,4,3,34
2024-03-24,F01,D111,32,4,2,28
2024-03-24,F01,D120,24,3,3,20
2024-03-24,F01,D130,20,2,2,16
2024-03-24,F01,D140,22,1,2,12
2024-03-24,F01,D150,18,4,4,13
2024-03-24,F01,D160,16,4,3,14
2024-03-24,F01,D170,20,4,3,12
2024-03-24,F01,D180,14,3,3,10
2024-03-24,F01,D190,18,1,0,18
2024-03-24,F01,D195,12,8,7,8
2024-03-24,F02,D210,28,7,6,22
2024-03-24,F02,D230,8,1,1,6
2024-03-24,F02,D270,10,6,6,5
2024-03-24,F03,D310,30,3,3,23
2024-03-24,F03,D320,16,3,3,14
2024-03-24,F03,D330,12,5,5,10
2024-03-24,F03,D340,14,0,1,7
2024-03-25,F01,D110,36,3,3,34
2024-03-25,F01,D111,32,5,4,29
2024-03-25,F01,D120,24,9,10,19
2024-03-25,F01,D130,20,5,6,15
2024-03-25,F01,D140,22,8,5,15
2024-03-25,F01,D150,18,4,3,14
2024-03-25,F01,D160,16,3,4,13
2024-03-25,F01,D170,20,1,0,13
2024-03-25,F01,D180,14,1,2,9
2024-03-25,F01,D190,18,4,4,18
2024-03-25,F01,D195,12,10,9,9
2024-03-25,F02,D210,28,8,7,23
2024-03-25,F02,D230,8,0,0,6
2024-03-25,F02,D270,10,1,0,6
2024-03-25,F03,D310,30,3,1,25
2024-03-25,F03,D320,16,4,4,14
2024-03-25,F03,D330,12,5,4,11
2024-03-25,F03,D340,14,5,2,10
2024-03-26,F01,D110,36,9,9,34
2024-03-26,F01,D111,32,11,11,29
2024-03-26,F01,D120,24,3,4,18
2024-03-26,F01,D130,20,6,5,16
2024-03-26,F01,D140,22,6,6,15
2024-03-26,F01,D150,18,2,2,14
2024-03-26,F01,D160,16,2,1,14
2024-03-26,F01,D170,20,5,3,15
2024-03-26,F01,D180,14,5,5,9
2024-03-26,F01,D190,18,1,2,17
2024-03-26,F01,D195,12,6,7,8
2024-03-26,F02,D210,28,6,5,24
2024-03-26,F02,D230,8,1,1,6
2024-03-26,F02,D270,10,0,0,6
2024-03-26,F03,D310,30,9,10,24
2024-03-26,F03,D320,16,4,5,13
2024-03-26,F03,D330,12,1,2,10
2024-03-26,F03,D340,14,4,3,11
2024-03-27,F01,D110,36,8,10,32
2024-03-27,F01,D111,32,11,10,30
2024-03-27,F01,D120,24,6,4,20
2024-03-27,F01,D130,20,4,4,16
2024-03-27,F01,D140,22,9,7,17
2024-03-27,F01,D150,18,2,3,13
2024-03-27,F01,D160,16,1,3,12
2024-03-27,F01,D170,20,4,6,13
2024-03-27,F01,D180,14,6,5,10
2024-03-27,F01,D190,18,1,1,17
2024-03-27,F01,D195,12,13,13,8
2024-03-27,F02,D210,28,9,9,24
2024-03-27,F02,D230,8,1,2,5
2024-03-27,F02,D270,10,4,4,6
2024-03-27,F03,D310,30,8,8,24
2024-03-27,F03,D320,16,3,3,13
2024-03-27,F03,D330,12,5,5,10
2024-03-27,F03,D340,14,4,5,10
2024-03-28,F01,D110,36,8,6,34
2024-03-28,F01,D111,32,8,9,29
2024-03-28,F01,D120,24,4,4,20
2024-03-28,F01,D130,20,3,2,17
2024-03-28,F01,D140,22,7,8,16
2024-03-28,F01,D150,18,3,3,13
2024-03-28,F01,D160,16,6,6,12
2024-03-28,F01,D170,20,6,6,13
2024-03-28,F01,D180,14,4,5,9
2024-03-28,F01,D190,18,5,6,16
2024-03-28,F01,D195,12,10,9,9
2024-03-28,F02,D210,28,4,3,25
2024-03-28,F02,D230,8,2,1,6
2024-03-28,F02,D270,10,3,3,6
2024-03-28,F03,D310,30,4,4,24
2024-03-28,F03,D320,16,4,3,14
2024-03-28,F03,D330,12,1,0,11
2024-03-28,F03,D340,14,5,5,10
2024-03-29,F01,D110,36,7,6,35
2024-03-29,F01,D111,32,11,13,27
2024-03-29,F01,D120,24,3,4,19
2024-03-29,F01,D130,20,7,6,18
2024-03-29,F01,D140,22,2,4,14
2024-03-29,F01,D150,18,2,2,13
2024-03-29,F01,D160,16,1,1,12
2024-03-29,F01,D170,20,6,7,12
2024-03-29,F01,D180,14,4,4,9
2024-03-29,F01,D190,18,0,1,15
2024-03-29,F01,D195,12,8,9,8
2024-03-29,F02,D210,28,8,8,25
2024-03-29,F02,D230,8,1,1,6
2024-03-29,F02,D270,10,3,3,6
2024-03-29,F03,D310,30,6,6,24
2024-03-29,F03,D320,16,1,1,14
2024-03-29,F03,D330,12,2,2,11
2024-03-29,F03,D340,14,5,6,9
2024-03-30,F01,D110,36,7,7,35
2024-03-30,F01,D111,32,13,12,28
2024-03-30,F01,D120,24,5,6,18
2024-03-30,F01,D130,20,12,11,19
2024-03-30,F01,D140,22,4,6,12
2024-03-30,F01,D150,18,2,2,13
2024-03-30,F01,D160,16,4,5,11
2024-03-30,F01,D170,20,4,5,11
2024-03-30,F01,D180,14,3,3,9
2024-03-30,F01,D190,18,2,1,16
2024-03-30,F01,D195,12,4,4,8
2024-03-30,F02,D210,28,7,7,25
2024-03-30,F02,D230,8,3,2,7
2024-03-30,F02,D270,10,2,2,6
2024-03-30,F03,D310,30,5,6,23
2024-03-30,F03,D320,16,4,5,13
2024-03-30,F03,D330,12,3,4,10
2024-03-30,F03,D340,14,5,6,8
2024-03-31,F01,D110,36,12,12,35
2024-03-31,F01,D111,32,2,2,28
2024-03-31,F01,D120,24,2,2,18
2024-03-31,F01,D130,20,12,12,19
2024-03-31,F01,D140,22,1,1,12
2024-03-31,F01,D150,18,3,3,13
2024-03-31,F01,D160,16,1,0,12
2024-03-31,F01,D170,20,11,11,11
2024-03-31,F01,D180,14,4,4,9
2024-03-31,F01,D190,18,1,0,17
2024-03-31,F01,D195,12,11,11,8
2024-03-31,F02,D210,28,4,5,24
2024-03-31,F02,D230,8,0,0,7
2024-03-31,F02,D270,10,3,4,5
2024-03-31,F03,D310,30,3,1,25
2024-03-31,F03,D320,16,2,2,13
2024-03-31,F03,D330,12,5,5,10
2024-03-31,F03,D340,14,1,2,7
2024-04-01,F01,D110,36,12,12,35
2024-04-01,F01,D111,32,6,6,28
2024-04-01,F01,D120,24,4,2,20
2024-04-01,F01,D130,20,6,7,18
2024-04-01,F01,D140,22,6,2,16
2024-04-01,F01,D150,18,4,3,14
2024-04-01,F01,D160,16,1,1,12
2024-04-01,F01,D170,20,7,7,11
2024-04-01,F01,D180,14,0,2,7
2024-04-01,F01,D190,18,2,3,16
2024-04-01,F01,D195,12,11,10,9
2024-04-01,F02,D210,28,8,9,23
2024-04-01,F02,D230,8,1,2,6
2024-04-01,F02,D270,10,2,1,6
2024-04-01,F03,D310,30,12,13,24
2024-04-01,F03,D320,16,6,6,13
2024-04-01,F03,D330,12,2,3,9
2024-04-01,F03,D340,14,2,0,9
2024-04-02,F01,D110,36,5,5,35
2024-04-02,F01,D111,32,6,7,27
2024-04-02,F01,D120,24,2,2,20
2024-04-02,F01,D130,20,8,8,18
2024-04-02,F01,D140,22,7,6,17
2024-04-02,F01,D150,18,1,1,14
2024-04-02,F01,D160,16,1,1,12
2024-04-02,F01,D170,20,4,4,11
2024-04-02,F01,D180,14,4,4,7
2024-04-02,F01,D190,18,2,1,17
2024-04-02,F01,D195,12,3,2,10
2024-04-02,F02,D210,28,5,5,23
2024-04-02,F02,D230,8,1,1,6
2024-04-02,F02,D270,10,2,2,6
2024-04-02,F03,D310,30,4,3,25
2024-04-02,F03,D320,16,4,5,12
2024-04-02,F03,D330,12,5,4,10
2024-04-02,F03,D340,14,4,3,10
2024-04-03,F01,D110,36,11,13,33
2024-04-03,F01,D111,32,10,9,28
2024-04-03,F01,D120,24,9,10,19
2024-04-03,F01,D130,20,6,7,17
2024-04-03,F01,D140,22,8,6,19
2024-04-03,F01,D150,18,3,4,13
2024-04-03,F01,D160,16,4,3,13
2024-04-03,F01,D170,20,0,0,11
2024-04-03,F01,D180,14,3,3,7
2024-04-03,F01,D190,18,1,1,17
2024-04-03,F01,D195,12,10,11,9
2024-04-03,F02,D210,28,9,9,23
2024-04-03,F02,D230,8,0,0,6
2024-04-03,F02,D270,10,5,6,5
2024-04-03,F03,D310,30,4,4,25
2024-04-03,F03,D320,16,7,6,13
2024-04-03,F03,D330,12,1,1,10
2024-04-03,F03,D340,14,1,1,10
2024-04-04,F01,D110,36,8,10,31
2024-04-04,F01,D111,32,7,9,26
2024-04-04,F01,D120,24,5,5,19
2024-04-04,F01,D130,20,2,0,19
2024-04-04,F01,D140,22,9,10,18
2024-04-04,F01,D150,18,0,0,13
2024-04-04,F01,D160,16,3,4,12
2024-04-04,F01,D170,20,7,8,10
2024-04-04,F01,D180,14,2,2,7
2024-04-04,F01,D190,18,1,2,16
2024-04-04,F01,D195,12,8,8,9
2024-04-04,F02,D210,28,5,5,23
2024-04-04,F02,D230,8,2,2,6
2024-04-04,F02,D270,10,2,2,5
2024-04-04,F03,D310,30,9,10,24
2024-04-04,F03,D320,16,5,5,13
2024-04-04,F03,D330,12,4,4,10
2024-04-04,F03,D340,14,2,2,10
2024-04-05,F01,D110,36,5,5,31
2024-04-05,F01,D111,32,5,5,26
2024-04-05,F01,D120,24,7,7,19
2024-04-05,F01,D130,20,3,3,19
2024-04-05,F01,D140,22,7,8,17
2024-04-05,F01,D150,18,6,6,13
2024-04-05,F01,D160,16,3,4,11
2024-04-05,F01,D170,20,2,2,10
2024-04-05,F01,D180,14,5,5,7
2024-04-05,F01,D190,18,5,6,15
2024-04-05,F01,D195,12,7,8,8
2024-04-05,F02,D210,28,3,4,22
2024-04-05,F02,D230,8,3,3,6
2024-04-05,F02,D270,10,2,2,5
2024-04-05,F03,D310,30,9,9,24
2024-04-05,F03,D320,16,4,4,13
2024-04-05,F03,D330,12,3,3,10
2024-04-05,F03,D340,14,2,4,8
2024-04-06,F01,D110,36,6,7,30
2024-04-06,F01,D111,32,3,4,25
2024-04-06,F01,D120,24,4,5,18
2024-04-06,F01,D130,20,7,7,19
2024-04-06,F01,D140,22,10,13,14
2024-04-06,F01,D150,18,2,2,13
2024-04-06,F01,D160,16,3,3,11
2024-04-06,F01,D170,20,5,5,10
2024-04-06,F01,D180,14,0,1,6
2024-04-06,F01,D190,18,2,2,15
2024-04-06,F01,D195,12,12,12,8
2024-04-06,F02,D210,28,6,6,22
2024-04-06,F02,D230,8,3,3,6
2024-04-06,F02,D270,10,0,1,4
2024-04-06,F03,D310,30,7,8,23
2024-04-06,F03,D320,16,3,4,12
2024-04-06,F03,D330,12,4,4,10
2024-04-06,F03,D340,14,1,2,7
2024-04-07,F01,D110,36,6,6,30
2024-04-07,F01,D111,32,9,9,25
2024-04-07,F01,D120,24,4,4,18
2024-04-07,F01,D130,20,8,8,19
2024-04-07,F01,D140,22,3,3,14
2024-04-07,F01,D150,18,3,3,13
2024-04-07,F01,D160,16,7,7,11
2024-04-07,F01,D170,20,3,1,12
2024-04-07,F01,D180,14,2,1,7
2024-04-07,F01,D190,18,1,0,16
2024-04-07,F01,D195,12,10,10,8
2024-04-07,F02,D210,28,8,8,22
2024-04-07,F02,D230,8,1,1,6
2024-04-07,F02,D270,10,3,2,5
2024-04-07,F03,D310,30,8,6,25
2024-04-07,F03,D320,16,7,8,11
2024-04-07,F03,D330,12,1,1,10
2024-04-07,F03,D340,14,1,0,8
2024-04-08,F01,D110,36,6,7,29
2024-04-08,F01,D111,32,4,3,26
2024-04-08,F01,D120,24,6,6,18
2024-04-08,F01,D130,20,10,11,18
2024-04-08,F01,D140,22,10,8,16
2024-04-08,F01,D150,18,5,4,14
2024-04-08,F01,D160,16,1,1,11
2024-04-08,F01,D170,20,3,2,13
2024-04-08,F01,D180,14,4,4,7
2024-04-08,F01,D190,18,1,2,15
2024-04-08,F01,D195,12,7,7,8
2024-04-08,F02,D210,28,6,5,23
2024-04-08,F02,D230,8,1,1,6
2024-04-08,F02,D270,10,2,2,5
2024-04-08,F03,D310,30,5,5,25
2024-04-08,F03,D320,16,4,4,11
2024-04-08,F03,D330,12,8,9,9
2024-04-08,F03,D340,14,2,1,9
2024-04-09,F01,D110,36,3,2,30
2024-04-09,F01,D111,32,4,2,28
2024-04-09,F01,D120,24,2,0,20
2024-04-09,F01,D130,20,6,7,17
2024-04-09,F01,D140,22,4,1,19
2024-04-09,F01,D150,18,2,2,14
2024-04-09,F01,D160,16,2,1,12
2024-04-09,F01,D170,20,6,6,13
2024-04-09,F01,D180,14,0,0,7
2024-04-09,F01,D190,18,3,3,15
2024-04-09,F01,D195,12,8,7,9
2024-04-09,F02,D210,28,6,7,22
2024-04-09,F02,D230,8,2,2,6
2024-04-09,F02,D270,10,1,1,5
2024-04-09,F03,D310,30,7,6,26
2024-04-09,F03,D320,16,4,3,12
2024-04-09,F03,D330,12,3,2,10
2024-04-09,F03,D340,14,5,4,10
2024-04-10,F01,D110,36,8,5,33
2024-04-10,F01,D111,32,6,7,27
2024-04-10,F01,D120,24,4,3,21
2024-04-10,F01,D130,20,2,3,16
2024-04-10,F01,D140,22,10,10,19
2024-04-10,F01,D150,18,0,0,14
2024-04-10,F01,D160,16,5,5,12
2024-04-10,F01,D170,20,5,6,12
2024-04-10,F01,D180,14,2,1,8
2024-04-10,F01,D190,18,1,1,15
2024-04-10,F01,D195,12,8,8,9
2024-04-10,F02,D210,28,3,2,23
2024-04-10,F02,D230,8,1,1,6
2024-04-10,F02,D270,10,2,1,6
2024-04-10,F03,D310,30,6,6,26
2024-04-10,F03,D320,16,4,3,13
2024-04-10,F03,D330,12,3,2,11
2024-04-10,F03,D340,14,6,6,10
2024-04-11,F01,D110,36,11,11,33
2024-04-11,F01,D111,32,8,8,27
2024-04-11,F01,D120,24,9,9,21
2024-04-11,F01,D130,20,9,9,16
2024-04-11,F01,D140,22,4,3,20
2024-04-11,F01,D150,18,0,0,14
2024-04-11,F01,D160,16,3,3,12
2024-04-11,F01,D170,20,9,9,12
2024-04-11,F01,D180,14,2,2,8
2024-04-11,F01,D190,18,1,0,16
2024-04-11,F01,D195,12,7,7,9
2024-04-11,F02,D210,28,2,2,23
2024-04-11,F02,D230,8,2,2,6
2024-04-11,F02,D270,10,2,2,6
2024-04-11,F03,D310,30,0,0,26
2024-04-11,F03,D320,16,6,6,13
2024-04-11,F03,D330,12,1,3,9
2024-04-11,F03,D340,14,6,6,10
2024-04-12,F01,D110,36,7,6,34
2024-04-12,F01,D111,32,4,5,26
2024-04-12,F01,D120,24,3,3,21
2024-04-12,F01,D130,20,4,4,16
2024-04-12,F01,D140,22,7,10,17
2024-04-12,F01,D150,18,2,2,14
2024-04-12,F01,D160,16,3,2,13
2024-04-12,F01,D170,20,1,1,12
2024-04-12,F01,D180,14,0,0,8
2024-04-12,F01,D190,18,0,0,16
2024-04-12,F01,D195,12,11,10,10
2024-04-12,F02,D210,28,5,5,23
2024-04-12,F02,D230,8,2,2,6
2024-04-12,F02,D270,10,5,5,6
2024-04-12,F03,D310,30,2,5,23
2024-04-12,F03,D320,16,5,6,12
2024-04-12,F03,D330,12,3,3,9
2024-04-12,F03,D340,14,7,8,9
2024-04-13,F01,D110,36,6,6,34
2024-04-13,F01,D111,32,5,5,26
2024-04-13,F01,D120,24,7,6,22
2024-04-13,F01,D130,20,4,4,16
2024-04-13,F01,D140,22,2,5,14
2024-04-13,F01,D150,18,1,2,13
2024-04-13,F01,D160,16,3,5,11
2024-04-13,F01,D170,20,4,5,11
2024-04-13,F01,D180,14,5,5,8
2024-04-13,F01,D190,18,1,1,16
2024-04-13,F01,D195,12,6,8,8
2024-04-13,F02,D210,28,0,1,22
2024-04-13,F02,D230,8,2,2,6
2024-04-13,F02,D270,10,4,4,6
2024-04-13,F03,D310,30,5,4,24
2024-04-13,F03,D320,16,4,5,11
2024-04-13,F03,D330,12,4,3,10
2024-04-13,F03,D340,14,2,4,7
2024-04-14,F01,D110,36,7,12,29
2024-04-14,F01,D111,32,7,6,27
2024-04-14,F01,D120,24,9,11,20
2024-04-14,F01,D130,20,6,6,16
2024-04-14,F01,D140,22,5,5,14
2024-04-14,F01,D150,18,2,3,12
2024-04-14,F01,D160,16,3,3,11
2024-04-14,F01,D170,20,2,2,11
2024-04-14,F01,D180,14,2,2,8
2024-04-14,F01,D190,18,2,2,16
2024-04-14,F01,D195,12,10,10,8
2024-04-14,F02,D210,28,5,3,24
2024-04-14,F02,D230,8,3,3,6
2024-04-14,F02,D270,10,4,5,5
2024-04-14,F03,D310,30,3,3,24
2024-04-14,F03,D320,16,1,0,12
2024-04-14,F03,D330,12,2,2,10
2024-04-14,F03,D340,14,3,3,7
2024-04-15,F01,D110,36,4,3,30
2024-04-15,F01,D111,32,6,7,26
2024-04-15,F01,D120,24,1,1,20
2024-04-15,F01,D130,20,3,3,16
2024-04-15,F01,D140,22,6,4,16
2024-04-15,F01,D150,18,4,2,14
2024-04-15,F01,D160,16,4,3,12
2024-04-15,F01,D170,20,5,4,12
2024-04-15,F01,D180,14,2,2,8
2024-04-15,F01,D190,18,1,1,16
2024-04-15,F01,D195,12,13,12,9
2024-04-15,F02,D210,28,7,6,25
2024-04-15,F02,D230,8,2,1,7
2024-04-15,F02,D270,10,1,0,6
2024-04-15,F03,D310,30,2,2,24
2024-04-15,F03,D320,16,1,0,13
2024-04-15,F03,D330,12,3,3,10
2024-04-15,F03,D340,14,6,4,9
2024-04-16,F01,D110,36,8,6,32
2024-04-16,F01,D111,32,13,13,26
2024-04-16,F01,D120,24,2,2,20
2024-04-16,F01,D130,20,5,4,17
2024-04-16,F01,D140,22,4,2,18
2024-04-16,F01,D150,18,2,2,14
2024-04-16,F01,D160,16,0,0,12
2024-04-16,F01,D170,20,3,3,12
2024-04-16,F01,D180,14,6,6,8
2024-04-16,F01,D190,18,2,2,16
2024-04-16,F01,D195,12,10,10,9
2024-04-16,F02,D210,28,4,6,23
2024-04-16,F02,D230,8,2,2,7
2024-04-16,F02,D270,10,4,4,6
2024-04-16,F03,D310,30,7,8,23
2024-04-16,F03,D320,16,4,3,14
2024-04-16,F03,D330,12,5,5,10
2024-04-16,F03,D340,14,4,3,10
2024-04-17,F01,D110,36,6,5,33
2024-04-17,F01,D111,32,4,4,26
2024-04-17,F01,D120,24,2,2,20
2024-04-17,F01,D130,20,2,2,17
2024-04-17,F01,D140,22,3,3,18
2024-04-17,F01,D150,18,3,2,15
2024-04-17,F01,D160,16,1,1,12
2024-04-17,F01,D170,20,1,1,12
2024-04-17,F01,D180,14,4,4,8
2024-04-17,F01,D190,18,0,1,15
2024-04-17,F01,D195,12,8,8,9
2024-04-17,F02,D210,28,7,8,22
2024-04-17,F02,D230,8,2,2,7
2024-04-17,F02,D270,10,5,5,6
2024-04-17,F03,D310,30,8,8,23
2024-04-17,F03,D320,16,2,3,13
2024-04-17,F03,D330,12,5,5,10
2024-04-17,F03,D340,14,3,3,10
2024-04-18,F01,D110,36,10,9,34
2024-04-18,F01,D111,32,6,5,27
2024-04-18,F01,D120,24,1,2,19
2024-04-18,F01,D130,20,3,4,16
2024-04-18,F01,D140,22,8,8,18
2024-04-18,F01,D150,18,0,0,15
2024-04-18,F01,D160,16,2,2,12
2024-04-18,F01,D170,20,9,8,13
2024-04-18,F01,D180,14,4,4,8
2024-04-18,F01,D190,18,2,1,16
2024-04-18,F01,D195,12,9,10,8
2024-04-18,F02,D210,28,5,7,20
2024-04-18,F02,D230,8,4,4,7
2024-04-18,F02,D270,10,0,0,6
2024-04-18,F03,D310,30,8,8,23
2024-04-18,F03,D320,16,5,4,14
2024-04-18,F03,D330,12,1,0,11
2024-04-18,F03,D340,14,2,1,11
2024-04-19,F01,D110,36,9,12,31
2024-04-19,F01,D111,32,9,9,27
2024-04-19,F01,D120,24,6,6,19
2024-04-19,F01,D130,20,3,3,16
2024-04-19,F01,D140,22,6,7,17
2024-04-19,F01,D150,18,2,2,15
2024-04-19,F01,D160,16,3,2,13
2024-04-19,F01,D170,20,8,8,13
2024-04-19,F01,D180,14,5,6,7
2024-04-19,F01,D190,18,0,1,15
2024-04-19,F01,D195,12,5,5,8
2024-04-19,F02,D210,28,9,8,21
2024-04-19,F02,D230,8,2,2,7
2024-04-19,F02,D270,10,1,1,6
2024-04-19,F03,D310,30,4,3,24
2024-04-19,F03,D320,16,4,4,14
2024-04-19,F03,D330,12,2,3,10
2024-04-19,F03,D340,14,6,7,10
2024-04-20,F01,D110,36,7,8,30
2024-04-20,F01,D111,32,7,8,26
2024-04-20,F01,D120,24,6,7,18
2024-04-20,F01,D130,20,6,7,15
2024-04-20,F01,D140,22,7,9,15
2024-04-20,F01,D150,18,0,1,14
2024-04-20,F01,D160,16,2,2,13
2024-04-20,F01,D170,20,3,3,13
2024-04-20,F01,D180,14,2,1,8
2024-04-20,F01,D190,18,2,2,15
2024-04-20,F01,D195,12,9,9,8
2024-04-20,F02,D210,28,2,2,21
2024-04-20,F02,D230,8,3,3,7
2024-04-20,F02,D270,10,0,1,5
2024-04-20,F03,D310,30,6,7,23
2024-04-20,F03,D320,16,5,6,13
2024-04-20,F03,D330,12,5,4,11
2024-04-20,F03,D340,14,5,6,9
2024-04-21,F01,D110,36,6,6,30
2024-04-21,F01,D111,32,9,9,26
2024-04-21,F01,D120,24,2,2,18
2024-04-21,F01,D130,20,5,4,16
2024-04-21,F01,D140,22,7,7,15
2024-04-21,F01,D150,18,2,1,15
2024-04-21,F01,D160,16,6,7,12
2024-04-21,F01,D170,20,4,5,12
2024-04-21,F01,D180,14,2,2,8
2024-04-21,F01,D190,18,1,0,16
2024-04-21,F01,D195,12,9,9,8
2024-04-21,F02,D210,28,6,7,20
2024-04-21,F02,D230,8,0,0,7
2024-04-21,F02,D270,10,1,1,5
2024-04-21,F03,D310,30,8,8,23
2024-04-21,F03,D320,16,2,2,13
2024-04-21,F03,D330,12,5,6,10
2024-04-21,F03,D340,14,2,2,9
2024-04-22,F01,D110,36,7,8,29
2024-04-22,F01,D111,32,12,11,27
2024-04-22,F01,D120,24,5,3,20
2024-04-22,F01,D130,20,7,7,16
2024-04-22,F01,D140,22,7,5,17
2024-04-22,F01,D150,18,1,0,16
2024-04-22,F01,D160,16,4,5,11
2024-04-22,F01,D170,20,3,3,12
2024-04-22,F01,D180,14,5,4,9
2024-04-22,F01,D190,18,1,0,17
2024-04-22,F01,D195,12,11,11,8
2024-04-22,F02,D210,28,3,1,22
2024-04-22,F02,D230,8,2,2,7
2024-04-22,F02,D270,10,1,1,5
2024-04-22,F03,D310,30,8,7,24
2024-04-22,F03,D320,16,4,4,13
2024-04-22,F03,D330,12,2,2,10
2024-04-22,F03,D340,14,1,0,10
2024-04-23,F01,D110,36,12,13,28
2024-04-23,F01,D111,32,8,8,27
2024-04-23,F01,D120,24,5,5,20
2024-04-23,F01,D130,20,5,5,16
2024-04-23,F01,D140,22,4,4,17
2024-04-23,F01,D150,18,5,5,16
2024-04-23,F01,D160,16,3,4,10
2024-04-23,F01,D170,20,8,8,12
2024-04-23,F01,D180,14,6,6,9
2024-04-23,F01,D190,18,0,1,16
2024-04-23,F01,D195,12,8,8,8
2024-04-23,F02,D210,28,6,6,22
2024-04-23,F02,D230,8,3,4,6
2024-04-23,F02,D270,10,1,1,5
2024-04-23,F03,D310,30,1,2,23
2024-04-23,F03,D320,16,5,6,12
2024-04-23,F03,D330,12,4,4,10
2024-04-23,F03,D340,14,4,3,11
2024-04-24,F01,D110,36,5,2,31
2024-04-24,F01,D111,32,6,7,26
2024-04-24,F01,D120,24,5,5,20
2024-04-24,F01,D130,20,7,7,16
2024-04-24,F01,D140,22,8,8,17
2024-04-24,F01,D150,18,2,3,15
2024-04-24,F01,D160,16,3,3,10
2024-04-24,F01,D170,20,1,2,11
2024-04-24,F01,D180,14,0,0,9
2024-04-24,F01,D190,18,2,2,16
2024-04-24,F01,D195,12,7,7,8
2024-04-24,F02,D210,28,6,5,23
2024-04-24,F02,D230,8,2,2,6
2024-04-24,F02,D270,10,2,2,5
2024-04-24,F03,D310,30,9,10,22
2024-04-24,F03,D320,16,6,6,12
2024-04-24,F03,D330,12,3,3,10
2024-04-24,F03,D340,14,4,4,11
2024-04-25,F01,D110,36,7,5,33
2024-04-25,F01,D111,32,4,3,27
2024-04-25,F01,D120,24,4,4,20
2024-04-25,F01,D130,20,7,6,17
2024-04-25,F01,D140,22,7,8,16
2024-04-25,F01,D150,18,1,2,14
2024-04-25,F01,D160,16,6,5,11
2024-04-25,F01,D170,20,1,1,11
2024-04-25,F01,D180,14,0,1,8
2024-04-25,F01,D190,18,3,3,16
2024-04-25,F01,D195,12,7,6,9
2024-04-25,F02,D210,28,4,4,23
2024-04-25,F02,D230,8,2,2,6
2024-04-25,F02,D270,10,3,3,5
2024-04-25,F03,D310,30,8,9,21
2024-04-25,F03,D320,16,7,7,12
2024-04-25,F03,D330,12,1,0,11
2024-04-25,F03,D340,14,2,1,12
2024-04-26,F01,D110,36,6,6,33
2024-04-26,F01,D111,32,10,10,27
2024-04-26,F01,D120,24,4,6,18
2024-04-26,F01,D130,20,3,3,17
2024-04-26,F01,D140,22,8,9,15
2024-04-26,F01,D150,18,4,4,14
2024-04-26,F01,D160,16,0,0,11
2024-04-26,F01,D170,20,4,4,11
2024-04-26,F01,D180,14,4,4,8
2024-04-26,F01,D190,18,3,3,16
2024-04-26,F01,D195,12,9,10,8
2024-04-26,F02,D210,28,1,2,22
2024-04-26,F02,D230,8,2,2,6
2024-04-26,F02,D270,10,2,2,5
2024-04-26,F03,D310,30,7,5,23
2024-04-26,F03,D320,16,6,6,12
2024-04-26,F03,D330,12,6,6,11
2024-04-26,F03,D340,14,9,10,11
2024-04-27,F01,D110,36,8,9,32
2024-04-27,F01,D111,32,9,11,25
2024-04-27,F01,D120,24,7,7,18
2024-04-27,F01,D130,20,9,9,17
2024-04-27,F01,D140,22,8,9,14
2024-04-27,F01,D150,18,2,1,15
2024-04-27,F01,D160,16,0,0,11
2024-04-27,F01,D170,20,6,7,10
2024-04-27,F01,D180,14,3,4,7
2024-04-27,F01,D190,18,1,1,16
2024-04-27,F01,D195,12,9,9,8
2024-04-27,F02,D210,28,5,4,23
2024-04-27,F02,D230,8,2,2,6
2024-04-27,F02,D270,10,3,3,5
2024-04-27,F03,D310,30,5,6,22
2024-04-27,F03,D320,16,6,6,12
2024-04-27,F03,D330,12,3,3,11
2024-04-27,F03,D340,14,4,5,10
2024-04-28,F01,D110,36,10,11,31
2024-04-28,F01,D111,32,6,6,25
2024-04-28,F01,D120,24,5,4,19
2024-04-28,F01,D130,20,1,1,17
2024-04-28,F01,D140,22,7,8,13
2024-04-28,F01,D150,18,4,3,16
2024-04-28,F01,D160,16,8,8,11
2024-04-28,F01,D170,20,5,4,11
2024-04-28,F01,D180,14,3,3,7
2024-04-28,F01,D190,18,1,2,15
2024-04-28,F01,D195,12,7,7,8
2024-04-28,F02,D210,28,6,5,24
2024-04-28,F02,D230,8,1,1,6
2024-04-28,F02,D270,10,3,4,4
2024-04-28,F03,D310,30,3,2,23
2024-04-28,F03,D320,16,3,3,12
2024-04-28,F03,D330,12,5,5,11
2024-04-28,F03,D340,14,4,5,9
2024-04-29,F01,D110,36,5,3,33
2024-04-29,F01,D111,32,9,8,26
2024-04-29,F01,D120,24,4,3,20
2024-04-29,F01,D130,20,6,7,16
2024-04-29,F01,D140,22,2,0,15
2024-04-29,F01,D150,18,2,1,17
2024-04-29,F01,D160,16,3,2,12
2024-04-29,F01,D170,20,4,2,13
2024-04-29,F01,D180,14,2,1,8
2024-04-29,F01,D190,18,2,2,15
2024-04-29,F01,D195,12,8,7,9
2024-04-29,F02,D210,28,8,7,25
2024-04-29,F02,D230,8,0,0,6
2024-04-29,F02,D270,10,3,2,5
2024-04-29,F03,D310,30,9,8,24
2024-04-29,F03,D320,16,1,1,12
2024-04-29,F03,D330,12,2,2,11
2024-04-29,F03,D340,14,5,3,11
2024-04-30,F01,D110,36,11,13,31
2024-04-30,F01,D111,32,9,9,26
2024-04-30,F01,D120,24,8,9,19
2024-04-30,F01,D130,20,6,6,16
2024-04-30,F01,D140,22,5,4,16
2024-04-30,F01,D150,18,5,5,17
2024-04-30,F01,D160,16,8,8,12
2024-04-30,F01,D170,20,4,4,13
2024-04-30,F01,D180,14,3,4,7
2024-04-30,F01,D190,18,0,0,15
2024-04-30,F01,D195,12,9,9,9
2024-04-30,F02,D210,28,11,11,25
2024-04-30,F02,D230,8,0,0,6
2024-04-30,F02,D270,10,2,2,5
2024-04-30,F03,D310,30,8,7,25
2024-04-30,F03,D320,16,6,5,13
2024-04-30,F03,D330,12,2,3,10
2024-04-30,F03,D340,14,3,3,11
2024-05-01,F01,D110,36,4,4,31
2024-05-01,F01,D111,32,7,8,25
2024-05-01,F01,D120,24,13,13,19
2024-05-01,F01,D130,20,3,4,15
2024-05-01,F01,D140,22,6,6,16
2024-05-01,F01,D150,18,5,6,16
2024-05-01,F01,D160,16,2,0,14
2024-05-01,F01,D170,20,2,3,12
2024-05-01,F01,D180,14,1,1,7
2024-05-01,F01,D190,18,3,4,14
2024-05-01,F01,D195,12,6,6,9
2024-05-01,F02,D210,28,7,7,25
2024-05-01,F02,D230,8,1,1,6
2024-05-01,F02,D270,10,2,2,5
2024-05-01,F03,D310,30,6,8,23
2024-05-01,F03,D320,16,4,3,14
2024-05-01,F03,D330,12,3,2,11
2024-05-01,F03,D340,14,0,0,11
2024-05-02,F01,D110,36,6,6,31
2024-05-02,F01,D111,32,4,4,25
2024-05-02,F01,D120,24,5,6,18
2024-05-02,F01,D130,20,5,5,15
2024-05-02,F01,D140,22,8,8,16
2024-05-02,F01,D150,18,4,5,15
2024-05-02,F01,D160,16,6,7,13
2024-05-02,F01,D170,20,6,6,12
2024-05-02,F01,D180,14,4,5,6
2024-05-02,F01,D190,18,1,0,15
2024-05-02,F01,D195,12,11,11,9
2024-05-02,F02,D210,28,9,10,24
2024-05-02,F02,D230,8,1,1,6
2024-05-02,F02,D270,10,2,2,5
2024-05-02,F03,D310,30,4,3,24
2024-05-02,F03,D320,16,4,4,14
2024-05-02,F03,D330,12,2,3,10
2024-05-02,F03,D340,14,5,5,11
2024-05-03,F01,D110,36,6,5,32
2024-05-03,F01,D111,32,8,9,24
2024-05-03,F01,D120,24,9,9,18
2024-05-03,F01,D130,20,3,3,15
2024-05-03,F01,D140,22,5,6,15
2024-05-03,F01,D150,18,2,2,15
2024-05-03,F01,D160,16,2,3,12
2024-05-03,F01,D170,20,6,7,11
2024-05-03,F01,D180,14,3,3,6
2024-05-03,F01,D190,18,3,3,15
2024-05-03,F01,D195,12,5,6,8
2024-05-03,F02,D210,28,3,5,22
2024-05-03,F02,D230,8,2,2,6
2024-05-03,F02,D270,10,2,2,5
2024-05-03,F03,D310,30,8,6,26
2024-05-03,F03,D320,16,5,6,13
2024-05-03,F03,D330,12,3,3,10
2024-05-03,F03,D340,14,4,4,11
2024-05-04,F01,D110,36,9,10,31
2024-05-04,F01,D111,32,9,9,24
2024-05-04,F01,D120,24,0,2,16
2024-05-04,F01,D130,20,4,4,15
2024-05-04,F01,D140,22,7,11,11
2024-05-04,F01,D150,18,4,4,15
2024-05-04,F01,D160,16,4,4,12
2024-05-04,F01,D170,20,6,6,11
2024-05-04,F01,D180,14,2,2,6
2024-05-04,F01,D190,18,0,0,15
2024-05-04,F01,D195,12,3,4,7
2024-05-04,F02,D210,28,6,7,21
2024-05-04,F02,D230,8,2,2,6
2024-05-04,F02,D270,10,3,4,4
2024-05-04,F03,D310,30,9,11,24
2024-05-04,F03,D320,16,6,7,12
2024-05-04,F03,D330,12,3,4,9
2024-05-04,F03,D340,14,2,6,7
2024-05-05,F01,D110,36,6,4,33
2024-05-05,F01,D111,32,3,2,25
2024-05-05,F01,D120,24,7,7,16
2024-05-05,F01,D130,20,3,3,15
2024-05-05,F01,D140,22,4,3,12
2024-05-05,F01,D150,18,5,5,15
2024-05-05,F01,D160,16,2,1,13
2024-05-05,F01,D170,20,6,6,11
2024-05-05,F01,D180,14,2,2,6
2024-05-05,F01,D190,18,1,1,15
2024-05-05,F01,D195,12,5,4,8
2024-05-05,F02,D210,28,7,5,23
2024-05-05,F02,D230,8,3,3,6
2024-05-05,F02,D270,10,1,1,4
2024-05-05,F03,D310,30,4,3,25
2024-05-05,F03,D320,16,5,5,12
2024-05-05,F03,D330,12,2,1,10
2024-05-05,F03,D340,14,2,1,8
2024-05-06,F01,D110,36,10,8,35
2024-05-06,F01,D111,32,8,7,26
2024-05-06,F01,D120,24,4,2,18
2024-05-06,F01,D130,20,5,5,15
2024-05-06,F01,D140,22,5,3,14
2024-05-06,F01,D150,18,3,2,16
2024-05-06,F01,D160,16,3,3,13
2024-05-06,F01,D170,20,4,3,12
2024-05-06,F01,D180,14,5,5,6
2024-05-06,F01,D190,18,2,3,14
2024-05-06,F01,D195,12,3,3,8
2024-05-06,F02,D210,28,2,1,24
2024-05-06,F02,D230,8,3,3,6
2024-05-06,F02,D270,10,3,2,5
2024-05-06,F03,D310,30,4,2,27
2024-05-06,F03,D320,16,3,3,12
2024-05-06,F03,D330,12,3,5,8
2024-05-06,F03,D340,14,3,1,10
2024-05-07,F01,D110,36,7,9,33
2024-05-07,F01,D111,32,8,7,27
2024-05-07,F01,D120,24,9,8,19
2024-05-07,F01,D130,20,4,4,15
2024-05-07,F01,D140,22,6,4,16
2024-05-07,F01,D150,18,4,4,16
2024-05-07,F01,D160,16,2,3,12
2024-05-07,F01,D170,20,6,8,10
2024-05-07,F01,D180,14,2,3,5
2024-05-07,F01,D190,18,1,0,15
2024-05-07,F01,D195,12,7,7,8
2024-05-07,F02,D210,28,6,4,26
2024-05-07,F02,D230,8,1,1,6
2024-05-07,F02,D270,10,0,0,5
2024-05-07,F03,D310,30,8,7,28
2024-05-07,F03,D320,16,1,1,12
2024-05-07,F03,D330,12,3,3,8
2024-05-07,F03,D340,14,3,2,11
2024-05-08,F01,D110,36,10,10,33
2024-05-08,F01,D111,32,3,1,29
2024-05-08,F01,D120,24,2,3,18
2024-05-08,F01,D130,20,3,4,14
2024-05-08,F01,D140,22,2,1,17
2024-05-08,F01,D150,18,3,2,17
2024-05-08,F01,D160,16,0,0,12
2024-05-08,F01,D170,20,6,5,11
2024-05-08,F01,D180,14,0,0,5
2024-05-08,F01,D190,18,3,3,15
2024-05-08,F01,D195,12,5,5,8
2024-05-08,F02,D210,28,7,8,25
2024-05-08,F02,D230,8,2,2,6
2024-05-08,F02,D270,10,0,0,5
2024-05-08,F03,D310,30,7,7,28
2024-05-08,F03,D320,16,5,4,13
2024-05-08,F03,D330,12,5,5,8
2024-05-08,F03,D340,14,5,4,12
2024-05-09,F01,D110,36,9,11,31
2024-05-09,F01,D111,32,7,8,28
2024-05-09,F01,D120,24,7,6,19
2024-05-09,F01,D130,20,1,1,14
2024-05-09,F01,D140,22,6,7,16
2024-05-09,F01,D150,18,2,3,16
2024-05-09,F01,D160,16,3,4,11
2024-05-09,F01,D170,20,4,4,11
2024-05-09,F01,D180,14,1,1,5
2024-05-09,F01,D190,18,3,3,15
2024-05-09,F01,D195,12,10,10,8
2024-05-09,F02,D210,28,8,8,25
2024-05-09,F02,D230,8,1,1,6
2024-05-09,F02,D270,10,2,2,5
2024-05-09,F03,D310,30,6,7,27
2024-05-09,F03,D320,16,5,5,13
2024-05-09,F03,D330,12,3,3,8
2024-05-09,F03,D340,14,3,4,11
2024-05-10,F01,D110,36,7,8,30
2024-05-10,F01,D111,32,4,5,27
2024-05-10,F01,D120,24,4,4,19
2024-05-10,F01,D130,20,5,5,14
2024-05-10,F01,D140,22,6,7,15
2024-05-10,F01,D150,18,2,2,16
2024-05-10,F01,D160,16,3,3,11
2024-05-10,F01,D170,20,6,5,12
2024-05-10,F01,D180,14,5,4,6
2024-05-10,F01,D190,18,2,2,15
2024-05-10,F01,D195,12,8,8,8
2024-05-10,F02,D210,28,6,7,24
2024-05-10,F02,D230,8,0,0,6
2024-05-10,F02,D270,10,3,3,5
2024-05-10,F03,D310,30,7,9,25
2024-05-10,F03,D320,16,7,7,13
2024-05-10,F03,D330,12,3,4,7
2024-05-10,F03,D340,14,0,1,10
2024-05-11,F01,D110,36,8,9,29
2024-05-11,F01,D111,32,6,7,26
2024-05-11,F01,D120,24,4,6,17
2024-05-11,F01,D130,20,3,4,13
2024-05-11,F01,D140,22,2,5,12
2024-05-11,F01,D150,18,3,4,15
2024-05-11,F01,D160,16,5,5,11
2024-05-11,F01,D170,20,3,5,10
2024-05-11,F01,D180,14,3,3,6
2024-05-11,F01,D190,18,4,3,16
2024-05-11,F01,D195,12,8,10,6
2024-05-11,F02,D210,28,5,6,23
2024-05-11,F02,D230,8,2,2,6
2024-05-11,F02,D270,10,0,0,5
2024-05-11,F03,D310,30,8,9,24
2024-05-11,F03,D320,16,1,2,12
2024-05-11,F03,D330,12,3,2,8
2024-05-11,F03,D340,14,5,5,10
2024-05-12,F01,D110,36,4,3,30
2024-05-12,F01,D111,32,6,5,27
2024-05-12,F01,D120,24,3,4,16
2024-05-12,F01,D130,20,7,6,14
2024-05-12,F01,D140,22,4,3,13
2024-05-12,F01,D150,18,1,2,14
2024-05-12,F01,D160,16,3,2,12
2024-05-12,F01,D170,20,3,3,10
2024-05-12,F01,D180,14,1,1,6
2024-05-12,F01,D190,18,2,1,17
2024-05-12,F01,D195,12,5,4,7
2024-05-12,F02,D210,28,4,6,21
2024-05-12,F02,D230,8,2,2,6
2024-05-12,F02,D270,10,3,3,5
2024-05-12,F03,D310,30,10,9,25
2024-05-12,F03,D320,16,0,0,12
2024-05-12,F03,D330,12,2,1,9
2024-05-12,F03,D340,14,2,3,9
2024-05-13,F01,D110,36,9,9,30
2024-05-13,F01,D111,32,7,7,27
2024-05-13,F01,D120,24,8,6,18
2024-05-13,F01,D130,20,7,7,14
2024-05-13,F01,D140,22,7,4,16
2024-05-13,F01,D150,18,3,2,15
2024-05-13,F01,D160,16,3,3,12
2024-05-13,F01,D170,20,3,2,11
2024-05-13,F01,D180,14,5,3,8
2024-05-13,F01,D190,18,2,3,16
2024-05-13,F01,D195,12,6,5,8
2024-05-13,F02,D210,28,5,3,23
2024-05-13,F02,D230,8,3,3,6
2024-05-13,F02,D270,10,7,7,5
2024-05-13,F03,D310,30,10,9,26
2024-05-13,F03,D320,16,5,5,12
2024-05-13,F03,D330,12,4,5,8
2024-05-13,F03,D340,14,4,2,11
2024-05-14,F01,D110,36,5,6,29
2024-05-14,F01,D111,32,7,7,27
2024-05-14,F01,D120,24,4,4,18
2024-05-14,F01,D130,20,3,3,14
2024-05-14,F01,D140,22,7,5,18
2024-05-14,F01,D150,18,3,3,15
2024-05-14,F01,D160,16,2,2,12
2024-05-14,F01,D170,20,5,4,12
2024-05-14,F01,D180,14,4,4,8
2024-05-14,F01,D190,18,6,7,15
2024-05-14,F01,D195,12,5,5,8
2024-05-14,F02,D210,28,11,9,25
2024-05-14,F02,D230,8,0,0,6
2024-05-14,F02,D270,10,2,1,6
2024-05-14,F03,D310,30,6,5,27
2024-05-14,F03,D320,16,2,1,13
2024-05-14,F03,D330,12,1,0,9
2024-05-14,F03,D340,14,2,2,11
2024-05-15,F01,D110,36,6,7,28
2024-05-15,F01,D111,32,6,4,29
2024-05-15,F01,D120,24,6,6,18
2024-05-15,F01,D130,20,3,3,14
2024-05-15,F01,D140,22,8,8,18
2024-05-15,F01,D150,18,1,1,15
2024-05-15,F01,D160,16,4,3,13
2024-05-15,F01,D170,20,7,7,12
2024-05-15,F01,D180,14,2,2,8
2024-05-15,F01,D190,18,1,1,15
2024-05-15,F01,D195,12,10,9,9
2024-05-15,F02,D210,28,7,7,25
2024-05-15,F02,D230,8,0,0,6
2024-05-15,F02,D270,10,0,0,6
2024-05-15,F03,D310,30,8,10,25
2024-05-15,F03,D320,16,4,5,12
2024-05-15,F03,D330,12,1,1,9
2024-05-15,F03,D340,14,4,4,11
2024-05-16,F01,D110,36,2,0,30
2024-05-16,F01,D111,32,7,6,30
2024-05-16,F01,D120,24,9,9,18
2024-05-16,F01,D130,20,5,4,15
2024-05-16,F01,D140,22,8,9,17
2024-05-16,F01,D150,18,0,0,15
2024-05-16,F01,D160,16,3,3,13
2024-05-16,F01,D170,20,5,6,11
2024-05-16,F01,D180,14,5,5,8
2024-05-16,F01,D190,18,3,3,15
2024-05-16,F01,D195,12,9,10,8
2024-05-16,F02,D210,28,6,8,23
2024-05-16,F02,D230,8,2,2,6
2024-05-16,F02,D270,10,0,0,6
2024-05-16,F03,D310,30,7,5,27
2024-05-16,F03,D320,16,2,2,12
2024-05-16,F03,D330,12,0,0,9
2024-05-16,F03,D340,14,5,5,11
2024-05-17,F01,D110,36,3,3,30
2024-05-17,F01,D111,32,10,11,29
2024-05-17,F01,D120,24,7,7,18
2024-05-17,F01,D130,20,3,4,14
2024-05-17,F01,D140,22,6,8,15
2024-05-17,F01,D150,18,3,3,15
2024-05-17,F01,D160,16,1,1,13
2024-05-17,F01,D170,20,5,5,11
2024-05-17,F01,D180,14,1,2,7
2024-05-17,F01,D190,18,0,0,15
2024-05-17,F01,D195,12,14,14,8
2024-05-17,F02,D210,28,8,8,23
2024-05-17,F02,D230,8,1,1,6
2024-05-17,F02,D270,10,3,3,6
2024-05-17,F03,D310,30,3,3,27
2024-05-17,F03,D320,16,4,5,11
2024-05-17,F03,D330,12,4,4,9
2024-05-17,F03,D340,14,2,2,11
2024-05-18,F01,D110,36,6,9,27
2024-05-18,F01,D111,32,5,6,28
2024-05-18,F01,D120,24,5,5,18
2024-05-18,F01,D130,20,3,2,15
2024-05-18,F01,D140,22,4,7,12
2024-05-18,F01,D150,18,2,2,15
2024-05-18,F01,D160,16,4,5,12
2024-05-18,F01,D170,20,5,5,11
2024-05-18,F01,D180,14,3,2,8
2024-05-18,F01,D190,18,3,2,16
2024-05-18,F01,D195,12,6,7,7
2024-05-18,F02,D210,28,0,1,22
2024-05-18,F02,D230,8,1,1,6
2024-05-18,F02,D270,10,2,3,5
2024-05-18,F03,D310,30,9,9,27
2024-05-18,F03,D320,16,3,3,11
2024-05-18,F03,D330,12,4,4,9
2024-05-18,F03,D340,14,3,5,9
2024-05-19,F01,D110,36,5,5,27
2024-05-19,F01,D111,32,2,2,28
2024-05-19,F01,D120,24,4,2,20
2024-05-19,F01,D130,20,5,5,15
2024-05-19,F01,D140,22,3,1,14
2024-05-19,F01,D150,18,2,3,14
2024-05-19,F01,D160,16,3,2,13
2024-05-19,F01,D170,20,6,7,10
2024-05-19,F01,D180,14,0,0,8
2024-05-19,F01,D190,18,2,2,16
2024-05-19,F01,D195,12,4,4,7
2024-05-19,F02,D210,28,5,4,23
2024-05-19,F02,D230,8,0,0,6
2024-05-19,F02,D270,10,2,2,5
2024-05-19,F03,D310,30,9,10,26
2024-05-19,F03,D320,16,2,1,12
2024-05-19,F03,D330,12,7,7,9
2024-05-19,F03,D340,14,1,1,9
2024-05-20,F01,D110,36,10,9,28
2024-05-20,F01,D111,32,8,8,28
2024-05-20,F01,D120,24,8,9,19
2024-05-20,F01,D130,20,6,6,15
2024-05-20,F01,D140,22,7,3,18
2024-05-20,F01,D150,18,4,4,14
2024-05-20,F01,D160,16,5,5,13
2024-05-20,F01,D170,20,7,4,13
2024-05-20,F01,D180,14,4,4,8
2024-05-20,F01,D190,18,1,1,16
2024-05-20,F01,D195,12,7,7,7
2024-05-20,F02,D210,28,8,8,23
2024-05-20,F02,D230,8,2,2,6
2024-05-20,F02,D270,10,1,0,6
2024-05-20,F03,D310,30,10,9,27
2024-05-20,F03,D320,16,2,2,12
2024-05-20,F03,D330,12,5,5,9
2024-05-20,F03,D340,14,5,3,11
2024-05-21,F01,D110,36,8,7,29
2024-05-21,F01,D111,32,10,9,29
2024-05-21,F01,D120,24,8,7,20
2024-05-21,F01,D130,20,3,3,15
2024-05-21,F01,D140,22,4,3,19
2024-05-21,F01,D150,18,2,2,14
2024-05-21,F01,D160,16,6,7,12
2024-05-21,F01,D170,20,7,6,14
2024-05-21,F01,D180,14,6,6,8
2024-05-21,F01,D190,18,0,0,16
2024-05-21,F01,D195,12,8,7,8
2024-05-21,F02,D210,28,10,9,24
2024-05-21,F02,D230,8,4,4,6
2024-05-21,F02,D270,10,0,0,6
2024-05-21,F03,D310,30,4,4,27
2024-05-21,F03,D320,16,3,3,12
2024-05-21,F03,D330,12,4,4,9
2024-05-21,F03,D340,14,5,5,11
2024-05-22,F01,D110,36,5,5,29
2024-05-22,F01,D111,32,9,10,28
2024-05-22,F01,D120,24,11,11,20
2024-05-22,F01,D130,20,6,5,16
2024-05-22,F01,D140,22,3,4,18
2024-05-22,F01,D150,18,4,4,14
2024-05-22,F01,D160,16,3,3,12
2024-05-22,F01,D170,20,7,7,14
2024-05-22,F01,D180,14,1,1,8
2024-05-22,F01,D190,18,3,3,16
2024-05-22,F01,D195,12,12,12,8
2024-05-22,F02,D210,28,7,7,24
2024-05-22,F02,D230,8,3,2,7
2024-05-22,F02,D270,10,3,3,6
2024-05-22,F03,D310,30,8,9,26
2024-05-22,F03,D320,16,2,3,11
2024-05-22,F03,D330,12,4,4,9
2024-05-22,F03,D340,14,3,3,11
2024-05-23,F01,D110,36,8,8,29
2024-05-23,F01,D111,32,5,6,27
2024-05-23,F01,D120,24,9,11,18
2024-05-23,F01,D130,20,2,2,16
2024-05-23,F01,D140,22,5,3,20
2024-05-23,F01,D150,18,3,5,12
2024-05-23,F01,D160,16,4,4,12
2024-05-23,F01,D170,20,7,6,15
2024-05-23,F01,D180,14,1,2,7
2024-05-23,F01,D190,18,2,2,16
2024-05-23,F01,D195,12,11,11,8
2024-05-23,F02,D210,28,7,7,24
2024-05-23,F02,D230,8,3,3,7
2024-05-23,F02,D270,10,3,2,7
2024-05-23,F03,D310,30,6,4,28
2024-05-23,F03,D320,16,3,2,12
2024-05-23,F03,D330,12,2,2,9
2024-05-23,F03,D340,14,3,2,12
2024-05-24,F01,D110,36,9,10,28
2024-05-24,F01,D111,32,12,11,28
2024-05-24,F01,D120,24,8,8,18
2024-05-24,F01,D130,20,4,5,15
2024-05-24,F01,D140,22,4,7,17
2024-05-24,F01,D150,18,1,0,13
2024-05-24,F01,D160,16,2,2,12
2024-05-24,F01,D170,20,6,7,14
2024-05-24,F01,D180,14,2,1,8
2024-05-24,F01,D190,18,3,3,16
2024-05-24,F01,D195,12,8,8,8
2024-05-24,F02,D210,28,14,13,25
2024-05-24,F02,D230,8,1,1,7
2024-05-24,F02,D270,10,4,5,6
2024-05-24,F03,D310,30,9,11,26
2024-05-24,F03,D320,16,3,4,11
2024-05-24,F03,D330,12,2,1,10
2024-05-24,F03,D340,14,7,8,11
2024-05-25,F01,D110,36,9,11,26
2024-05-25,F01,D111,32,9,9,28
2024-05-25,F01,D120,24,5,7,16
2024-05-25,F01,D130,20,4,3,16
2024-05-25,F01,D140,22,5,9,13
2024-05-25,F01,D150,18,4,4,13
2024-05-25,F01,D160,16,2,2,12
2024-05-25,F01,D170,20,5,6,13
2024-05-25,F01,D180,14,3,4,7
2024-05-25,F01,D190,18,1,1,16
2024-05-25,F01,D195,12,5,5,8
2024-05-25,F02,D210,28,8,9,24
2024-05-25,F02,D230,8,2,2,7
2024-05-25,F02,D270,10,0,1,5
2024-05-25,F03,D310,30,9,10,25
2024-05-25,F03,D320,16,5,5,11
2024-05-25,F03,D330,12,0,0,10
2024-05-25,F03,D340,14,2,4,9
2024-05-26,F01,D110,36,4,4,26
2024-05-26,F01,D111,32,4,5,27
2024-05-26,F01,D120,24,2,1,17
2024-05-26,F01,D130,20,1,2,15
2024-05-26,F01,D140,22,4,4,13
2024-05-26,F01,D150,18,0,0,13
2024-05-26,F01,D160,16,4,4,12
2024-05-26,F01,D170,20,5,5,13
2024-05-26,F01,D180,14,4,3,8
2024-05-26,F01,D190,18,0,0,16
2024-05-26,F01,D195,12,7,7,8
2024-05-26,F02,D210,28,9,10,23
2024-05-26,F02,D230,8,3,4,6
2024-05-26,F02,D270,10,5,5,5
2024-05-26,F03,D310,30,8,10,23
2024-05-26,F03,D320,16,3,3,11
2024-05-26,F03,D330,12,5,6,9
2024-05-26,F03,D340,14,3,3,9
2024-05-27,F01,D110,36,7,6,27
2024-05-27,F01,D111,32,8,7,28
2024-05-27,F01,D120,24,3,3,17
2024-05-27,F01,D130,20,1,0,16
2024-05-27,F01,D140,22,4,1,16
2024-05-27,F01,D150,18,2,1,14
2024-05-27,F01,D160,16,5,5,12
2024-05-27,F01,D170,20,7,7,13
2024-05-27,F01,D180,14,6,6,8
2024-05-27,F01,D190,18,1,3,14
2024-05-27,F01,D195,12,8,7,9
2024-05-27,F02,D210,28,9,10,22
2024-05-27,F02,D230,8,3,3,6
2024-05-27,F02,D270,10,3,2,6
2024-05-27,F03,D310,30,9,8,24
2024-05-27,F03,D320,16,3,4,10
2024-05-27,F03,D330,12,4,4,9
2024-05-27,F03,D340,14,4,2,11
2024-05-28,F01,D110,36,8,6,29
2024-05-28,F01,D111,32,6,6,28
2024-05-28,F01,D120,24,5,4,18
2024-05-28,F01,D130,20,4,4,16
2024-05-28,F01,D140,22,3,1,18
2024-05-28,F01,D150,18,3,3,14
2024-05-28,F01,D160,16,1,1,12
2024-05-28,F01,D170,20,6,6,13
2024-05-28,F01,D180,14,4,4,8
2024-05-28,F01,D190,18,3,1,16
2024-05-28,F01,D195,12,10,10,9
2024-05-28,F02,D210,28,4,6,20
2024-05-28,F02,D230,8,5,5,6
2024-05-28,F02,D270,10,2,2,6
2024-05-28,F03,D310,30,7,7,24
2024-05-28,F03,D320,16,3,3,10
2024-05-28,F03,D330,12,0,0,9
2024-05-28,F03,D340,14,5,5,11
2024-05-29,F01,D110,36,5,2,32
2024-05-29,F01,D111,32,5,5,28
2024-05-29,F01,D120,24,6,6,18
2024-05-29,F01,D130,20,5,4,17
2024-05-29,F01,D140,22,7,7,18
2024-05-29,F01,D150,18,4,4,14
2024-05-29,F01,D160,16,5,5,12
2024-05-29,F01,D170,20,6,7,12
2024-05-29,F01,D180,14,3,3,8
2024-05-29,F01,D190,18,0,0,16
2024-05-29,F01,D195,12,8,9,8
2024-05-29,F02,D210,28,3,0,23
2024-05-29,F02,D230,8,3,3,6
2024-05-29,F02,D270,10,4,4,6
2024-05-29,F03,D310,30,6,7,23
2024-05-29,F03,D320,16,2,2,10
2024-05-29,F03,D330,12,1,1,9
2024-05-29,F03,D340,14,3,3,11
2024-05-30,F01,D110,36,5,4,33
2024-05-30,F01,D111,32,10,8,30
2024-05-30,F01,D120,24,1,0,19
2024-05-30,F01,D130,20,7,7,17
2024-05-30,F01,D140,22,7,7,18
2024-05-30,F01,D150,18,4,3,15
2024-05-30,F01,D160,16,6,5,13
2024-05-30,F01,D170,20,6,6,12
2024-05-30,F01,D180,14,4,4,8
2024-05-30,F01,D190,18,1,1,16
2024-05-30,F01,D195,12,6,6,8
2024-05-30,F02,D210,28,6,7,22
2024-05-30,F02,D230,8,1,2,5
2024-05-30,F02,D270,10,3,3,6
2024-05-30,F03,D310,30,5,4,24
2024-05-30,F03,D320,16,3,1,12
2024-05-30,F03,D330,12,3,3,9
2024-05-30,F03,D340,14,4,4,11
2024-05-31,F01,D110,36,5,6,32
2024-05-31,F01,D111,32,4,6,28
2024-05-31,F01,D120,24,2,2,19
2024-05-31,F01,D130,20,2,3,16
2024-05-31,F01,D140,22,5,5,18
2024-05-31,F01,D150,18,3,3,15
2024-05-31,F01,D160,16,2,3,12
2024-05-31,F01,D170,20,15,15,12
2024-05-31,F01,D180,14,5,5,8
2024-05-31,F01,D190,18,3,2,17
2024-05-31,F01,D195,12,11,10,9
2024-05-31,F02,D210,28,10,10,22
2024-05-31,F02,D230,8,2,2,5
2024-05-31,F02,D270,10,3,4,5
2024-05-31,F03,D310,30,2,2,24
2024-05-31,F03,D320,16,3,3,12
2024-05-31,F03,D330,12,3,3,9
2024-05-31,F03,D340,14,8,9,10
2024-06-01,F01,D110,36,5,6,31
2024-06-01,F01,D111,32,4,3,29
2024-06-01,F01,D120,24,4,5,18
2024-06-01,F01,D130,20,8,9,15
2024-06-01,F01,D140,22,7,10,15
2024-06-01,F01,D150,18,5,6,14
2024-06-01,F01,D160,16,2,3,11
2024-06-01,F01,D170,20,5,5,12
2024-06-01,F01,D180,14,2,3,7
2024-06-01,F01,D190,18,0,0,17
2024-06-01,F01,D195,12,10,11,8
2024-06-01,F02,D210,28,4,6,20
2024-06-01,F02,D230,8,0,0,5
2024-06-01,F02,D270,10,2,2,5
2024-06-01,F03,D310,30,5,4,25
2024-06-01,F03,D320,16,8,7,13
2024-06-01,F03,D330,12,5,5,9
2024-06-01,F03,D340,14,4,6,8
2024-06-02,F01,D110,36,12,9,34
2024-06-02,F01,D111,32,9,9,29
2024-06-02,F01,D120,24,5,4,19
2024-06-02,F01,D130,20,3,3,15
2024-06-02,F01,D140,22,10,10,15
2024-06-02,F01,D150,18,4,4,14
2024-06-02,F01,D160,16,5,4,12
2024-06-02,F01,D170,20,9,8,13
2024-06-02,F01,D180,14,3,3,7
2024-06-02,F01,D190,18,3,3,17
2024-06-02,F01,D195,12,12,12,8
2024-06-02,F02,D210,28,9,10,19
2024-06-02,F02,D230,8,2,2,5
2024-06-02,F02,D270,10,2,2,5
2024-06-02,F03,D310,30,2,3,24
2024-06-02,F03,D320,16,4,4,13
2024-06-02,F03,D330,12,2,2,9
2024-06-02,F03,D340,14,3,3,8
2024-06-03,F01,D110,36,5,7,32
2024-06-03,F01,D111,32,5,4,30
2024-06-03,F01,D120,24,4,3,20
2024-06-03,F01,D130,20,2,3,14
2024-06-03,F01,D140,22,5,3,17
2024-06-03,F01,D150,18,4,5,13
2024-06-03,F01,D160,16,1,0,13
2024-06-03,F01,D170,20,2,2,13
2024-06-03,F01,D180,14,3,3,7
2024-06-03,F01,D190,18,4,4,17
2024-06-03,F01,D195,12,11,10,9
2024-06-03,F02,D210,28,7,6,20
2024-06-03,F02,D230,8,0,0,5
2024-06-03,F02,D270,10,2,1,6
2024-06-03,F03,D310,30,6,5,25
2024-06-03,F03,D320,16,4,4,13
2024-06-03,F03,D330,12,5,5,9
2024-06-03,F03,D340,14,3,2,9
2024-06-04,F01,D110,36,6,5,33
2024-06-04,F01,D111,32,6,6,30
2024-06-04,F01,D120,24,2,2,20
2024-06-04,F01,D130,20,4,3,15
2024-06-04,F01,D140,22,11,9,19
2024-06-04,F01,D150,18,2,1,14
2024-06-04,F01,D160,16,0,0,13
2024-06-04,F01,D170,20,3,3,13
2024-06-04,F01,D180,14,3,4,6
2024-06-04,F01,D190,18,2,2,17
2024-06-04,F01,D195,12,4,5,8
2024-06-04,F02,D210,28,7,6,21
2024-06-04,F02,D230,8,1,1,5
2024-06-04,F02,D270,10,2,2,6
2024-06-04,F03,D310,30,6,7,24
2024-06-04,F03,D320,16,1,1,13
2024-06-04,F03,D330,12,3,4,8
2024-06-04,F03,D340,14,6,5,10
2024-06-05,F01,D110,36,4,5,32
2024-06-05,F01,D111,32,4,4,30
2024-06-05,F01,D120,24,5,5,20
2024-06-05,F01,D130,20,1,0,16
2024-06-05,F01,D140,22,7,7,19
2024-06-05,F01,D150,18,3,3,14
2024-06-05,F01,D160,16,3,3,13
2024-06-05,F01,D170,20,3,3,13
2024-06-05,F01,D180,14,1,1,6
2024-06-05,F01,D190,18,3,3,17
2024-06-05,F01,D195,12,8,8,8
2024-06-05,F02,D210,28,3,3,21
2024-06-05,F02,D230,8,1,1,5
2024-06-05,F02,D270,10,2,2,6
2024-06-05,F03,D310,30,7,5,26
2024-06-05,F03,D320,16,10,10,13
2024-06-05,F03,D330,12,3,3,8
2024-06-05,F03,D340,14,5,4,11
2024-06-06,F01,D110,36,11,11,32
2024-06-06,F01,D111,32,9,10,29
2024-06-06,F01,D120,24,2,1,21
2024-06-06,F01,D130,20,4,5,15
2024-06-06,F01,D140,22,7,6,20
2024-06-06,F01,D150,18,3,2,15
2024-06-06,F01,D160,16,5,5,13
2024-06-06,F01,D170,20,6,7,12
2024-06-06,F01,D180,14,3,4,5
2024-06-06,F01,D190,18,3,2,18
2024-06-06,F01,D195,12,9,9,8
2024-06-06,F02,D210,28,3,2,22
2024-06-06,F02,D230,8,3,3,5
2024-06-06,F02,D270,10,1,1,6
2024-06-06,F03,D310,30,7,8,25
2024-06-06,F03,D320,16,5,6,12
2024-06-06,F03,D330,12,4,4,8
2024-06-06,F03,D340,14,5,5,11
2024-06-07,F01,D110,36,10,11,31
2024-06-07,F01,D111,32,8,10,27
2024-06-07,F01,D120,24,2,3,20
2024-06-07,F01,D130,20,7,6,16
2024-06-07,F01,D140,22,7,9,18
2024-06-07,F01,D150,18,3,3,15
2024-06-07,F01,D160,16,6,6,13
2024-06-07,F01,D170,20,2,2,12
2024-06-07,F01,D180,14,2,1,6
2024-06-07,F01,D190,18,3,3,18
2024-06-07,F01,D195,12,4,4,8
2024-06-07,F02,D210,28,7,7,22
2024-06-07,F02,D230,8,0,0,5
2024-06-07,F02,D270,10,2,3,5
2024-06-07,F03,D310,30,6,5,26
2024-06-07,F03,D320,16,5,5,12
2024-06-07,F03,D330,12,3,3,8
2024-06-07,F03,D340,14,1,2,10
2024-06-08,F01,D110,36,7,8,30
2024-06-08,F01,D111,32,4,6,25
2024-06-08,F01,D120,24,7,8,19
2024-06-08,F01,D130,20,5,6,15
2024-06-08,F01,D140,22,3,6,15
2024-06-08,F01,D150,18,1,2,14
2024-06-08,F01,D160,16,3,3,13
2024-06-08,F01,D170,20,4,4,12
2024-06-08,F01,D180,14,0,1,5
2024-06-08,F01,D190,18,4,5,17
2024-06-08,F01,D195,12,13,14,7
2024-06-08,F02,D210,28,4,4,22
2024-06-08,F02,D230,8,2,2,5
2024-06-08,F02,D270,10,2,2,5
2024-06-08,F03,D310,30,6,7,25
2024-06-08,F03,D320,16,8,8,12
2024-06-08,F03,D330,12,4,4,8
2024-06-08,F03,D340,14,1,3,8
2024-06-09,F01,D110,36,7,8,29
2024-06-09,F01,D111,32,6,6,25
2024-06-09,F01,D120,24,6,6,19
2024-06-09,F01,D130,20,5,5,15
2024-06-09,F01,D140,22,7,9,13
2024-06-09,F01,D150,18,6,7,13
2024-06-09,F01,D160,16,0,0,13
2024-06-09,F01,D170,20,5,4,13
2024-06-09,F01,D180,14,2,2,5
2024-06-09,F01,D190,18,2,3,16
2024-06-09,F01,D195,12,6,7,6
2024-06-09,F02,D210,28,1,2,21
2024-06-09,F02,D230,8,3,3,5
2024-06-09,F02,D270,10,0,0,5
2024-06-09,F03,D310,30,1,2,24
2024-06-09,F03,D320,16,5,6,11
2024-06-09,F03,D330,12,2,1,9
2024-06-09,F03,D340,14,1,1,8
2024-06-10,F01,D110,36,5,3,31
2024-06-10,F01,D111,32,2,2,25
2024-06-10,F01,D120,24,6,5,20
2024-06-10,F01,D130,20,7,6,16
2024-06-10,F01,D140,22,7,3,17
2024-06-10,F01,D150,18,5,4,14
2024-06-10,F01,D160,16,2,2,13
2024-06-10,F01,D170,20,5,5,13
2024-06-10,F01,D180,14,2,2,5
2024-06-10,F01,D190,18,2,1,17
2024-06-10,F01,D195,12,4,3,7
2024-06-10,F02,D210,28,8,9,20
2024-06-10,F02,D230,8,4,4,5
2024-06-10,F02,D270,10,2,1,6
2024-06-10,F03,D310,30,3,2,25
2024-06-10,F03,D320,16,5,4,12
2024-06-10,F03,D330,12,3,3,9
2024-06-10,F03,D340,14,3,0,11
2024-06-11,F01,D110,36,4,2,33
2024-06-11,F01,D111,32,5,3,27
2024-06-11,F01,D120,24,4,4,20
2024-06-11,F01,D130,20,1,2,15
2024-06-11,F01,D140,22,5,2,20
2024-06-11,F01,D150,18,2,1,15
2024-06-11,F01,D160,16,3,3,13
2024-06-11,F01,D170,20,8,7,14
2024-06-11,F01,D180,14,0,0,5
2024-06-11,F01,D190,18,1,2,16
2024-06-11,F01,D195,12,9,9,7
2024-06-11,F02,D210,28,6,6,20
2024-06-11,F02,D230,8,2,2,5
2024-06-11,F02,D270,10,3,3,6
2024-06-11,F03,D310,30,8,9,24
2024-06-11,F03,D320,16,0,1,11
2024-06-11,F03,D330,12,4,4,9
2024-06-11,F03,D340,14,6,6,11
2024-06-12,F01,D110,36,11,11,33
2024-06-12,F01,D111,32,3,4,26
2024-06-12,F01,D120,24,5,7,18
2024-06-12,F01,D130,20,4,4,15
2024-06-12,F01,D140,22,10,12,18
2024-06-12,F01,D150,18,1,0,16
2024-06-12,F01,D160,16,0,0,13
2024-06-12,F01,D170,20,4,5,13
2024-06-12,F01,D180,14,2,1,6
2024-06-12,F01,D190,18,2,2,16
2024-06-12,F01,D195,12,8,7,8
2024-06-12,F02,D210,28,6,5,21
2024-06-12,F02,D230,8,1,0,6
2024-06-12,F02,D270,10,1,1,6
2024-06-12,F03,D310,30,7,6,25
2024-06-12,F03,D320,16,5,5,11
2024-06-12,F03,D330,12,3,4,8
2024-06-12,F03,D340,14,6,6,11
2024-06-13,F01,D110,36,7,6,34
2024-06-13,F01,D111,32,10,8,28
2024-06-13,F01,D120,24,8,7,19
2024-06-13,F01,D130,20,3,3,15
2024-06-13,F01,D140,22,6,6,18
2024-06-13,F01,D150,18,2,3,15
2024-06-13,F01,D160,16,4,3,14
2024-06-13,F01,D170,20,4,4,13
2024-06-13,F01,D180,14,3,4,5
2024-06-13,F01,D190,18,2,2,16
2024-06-13,F01,D195,12,7,8,7
2024-06-13,F02,D210,28,7,6,22
2024-06-13,F02,D230,8,2,2,6
2024-06-13,F02,D270,10,4,4,6
2024-06-13,F03,D310,30,8,8,25
2024-06-13,F03,D320,16,4,3,12
2024-06-13,F03,D330,12,3,3,8
2024-06-13,F03,D340,14,4,4,11
2024-06-14,F01,D110,36,8,8,34
2024-06-14,F01,D111,32,6,6,28
2024-06-14,F01,D120,24,2,4,17
2024-06-14,F01,D130,20,2,1,16
2024-06-14,F01,D140,22,7,9,16
2024-06-14,F01,D150,18,1,2,14
2024-06-14,F01,D160,16,3,3,14
2024-06-14,F01,D170,20,3,5,11
2024-06-14,F01,D180,14,2,0,7
2024-06-14,F01,D190,18,1,2,15
2024-06-14,F01,D195,12,10,10,7
2024-06-14,F02,D210,28,6,6,22
2024-06-14,F02,D230,8,2,3,5
2024-06-14,F02,D270,10,2,2,6
2024-06-14,F03,D310,30,6,8,23
2024-06-14,F03,D320,16,6,6,12
2024-06-14,F03,D330,12,1,1,8
2024-06-14,F03,D340,14,6,7,10
2024-06-15,F01,D110,36,8,11,31
2024-06-15,F01,D111,32,8,8,28
2024-06-15,F01,D120,24,8,7,18
2024-06-15,F01,D130,20,8,8,16
2024-06-15,F01,D140,22,1,4,13
2024-06-15,F01,D150,18,4,4,14
2024-06-15,F01,D160,16,1,1,14
2024-06-15,F01,D170,20,4,4,11
2024-06-15,F01,D180,14,1,1,7
2024-06-15,F01,D190,18,2,0,17
2024-06-15,F01,D195,12,5,5,7
2024-06-15,F02,D210,28,8,9,21
2024-06-15,F02,D230,8,1,1,5
2024-06-15,F02,D270,10,2,2,6
2024-06-15,F03,D310,30,8,8,23
2024-06-15,F03,D320,16,4,5,11
2024-06-15,F03,D330,12,7,6,9
2024-06-15,F03,D340,14,0,1,9
2024-06-16,F01,D110,36,4,3,32
2024-06-16,F01,D111,32,6,5,29
2024-06-16,F01,D120,24,5,6,17
2024-06-16,F01,D130,20,6,6,16
2024-06-16,F01,D140,22,4,6,11
2024-06-16,F01,D150,18,5,5,14
2024-06-16,F01,D160,16,3,3,14
2024-06-16,F01,D170,20,10,9,12
2024-06-16,F01,D180,14,2,2,7
2024-06-16,F01,D190,18,3,3,17
2024-06-16,F01,D195,12,9,10,6
2024-06-16,F02,D210,28,5,6,20
2024-06-16,F02,D230,8,2,1,6
2024-06-16,F02,D270,10,4,4,6
2024-06-16,F03,D310,30,3,3,23
2024-06-16,F03,D320,16,8,8,11
2024-06-16,F03,D330,12,2,2,9
2024-06-16,F03,D340,14,3,4,8
2024-06-17,F01,D110,36,12,11,33
2024-06-17,F01,D111,32,10,10,29
2024-06-17,F01,D120,24,2,0,19
2024-06-17,F01,D130,20,6,5,17
2024-06-17,F01,D140,22,5,0,16
2024-06-17,F01,D150,18,5,4,15
2024-06-17,F01,D160,16,9,8,15
2024-06-17,F01,D170,20,7,6,13
2024-06-17,F01,D180,14,2,3,6
2024-06-17,F01,D190,18,0,0,17
2024-06-17,F01,D195,12,8,7,7
2024-06-17,F02,D210,28,8,8,20
2024-06-17,F02,D230,8,2,3,5
2024-06-17,F02,D270,10,3,3,6
2024-06-17,F03,D310,30,3,2,24
2024-06-17,F03,D320,16,5,4,12
2024-06-17,F03,D330,12,4,4,9
2024-06-17,F03,D340,14,4,2,10
2024-06-18,F01,D110,36,8,9,32
2024-06-18,F01,D111,32,4,6,27
2024-06-18,F01,D120,24,2,2,19
2024-06-18,F01,D130,20,7,7,17
2024-06-18,F01,D140,22,5,5,16
2024-06-18,F01,D150,18,3,2,16
2024-06-18,F01,D160,16,3,4,14
2024-06-18,F01,D170,20,6,6,13
2024-06-18,F01,D180,14,3,3,6
2024-06-18,F01,D190,18,4,3,18
2024-06-18,F01,D195,12,9,10,6
2024-06-18,F02,D210,28,3,2,21
2024-06-18,F02,D230,8,3,3,5
2024-06-18,F02,D270,10,2,2,6
2024-06-18,F03,D310,30,13,12,25
2024-06-18,F03,D320,16,2,2,12
2024-06-18,F03,D330,12,4,3,10
2024-06-18,F03,D340,14,6,5,11
2024-06-19,F01,D110,36,14,12,34
2024-06-19,F01,D111,32,4,3,28
2024-06-19,F01,D120,24,2,2,19
2024-06-19,F01,D130,20,4,4,17
2024-06-19,F01,D140,22,5,5,16
2024-06-19,F01,D150,18,1,1,16
2024-06-19,F01,D160,16,2,2,14
2024-06-19,F01,D170,20,5,5,13
2024-06-19,F01,D180,14,0,0,6
2024-06-19,F01,D190,18,0,1,17
2024-06-19,F01,D195,12,10,9,7
2024-06-19,F02,D210,28,3,1,23
2024-06-19,F02,D230,8,2,2,5
2024-06-19,F02,D270,10,2,2,6
2024-06-19,F03,D310,30,12,11,26
2024-06-19,F03,D320,16,5,5,12
2024-06-19,F03,D330,12,5,5,10
2024-06-19,F03,D340,14,3,5,9
2024-06-20,F01,D110,36,11,11,34
2024-06-20,F01,D111,32,9,11,26
2024-06-20,F01,D120,24,4,5,18
2024-06-20,F01,D130,20,2,3,16
2024-06-20,F01,D140,22,6,4,18
2024-06-20,F01,D150,18,4,5,15
2024-06-20,F01,D160,16,4,4,14
2024-06-20,F01,D170,20,6,7,12
2024-06-20,F01,D180,14,3,3,6
2024-06-20,F01,D190,18,1,1,17
2024-06-20,F01,D195,12,6,6,7
2024-06-20,F02,D210,28,1,4,20
2024-06-20,F02,D230,8,1,0,6
2024-06-20,F02,D270,10,3,3,6
2024-06-20,F03,D310,30,6,8,24
2024-06-20,F03,D320,16,0,1,11
2024-06-20,F03,D330,12,2,2,10
2024-06-20,F03,D340,14,6,5,10
2024-06-21,F01,D110,36,4,7,31
2024-06-21,F01,D111,32,2,2,26
2024-06-21,F01,D120,24,7,7,18
2024-06-21,F01,D130,20,3,3,16
2024-06-21,F01,D140,22,4,6,16
2024-06-21,F01,D150,18,0,0,15
2024-06-21,F01,D160,16,2,2,14
2024-06-21,F01,D170,20,4,5,11
2024-06-21,F01,D180,14,2,2,6
2024-06-21,F01,D190,18,4,4,17
2024-06-21,F01,D195,12,10,10,7
2024-06-21,F02,D210,28,6,5,21
2024-06-21,F02,D230,8,3,3,6
2024-06-21,F02,D270,10,4,5,5
2024-06-21,F03,D310,30,10,9,25
2024-06-21,F03,D320,16,2,3,10
2024-06-21,F03,D330,12,2,3,9
2024-06-21,F03,D340,14,3,4,9
2024-06-22,F01,D110,36,7,7,31
2024-06-22,F01,D111,32,6,5,27
2024-06-22,F01,D120,24,4,4,18
2024-06-22,F01,D130,20,5,4,17
2024-06-22,F01,D140,22,0,2,14
2024-06-22,F01,D150,18,4,5,14
2024-06-22,F01,D160,16,3,4,13
2024-06-22,F01,D170,20,6,5,12
2024-06-22,F01,D180,14,1,1,6
2024-06-22,F01,D190,18,2,1,18
2024-06-22,F01,D195,12,5,5,7
2024-06-22,F02,D210,28,4,4,21
2024-06-22,F02,D230,8,0,0,6
2024-06-22,F02,D270,10,4,4,5
2024-06-22,F03,D310,30,10,9,26
2024-06-22,F03,D320,16,5,4,11
2024-06-22,F03,D330,12,3,3,9
2024-06-22,F03,D340,14,3,4,8
2024-06-23,F01,D110,36,8,10,29
2024-06-23,F01,D111,32,5,4,28
2024-06-23,F01,D120,24,8,8,18
2024-06-23,F01,D130,20,3,3,17
2024-06-23,F01,D140,22,4,4,14
2024-06-23,F01,D150,18,1,0,15
2024-06-23,F01,D160,16,3,3,13
2024-06-23,F01,D170,20,8,8,12
2024-06-23,F01,D180,14,2,2,6
2024-06-23,F01,D190,18,3,4,17
2024-06-23,F01,D195,12,8,8,7
2024-06-23,F02,D210,28,8,7,22
2024-06-23,F02,D230,8,2,2,6
2024-06-23,F02,D270,10,3,3,5
2024-06-23,F03,D310,30,8,9,25
2024-06-23,F03,D320,16,3,2,12
2024-06-23,F03,D330,12,3,3,9
2024-06-23,F03,D340,14,4,4,8
2024-06-24,F01,D110,36,8,7,30
2024-06-24,F01,D111,32,4,5,27
2024-06-24,F01,D120,24,6,5,19
2024-06-24,F01,D130,20,7,6,18
2024-06-24,F01,D140,22,2,0,16
2024-06-24,F01,D150,18,4,3,16
2024-06-24,F01,D160,16,0,0,13
2024-06-24,F01,D170,20,5,4,13
2024-06-24,F01,D180,14,0,0,6
2024-06-24,F01,D190,18,2,2,17
2024-06-24,F01,D195,12,12,11,8
2024-06-24,F02,D210,28,9,7,24
2024-06-24,F02,D230,8,4,4,6
2024-06-24,F02,D270,10,1,1,5
2024-06-24,F03,D310,30,6,6,25
2024-06-24,F03,D320,16,1,0,13
2024-06-24,F03,D330,12,4,4,9
2024-06-24,F03,D340,14,4,3,9
2024-06-25,F01,D110,36,8,7,31
2024-06-25,F01,D111,32,9,9,27
2024-06-25,F01,D120,24,3,3,19
2024-06-25,F01,D130,20,7,8,17
2024-06-25,F01,D140,22,8,8,16
2024-06-25,F01,D150,18,3,2,17
2024-06-25,F01,D160,16,4,4,13
2024-06-25,F01,D170,20,7,5,15
2024-06-25,F01,D180,14,4,4,6
2024-06-25,F01,D190,18,1,2,16
2024-06-25,F01,D195,12,7,7,8
2024-06-25,F02,D210,28,6,7,23
2024-06-25,F02,D230,8,1,1,6
2024-06-25,F02,D270,10,1,1,5
2024-06-25,F03,D310,30,5,5,25
2024-06-25,F03,D320,16,4,4,13
2024-06-25,F03,D330,12,5,5,9
2024-06-25,F03,D340,14,2,0,11
2024-06-26,F01,D110,36,4,3,32
2024-06-26,F01,D111,32,11,10,28
2024-06-26,F01,D120,24,7,9,17
2024-06-26,F01,D130,20,7,7,17
2024-06-26,F01,D140,22,7,7,16
2024-06-26,F01,D150,18,5,7,15
2024-06-26,F01,D160,16,3,4,12
2024-06-26,F01,D170,20,3,3,15
2024-06-26,F01,D180,14,3,2,7
2024-06-26,F01,D190,18,1,0,17
2024-06-26,F01,D195,12,3,3,8
2024-06-26,F02,D210,28,7,7,23
2024-06-26,F02,D230,8,1,2,5
2024-06-26,F02,D270,10,4,4,5
2024-06-26,F03,D310,30,7,8,24
2024-06-26,F03,D320,16,5,5,13
2024-06-26,F03,D330,12,2,1,10
2024-06-26,F03,D340,14,3,3,11
2024-06-27,F01,D110,36,3,2,33
2024-06-27,F01,D111,32,6,7,27
2024-06-27,F01,D120,24,7,6,18
2024-06-27,F01,D130,20,3,2,18
2024-06-27,F01,D140,22,3,3,16
2024-06-27,F01,D150,18,1,1,15
2024-06-27,F01,D160,16,3,3,12
2024-06-27,F01,D170,20,7,7,15
2024-06-27,F01,D180,14,1,0,8
2024-06-27,F01,D190,18,2,3,16
2024-06-27,F01,D195,12,7,7,8
2024-06-27,F02,D210,28,4,3,24
2024-06-27,F02,D230,8,2,2,5
2024-06-27,F02,D270,10,4,4,5
2024-06-27,F03,D310,30,8,8,24
2024-06-27,F03,D320,16,5,6,12
2024-06-27,F03,D330,12,3,3,10
2024-06-27,F03,D340,14,9,9,11
2024-06-28,F01,D110,36,6,8,31
2024-06-28,F01,D111,32,7,7,27
2024-06-28,F01,D120,24,8,9,17
2024-06-28,F01,D130,20,7,9,16
2024-06-28,F01,D140,22,6,7,15
2024-06-28,F01,D150,18,6,7,14
2024-06-28,F01,D160,16,2,3,11
2024-06-28,F01,D170,20,8,8,15
2024-06-28,F01,D180,14,2,3,7
2024-06-28,F01,D190,18,3,3,16
2024-06-28,F01,D195,12,7,8,7
2024-06-28,F02,D210,28,3,4,23
2024-06-28,F02,D230,8,0,0,5
2024-06-28,F02,D270,10,2,2,5
2024-06-28,F03,D310,30,8,6,26
2024-06-28,F03,D320,16,1,1,12
2024-06-28,F03,D330,12,4,5,9
2024-06-28,F03,D340,14,7,7,11
2024-06-29,F01,D110,36,8,9,30
2024-06-29,F01,D111,32,8,9,26
2024-06-29,F01,D120,24,11,12,16
2024-06-29,F01,D130,20,5,5,16
2024-06-29,F01,D140,22,4,6,13
2024-06-29,F01,D150,18,1,1,14
2024-06-29,F01,D160,16,2,3,10
2024-06-29,F01,D170,20,5,7,13
2024-06-29,F01,D180,14,1,1,7
2024-06-29,F01,D190,18,2,3,15
2024-06-29,F01,D195,12,3,4,6
2024-06-29,F02,D210,28,7,7,23
2024-06-29,F02,D230,8,2,2,5
2024-06-29,F02,D270,10,4,5,4
2024-06-29,F03,D310,30,6,5,27
2024-06-29,F03,D320,16,5,5,12
2024-06-29,F03,D330,12,1,1,9
2024-06-29,F03,D340,14,0,2,9
2024-06-30,F01,D110,36,3,2,31
2024-06-30,F01,D111,32,6,7,25
2024-06-30,F01,D120,24,4,4,16
2024-06-30,F01,D130,20,7,8,15
2024-06-30,F01,D140,22,5,4,14
2024-06-30,F01,D150,18,1,0,15
2024-06-30,F01,D160,16,1,0,11
2024-06-30,F01,D170,20,3,2,14
2024-06-30,F01,D180,14,1,1,7
2024-06-30,F01,D190,18,3,4,14
2024-06-30,F01,D195,12,4,4,6
2024-06-30,F02,D210,28,7,7,23
2024-06-30,F02,D230,8,5,5,5
2024-06-30,F02,D270,10,3,2,5
2024-06-30,F03,D310,30,6,5,28
2024-06-30,F03,D320,16,0,0,12
2024-06-30,F03,D330,12,4,4,9
2024-06-30,F03,D340,14,5,6,8
2024-07-01,F01,D110,36,10,8,33
2024-07-01,F01,D111,32,5,3,27
2024-07-01,F01,D120,24,5,4,17
2024-07-01,F01,D130,20,2,2,15
2024-07-01,F01,D140,22,2,0,16
2024-07-01,F01,D150,18,5,5,15
2024-07-01,F01,D160,16,5,5,11
2024-07-01,F01,D170,20,2,2,14
2024-07-01,F01,D180,14,2,2,7
2024-07-01,F01,D190,18,3,3,14
2024-07-01,F01,D195,12,5,3,8
2024-07-01,F02,D210,28,12,12,23
2024-07-01,F02,D230,8,0,0,5
2024-07-01,F02,D270,10,4,4,5
2024-07-01,F03,D310,30,10,10,28
2024-07-01,F03,D320,16,5,5,12
2024-07-01,F03,D330,12,2,2,9
2024-07-01,F03,D340,14,2,1,9
2024-07-02,F01,D110,36,5,4,34
2024-07-02,F01,D111,32,8,8,27
2024-07-02,F01,D120,24,7,6,18
2024-07-02,F01,D130,20,4,5,14
2024-07-02,F01,D140,22,3,2,17
2024-07-02,F01,D150,18,4,4,15
2024-07-02,F01,D160,16,4,3,12
2024-07-02,F01,D170,20,2,2,14
2024-07-02,F01,D180,14,1,1,7
2024-07-02,F01,D190,18,3,2,15
2024-07-02,F01,D195,12,9,9,8
2024-07-02,F02,D210,28,7,7,23
2024-07-02,F02,D230,8,2,2,5
2024-07-02,F02,D270,10,2,2,5
2024-07-02,F03,D310,30,9,9,28
2024-07-02,F03,D320,16,4,4,12
2024-07-02,F03,D330,12,2,2,9
2024-07-02,F03,D340,14,2,1,10
2024-07-03,F01,D110,36,9,10,33
2024-07-03,F01,D111,32,7,7,27
2024-07-03,F01,D120,24,10,10,18
2024-07-03,F01,D130,20,3,3,14
2024-07-03,F01,D140,22,8,9,16
2024-07-03,F01,D150,18,1,1,15
2024-07-03,F01,D160,16,4,4,12
2024-07-03,F01,D170,20,8,6,16
2024-07-03,F01,D180,14,3,3,7
2024-07-03,F01,D190,18,2,1,16
2024-07-03,F01,D195,12,8,8,8
2024-07-03,F02,D210,28,1,1,23
2024-07-03,F02,D230,8,3,3,5
2024-07-03,F02,D270,10,3,3,5
2024-07-03,F03,D310,30,6,7,27
2024-07-03,F03,D320,16,7,6,13
2024-07-03,F03,D330,12,2,2,9
2024-07-03,F03,D340,14,5,4,11
2024-07-04,F01,D110,36,6,7,32
2024-07-04,F01,D111,32,10,10,27
2024-07-04,F01,D120,24,2,2,18
2024-07-04,F01,D130,20,3,3,14
2024-07-04,F01,D140,22,5,3,18
2024-07-04,F01,D150,18,3,3,15
2024-07-04,F01,D160,16,1,0,13
2024-07-04,F01,D170,20,12,12,16
2024-07-04,F01,D180,14,1,1,7
2024-07-04,F01,D190,18,4,5,15
2024-07-04,F01,D195,12,9,9,8
2024-07-04,F02,D210,28,6,6,23
2024-07-04,F02,D230,8,0,0,5
2024-07-04,F02,D270,10,1,1,5
2024-07-04,F03,D310,30,8,7,28
2024-07-04,F03,D320,16,2,2,13
2024-07-04,F03,D330,12,0,0,9
2024-07-04,F03,D340,14,4,3,12
2024-07-05,F01,D110,36,8,9,31
2024-07-05,F01,D111,32,5,6,26
2024-07-05,F01,D120,24,2,2,18
2024-07-05,F01,D130,20,5,5,14
2024-07-05,F01,D140,22,9,12,15
2024-07-05,F01,D150,18,4,4,15
2024-07-05,F01,D160,16,5,6,12
2024-07-05,F01,D170,20,11,13,14
2024-07-05,F01,D180,14,3,4,6
2024-07-05,F01,D190,18,0,0,15
2024-07-05,F01,D195,12,13,12,9
2024-07-05,F02,D210,28,3,3,23
2024-07-05,F02,D230,8,3,2,6
2024-07-05,F02,D270,10,4,4,5
2024-07-05,F03,D310,30,4,5,27
2024-07-05,F03,D320,16,3,4,12
2024-07-05,F03,D330,12,4,4,9
2024-07-05,F03,D340,14,4,6,10
2024-07-06,F01,D110,36,8,7,32
2024-07-06,F01,D111,32,4,5,25
2024-07-06,F01,D120,24,6,7,17
2024-07-06,F01,D130,20,4,3,15
2024-07-06,F01,D140,22,2,2,15
2024-07-06,F01,D150,18,4,4,15
2024-07-06,F01,D160,16,2,3,11
2024-07-06,F01,D170,20,5,6,13
2024-07-06,F01,D180,14,4,4,6
2024-07-06,F01,D190,18,1,1,15
2024-07-06,F01,D195,12,11,12,8
2024-07-06,F02,D210,28,10,10,23
2024-07-06,F02,D230,8,1,0,7
2024-07-06,F02,D270,10,2,3,4
2024-07-06,F03,D310,30,7,8,26
2024-07-06,F03,D320,16,6,7,11
2024-07-06,F03,D330,12,1,1,9
2024-07-06,F03,D340,14,6,8,8
2024-07-07,F01,D110,36,9,10,31
2024-07-07,F01,D111,32,5,4,26
2024-07-07,F01,D120,24,7,7,17
2024-07-07,F01,D130,20,3,2,16
2024-07-07,F01,D140,22,9,10,14
2024-07-07,F01,D150,18,2,2,15
2024-07-07,F01,D160,16,2,1,12
2024-07-07,F01,D170,20,4,5,12
2024-07-07,F01,D180,14,4,4,6
2024-07-07,F01,D190,18,3,3,15
2024-07-07,F01,D195,12,9,10,7
2024-07-07,F02,D210,28,10,11,22
2024-07-07,F02,D230,8,3,4,6
2024-07-07,F02,D270,10,2,2,4
2024-07-07,F03,D310,30,6,5,27
2024-07-07,F03,D320,16,2,2,11
2024-07-07,F03,D330,12,2,2,9
2024-07-07,F03,D340,14,3,3,8
2024-07-08,F01,D110,36,3,2,32
2024-07-08,F01,D111,32,7,7,26
2024-07-08,F01,D120,24,8,6,19
2024-07-08,F01,D130,20,3,3,16
2024-07-08,F01,D140,22,7,3,18
2024-07-08,F01,D150,18,7,7,15
2024-07-08,F01,D160,16,0,0,12
2024-07-08,F01,D170,20,5,4,13
2024-07-08,F01,D180,14,2,1,7
2024-07-08,F01,D190,18,3,2,16
2024-07-08,F01,D195,12,9,8,8
2024-07-08,F02,D210,28,10,10,22
2024-07-08,F02,D230,8,2,2,6
2024-07-08,F02,D270,10,1,0,5
2024-07-08,F03,D310,30,5,5,27
2024-07-08,F03,D320,16,4,4,11
2024-07-08,F03,D330,12,4,4,9
2024-07-08,F03,D340,14,5,3,10
2024-07-09,F01,D110,36,4,5,31
2024-07-09,F01,D111,32,6,6,26
2024-07-09,F01,D120,24,7,7,19
2024-07-09,F01,D130,20,5,5,16
2024-07-09,F01,D140,22,8,6,20
2024-07-09,F01,D150,18,3,2,16
2024-07-09,F01,D160,16,1,1,12
2024-07-09,F01,D170,20,9,7,15
2024-07-09,F01,D180,14,1,1,7
2024-07-09,F01,D190,18,3,2,17
2024-07-09,F01,D195,12,7,8,7
2024-07-09,F02,D210,28,11,10,23
2024-07-09,F02,D230,8,3,3,6
2024-07-09,F02,D270,10,1,1,5
2024-07-09,F03,D310,30,9,10,26
2024-07-09,F03,D320,16,3,1,13
2024-07-09,F03,D330,12,5,5,9
2024-07-09,F03,D340,14,4,3,11
2024-07-10,F01,D110,36,11,10,32
2024-07-10,F01,D111,32,4,4,26
2024-07-10,F01,D120,24,1,1,19
2024-07-10,F01,D130,20,5,6,15
2024-07-10,F01,D140,22,6,5,21
2024-07-10,F01,D150,18,2,3,15
2024-07-10,F01,D160,16,2,2,12
2024-07-10,F01,D170,20,4,5,14
2024-07-10,F01,D180,14,3,4,6
2024-07-10,F01,D190,18,2,1,18
2024-07-10,F01,D195,12,7,6,8
2024-07-10,F02,D210,28,7,8,22
2024-07-10,F02,D230,8,0,0,6
2024-07-10,F02,D270,10,1,1,5
2024-07-10,F03,D310,30,5,4,27
2024-07-10,F03,D320,16,2,2,13
2024-07-10,F03,D330,12,4,4,9
2024-07-10,F03,D340,14,7,7,11
2024-07-11,F01,D110,36,7,7,32
2024-07-11,F01,D111,32,9,8,27
2024-07-11,F01,D120,24,10,9,20
2024-07-11,F01,D130,20,2,2,15
2024-07-11,F01,D140,22,9,9,21
2024-07-11,F01,D150,18,2,2,15
2024-07-11,F01,D160,16,2,1,13
2024-07-11,F01,D170,20,7,8,13
2024-07-11,F01,D180,14,1,1,6
2024-07-11,F01,D190,18,2,2,18
2024-07-11,F01,D195,12,7,7,8
2024-07-11,F02,D210,28,2,1,23
2024-07-11,F02,D230,8,1,0,7
2024-07-11,F02,D270,10,2,2,5
2024-07-11,F03,D310,30,6,7,26
2024-07-11,F03,D320,16,9,8,14
2024-07-11,F03,D330,12,1,0,10
2024-07-11,F03,D340,14,3,4,10
2024-07-12,F01,D110,36,9,12,29
2024-07-12,F01,D111,32,7,8,26
2024-07-12,F01,D120,24,3,4,19
2024-07-12,F01,D130,20,6,5,16
2024-07-12,F01,D140,22,11,13,19
2024-07-12,F01,D150,18,4,4,15
2024-07-12,F01,D160,16,6,7,12
2024-07-12,F01,D170,20,5,5,13
2024-07-12,F01,D180,14,4,4,6
2024-07-12,F01,D190,18,2,1,19
2024-07-12,F01,D195,12,10,10,8
2024-07-12,F02,D210,28,8,8,23
2024-07-12,F02,D230,8,0,1,6
2024-07-12,F02,D270,10,2,2,5
2024-07-12,F03,D310,30,6,6,26
2024-07-12,F03,D320,16,3,3,14
2024-07-12,F03,D330,12,2,3,9
2024-07-12,F03,D340,14,4,4,10
2024-07-13,F01,D110,36,8,8,29
2024-07-13,F01,D111,32,1,3,24
2024-07-13,F01,D120,24,4,4,19
2024-07-13,F01,D130,20,6,5,17
2024-07-13,F01,D140,22,6,11,14
2024-07-13,F01,D150,18,2,3,14
2024-07-13,F01,D160,16,3,3,12
2024-07-13,F01,D170,20,7,8,12
2024-07-13,F01,D180,14,2,2,6
2024-07-13,F01,D190,18,1,2,18
2024-07-13,F01,D195,12,6,7,7
2024-07-13,F02,D210,28,9,9,23
2024-07-13,F02,D230,8,3,2,7
2024-07-13,F02,D270,10,2,2,5
2024-07-13,F03,D310,30,8,7,27
2024-07-13,F03,D320,16,1,2,13
2024-07-13,F03,D330,12,3,3,9
2024-07-13,F03,D340,14,4,6,8
2024-07-14,F01,D110,36,9,8,30
2024-07-14,F01,D111,32,10,9,25
2024-07-14,F01,D120,24,1,1,19
2024-07-14,F01,D130,20,3,4,16
2024-07-14,F01,D140,22,2,2,14
2024-07-14,F01,D150,18,3,2,15
2024-07-14,F01,D160,16,5,5,12
2024-07-14,F01,D170,20,4,4,12
2024-07-14,F01,D180,14,0,0,6
2024-07-14,F01,D190,18,1,1,18
2024-07-14,F01,D195,12,3,2,8
2024-07-14,F02,D210,28,5,3,25
2024-07-14,F02,D230,8,3,4,6
2024-07-14,F02,D270,10,5,5,5
2024-07-14,F03,D310,30,8,10,25
2024-07-14,F03,D320,16,6,6,13
2024-07-14,F03,D330,12,2,2,9
2024-07-14,F03,D340,14,0,0,8
2024-07-15,F01,D110,36,6,5,31
2024-07-15,F01,D111,32,6,6,25
2024-07-15,F01,D120,24,5,5,19
2024-07-15,F01,D130,20,4,5,15
2024-07-15,F01,D140,22,9,7,16
2024-07-15,F01,D150,18,2,3,14
2024-07-15,F01,D160,16,1,2,11
2024-07-15,F01,D170,20,3,3,12
2024-07-15,F01,D180,14,2,2,6
2024-07-15,F01,D190,18,2,3,17
2024-07-15,F01,D195,12,6,6,8
2024-07-15,F02,D210,28,7,7,25
2024-07-15,F02,D230,8,1,1,6
2024-07-15,F02,D270,10,2,2,5
2024-07-15,F03,D310,30,6,5,26
2024-07-15,F03,D320,16,2,1,14
2024-07-15,F03,D330,12,2,1,10
2024-07-15,F03,D340,14,4,3,9
2024-07-16,F01,D110,36,10,8,33
2024-07-16,F01,D111,32,1,0,26
2024-07-16,F01,D120,24,4,5,18
2024-07-16,F01,D130,20,5,7,13
2024-07-16,F01,D140,22,5,3,18
2024-07-16,F01,D150,18,3,2,15
2024-07-16,F01,D160,16,0,0,11
2024-07-16,F01,D170,20,6,6,12
2024-07-16,F01,D180,14,4,4,6
2024-07-16,F01,D190,18,4,5,16
2024-07-16,F01,D195,12,10,10,8
2024-07-16,F02,D210,28,7,8,24
2024-07-16,F02,D230,8,4,4,6
2024-07-16,F02,D270,10,3,3,5
2024-07-16,F03,D310,30,4,5,25
2024-07-16,F03,D320,16,2,3,13
2024-07-16,F03,D330,12,3,3,10
2024-07-16,F03,D340,14,3,2,10
2024-07-17,F01,D110,36,4,6,31
2024-07-17,F01,D111,32,5,3,28
2024-07-17,F01,D120,24,11,11,18
2024-07-17,F01,D130,20,3,4,12
2024-07-17,F01,D140,22,5,4,19
2024-07-17,F01,D150,18,1,1,15
2024-07-17,F01,D160,16,2,2,11
2024-07-17,F01,D170,20,1,1,12
2024-07-17,F01,D180,14,3,3,6
2024-07-17,F01,D190,18,2,1,17
2024-07-17,F01,D195,12,4,3,9
2024-07-17,F02,D210,28,4,5,23
2024-07-17,F02,D230,8,0,0,6
2024-07-17,F02,D270,10,1,1,5
2024-07-17,F03,D310,30,10,12,23
2024-07-17,F03,D320,16,8,8,13
2024-07-17,F03,D330,12,0,0,10
2024-07-17,F03,D340,14,7,7,10
2024-07-18,F01,D110,36,13,13,31
2024-07-18,F01,D111,32,3,3,28
2024-07-18,F01,D120,24,4,2,20
2024-07-18,F01,D130,20,4,4,12
2024-07-18,F01,D140,22,8,8,19
2024-07-18,F01,D150,18,3,3,15
2024-07-18,F01,D160,16,3,3,11
2024-07-18,F01,D170,20,5,5,12
2024-07-18,F01,D180,14,6,6,6
2024-07-18,F01,D190,18,1,0,18
2024-07-18,F01,D195,12,5,4,10
2024-07-18,F02,D210,28,1,2,22
2024-07-18,F02,D230,8,3,3,6
2024-07-18,F02,D270,10,3,3,5
2024-07-18,F03,D310,30,8,6,25
2024-07-18,F03,D320,16,2,2,13
2024-07-18,F03,D330,12,4,4,10
2024-07-18,F03,D340,14,3,3,10
2024-07-19,F01,D110,36,11,14,28
2024-07-19,F01,D111,32,7,6,29
2024-07-19,F01,D120,24,8,8,20
2024-07-19,F01,D130,20,2,0,14
2024-07-19,F01,D140,22,10,12,17
2024-07-19,F01,D150,18,3,4,14
2024-07-19,F01,D160,16,7,7,11
2024-07-19,F01,D170,20,8,8,12
2024-07-19,F01,D180,14,1,1,6
2024-07-19,F01,D190,18,3,3,18
2024-07-19,F01,D195,12,10,11,9
2024-07-19,F02,D210,28,8,8,22
2024-07-19,F02,D230,8,4,4,6
2024-07-19,F02,D270,10,4,3,6
2024-07-19,F03,D310,30,4,5,24
2024-07-19,F03,D320,16,6,5,14
2024-07-19,F03,D330,12,3,3,10
2024-07-19,F03,D340,14,5,6,9
2024-07-20,F01,D110,36,10,11,27
2024-07-20,F01,D111,32,7,6,30
2024-07-20,F01,D120,24,3,4,19
2024-07-20,F01,D130,20,3,2,15
2024-07-20,F01,D140,22,5,8,14
2024-07-20,F01,D150,18,4,5,13
2024-07-20,F01,D160,16,4,3,12
2024-07-20,F01,D170,20,1,2,11
2024-07-20,F01,D180,14,1,2,5
2024-07-20,F01,D190,18,2,4,16
2024-07-20,F01,D195,12,4,6,7
2024-07-20,F02,D210,28,6,7,21
2024-07-20,F02,D230,8,0,0,6
2024-07-20,F02,D270,10,2,2,6
2024-07-20,F03,D310,30,4,5,23
2024-07-20,F03,D320,16,1,1,14
2024-07-20,F03,D330,12,3,4,9
2024-07-20,F03,D340,14,2,3,8
2024-07-21,F01,D110,36,13,14,26
2024-07-21,F01,D111,32,10,12,28
2024-07-21,F01,D120,24,6,6,19
2024-07-21,F01,D130,20,7,7,15
2024-07-21,F01,D140,22,3,3,14
2024-07-21,F01,D150,18,4,4,13
2024-07-21,F01,D160,16,4,4,12
2024-07-21,F01,D170,20,7,5,13
2024-07-21,F01,D180,14,1,0,6
2024-07-21,F01,D190,18,0,0,16
2024-07-21,F01,D195,12,5,5,7
2024-07-21,F02,D210,28,7,5,23
2024-07-21,F02,D230,8,3,3,6
2024-07-21,F02,D270,10,5,5,6
2024-07-21,F03,D310,30,7,7,23
2024-07-21,F03,D320,16,3,4,13
2024-07-21,F03,D330,12,4,4,9
2024-07-21,F03,D340,14,4,4,8
2024-07-22,F01,D110,36,5,6,25
2024-07-22,F01,D111,32,4,4,28
2024-07-22,F01,D120,24,3,2,20
2024-07-22,F01,D130,20,3,3,15
2024-07-22,F01,D140,22,6,2,18
2024-07-22,F01,D150,18,0,0,13
2024-07-22,F01,D160,16,4,4,12
2024-07-22,F01,D170,20,7,7,13
2024-07-22,F01,D180,14,3,4,5
2024-07-22,F01,D190,18,2,1,17
2024-07-22,F01,D195,12,2,1,8
2024-07-22,F02,D210,28,10,9,24
2024-07-22,F02,D230,8,0,0,6
2024-07-22,F02,D270,10,1,2,5
2024-07-22,F03,D310,30,3,4,22
2024-07-22,F03,D320,16,6,5,14
2024-07-22,F03,D330,12,0,1,8
2024-07-22,F03,D340,14,5,3,10
2024-07-23,F01,D110,36,7,4,28
2024-07-23,F01,D111,32,8,8,28
2024-07-23,F01,D120,24,5,6,19
2024-07-23,F01,D130,20,5,5,15
2024-07-23,F01,D140,22,8,7,19
2024-07-23,F01,D150,18,3,3,13
2024-07-23,F01,D160,16,5,4,13
2024-07-23,F01,D170,20,6,5,14
2024-07-23,F01,D180,14,1,1,5
2024-07-23,F01,D190,18,3,4,16
2024-07-23,F01,D195,12,8,8,8
2024-07-23,F02,D210,28,7,5,26
2024-07-23,F02,D230,8,4,4,6
2024-07-23,F02,D270,10,1,1,5
2024-07-23,F03,D310,30,8,8,22
2024-07-23,F03,D320,16,1,2,13
2024-07-23,F03,D330,12,0,0,8
2024-07-23,F03,D340,14,2,1,11
2024-07-24,F01,D110,36,5,5,28
2024-07-24,F01,D111,32,7,7,28
2024-07-24,F01,D120,24,4,4,19
2024-07-24,F01,D130,20,7,6,16
2024-07-24,F01,D140,22,7,6,20
2024-07-24,F01,D150,18,2,3,12
2024-07-24,F01,D160,16,3,3,13
2024-07-24,F01,D170,20,8,7,15
2024-07-24,F01,D180,14,2,1,6
2024-07-24,F01,D190,18,2,2,16
2024-07-24,F01,D195,12,9,8,9
2024-07-24,F02,D210,28,4,6,24
2024-07-24,F02,D230,8,5,5,6
2024-07-24,F02,D270,10,3,3,5
2024-07-24,F03,D310,30,3,3,22
2024-07-24,F03,D320,16,6,5,14
2024-07-24,F03,D330,12,6,6,8
2024-07-24,F03,D340,14,5,6,10
2024-07-25,F01,D110,36,7,7,28
2024-07-25,F01,D111,32,6,5,29
2024-07-25,F01,D120,24,6,7,18
2024-07-25,F01,D130,20,4,4,16
2024-07-25,F01,D140,22,8,9,19
2024-07-25,F01,D150,18,3,2,13
2024-07-25,F01,D160,16,5,5,13
2024-07-25,F01,D170,20,7,7,15
2024-07-25,F01,D180,14,1,2,5
2024-07-25,F01,D190,18,3,3,16
2024-07-25,F01,D195,12,9,9,9
2024-07-25,F02,D210,28,6,4,26
2024-07-25,F02,D230,8,0,1,5
2024-07-25,F02,D270,10,3,3,5
2024-07-25,F03,D310,30,3,1,24
2024-07-25,F03,D320,16,3,3,14
2024-07-25,F03,D330,12,3,3,8
2024-07-25,F03,D340,14,5,5,10
2024-07-26,F01,D110,36,8,7,29
2024-07-26,F01,D111,32,10,12,27
2024-07-26,F01,D120,24,6,6,18
2024-07-26,F01,D130,20,1,2,15
2024-07-26,F01,D140,22,6,7,18
2024-07-26,F01,D150,18,2,2,13
2024-07-26,F01,D160,16,3,4,12
2024-07-26,F01,D170,20,7,8,14
2024-07-26,F01,D180,14,3,3,5
2024-07-26,F01,D190,18,3,3,16
2024-07-26,F01,D195,12,11,11,9
2024-07-26,F02,D210,28,4,6,24
2024-07-26,F02,D230,8,1,1,5
2024-07-26,F02,D270,10,4,4,5
2024-07-26,F03,D310,30,8,7,25
2024-07-26,F03,D320,16,4,5,13
2024-07-26,F03,D330,12,2,1,9
2024-07-26,F03,D340,14,6,7,9
2024-07-27,F01,D110,36,6,5,30
2024-07-27,F01,D111,32,4,2,29
2024-07-27,F01,D120,24,4,5,17
2024-07-27,F01,D130,20,5,5,15
2024-07-27,F01,D140,22,5,9,14
2024-07-27,F01,D150,18,4,4,13
2024-07-27,F01,D160,16,5,6,11
2024-07-27,F01,D170,20,6,8,12
2024-07-27,F01,D180,14,1,0,6
2024-07-27,F01,D190,18,1,1,16
2024-07-27,F01,D195,12,7,8,8
2024-07-27,F02,D210,28,8,9,23
2024-07-27,F02,D230,8,2,1,6
2024-07-27,F02,D270,10,2,2,5
2024-07-27,F03,D310,30,5,4,26
2024-07-27,F03,D320,16,4,4,13
2024-07-27,F03,D330,12,5,5,9
2024-07-27,F03,D340,14,0,2,7
2024-07-28,F01,D110,36,10,8,32
2024-07-28,F01,D111,32,2,2,29
2024-07-28,F01,D120,24,4,3,18
2024-07-28,F01,D130,20,5,5,15
2024-07-28,F01,D140,22,3,5,12
2024-07-28,F01,D150,18,1,1,13
2024-07-28,F01,D160,16,5,5,11
2024-07-28,F01,D170,20,3,4,11
2024-07-28,F01,D180,14,3,3,6
2024-07-28,F01,D190,18,0,0,16
2024-07-28,F01,D195,12,8,9,7
2024-07-28,F02,D210,28,9,9,23
2024-07-28,F02,D230,8,0,0,6
2024-07-28,F02,D270,10,4,3,6
2024-07-28,F03,D310,30,6,6,26
2024-07-28,F03,D320,16,4,4,13
2024-07-28,F03,D330,12,1,2,8
2024-07-28,F03,D340,14,3,3,7
2024-07-29,F01,D110,36,12,14,30
2024-07-29,F01,D111,32,8,9,28
2024-07-29,F01,D120,24,2,2,18
2024-07-29,F01,D130,20,2,0,17
2024-07-29,F01,D140,22,6,3,15
2024-07-29,F01,D150,18,4,4,13
2024-07-29,F01,D160,16,1,1,11
2024-07-29,F01,D170,20,1,0,12
2024-07-29,F01,D180,14,4,3,7
2024-07-29,F01,D190,18,0,0,16
2024-07-29,F01,D195,12,4,3,8
2024-07-29,F02,D210,28,10,11,22
2024-07-29,F02,D230,8,3,3,6
2024-07-29,F02,D270,10,2,2,6
2024-07-29,F03,D310,30,7,6,27
2024-07-29,F03,D320,16,5,5,13
2024-07-29,F03,D330,12,5,4,9
2024-07-29,F03,D340,14,5,4,8
2024-07-30,F01,D110,36,5,4,31
2024-07-30,F01,D111,32,8,8,28
2024-07-30,F01,D120,24,10,10,18
2024-07-30,F01,D130,20,5,4,18
2024-07-30,F01,D140,22,7,6,16
2024-07-30,F01,D150,18,2,1,14
2024-07-30,F01,D160,16,5,4,12
2024-07-30,F01,D170,20,5,5,12
2024-07-30,F01,D180,14,2,3,6
2024-07-30,F01,D190,18,2,2,16
2024-07-30,F01,D195,12,13,13,8
2024-07-30,F02,D210,28,10,10,22
2024-07-30,F02,D230,8,0,1,5
2024-07-30,F02,D270,10,3,3,6
2024-07-30,F03,D310,30,7,6,28
2024-07-30,F03,D320,16,4,5,12
2024-07-30,F03,D330,12,1,1,9
2024-07-30,F03,D340,14,2,1,9
2024-07-31,F01,D110,36,9,8,32
2024-07-31,F01,D111,32,7,7,28
2024-07-31,F01,D120,24,2,1,19
2024-07-31,F01,D130,20,4,5,17
2024-07-31,F01,D140,22,4,4,16
2024-07-31,F01,D150,18,2,2,14
2024-07-31,F01,D160,16,2,2,12
2024-07-31,F01,D170,20,3,2,13
2024-07-31,F01,D180,14,3,4,5
2024-07-31,F01,D190,18,1,1,16
2024-07-31,F01,D195,12,6,7,7
2024-07-31,F02,D210,28,8,6,24
2024-07-31,F02,D230,8,3,3,5
2024-07-31,F02,D270,10,5,6,5
2024-07-31,F03,D310,30,5,7,26
2024-07-31,F03,D320,16,4,4,12
2024-07-31,F03,D330,12,1,1,9
2024-07-31,F03,D340,14,4,4,9
2024-08-01,F01,D110,36,1,2,31
2024-08-01,F01,D111,32,9,11,26
2024-08-01,F01,D120,24,5,4,20
2024-08-01,F01,D130,20,6,6,17
2024-08-01,F01,D140,22,4,3,17
2024-08-01,F01,D150,18,3,4,13
2024-08-01,F01,D160,16,4,4,12
2024-08-01,F01,D170,20,2,2,13
2024-08-01,F01,D180,14,2,1,6
2024-08-01,F01,D190,18,1,1,16
2024-08-01,F01,D195,12,7,7,7
2024-08-01,F02,D210,28,3,2,25
2024-08-01,F02,D230,8,3,2,6
2024-08-01,F02,D270,10,2,2,5
2024-08-01,F03,D310,30,12,11,27
2024-08-01,F03,D320,16,7,7,12
2024-08-01,F03,D330,12,2,2,9
2024-08-01,F03,D340,14,4,3,10
2024-08-02,F01,D110,36,10,11,30
2024-08-02,F01,D111,32,5,7,24
2024-08-02,F01,D120,24,8,9,19
2024-08-02,F01,D130,20,2,2,17
2024-08-02,F01,D140,22,3,5,15
2024-08-02,F01,D150,18,2,0,15
2024-08-02,F01,D160,16,2,2,12
2024-08-02,F01,D170,20,4,4,13
2024-08-02,F01,D180,14,1,2,5
2024-08-02,F01,D190,18,3,2,17
2024-08-02,F01,D195,12,7,6,8
2024-08-02,F02,D210,28,6,7,24
2024-08-02,F02,D230,8,0,0,6
2024-08-02,F02,D270,10,1,1,5
2024-08-02,F03,D310,30,7,8,26
2024-08-02,F03,D320,16,2,2,12
2024-08-02,F03,D330,12,4,4,9
2024-08-02,F03,D340,14,4,5,9
2024-08-03,F01,D110,36,1,2,29
2024-08-03,F01,D111,32,2,4,22
2024-08-03,F01,D120,24,4,3,20
2024-08-03,F01,D130,20,6,7,16
2024-08-03,F01,D140,22,6,8,13
2024-08-03,F01,D150,18,5,5,15
2024-08-03,F01,D160,16,0,0,12
2024-08-03,F01,D170,20,6,7,12
2024-08-03,F01,D180,14,1,0,6
2024-08-03,F01,D190,18,3,3,17
2024-08-03,F01,D195,12,13,14,7
2024-08-03,F02,D210,28,7,8,23
2024-08-03,F02,D230,8,3,3,6
2024-08-03,F02,D270,10,2,2,5
2024-08-03,F03,D310,30,7,6,27
2024-08-03,F03,D320,16,9,8,13
2024-08-03,F03,D330,12,2,3,8
2024-08-03,F03,D340,14,0,2,7
2024-08-04,F01,D110,36,7,8,28
2024-08-04,F01,D111,32,6,6,22
2024-08-04,F01,D120,24,4,5,19
2024-08-04,F01,D130,20,6,6,16
2024-08-04,F01,D140,22,2,1,14
2024-08-04,F01,D150,18,2,2,15
2024-08-04,F01,D160,16,3,3,12
2024-08-04,F01,D170,20,4,4,12
2024-08-04,F01,D180,14,3,4,5
2024-08-04,F01,D190,18,6,6,17
2024-08-04,F01,D195,12,3,3,7
2024-08-04,F02,D210,28,5,6,22
2024-08-04,F02,D230,8,1,1,6
2024-08-04,F02,D270,10,4,4,5
2024-08-04,F03,D310,30,3,6,24
2024-08-04,F03,D320,16,4,4,13
2024-08-04,F03,D330,12,3,2,9
2024-08-04,F03,D340,14,3,3,7
2024-08-05,F01,D110,36,5,5,28
2024-08-05,F01,D111,32,5,2,25
2024-08-05,F01,D120,24,7,5,21
2024-08-05,F01,D130,20,7,7,16
2024-08-05,F01,D140,22,2,0,16
2024-08-05,F01,D150,18,1,1,15
2024-08-05,F01,D160,16,0,0,12
2024-08-05,F01,D170,20,8,6,14
2024-08-05,F01,D180,14,2,3,4
2024-08-05,F01,D190,18,1,1,17
2024-08-05,F01,D195,12,10,9,8
2024-08-05,F02,D210,28,5,2,25
2024-08-05,F02,D230,8,3,3,6
2024-08-05,F02,D270,10,4,2,7
2024-08-05,F03,D310,30,10,8,26
2024-08-05,F03,D320,16,5,5,13
2024-08-05,F03,D330,12,2,1,10
2024-08-05,F03,D340,14,5,3,9
2024-08-06,F01,D110,36,10,9,29
2024-08-06,F01,D111,32,7,4,28
2024-08-06,F01,D120,24,5,4,22
2024-08-06,F01,D130,20,5,3,18
2024-08-06,F01,D140,22,4,2,18
2024-08-06,F01,D150,18,3,3,15
2024-08-06,F01,D160,16,4,4,12
2024-08-06,F01,D170,20,5,5,14
2024-08-06,F01,D180,14,2,1,5
2024-08-06,F01,D190,18,3,3,17
2024-08-06,F01,D195,12,10,10,8
2024-08-06,F02,D210,28,2,4,23
2024-08-06,F02,D230,8,0,0,6
2024-08-06,F02,D270,10,4,5,6
2024-08-06,F03,D310,30,4,4,26
2024-08-06,F03,D320,16,4,5,12
2024-08-06,F03,D330,12,3,3,10
2024-08-06,F03,D340,14,1,0,10
2024-08-07,F01,D110,36,10,10,29
2024-08-07,F01,D111,32,8,8,28
2024-08-07,F01,D120,24,1,2,21
2024-08-07,F01,D130,20,4,5,17
2024-08-07,F01,D140,22,4,4,18
2024-08-07,F01,D150,18,3,3,15
2024-08-07,F01,D160,16,4,4,12
2024-08-07,F01,D170,20,6,8,12
2024-08-07,F01,D180,14,0,1,4
2024-08-07,F01,D190,18,1,1,17
2024-08-07,F01,D195,12,5,6,7
2024-08-07,F02,D210,28,6,7,22
2024-08-07,F02,D230,8,3,3,6
2024-08-07,F02,D270,10,4,4,6
2024-08-07,F03,D310,30,3,2,27
2024-08-07,F03,D320,16,4,5,11
2024-08-07,F03,D330,12,1,2,9
2024-08-07,F03,D340,14,5,5,10
2024-08-08,F01,D110,36,4,1,32
2024-08-08,F01,D111,32,12,13,27
2024-08-08,F01,D120,24,3,4,20
2024-08-08,F01,D130,20,6,7,16
2024-08-08,F01,D140,22,8,8,18
2024-08-08,F01,D150,18,0,0,15
2024-08-08,F01,D160,16,1,1,12
2024-08-08,F01,D170,20,7,6,13
2024-08-08,F01,D180,14,0,0,4
2024-08-08,F01,D190,18,1,2,16
2024-08-08,F01,D195,12,4,3,8
2024-08-08,F02,D210,28,4,4,22
2024-08-08,F02,D230,8,0,0,6
2024-08-08,F02,D270,10,1,1,6
2024-08-08,F03,D310,30,5,5,27
2024-08-08,F03,D320,16,5,4,12
2024-08-08,F03,D330,12,2,2,9
2024-08-08,F03,D340,14,6,5,11
2024-08-09,F01,D110,36,13,13,32
2024-08-09,F01,D111,32,6,6,27
2024-08-09,F01,D120,24,3,2,21
2024-08-09,F01,D130,20,4,4,16
2024-08-09,F01,D140,22,10,11,17
2024-08-09,F01,D150,18,5,5,15
2024-08-09,F01,D160,16,5,5,12
2024-08-09,F01,D170,20,8,9,12
2024-08-09,F01,D180,14,3,2,5
2024-08-09,F01,D190,18,5,5,16
2024-08-09,F01,D195,12,10,11,7
2024-08-09,F02,D210,28,8,8,22
2024-08-09,F02,D230,8,2,2,6
2024-08-09,F02,D270,10,4,4,6
2024-08-09,F03,D310,30,8,10,25
2024-08-09,F03,D320,16,2,1,13
2024-08-09,F03,D330,12,3,3,9
2024-08-09,F03,D340,14,5,6,10
2024-08-10,F01,D110,36,5,7,30
2024-08-10,F01,D111,32,10,10,27
2024-08-10,F01,D120,24,7,9,19
2024-08-10,F01,D130,20,7,7,16
2024-08-10,F01,D140,22,6,10,13
2024-08-10,F01,D150,18,0,1,14
2024-08-10,F01,D160,16,4,4,12
2024-08-10,F01,D170,20,7,6,13
2024-08-10,F01,D180,14,2,2,5
2024-08-10,F01,D190,18,3,3,16
2024-08-10,F01,D195,12,10,11,6
2024-08-10,F02,D210,28,7,6,23
2024-08-10,F02,D230,8,1,1,6
2024-08-10,F02,D270,10,1,2,5
2024-08-10,F03,D310,30,5,6,24
2024-08-10,F03,D320,16,3,3,13
2024-08-10,F03,D330,12,0,0,9
2024-08-10,F03,D340,14,5,7,8
2024-08-11,F01,D110,36,5,5,30
2024-08-11,F01,D111,32,9,9,27
2024-08-11,F01,D120,24,9,9,19
2024-08-11,F01,D130,20,1,2,15
2024-08-11,F01,D140,22,4,4,13
2024-08-11,F01,D150,18,1,1,14
2024-08-11,F01,D160,16,5,5,12
2024-08-11,F01,D170,20,7,8,12
2024-08-11,F01,D180,14,0,0,5
2024-08-11,F01,D190,18,2,3,15
2024-08-11,F01,D195,12,6,5,7
2024-08-11,F02,D210,28,5,5,23
2024-08-11,F02,D230,8,5,5,6
2024-08-11,F02,D270,10,3,3,5
2024-08-11,F03,D310,30,11,11,24
2024-08-11,F03,D320,16,4,4,13
2024-08-11,F03,D330,12,3,2,10
2024-08-11,F03,D340,14,3,3,8
2024-08-12,F01,D110,36,8,6,32
2024-08-12,F01,D111,32,5,5,27
2024-08-12,F01,D120,24,5,4,20
2024-08-12,F01,D130,20,2,2,15
2024-08-12,F01,D140,22,3,0,16
2024-08-12,F01,D150,18,2,3,13
2024-08-12,F01,D160,16,3,3,12
2024-08-12,F01,D170,20,8,8,12
2024-08-12,F01,D180,14,1,1,5
2024-08-12,F01,D190,18,1,1,15
2024-08-12,F01,D195,12,6,6,7
2024-08-12,F02,D210,28,4,5,22
2024-08-12,F02,D230,8,2,2,6
2024-08-12,F02,D270,10,2,1,6
2024-08-12,F03,D310,30,8,7,25
2024-08-12,F03,D320,16,7,6,14
2024-08-12,F03,D330,12,4,4,10
2024-08-12,F03,D340,14,4,2,10
2024-08-13,F01,D110,36,7,6,33
2024-08-13,F01,D111,32,8,7,28
2024-08-13,F01,D120,24,11,10,21
2024-08-13,F01,D130,20,1,0,16
2024-08-13,F01,D140,22,13,10,19
2024-08-13,F01,D150,18,2,1,14
2024-08-13,F01,D160,16,3,2,13
2024-08-13,F01,D170,20,2,1,13
2024-08-13,F01,D180,14,1,1,5
2024-08-13,F01,D190,18,2,2,15
2024-08-13,F01,D195,12,9,9,7
2024-08-13,F02,D210,28,8,6,24
2024-08-13,F02,D230,8,3,3,6
2024-08-13,F02,D270,10,4,3,7
2024-08-13,F03,D310,30,8,8,25
2024-08-13,F03,D320,16,10,10,14
2024-08-13,F03,D330,12,4,4,10
2024-08-13,F03,D340,14,4,3,11
2024-08-14,F01,D110,36,10,11,32
2024-08-14,F01,D111,32,5,4,29
2024-08-14,F01,D120,24,6,7,20
2024-08-14,F01,D130,20,7,5,18
2024-08-14,F01,D140,22,8,9,18
2024-08-14,F01,D150,18,2,2,14
2024-08-14,F01,D160,16,2,3,12
2024-08-14,F01,D170,20,5,6,12
2024-08-14,F01,D180,14,1,1,5
2024-08-14,F01,D190,18,1,1,15
2024-08-14,F01,D195,12,11,10,8
2024-08-14,F02,D210,28,8,9,23
2024-08-14,F02,D230,8,3,4,5
2024-08-14,F02,D270,10,1,2,6
2024-08-14,F03,D310,30,6,6,25
2024-08-14,F03,D320,16,2,3,13
2024-08-14,F03,D330,12,2,3,9
2024-08-14,F03,D340,14,10,10,11
2024-08-15,F01,D110,36,10,11,31
2024-08-15,F01,D111,32,4,4,29
2024-08-15,F01,D120,24,2,3,19
2024-08-15,F01,D130,20,4,4,18
2024-08-15,F01,D140,22,7,7,18
2024-08-15,F01,D150,18,4,4,14
2024-08-15,F01,D160,16,0,0,12
2024-08-15,F01,D170,20,5,5,12
2024-08-15,F01,D180,14,1,1,5
2024-08-15,F01,D190,18,2,1,16
2024-08-15,F01,D195,12,10,10,8
2024-08-15,F02,D210,28,3,4,22
2024-08-15,F02,D230,8,2,2,5
2024-08-15,F02,D270,10,5,5,6
2024-08-15,F03,D310,30,4,4,25
2024-08-15,F03,D320,16,3,2,14
2024-08-15,F03,D330,12,1,0,10
2024-08-15,F03,D340,14,2,2,11
2024-08-16,F01,D110,36,9,11,29
2024-08-16,F01,D111,32,3,5,27
2024-08-16,F01,D120,24,7,7,19
2024-08-16,F01,D130,20,4,4,18
2024-08-16,F01,D140,22,5,5,18
2024-08-16,F01,D150,18,4,4,14
2024-08-16,F01,D160,16,0,1,11
2024-08-16,F01,D170,20,5,5,12
2024-08-16,F01,D180,14,1,1,5
2024-08-16,F01,D190,18,5,5,16
2024-08-16,F01,D195,12,9,10,7
2024-08-16,F02,D210,28,6,5,23
2024-08-16,F02,D230,8,1,1,5
2024-08-16,F02,D270,10,3,3,6
2024-08-16,F03,D310,30,5,5,25
2024-08-16,F03,D320,16,7,7,14
2024-08-16,F03,D330,12,2,3,9
2024-08-16,F03,D340,14,5,5,11
2024-08-17,F01,D110,36,10,9,30
2024-08-17,F01,D111,32,5,5,27
2024-08-17,F01,D120,24,9,9,19
2024-08-17,F01,D130,20,4,5,17
2024-08-17,F01,D140,22,9,13,14
2024-08-17,F01,D150,18,2,2,14
2024-08-17,F01,D160,16,0,0,11
2024-08-17,F01,D170,20,8,8,12
2024-08-17,F01,D180,14,4,4,5
2024-08-17,F01,D190,18,0,0,16
2024-08-17,F01,D195,12,10,10,7
2024-08-17,F02,D210,28,6,8,21
2024-08-17,F02,D230,8,5,5,5
2024-08-17,F02,D270,10,4,5,5
2024-08-17,F03,D310,30,9,10,24
2024-08-17,F03,D320,16,4,4,14
2024-08-17,F03,D330,12,1,0,10
2024-08-17,F03,D340,14,3,5,9
2024-08-18,F01,D110,36,6,9,27
2024-08-18,F01,D111,32,8,8,27
2024-08-18,F01,D120,24,5,4,20
2024-08-18,F01,D130,20,3,3,17
2024-08-18,F01,D140,22,3,4,13
2024-08-18,F01,D150,18,1,0,15
2024-08-18,F01,D160,16,2,2,11
2024-08-18,F01,D170,20,4,3,13
2024-08-18,F01,D180,14,2,2,5
2024-08-18,F01,D190,18,1,1,16
2024-08-18,F01,D195,12,5,4,8
2024-08-18,F02,D210,28,8,8,21
2024-08-18,F02,D230,8,2,2,5
2024-08-18,F02,D270,10,2,2,5
2024-08-18,F03,D310,30,6,7,23
2024-08-18,F03,D320,16,7,8,13
2024-08-18,F03,D330,12,6,6,10
2024-08-18,F03,D340,14,4,4,9
2024-08-19,F01,D110,36,4,1,30
2024-08-19,F01,D111,32,5,5,27
2024-08-19,F01,D120,24,5,4,21
2024-08-19,F01,D130,20,7,7,17
2024-08-19,F01,D140,22,4,0,17
2024-08-19,F01,D150,18,7,6,16
2024-08-19,F01,D160,16,2,2,11
2024-08-19,F01,D170,20,5,4,14
2024-08-19,F01,D180,14,1,0,6
2024-08-19,F01,D190,18,1,1,16
2024-08-19,F01,D195,12,10,9,9
2024-08-19,F02,D210,28,5,4,22
2024-08-19,F02,D230,8,1,1,5
2024-08-19,F02,D270,10,0,0,5
2024-08-19,F03,D310,30,5,4,24
2024-08-19,F03,D320,16,5,5,13
2024-08-19,F03,D330,12,4,4,10
2024-08-19,F03,D340,14,5,4,10
2024-08-20,F01,D110,36,6,4,32
2024-08-20,F01,D111,32,4,4,27
2024-08-20,F01,D120,24,9,10,20
2024-08-20,F01,D130,20,5,5,17
2024-08-20,F01,D140,22,3,0,20
2024-08-20,F01,D150,18,3,4,15
2024-08-20,F01,D160,16,4,4,11
2024-08-20,F01,D170,20,2,2,14
2024-08-20,F01,D180,14,1,0,7
2024-08-20,F01,D190,18,3,2,17
2024-08-20,F01,D195,12,8,8,9
2024-08-20,F02,D210,28,3,3,22
2024-08-20,F02,D230,8,1,0,6
2024-08-20,F02,D270,10,0,0,5
2024-08-20,F03,D310,30,6,7,23
2024-08-20,F03,D320,16,3,2,14
2024-08-20,F03,D330,12,3,4,9
2024-08-20,F03,D340,14,5,4,11
2024-08-21,F01,D110,36,5,7,30
2024-08-21,F01,D111,32,4,6,25
2024-08-21,F01,D120,24,5,4,21
2024-08-21,F01,D130,20,7,7,17
2024-08-21,F01,D140,22,6,8,18
2024-08-21,F01,D150,18,3,3,15
2024-08-21,F01,D160,16,2,2,11
2024-08-21,F01,D170,20,6,8,12
2024-08-21,F01,D180,14,0,0,7
2024-08-21,F01,D190,18,4,2,19
2024-08-21,F01,D195,12,10,9,10
2024-08-21,F02,D210,28,6,6,22
2024-08-21,F02,D230,8,1,1,6
2024-08-21,F02,D270,10,4,4,5
2024-08-21,F03,D310,30,9,6,26
2024-08-21,F03,D320,16,6,7,13
2024-08-21,F03,D330,12,2,2,9
2024-08-21,F03,D340,14,7,7,11
2024-08-22,F01,D110,36,8,9,29
2024-08-22,F01,D111,32,7,4,28
2024-08-22,F01,D120,24,7,8,20
2024-08-22,F01,D130,20,5,5,17
2024-08-22,F01,D140,22,1,0,19
2024-08-22,F01,D150,18,2,1,16
2024-08-22,F01,D160,16,6,6,11
2024-08-22,F01,D170,20,4,3,13
2024-08-22,F01,D180,14,3,3,7
2024-08-22,F01,D190,18,1,2,18
2024-08-22,F01,D195,12,11,12,9
2024-08-22,F02,D210,28,5,2,25
2024-08-22,F02,D230,8,0,0,6
2024-08-22,F02,D270,10,2,2,5
2024-08-22,F03,D310,30,7,6,27
2024-08-22,F03,D320,16,6,6,13
2024-08-22,F03,D330,12,2,2,9
2024-08-22,F03,D340,14,3,4,10
2024-08-23,F01,D110,36,10,9,30
2024-08-23,F01,D111,32,7,6,29
2024-08-23,F01,D120,24,6,6,20
2024-08-23,F01,D130,20,0,0,17
2024-08-23,F01,D140,22,3,6,16
2024-08-23,F01,D150,18,3,3,16
2024-08-23,F01,D160,16,2,2,11
2024-08-23,F01,D170,20,6,7,12
2024-08-23,F01,D180,14,0,0,7
2024-08-23,F01,D190,18,0,0,18
2024-08-23,F01,D195,12,4,6,7
2024-08-23,F02,D210,28,5,6,24
2024-08-23,F02,D230,8,3,3,6
2024-08-23,F02,D270,10,0,0,5
2024-08-23,F03,D310,30,7,7,27
2024-08-23,F03,D320,16,4,4,13
2024-08-23,F03,D330,12,3,3,9
2024-08-23,F03,D340,14,4,5,9
2024-08-24,F01,D110,36,9,11,28
2024-08-24,F01,D111,32,9,7,31
2024-08-24,F01,D120,24,4,5,19
2024-08-24,F01,D130,20,2,2,17
2024-08-24,F01,D140,22,7,10,13
2024-08-24,F01,D150,18,3,4,15
2024-08-24,F01,D160,16,4,4,11
2024-08-24,F01,D170,20,1,2,11
2024-08-24,F01,D180,14,3,3,7
2024-08-24,F01,D190,18,1,0,19
2024-08-24,F01,D195,12,5,6,6
2024-08-24,F02,D210,28,7,8,23
2024-08-24,F02,D230,8,2,2,6
2024-08-24,F02,D270,10,4,5,4
2024-08-24,F03,D310,30,7,9,25
2024-08-24,F03,D320,16,4,5,12
2024-08-24,F03,D330,12,1,1,9
2024-08-24,F03,D340,14,3,4,8
2024-08-25,F01,D110,36,10,10,28
2024-08-25,F01,D111,32,8,8,31
2024-08-25,F01,D120,24,9,9,19
2024-08-25,F01,D130,20,4,4,17
2024-08-25,F01,D140,22,4,4,13
2024-08-25,F01,D150,18,1,2,14
2024-08-25,F01,D160,16,2,3,10
2024-08-25,F01,D170,20,6,6,11
2024-08-25,F01,D180,14,1,2,6
2024-08-25,F01,D190,18,3,5,17
2024-08-25,F01,D195,12,2,2,6
2024-08-25,F02,D210,28,2,2,23
2024-08-25,F02,D230,8,0,0,6
2024-08-25,F02,D270,10,0,0,4
2024-08-25,F03,D310,30,4,5,24
2024-08-25,F03,D320,16,3,2,13
2024-08-25,F03,D330,12,2,2,9
2024-08-25,F03,D340,14,5,5,8
2024-08-26,F01,D110,36,5,3,30
2024-08-26,F01,D111,32,5,4,32
2024-08-26,F01,D120,24,0,0,19
2024-08-26,F01,D130,20,5,4,18
2024-08-26,F01,D140,22,8,4,17
2024-08-26,F01,D150,18,5,4,15
2024-08-26,F01,D160,16,3,2,11
2024-08-26,F01,D170,20,8,6,13
2024-08-26,F01,D180,14,2,1,7
2024-08-26,F01,D190,18,1,0,18
2024-08-26,F01,D195,12,9,8,7
2024-08-26,F02,D210,28,5,4,24
2024-08-26,F02,D230,8,2,2,6
2024-08-26,F02,D270,10,4,3,5
2024-08-26,F03,D310,30,7,7,24
2024-08-26,F03,D320,16,4,3,14
2024-08-26,F03,D330,12,4,4,9
2024-08-26,F03,D340,14,1,0,9
2024-08-27,F01,D110,36,9,7,32
2024-08-27,F01,D111,32,10,10,32
2024-08-27,F01,D120,24,11,11,19
2024-08-27,F01,D130,20,4,5,17
2024-08-27,F01,D140,22,2,1,18
2024-08-27,F01,D150,18,3,3,15
2024-08-27,F01,D160,16,2,1,12
2024-08-27,F01,D170,20,7,7,13
2024-08-27,F01,D180,14,3,3,7
2024-08-27,F01,D190,18,3,3,18
2024-08-27,F01,D195,12,6,5,8
2024-08-27,F02,D210,28,8,8,24
2024-08-27,F02,D230,8,3,3,6
2024-08-27,F02,D270,10,1,0,6
2024-08-27,F03,D310,30,12,12,24
2024-08-27,F03,D320,16,4,3,15
2024-08-27,F03,D330,12,3,2,10
2024-08-27,F03,D340,14,4,3,10
2024-08-28,F01,D110,36,5,4,33
2024-08-28,F01,D111,32,9,10,31
2024-08-28,F01,D120,24,3,1,21
2024-08-28,F01,D130,20,2,3,16
2024-08-28,F01,D140,22,5,6,17
2024-08-28,F01,D150,18,3,3,15
2024-08-28,F01,D160,16,6,6,12
2024-08-28,F01,D170,20,7,5,15
2024-08-28,F01,D180,14,1,2,6
2024-08-28,F01,D190,18,0,1,17
2024-08-28,F01,D195,12,5,5,8
2024-08-28,F02,D210,28,6,6,24
2024-08-28,F02,D230,8,3,3,6
2024-08-28,F02,D270,10,6,6,6
2024-08-28,F03,D310,30,7,6,25
2024-08-28,F03,D320,16,6,7,14
2024-08-28,F03,D330,12,4,4,10
2024-08-28,F03,D340,14,5,5,10
2024-08-29,F01,D110,36,7,9,31
2024-08-29,F01,D111,32,6,5,32
2024-08-29,F01,D120,24,7,8,20
2024-08-29,F01,D130,20,4,4,16
2024-08-29,F01,D140,22,8,7,18
2024-08-29,F01,D150,18,3,4,14
2024-08-29,F01,D160,16,5,5,12
2024-08-29,F01,D170,20,5,5,15
2024-08-29,F01,D180,14,0,0,6
2024-08-29,F01,D190,18,4,5,16
2024-08-29,F01,D195,12,8,8,8
2024-08-29,F02,D210,28,8,8,24
2024-08-29,F02,D230,8,3,3,6
2024-08-29,F02,D270,10,0,0,6
2024-08-29,F03,D310,30,9,7,27
2024-08-29,F03,D320,16,9,9,14
2024-08-29,F03,D330,12,5,5,10
2024-08-29,F03,D340,14,4,4,10
2024-08-30,F01,D110,36,1,2,30
2024-08-30,F01,D111,32,6,8,30
2024-08-30,F01,D120,24,9,9,20
2024-08-30,F01,D130,20,2,2,16
2024-08-30,F01,D140,22,10,12,16
2024-08-30,F01,D150,18,5,4,15
2024-08-30,F01,D160,16,3,2,13
2024-08-30,F01,D170,20,7,8,14
2024-08-30,F01,D180,14,1,0,7
2024-08-30,F01,D190,18,3,2,17
2024-08-30,F01,D195,12,10,11,7
2024-08-30,F02,D210,28,4,4,24
2024-08-30,F02,D230,8,2,2,6
2024-08-30,F02,D270,10,2,2,6
2024-08-30,F03,D310,30,3,5,25
2024-08-30,F03,D320,16,3,4,13
2024-08-30,F03,D330,12,5,5,10
2024-08-30,F03,D340,14,4,4,10
2024-08-31,F01,D110,36,2,2,30
2024-08-31,F01,D111,32,8,9,29
2024-08-31,F01,D120,24,10,11,19
2024-08-31,F01,D130,20,7,6,17
2024-08-31,F01,D140,22,1,3,14
2024-08-31,F01,D150,18,1,3,13
2024-08-31,F01,D160,16,1,1,13
2024-08-31,F01,D170,20,6,8,12
2024-08-31,F01,D180,14,3,3,7
2024-08-31,F01,D190,18,1,0,18
2024-08-31,F01,D195,12,4,5,6
2024-08-31,F02,D210,28,6,8,22
2024-08-31,F02,D230,8,2,1,7
2024-08-31,F02,D270,10,6,7,5
2024-08-31,F03,D310,30,4,6,23
2024-08-31,F03,D320,16,4,5,12
2024-08-31,F03,D330,12,4,4,10
2024-08-31,F03,D340,14,3,6,7
2024-09-01,F01,D110,36,6,7,29
2024-09-01,F01,D111,32,6,8,27
2024-09-01,F01,D120,24,8,7,20
2024-09-01,F01,D130,20,9,8,18
2024-09-01,F01,D140,22,5,5,14
2024-09-01,F01,D150,18,1,0,14
2024-09-01,F01,D160,16,6,6,13
2024-09-01,F01,D170,20,6,6,12
2024-09-01,F01,D180,14,3,2,8
2024-09-01,F01,D190,18,5,6,17
2024-09-01,F01,D195,12,7,6,7
2024-09-01,F02,D210,28,6,5,23
2024-09-01,F02,D230,8,3,4,6
2024-09-01,F02,D270,10,3,3,5
2024-09-01,F03,D310,30,7,6,24
2024-09-01,F03,D320,16,3,3,12
2024-09-01,F03,D330,12,3,3,10
2024-09-01,F03,D340,14,0,0,7
2024-09-02,F01,D110,36,3,3,29
2024-09-02,F01,D111,32,10,7,30
2024-09-02,F01,D120,24,8,7,21
2024-09-02,F01,D130,20,6,7,17
2024-09-02,F01,D140,22,6,4,16
2024-09-02,F01,D150,18,3,2,15
2024-09-02,F01,D160,16,2,0,15
2024-09-02,F01,D170,20,7,7,12
2024-09-02,F01,D180,14,1,1,8
2024-09-02,F01,D190,18,3,3,17
2024-09-02,F01,D195,12,9,9,7
2024-09-02,F02,D210,28,7,7,23
2024-09-02,F02,D230,8,3,2,7
2024-09-02,F02,D270,10,1,1,5
2024-09-02,F03,D310,30,4,5,23
2024-09-02,F03,D320,16,3,2,13
2024-09-02,F03,D330,12,5,5,10
2024-09-02,F03,D340,14,2,0,9
2024-09-03,F01,D110,36,5,3,31
2024-09-03,F01,D111,32,5,6,29
2024-09-03,F01,D120,24,6,7,20
2024-09-03,F01,D130,20,8,8,17
2024-09-03,F01,D140,22,2,0,18
2024-09-03,F01,D150,18,3,3,15
2024-09-03,F01,D160,16,5,6,14
2024-09-03,F01,D170,20,9,7,14
2024-09-03,F01,D180,14,1,1,8
2024-09-03,F01,D190,18,1,1,17
2024-09-03,F01,D195,12,3,2,8
2024-09-03,F02,D210,28,4,4,23
2024-09-03,F02,D230,8,2,2,7
2024-09-03,F02,D270,10,2,2,5
2024-09-03,F03,D310,30,4,1,26
2024-09-03,F03,D320,16,4,3,14
2024-09-03,F03,D330,12,9,9,10
2024-09-03,F03,D340,14,3,1,11
2024-09-04,F01,D110,36,11,11,31
2024-09-04,F01,D111,32,8,8,29
2024-09-04,F01,D120,24,7,6,21
2024-09-04,F01,D130,20,6,6,17
2024-09-04,F01,D140,22,5,7,16
2024-09-04,F01,D150,18,2,2,15
2024-09-04,F01,D160,16,1,3,12
2024-09-04,F01,D170,20,5,5,14
2024-09-04,F01,D180,14,4,5,7
2024-09-04,F01,D190,18,3,3,17
2024-09-04,F01,D195,12,4,3,9
2024-09-04,F02,D210,28,4,2,25
2024-09-04,F02,D230,8,1,2,6
2024-09-04,F02,D270,10,3,2,6
2024-09-04,F03,D310,30,4,4,26
2024-09-04,F03,D320,16,6,5,15
2024-09-04,F03,D330,12,6,6,10
2024-09-04,F03,D340,14,3,3,11
2024-09-05,F01,D110,36,6,5,32
2024-09-05,F01,D111,32,11,10,30
2024-09-05,F01,D120,24,9,9,21
2024-09-05,F01,D130,20,8,8,17
2024-09-05,F01,D140,22,9,8,17
2024-09-05,F01,D150,18,5,6,14
2024-09-05,F01,D160,16,4,4,12
2024-09-05,F01,D170,20,6,5,15
2024-09-05,F01,D180,14,1,1,7
2024-09-05,F01,D190,18,4,4,17
2024-09-05,F01,D195,12,1,1,9
2024-09-05,F02,D210,28,7,8,24
2024-09-05,F02,D230,8,2,2,6
2024-09-05,F02,D270,10,1,2,5
2024-09-05,F03,D310,30,6,5,27
2024-09-05,F03,D320,16,3,4,14
2024-09-05,F03,D330,12,3,4,9
2024-09-05,F03,D340,14,1,1,11
2024-09-06,F01,D110,36,6,3,35
2024-09-06,F01,D111,32,9,9,30
2024-09-06,F01,D120,24,8,9,20
2024-09-06,F01,D130,20,5,6,16
2024-09-06,F01,D140,22,0,1,16
2024-09-06,F01,D150,18,3,2,15
2024-09-06,F01,D160,16,4,4,12
2024-09-06,F01,D170,20,7,8,14
2024-09-06,F01,D180,14,3,2,8
2024-09-06,F01,D190,18,0,0,17
2024-09-06,F01,D195,12,8,9,8
2024-09-06,F02,D210,28,8,8,24
2024-09-06,F02,D230,8,1,1,6
2024-09-06,F02,D270,10,3,3,5
2024-09-06,F03,D310,30,7,7,27
2024-09-06,F03,D320,16,4,4,14
2024-09-06,F03,D330,12,2,2,9
2024-09-06,F03,D340,14,5,6,10
2024-09-07,F01,D110,36,1,3,33
2024-09-07,F01,D111,32,4,5,29
2024-09-07,F01,D120,24,1,3,18
2024-09-07,F01,D130,20,7,6,17
2024-09-07,F01,D140,22,4,7,13
2024-09-07,F01,D150,18,2,4,13
2024-09-07,F01,D160,16,4,3,13
2024-09-07,F01,D170,20,3,4,13
2024-09-07,F01,D180,14,5,5,8
2024-09-07,F01,D190,18,3,3,17
2024-09-07,F01,D195,12,11,11,8
2024-09-07,F02,D210,28,6,5,25
2024-09-07,F02,D230,8,0,0,6
2024-09-07,F02,D270,10,4,4,5
2024-09-07,F03,D310,30,6,8,25
2024-09-07,F03,D320,16,5,5,14
2024-09-07,F03,D330,12,4,5,8
2024-09-07,F03,D340,14,5,7,8
2024-09-08,F01,D110,36,9,7,35
2024-09-08,F01,D111,32,8,9,28
2024-09-08,F01,D120,24,1,0,19
2024-09-08,F01,D130,20,3,2,18
2024-09-08,F01,D140,22,9,8,14
2024-09-08,F01,D150,18,1,0,14
2024-09-08,F01,D160,16,6,6,13
2024-09-08,F01,D170,20,6,6,13
2024-09-08,F01,D180,14,1,1,8
2024-09-08,F01,D190,18,2,3,16
2024-09-08,F01,D195,12,9,10,7
2024-09-08,F02,D210,28,5,6,24
2024-09-08,F02,D230,8,3,3,6
2024-09-08,F02,D270,10,1,2,4
2024-09-08,F03,D310,30,4,3,26
2024-09-08,F03,D320,16,3,4,13
2024-09-08,F03,D330,12,5,4,9
2024-09-08,F03,D340,14,3,4,7
2024-09-09,F01,D110,36,8,9,34
2024-09-09,F01,D111,32,3,4,27
2024-09-09,F01,D120,24,6,6,19
2024-09-09,F01,D130,20,2,2,18
2024-09-09,F01,D140,22,6,3,17
2024-09-09,F01,D150,18,5,5,14
2024-09-09,F01,D160,16,5,5,13
2024-09-09,F01,D170,20,9,9,13
2024-09-09,F01,D180,14,5,5,8
2024-09-09,F01,D190,18,3,3,16
2024-09-09,F01,D195,12,8,7,8
2024-09-09,F02,D210,28,5,7,22
2024-09-09,F02,D230,8,2,2,6
2024-09-09,F02,D270,10,2,1,5
2024-09-09,F03,D310,30,6,3,29
2024-09-09,F03,D320,16,3,3,13
2024-09-09,F03,D330,12,2,2,9
2024-09-09,F03,D340,14,2,0,9
2024-09-10,F01,D110,36,11,11,34
2024-09-10,F01,D111,32,4,4,27
2024-09-10,F01,D120,24,9,9,19
2024-09-10,F01,D130,20,4,5,17
2024-09-10,F01,D140,22,7,5,19
2024-09-10,F01,D150,18,3,3,14
2024-09-10,F01,D160,16,0,0,13
2024-09-10,F01,D170,20,6,7,12
2024-09-10,F01,D180,14,4,5,7
2024-09-10,F01,D190,18,0,1,15
2024-09-10,F01,D195,12,3,2,9
2024-09-10,F02,D210,28,7,7,22
2024-09-10,F02,D230,8,1,1,6
2024-09-10,F02,D270,10,3,3,5
2024-09-10,F03,D310,30,3,5,27
2024-09-10,F03,D320,16,4,3,14
2024-09-10,F03,D330,12,4,3,10
2024-09-10,F03,D340,14,8,6,11
2024-09-11,F01,D110,36,8,9,33
2024-09-11,F01,D111,32,8,6,29
2024-09-11,F01,D120,24,8,9,18
2024-09-11,F01,D130,20,0,0,17
2024-09-11,F01,D140,22,4,4,19
2024-09-11,F01,D150,18,5,5,14
2024-09-11,F01,D160,16,4,5,12
2024-09-11,F01,D170,20,6,6,12
2024-09-11,F01,D180,14,3,3,7
2024-09-11,F01,D190,18,3,3,15
2024-09-11,F01,D195,12,4,5,8
2024-09-11,F02,D210,28,10,10,22
2024-09-11,F02,D230,8,0,0,6
2024-09-11,F02,D270,10,5,5,5
2024-09-11,F03,D310,30,6,7,26
2024-09-11,F03,D320,16,7,7,14
2024-09-11,F03,D330,12,5,6,9
2024-09-11,F03,D340,14,2,3,10
2024-09-12,F01,D110,36,10,10,33
2024-09-12,F01,D111,32,8,7,30
2024-09-12,F01,D120,24,3,1,20
2024-09-12,F01,D130,20,7,8,16
2024-09-12,F01,D140,22,7,8,18
2024-09-12,F01,D150,18,0,1,13
2024-09-12,F01,D160,16,3,2,13
2024-09-12,F01,D170,20,6,6,12
2024-09-12,F01,D180,14,4,4,7
2024-09-12,F01,D190,18,3,4,14
2024-09-12,F01,D195,12,10,9,9
2024-09-12,F02,D210,28,7,6,23
2024-09-12,F02,D230,8,4,4,6
2024-09-12,F02,D270,10,1,1,5
2024-09-12,F03,D310,30,6,8,24
2024-09-12,F03,D320,16,5,4,15
2024-09-12,F03,D330,12,2,2,9
2024-09-12,F03,D340,14,5,4,11
2024-09-13,F01,D110,36,9,9,33
2024-09-13,F01,D111,32,7,6,31
2024-09-13,F01,D120,24,3,2,21
2024-09-13,F01,D130,20,3,4,15
2024-09-13,F01,D140,22,12,12,18
2024-09-13,F01,D150,18,6,6,13
2024-09-13,F01,D160,16,5,6,12
2024-09-13,F01,D170,20,5,5,12
2024-09-13,F01,D180,14,5,5,7
2024-09-13,F01,D190,18,1,1,14
2024-09-13,F01,D195,12,11,11,9
2024-09-13,F02,D210,28,8,6,25
2024-09-13,F02,D230,8,1,1,6
2024-09-13,F02,D270,10,1,1,5
2024-09-13,F03,D310,30,1,1,24
2024-09-13,F03,D320,16,6,7,14
2024-09-13,F03,D330,12,0,1,8
2024-09-13,F03,D340,14,7,8,10
2024-09-14,F01,D110,36,3,3,33
2024-09-14,F01,D111,32,5,8,28
2024-09-14,F01,D120,24,8,9,20
2024-09-14,F01,D130,20,3,2,16
2024-09-14,F01,D140,22,3,6,15
2024-09-14,F01,D150,18,2,3,12
2024-09-14,F01,D160,16,5,6,11
2024-09-14,F01,D170,20,3,5,10
2024-09-14,F01,D180,14,4,3,8
2024-09-14,F01,D190,18,5,6,13
2024-09-14,F01,D195,12,7,8,8
2024-09-14,F02,D210,28,6,7,24
2024-09-14,F02,D230,8,2,2,6
2024-09-14,F02,D270,10,1,2,4
2024-09-14,F03,D310,30,11,11,24
2024-09-14,F03,D320,16,5,6,13
2024-09-14,F03,D330,12,3,2,9
2024-09-14,F03,D340,14,1,4,7
2024-09-15,F01,D110,36,6,7,32
2024-09-15,F01,D111,32,4,4,28
2024-09-15,F01,D120,24,4,4,20
2024-09-15,F01,D130,20,8,9,15
2024-09-15,F01,D140,22,4,5,14
2024-09-15,F01,D150,18,3,1,14
2024-09-15,F01,D160,16,1,0,12
2024-09-15,F01,D170,20,1,0,11
2024-09-15,F01,D180,14,4,4,8
2024-09-15,F01,D190,18,1,0,14
2024-09-15,F01,D195,12,6,7,7
2024-09-15,F02,D210,28,6,6,24
2024-09-15,F02,D230,8,1,1,6
2024-09-15,F02,D270,10,0,0,4
2024-09-15,F03,D310,30,1,1,24
2024-09-15,F03,D320,16,5,5,13
2024-09-15,F03,D330,12,3,2,10
2024-09-15,F03,D340,14,4,3,8
2024-09-16,F01,D110,36,2,0,34
2024-09-16,F01,D111,32,5,5,28
2024-09-16,F01,D120,24,4,2,22
2024-09-16,F01,D130,20,6,7,14
2024-09-16,F01,D140,22,3,2,15
2024-09-16,F01,D150,18,2,2,14
2024-09-16,F01,D160,16,5,5,12
2024-09-16,F01,D170,20,7,6,12
2024-09-16,F01,D180,14,4,4,8
2024-09-16,F01,D190,18,2,1,15
2024-09-16,F01,D195,12,9,9,7
2024-09-16,F02,D210,28,6,7,23
2024-09-16,F02,D230,8,1,1,6
2024-09-16,F02,D270,10,1,0,5
2024-09-16,F03,D310,30,7,7,24
2024-09-16,F03,D320,16,5,5,13
2024-09-16,F03,D330,12,1,1,10
2024-09-16,F03,D340,14,4,2,10
2024-09-17,F01,D110,36,5,4,35
2024-09-17,F01,D111,32,5,6,27
2024-09-17,F01,D120,24,7,7,22
2024-09-17,F01,D130,20,8,7,15
2024-09-17,F01,D140,22,10,8,17
2024-09-17,F01,D150,18,3,2,15
2024-09-17,F01,D160,16,1,0,13
2024-09-17,F01,D170,20,8,8,12
2024-09-17,F01,D180,14,2,1,9
2024-09-17,F01,D190,18,0,0,15
2024-09-17,F01,D195,12,8,7,8
2024-09-17,F02,D210,28,5,4,24
2024-09-17,F02,D230,8,3,3,6
2024-09-17,F02,D270,10,2,1,6
2024-09-17,F03,D310,30,3,1,26
2024-09-17,F03,D320,16,5,6,12
2024-09-17,F03,D330,12,2,3,9
2024-09-17,F03,D340,14,3,2,11
2024-09-18,F01,D110,36,11,10,36
2024-09-18,F01,D111,32,9,9,27
2024-09-18,F01,D120,24,6,6,22
2024-09-18,F01,D130,20,2,2,15
2024-09-18,F01,D140,22,6,6,17
2024-09-18,F01,D150,18,0,0,15
2024-09-18,F01,D160,16,7,7,13
2024-09-18,F01,D170,20,7,6,13
2024-09-18,F01,D180,14,0,1,8
2024-09-18,F01,D190,18,1,0,16
2024-09-18,F01,D195,12,8,7,9
2024-09-18,F02,D210,28,4,3,25
2024-09-18,F02,D230,8,0,0,6
2024-09-18,F02,D270,10,0,0,6
2024-09-18,F03,D310,30,4,5,25
2024-09-18,F03,D320,16,4,5,11
2024-09-18,F03,D330,12,0,0,9
2024-09-18,F03,D340,14,1,0,12
2024-09-19,F01,D110,36,7,9,34
2024-09-19,F01,D111,32,11,11,27
2024-09-19,F01,D120,24,9,11,20
2024-09-19,F01,D130,20,5,5,15
2024-09-19,F01,D140,22,4,2,19
2024-09-19,F01,D150,18,1,1,15
2024-09-19,F01,D160,16,3,4,12
2024-09-19,F01,D170,20,7,9,11
2024-09-19,F01,D180,14,2,2,8
2024-09-19,F01,D190,18,0,0,16
2024-09-19,F01,D195,12,7,7,9
2024-09-19,F02,D210,28,8,8,25
2024-09-19,F02,D230,8,1,1,6
2024-09-19,F02,D270,10,1,2,5
2024-09-19,F03,D310,30,11,11,25
2024-09-19,F03,D320,16,5,4,12
2024-09-19,F03,D330,12,2,1,10
2024-09-19,F03,D340,14,4,4,12
2024-09-20,F01,D110,36,11,10,35
2024-09-20,F01,D111,32,11,11,27
2024-09-20,F01,D120,24,5,6,19
2024-09-20,F01,D130,20,4,4,15
2024-09-20,F01,D140,22,3,6,16
2024-09-20,F01,D150,18,2,4,13
2024-09-20,F01,D160,16,5,6,11
2024-09-20,F01,D170,20,5,6,10
2024-09-20,F01,D180,14,3,3,8
2024-09-20,F01,D190,18,3,3,16
2024-09-20,F01,D195,12,7,7,9
2024-09-20,F02,D210,28,3,3,25
2024-09-20,F02,D230,8,0,1,5
2024-09-20,F02,D270,10,3,3,5
2024-09-20,F03,D310,30,5,6,24
2024-09-20,F03,D320,16,6,6,12
2024-09-20,F03,D330,12,0,0,10
2024-09-20,F03,D340,14,4,5,11
2024-09-21,F01,D110,36,6,7,34
2024-09-21,F01,D111,32,3,5,25
2024-09-21,F01,D120,24,10,10,19
2024-09-21,F01,D130,20,1,0,16
2024-09-21,F01,D140,22,3,6,13
2024-09-21,F01,D150,18,3,3,13
2024-09-21,F01,D160,16,2,2,11
2024-09-21,F01,D170,20,7,8,9
2024-09-21,F01,D180,14,3,5,6
2024-09-21,F01,D190,18,4,4,16
2024-09-21,F01,D195,12,11,12,8
2024-09-21,F02,D210,28,8,10,23
2024-09-21,F02,D230,8,4,3,6
2024-09-21,F02,D270,10,3,3,5
2024-09-21,F03,D310,30,3,3,24
2024-09-21,F03,D320,16,4,3,13
2024-09-21,F03,D330,12,3,3,10
2024-09-21,F03,D340,14,4,5,10
2024-09-22,F01,D110,36,9,8,35
2024-09-22,F01,D111,32,4,3,26
2024-09-22,F01,D120,24,1,1,19
2024-09-22,F01,D130,20,5,5,16
2024-09-22,F01,D140,22,10,10,13
2024-09-22,F01,D150,18,4,4,13
2024-09-22,F01,D160,16,1,0,12
2024-09-22,F01,D170,20,7,6,10
2024-09-22,F01,D180,14,2,1,7
2024-09-22,F01,D190,18,2,2,16
2024-09-22,F01,D195,12,10,10,8
2024-09-22,F02,D210,28,8,8,23
2024-09-22,F02,D230,8,3,3,6
2024-09-22,F02,D270,10,4,4,5
2024-09-22,F03,D310,30,9,8,25
2024-09-22,F03,D320,16,0,0,13
2024-09-22,F03,D330,12,1,1,10
2024-09-22,F03,D340,14,2,3,9
2024-09-23,F01,D110,36,6,7,34
2024-09-23,F01,D111,32,9,9,26
2024-09-23,F01,D120,24,7,5,21
2024-09-23,F01,D130,20,4,5,15
2024-09-23,F01,D140,22,7,4,16
2024-09-23,F01,D150,18,3,2,14
2024-09-23,F01,D160,16,1,1,12
2024-09-23,F01,D170,20,8,6,12
2024-09-23,F01,D180,14,2,2,7
2024-09-23,F01,D190,18,2,2,16
2024-09-23,F01,D195,12,7,7,8
2024-09-23,F02,D210,28,4,5,22
2024-09-23,F02,D230,8,1,1,6
2024-09-23,F02,D270,10,4,4,5
2024-09-23,F03,D310,30,4,4,25
2024-09-23,F03,D320,16,5,5,13
2024-09-23,F03,D330,12,0,0,10
2024-09-23,F03,D340,14,3,1,11
2024-09-24,F01,D110,36,7,7,34
2024-09-24,F01,D111,32,6,5,27
2024-09-24,F01,D120,24,3,5,19
2024-09-24,F01,D130,20,8,8,15
2024-09-24,F01,D140,22,5,4,17
2024-09-24,F01,D150,18,2,4,12
2024-09-24,F01,D160,16,3,2,13
2024-09-24,F01,D170,20,3,2,13
2024-09-24,F01,D180,14,7,7,7
2024-09-24,F01,D190,18,2,2,16
2024-09-24,F01,D195,12,9,9,8
2024-09-24,F02,D210,28,8,9,21
2024-09-24,F02,D230,8,2,2,6
2024-09-24,F02,D270,10,5,5,5
2024-09-24,F03,D310,30,4,7,22
2024-09-24,F03,D320,16,1,1,13
2024-09-24,F03,D330,12,2,2,10
2024-09-24,F03,D340,14,4,4,11
2024-09-25,F01,D110,36,8,10,32
2024-09-25,F01,D111,32,3,2,28
2024-09-25,F01,D120,24,5,6,18
2024-09-25,F01,D130,20,4,4,15
2024-09-25,F01,D140,22,5,4,18
2024-09-25,F01,D150,18,1,0,13
2024-09-25,F01,D160,16,6,6,13
2024-09-25,F01,D170,20,6,7,12
2024-09-25,F01,D180,14,4,4,7
2024-09-25,F01,D190,18,1,0,17
2024-09-25,F01,D195,12,4,3,9
2024-09-25,F02,D210,28,7,8,20
2024-09-25,F02,D230,8,3,3,6
2024-09-25,F02,D270,10,2,2,5
2024-09-25,F03,D310,30,9,8,23
2024-09-25,F03,D320,16,4,3,14
2024-09-25,F03,D330,12,0,0,10
2024-09-25,F03,D340,14,2,2,11
2024-09-26,F01,D110,36,10,9,33
2024-09-26,F01,D111,32,7,9,26
2024-09-26,F01,D120,24,4,3,19
2024-09-26,F01,D130,20,5,4,16
2024-09-26,F01,D140,22,5,5,18
2024-09-26,F01,D150,18,4,4,13
2024-09-26,F01,D160,16,3,4,12
2024-09-26,F01,D170,20,5,5,12
2024-09-26,F01,D180,14,5,5,7
2024-09-26,F01,D190,18,2,3,16
2024-09-26,F01,D195,12,7,7,9
2024-09-26,F02,D210,28,5,4,21
2024-09-26,F02,D230,8,3,3,6
2024-09-26,F02,D270,10,3,3,5
2024-09-26,F03,D310,30,3,2,24
2024-09-26,F03,D320,16,5,6,13
2024-09-26,F03,D330,12,1,1,10
2024-09-26,F03,D340,14,2,3,10
2024-09-27,F01,D110,36,8,10,31
2024-09-27,F01,D111,32,2,4,24
2024-09-27,F01,D120,24,5,5,19
2024-09-27,F01,D130,20,2,1,17
2024-09-27,F01,D140,22,5,5,18
2024-09-27,F01,D150,18,6,5,14
2024-09-27,F01,D160,16,5,5,12
2024-09-27,F01,D170,20,5,6,11
2024-09-27,F01,D180,14,3,3,7
2024-09-27,F01,D190,18,1,1,16
2024-09-27,F01,D195,12,11,11,9
2024-09-27,F02,D210,28,7,7,21
2024-09-27,F02,D230,8,3,3,6
2024-09-27,F02,D270,10,0,0,5
2024-09-27,F03,D310,30,6,6,24
2024-09-27,F03,D320,16,0,1,12
2024-09-27,F03,D330,12,2,2,10
2024-09-27,F03,D340,14,6,7,9
2024-09-28,F01,D110,36,4,3,32
2024-09-28,F01,D111,32,8,8,24
2024-09-28,F01,D120,24,9,8,20
2024-09-28,F01,D130,20,4,4,17
2024-09-28,F01,D140,22,7,8,17
2024-09-28,F01,D150,18,1,3,12
2024-09-28,F01,D160,16,3,3,12
2024-09-28,F01,D170,20,6,6,11
2024-09-28,F01,D180,14,3,3,7
2024-09-28,F01,D190,18,1,0,17
2024-09-28,F01,D195,12,3,4,8
2024-09-28,F02,D210,28,5,4,22
2024-09-28,F02,D230,8,2,3,5
2024-09-28,F02,D270,10,1,1,5
2024-09-28,F03,D310,30,4,4,24
2024-09-28,F03,D320,16,3,3,12
2024-09-28,F03,D330,12,6,6,10
2024-09-28,F03,D340,14,5,6,8
2024-09-29,F01,D110,36,8,11,29
2024-09-29,F01,D111,32,7,7,24
2024-09-29,F01,D120,24,8,8,20
2024-09-29,F01,D130,20,3,3,17
2024-09-29,F01,D140,22,4,4,17
2024-09-29,F01,D150,18,3,3,12
2024-09-29,F01,D160,16,2,2,12
2024-09-29,F01,D170,20,7,8,10
2024-09-29,F01,D180,14,4,3,8
2024-09-29,F01,D190,18,0,0,17
2024-09-29,F01,D195,12,12,12,8
2024-09-29,F02,D210,28,1,1,22
2024-09-29,F02,D230,8,2,1,6
2024-09-29,F02,D270,10,3,2,6
2024-09-29,F03,D310,30,5,4,25
2024-09-29,F03,D320,16,4,5,11
2024-09-29,F03,D330,12,6,6,10
2024-09-29,F03,D340,14,0,1,7
2024-09-30,F01,D110,36,9,8,30
2024-09-30,F01,D111,32,5,2,27
2024-09-30,F01,D120,24,12,9,23
2024-09-30,F01,D130,20,6,6,17
2024-09-30,F01,D140,22,12,11,18
2024-09-30,F01,D150,18,0,0,12
2024-09-30,F01,D160,16,2,2,12
2024-09-30,F01,D170,20,5,4,11
2024-09-30,F01,D180,14,4,5,7
2024-09-30,F01,D190,18,3,4,16
2024-09-30,F01,D195,12,8,8,8
2024-09-30,F02,D210,28,7,5,24
2024-09-30,F02,D230,8,1,2,5
2024-09-30,F02,D270,10,3,3,6
2024-09-30,F03,D310,30,11,9,27
2024-09-30,F03,D320,16,1,0,12
2024-09-30,F03,D330,12,1,1,10
2024-09-30,F03,D340,14,7,5,9
2024-10-01,F01,D110,36,4,4,30
2024-10-01,F01,D111,32,4,6,25
2024-10-01,F01,D120,24,4,6,21
2024-10-01,F01,D130,20,4,5,16
2024-10-01,F01,D140,22,8,6,20
2024-10-01,F01,D150,18,5,4,13
2024-10-01,F01,D160,16,6,5,13
2024-10-01,F01,D170,20,6,6,11
2024-10-01,F01,D180,14,4,4,7
2024-10-01,F01,D190,18,1,0,17
2024-10-01,F01,D195,12,10,10,8
2024-10-01,F02,D210,28,10,10,24
2024-10-01,F02,D230,8,1,0,6
2024-10-01,F02,D270,10,3,3,6
2024-10-01,F03,D310,30,9,10,26
2024-10-01,F03,D320,16,3,2,13
2024-10-01,F03,D330,12,4,4,10
2024-10-01,F03,D340,14,7,6,10
2024-10-02,F01,D110,36,9,8,31
2024-10-02,F01,D111,32,0,1,24
2024-10-02,F01,D120,24,7,8,20
2024-10-02,F01,D130,20,5,6,15
2024-10-02,F01,D140,22,8,8,20
2024-10-02,F01,D150,18,3,4,12
2024-10-02,F01,D160,16,1,2,12
2024-10-02,F01,D170,20,4,3,12
2024-10-02,F01,D180,14,4,4,7
2024-10-02,F01,D190,18,0,0,17
2024-10-02,F01,D195,12,9,9,8
2024-10-02,F02,D210,28,5,6,23
2024-10-02,F02,D230,8,1,1,6
2024-10-02,F02,D270,10,3,3,6
2024-10-02,F03,D310,30,7,5,28
2024-10-02,F03,D320,16,4,4,13
2024-10-02,F03,D330,12,4,4,10
2024-10-02,F03,D340,14,2,2,10
2024-10-03,F01,D110,36,3,4,30
2024-10-03,F01,D111,32,4,3,25
2024-10-03,F01,D120,24,5,4,21
2024-10-03,F01,D130,20,3,3,15
2024-10-03,F01,D140,22,11,12,19
2024-10-03,F01,D150,18,3,3,12
2024-10-03,F01,D160,16,5,5,12
2024-10-03,F01,D170,20,7,8,11
2024-10-03,F01,D180,14,0,0,7
2024-10-03,F01,D190,18,6,6,17
2024-10-03,F01,D195,12,11,11,8
2024-10-03,F02,D210,28,8,9,22
2024-10-03,F02,D230,8,2,2,6
2024-10-03,F02,D270,10,1,1,6
2024-10-03,F03,D310,30,11,10,29
2024-10-03,F03,D320,16,4,4,13
2024-10-03,F03,D330,12,6,5,11
2024-10-03,F03,D340,14,5,4,11
2024-10-04,F01,D110,36,9,8,31
2024-10-04,F01,D111,32,6,6,25
2024-10-04,F01,D120,24,2,3,20
2024-10-04,F01,D130,20,4,5,14
2024-10-04,F01,D140,22,4,6,17
2024-10-04,F01,D150,18,2,1,13
2024-10-04,F01,D160,16,1,1,12
2024-10-04,F01,D170,20,3,3,11
2024-10-04,F01,D180,14,4,4,7
2024-10-04,F01,D190,18,1,2,16
2024-10-04,F01,D195,12,8,9,7
2024-10-04,F02,D210,28,6,6,22
2024-10-04,F02,D230,8,2,2,6
2024-10-04,F02,D270,10,1,1,6
2024-10-04,F03,D310,30,7,8,28
2024-10-04,F03,D320,16,3,3,13
2024-10-04,F03,D330,12,4,4,11
2024-10-04,F03,D340,14,6,6,11
2024-10-05,F01,D110,36,9,10,30
2024-10-05,F01,D111,32,3,4,24
2024-10-05,F01,D120,24,8,9,19
2024-10-05,F01,D130,20,0,0,14
2024-10-05,F01,D140,22,5,7,15
2024-10-05,F01,D150,18,2,2,13
2024-10-05,F01,D160,16,4,4,12
2024-10-05,F01,D170,20,3,3,11
2024-10-05,F01,D180,14,1,2,6
2024-10-05,F01,D190,18,2,2,16
2024-10-05,F01,D195,12,5,5,7
2024-10-05,F02,D210,28,6,7,21
2024-10-05,F02,D230,8,6,6,6
2024-10-05,F02,D270,10,1,2,5
2024-10-05,F03,D310,30,6,9,25
2024-10-05,F03,D320,16,6,6,13
2024-10-05,F03,D330,12,4,5,10
2024-10-05,F03,D340,14,1,3,9
2024-10-06,F01,D110,36,8,7,31
2024-10-06,F01,D111,32,6,5,25
2024-10-06,F01,D120,24,6,7,18
2024-10-06,F01,D130,20,2,2,14
2024-10-06,F01,D140,22,6,6,15
2024-10-06,F01,D150,18,1,0,14
2024-10-06,F01,D160,16,3,3,12
2024-10-06,F01,D170,20,8,8,11
2024-10-06,F01,D180,14,1,1,6
2024-10-06,F01,D190,18,1,2,15
2024-10-06,F01,D195,12,6,6,7
2024-10-06,F02,D210,28,9,7,23
2024-10-06,F02,D230,8,2,2,6
2024-10-06,F02,D270,10,4,4,5
2024-10-06,F03,D310,30,5,4,26
2024-10-06,F03,D320,16,7,8,12
2024-10-06,F03,D330,12,4,4,10
2024-10-06,F03,D340,14,1,1,9
2024-10-07,F01,D110,36,3,3,31
2024-10-07,F01,D111,32,5,2,28
2024-10-07,F01,D120,24,5,4,19
2024-10-07,F01,D130,20,5,5,14
2024-10-07,F01,D140,22,6,4,17
2024-10-07,F01,D150,18,3,4,13
2024-10-07,F01,D160,16,2,2,12
2024-10-07,F01,D170,20,7,7,11
2024-10-07,F01,D180,14,3,1,8
2024-10-07,F01,D190,18,1,2,14
2024-10-07,F01,D195,12,6,5,8
2024-10-07,F02,D210,28,5,6,22
2024-10-07,F02,D230,8,3,2,7
2024-10-07,F02,D270,10,2,1,6
2024-10-07,F03,D310,30,9,10,25
2024-10-07,F03,D320,16,3,2,13
2024-10-07,F03,D330,12,3,3,10
2024-10-07,F03,D340,14,3,3,9
2024-10-08,F01,D110,36,6,5,32
2024-10-08,F01,D111,32,9,10,27
2024-10-08,F01,D120,24,7,8,18
2024-10-08,F01,D130,20,6,5,15
2024-10-08,F01,D140,22,4,2,19
2024-10-08,F01,D150,18,7,7,13
2024-10-08,F01,D160,16,4,4,12
2024-10-08,F01,D170,20,5,4,12
2024-10-08,F01,D180,14,4,4,8
2024-10-08,F01,D190,18,2,0,16
2024-10-08,F01,D195,12,10,9,9
2024-10-08,F02,D210,28,5,3,24
2024-10-08,F02,D230,8,0,1,6
2024-10-08,F02,D270,10,4,4,6
2024-10-08,F03,D310,30,6,4,27
2024-10-08,F03,D320,16,0,0,13
2024-10-08,F03,D330,12,4,4,10
2024-10-08,F03,D340,14,7,5,11
2024-10-09,F01,D110,36,11,10,33
2024-10-09,F01,D111,32,4,3,28
2024-10-09,F01,D120,24,4,3,19
2024-10-09,F01,D130,20,6,8,13
2024-10-09,F01,D140,22,8,9,18
2024-10-09,F01,D150,18,2,2,13
2024-10-09,F01,D160,16,2,2,12
2024-10-09,F01,D170,20,3,4,11
2024-10-09,F01,D180,14,3,3,8
2024-10-09,F01,D190,18,1,0,17
2024-10-09,F01,D195,12,11,12,8
2024-10-09,F02,D210,28,5,5,24
2024-10-09,F02,D230,8,1,1,6
2024-10-09,F02,D270,10,1,1,6
2024-10-09,F03,D310,30,6,7,26
2024-10-09,F03,D320,16,7,6,14
2024-10-09,F03,D330,12,2,2,10
2024-10-09,F03,D340,14,7,7,11
2024-10-10,F01,D110,36,6,9,30
2024-10-10,F01,D111,32,7,6,29
2024-10-10,F01,D120,24,4,5,18
2024-10-10,F01,D130,20,2,1,14
2024-10-10,F01,D140,22,0,0,18
2024-10-10,F01,D150,18,2,2,13
2024-10-10,F01,D160,16,7,6,13
2024-10-10,F01,D170,20,5,5,11
2024-10-10,F01,D180,14,5,5,8
2024-10-10,F01,D190,18,1,1,17
2024-10-10,F01,D195,12,7,8,7
2024-10-10,F02,D210,28,9,10,23
2024-10-10,F02,D230,8,0,0,6
2024-10-10,F02,D270,10,5,5,6
2024-10-10,F03,D310,30,5,5,26
2024-10-10,F03,D320,16,6,6,14
2024-10-10,F03,D330,12,1,1,10
2024-10-10,F03,D340,14,2,2,11
2024-10-11,F01,D110,36,6,5,31
2024-10-11,F01,D111,32,4,7,26
2024-10-11,F01,D120,24,3,4,17
2024-10-11,F01,D130,20,2,2,14
2024-10-11,F01,D140,22,1,2,17
2024-10-11,F01,D150,18,0,0,13
2024-10-11,F01,D160,16,0,0,13
2024-10-11,F01,D170,20,5,6,10
2024-10-11,F01,D180,14,2,2,8
2024-10-11,F01,D190,18,1,2,16
2024-10-11,F01,D195,12,8,8,7
2024-10-11,F02,D210,28,5,7,21
2024-10-11,F02,D230,8,3,3,6
2024-10-11,F02,D270,10,0,0,6
2024-10-11,F03,D310,30,9,10,25
2024-10-11,F03,D320,16,2,4,12
2024-10-11,F03,D330,12,4,5,9
2024-10-11,F03,D340,14,2,3,10
2024-10-12,F01,D110,36,9,10,30
2024-10-12,F01,D111,32,5,7,24
2024-10-12,F01,D120,24,5,5,17
2024-10-12,F01,D130,20,4,3,15
2024-10-12,F01,D140,22,4,6,15
2024-10-12,F01,D150,18,5,6,12
2024-10-12,F01,D160,16,4,4,13
2024-10-12,F01,D170,20,4,4,10
2024-10-12,F01,D180,14,3,2,9
2024-10-12,F01,D190,18,2,1,17
2024-10-12,F01,D195,12,6,6,7
2024-10-12,F02,D210,28,6,4,23
2024-10-12,F02,D230,8,1,1,6
2024-10-12,F02,D270,10,1,2,5
2024-10-12,F03,D310,30,4,5,24
2024-10-12,F03,D320,16,3,3,12
2024-10-12,F03,D330,12,6,5,10
2024-10-12,F03,D340,14,3,5,8
2024-10-13,F01,D110,36,4,4,30
2024-10-13,F01,D111,32,8,8,24
2024-10-13,F01,D120,24,2,0,19
2024-10-13,F01,D130,20,5,5,15
2024-10-13,F01,D140,22,4,4,15
2024-10-13,F01,D150,18,4,4,12
2024-10-13,F01,D160,16,5,5,13
2024-10-13,F01,D170,20,5,4,11
2024-10-13,F01,D180,14,2,3,8
2024-10-13,F01,D190,18,1,1,17
2024-10-13,F01,D195,12,7,7,7
2024-10-13,F02,D210,28,8,7,24
2024-10-13,F02,D230,8,0,0,6
2024-10-13,F02,D270,10,0,0,5
2024-10-13,F03,D310,30,6,6,24
2024-10-13,F03,D320,16,3,3,12
2024-10-13,F03,D330,12,4,3,11
2024-10-13,F03,D340,14,2,2,8
2024-10-14,F01,D110,36,2,1,31
2024-10-14,F01,D111,32,7,5,26
2024-10-14,F01,D120,24,8,6,21
2024-10-14,F01,D130,20,5,5,15
2024-10-14,F01,D140,22,5,2,18
2024-10-14,F01,D150,18,4,4,12
2024-10-14,F01,D160,16,4,5,12
2024-10-14,F01,D170,20,4,2,13
2024-10-14,F01,D180,14,3,2,9
2024-10-14,F01,D190,18,1,2,16
2024-10-14,F01,D195,12,5,4,8
2024-10-14,F02,D210,28,6,5,25
2024-10-14,F02,D230,8,1,1,6
2024-10-14,F02,D270,10,2,2,5
2024-10-14,F03,D310,30,7,5,26
2024-10-14,F03,D320,16,3,3,12
2024-10-14,F03,D330,12,3,4,10
2024-10-14,F03,D340,14,7,5,10
2024-10-15,F01,D110,36,5,4,32
2024-10-15,F01,D111,32,5,4,27
2024-10-15,F01,D120,24,6,5,22
2024-10-15,F01,D130,20,5,5,15
2024-10-15,F01,D140,22,5,4,19
2024-10-15,F01,D150,18,1,0,13
2024-10-15,F01,D160,16,1,3,10
2024-10-15,F01,D170,20,3,2,14
2024-10-15,F01,D180,14,3,4,8
2024-10-15,F01,D190,18,2,2,16
2024-10-15,F01,D195,12,6,6,8
2024-10-15,F02,D210,28,1,0,26
2024-10-15,F02,D230,8,1,0,7
2024-10-15,F02,D270,10,3,2,6
2024-10-15,F03,D310,30,11,11,26
2024-10-15,F03,D320,16,5,4,13
2024-10-15,F03,D330,12,3,3,10
2024-10-15,F03,D340,14,8,6,12
2024-10-16,F01,D110,36,11,12,31
2024-10-16,F01,D111,32,5,6,26
2024-10-16,F01,D120,24,8,9,21
2024-10-16,F01,D130,20,3,2,16
2024-10-16,F01,D140,22,7,8,18
2024-10-16,F01,D150,18,1,0,14
2024-10-16,F01,D160,16,2,1,11
2024-10-16,F01,D170,20,5,6,13
2024-10-16,F01,D180,14,3,3,8
2024-10-16,F01,D190,18,2,2,16
2024-10-16,F01,D195,12,3,3,8
2024-10-16,F02,D210,28,8,8,26
2024-10-16,F02,D230,8,0,1,6
2024-10-16,F02,D270,10,2,3,5
2024-10-16,F03,D310,30,8,8,26
2024-10-16,F03,D320,16,5,5,13
2024-10-16,F03,D330,12,3,3,10
2024-10-16,F03,D340,14,2,2,12
2024-10-17,F01,D110,36,6,10,27
2024-10-17,F01,D111,32,11,10,27
2024-10-17,F01,D120,24,1,1,21
2024-10-17,F01,D130,20,6,6,16
2024-10-17,F01,D140,22,5,5,18
2024-10-17,F01,D150,18,5,5,14
2024-10-17,F01,D160,16,4,3,12
2024-10-17,F01,D170,20,10,11,12
2024-10-17,F01,D180,14,2,1,9
2024-10-17,F01,D190,18,3,3,16
2024-10-17,F01,D195,12,8,9,7
2024-10-17,F02,D210,28,12,13,25
2024-10-17,F02,D230,8,4,4,6
2024-10-17,F02,D270,10,4,4,5
2024-10-17,F03,D310,30,5,6,25
2024-10-17,F03,D320,16,6,6,13
2024-10-17,F03,D330,12,2,2,10
2024-10-17,F03,D340,14,5,6,11
2024-10-18,F01,D110,36,6,7,26
2024-10-18,F01,D111,32,7,5,29
2024-10-18,F01,D120,24,9,11,19
2024-10-18,F01,D130,20,4,4,16
2024-10-18,F01,D140,22,8,10,16
2024-10-18,F01,D150,18,1,2,13
2024-10-18,F01,D160,16,3,4,11
2024-10-18,F01,D170,20,4,4,12
2024-10-18,F01,D180,14,1,1,9
2024-10-18,F01,D190,18,2,2,16
2024-10-18,F01,D195,12,12,11,8
2024-10-18,F02,D210,28,1,0,26
2024-10-18,F02,D230,8,0,0,6
2024-10-18,F02,D270,10,1,2,4
2024-10-18,F03,D310,30,9,9,25
2024-10-18,F03,D320,16,2,2,13
2024-10-18,F03,D330,12,4,4,10
2024-10-18,F03,D340,14,3,3,11
2024-10-19,F01,D110,36,4,4,26
2024-10-19,F01,D111,32,2,2,29
2024-10-19,F01,D120,24,4,5,18
2024-10-19,F01,D130,20,3,1,18
2024-10-19,F01,D140,22,6,9,13
2024-10-19,F01,D150,18,2,2,13
2024-10-19,F01,D160,16,1,1,11
2024-10-19,F01,D170,20,5,5,12
2024-10-19,F01,D180,14,2,2,9
2024-10-19,F01,D190,18,0,0,16
2024-10-19,F01,D195,12,10,11,7
2024-10-19,F02,D210,28,7,8,25
2024-10-19,F02,D230,8,4,4,6
2024-10-19,F02,D270,10,1,1,4
2024-10-19,F03,D310,30,8,10,23
2024-10-19,F03,D320,16,4,5,12
2024-10-19,F03,D330,12,2,3,9
2024-10-19,F03,D340,14,1,2,10
2024-10-20,F01,D110,36,7,5,28
2024-10-20,F01,D111,32,8,8,29
2024-10-20,F01,D120,24,6,5,19
2024-10-20,F01,D130,20,3,4,17
2024-10-20,F01,D140,22,1,0,14
2024-10-20,F01,D150,18,3,2,14
2024-10-20,F01,D160,16,1,2,10
2024-10-20,F01,D170,20,4,4,12
2024-10-20,F01,D180,14,6,6,9
2024-10-20,F01,D190,18,1,1,16
2024-10-20,F01,D195,12,13,12,8
2024-10-20,F02,D210,28,9,10,24
2024-10-20,F02,D230,8,2,2,6
2024-10-20,F02,D270,10,2,1,5
2024-10-20,F03,D310,30,7,6,24
2024-10-20,F03,D320,16,4,3,13
2024-10-20,F03,D330,12,4,4,9
2024-10-20,F03,D340,14,1,3,8
2024-10-21,F01,D110,36,9,9,28
2024-10-21,F01,D111,32,1,1,29
2024-10-21,F01,D120,24,9,8,20
2024-10-21,F01,D130,20,5,6,16
2024-10-21,F01,D140,22,6,3,17
2024-10-21,F01,D150,18,0,0,14
2024-10-21,F01,D160,16,4,3,11
2024-10-21,F01,D170,20,6,5,13
2024-10-21,F01,D180,14,2,2,9
2024-10-21,F01,D190,18,5,4,17
2024-10-21,F01,D195,12,7,6,9
2024-10-21,F02,D210,28,7,9,22
2024-10-21,F02,D230,8,2,2,6
2024-10-21,F02,D270,10,0,0,5
2024-10-21,F03,D310,30,6,5,25
2024-10-21,F03,D320,16,3,3,13
2024-10-21,F03,D330,12,2,2,9
2024-10-21,F03,D340,14,4,2,10
2024-10-22,F01,D110,36,2,1,29
2024-10-22,F01,D111,32,9,8,30
2024-10-22,F01,D120,24,4,4,20
2024-10-22,F01,D130,20,3,4,15
2024-10-22,F01,D140,22,6,3,20
2024-10-22,F01,D150,18,2,1,15
2024-10-22,F01,D160,16,5,5,11
2024-10-22,F01,D170,20,7,7,13
2024-10-22,F01,D180,14,5,5,9
2024-10-22,F01,D190,18,1,2,16
2024-10-22,F01,D195,12,7,8,8
2024-10-22,F02,D210,28,3,1,24
2024-10-22,F02,D230,8,1,2,5
2024-10-22,F02,D270,10,3,2,6
2024-10-22,F03,D310,30,9,8,26
2024-10-22,F03,D320,16,2,2,13
2024-10-22,F03,D330,12,2,2,9
2024-10-22,F03,D340,14,1,0,11
2024-10-23,F01,D110,36,7,7,29
2024-10-23,F01,D111,32,11,11,30
2024-10-23,F01,D120,24,3,2,21
2024-10-23,F01,D130,20,5,5,15
2024-10-23,F01,D140,22,9,10,19
2024-10-23,F01,D150,18,5,5,15
2024-10-23,F01,D160,16,4,3,12
2024-10-23,F01,D170,20,9,9,13
2024-10-23,F01,D180,14,4,4,9
2024-10-23,F01,D190,18,2,1,17
2024-10-23,F01,D195,12,4,5,7
2024-10-23,F02,D210,28,8,7,25
2024-10-23,F02,D230,8,1,0,6
2024-10-23,F02,D270,10,4,4,6
2024-10-23,F03,D310,30,14,14,26
2024-10-23,F03,D320,16,5,5,13
2024-10-23,F03,D330,12,3,3,9
2024-10-23,F03,D340,14,6,5,12
2024-10-24,F01,D110,36,6,4,31
2024-10-24,F01,D111,32,10,10,30
2024-10-24,F01,D120,24,7,9,19
2024-10-24,F01,D130,20,4,4,15
2024-10-24,F01,D140,22,4,5,18
2024-10-24,F01,D150,18,3,3,15
2024-10-24,F01,D160,16,7,7,12
2024-10-24,F01,D170,20,9,9,13
2024-10-24,F01,D180,14,3,3,9
2024-10-24,F01,D190,18,2,3,16
2024-10-24,F01,D195,12,8,8,7
2024-10-24,F02,D210,28,8,10,23
2024-10-24,F02,D230,8,2,2,6
2024-10-24,F02,D270,10,4,4,6
2024-10-24,F03,D310,30,10,10,26
2024-10-24,F03,D320,16,3,2,14
2024-10-24,F03,D330,12,1,2,8
2024-10-24,F03,D340,14,2,3,11
2024-10-25,F01,D110,36,9,7,33
2024-10-25,F01,D111,32,4,5,29
2024-10-25,F01,D120,24,6,6,19
2024-10-25,F01,D130,20,4,5,14
2024-10-25,F01,D140,22,5,7,16
2024-10-25,F01,D150,18,2,1,16
2024-10-25,F01,D160,16,1,1,12
2024-10-25,F01,D170,20,8,8,13
2024-10-25,F01,D180,14,6,6,9
2024-10-25,F01,D190,18,1,1,16
2024-10-25,F01,D195,12,6,6,7
2024-10-25,F02,D210,28,3,4,22
2024-10-25,F02,D230,8,1,1,6
2024-10-25,F02,D270,10,2,2,6
2024-10-25,F03,D310,30,7,8,25
2024-10-25,F03,D320,16,4,5,13
2024-10-25,F03,D330,12,1,0,9
2024-10-25,F03,D340,14,1,2,10
2024-10-26,F01,D110,36,6,6,33
2024-10-26,F01,D111,32,9,9,29
2024-10-26,F01,D120,24,5,6,18
2024-10-26,F01,D130,20,4,3,15
2024-10-26,F01,D140,22,6,9,13
2024-10-26,F01,D150,18,5,6,15
2024-10-26,F01,D160,16,3,3,12
2024-10-26,F01,D170,20,6,6,13
2024-10-26,F01,D180,14,5,5,9
2024-10-26,F01,D190,18,1,2,15
2024-10-26,F01,D195,12,6,7,6
2024-10-26,F02,D210,28,4,5,21
2024-10-26,F02,D230,8,4,4,6
2024-10-26,F02,D270,10,0,1,5
2024-10-26,F03,D310,30,6,4,27
2024-10-26,F03,D320,16,4,4,13
2024-10-26,F03,D330,12,4,4,9
2024-10-26,F03,D340,14,0,2,8
2024-10-27,F01,D110,36,3,3,33
2024-10-27,F01,D111,32,6,8,27
2024-10-27,F01,D120,24,6,5,19
2024-10-27,F01,D130,20,5,4,16
2024-10-27,F01,D140,22,5,4,14
2024-10-27,F01,D150,18,2,3,14
2024-10-27,F01,D160,16,3,3,12
2024-10-27,F01,D170,20,6,5,14
2024-10-27,F01,D180,14,2,2,9
2024-10-27,F01,D190,18,3,3,15
2024-10-27,F01,D195,12,9,8,7
2024-10-27,F02,D210,28,4,2,23
2024-10-27,F02,D230,8,0,0,6
2024-10-27,F02,D270,10,2,2,5
2024-10-27,F03,D310,30,6,7,26
2024-10-27,F03,D320,16,3,3,13
2024-10-27,F03,D330,12,2,1,10
2024-10-27,F03,D340,14,2,2,8
2024-10-28,F01,D110,36,11,11,33
2024-10-28,F01,D111,32,10,13,24
2024-10-28,F01,D120,24,4,3,20
2024-10-28,F01,D130,20,6,8,14
2024-10-28,F01,D140,22,9,6,17
2024-10-28,F01,D150,18,2,1,15
2024-10-28,F01,D160,16,4,4,12
2024-10-28,F01,D170,20,5,5,14
2024-10-28,F01,D180,14,6,7,8
2024-10-28,F01,D190,18,4,4,15
2024-10-28,F01,D195,12,6,5,8
2024-10-28,F02,D210,28,5,4,24
2024-10-28,F02,D230,8,4,4,6
2024-10-28,F02,D270,10,2,1,6
2024-10-28,F03,D310,30,4,5,25
2024-10-28,F03,D320,16,3,3,13
2024-10-28,F03,D330,12,3,3,10
2024-10-28,F03,D340,14,5,4,9
2024-10-29,F01,D110,36,10,9,34
2024-10-29,F01,D111,32,4,3,25
2024-10-29,F01,D120,24,12,11,21
2024-10-29,F01,D130,20,5,3,16
2024-10-29,F01,D140,22,4,4,17
2024-10-29,F01,D150,18,1,1,15
2024-10-29,F01,D160,16,4,3,13
2024-10-29,F01,D170,20,8,7,15
2024-10-29,F01,D180,14,2,2,8
2024-10-29,F01,D190,18,5,5,15
2024-10-29,F01,D195,12,8,8,8
2024-10-29,F02,D210,28,7,6,25
2024-10-29,F02,D230,8,3,3,6
2024-10-29,F02,D270,10,2,2,6
2024-10-29,F03,D310,30,5,5,25
2024-10-29,F03,D320,16,5,5,13
2024-10-29,F03,D330,12,4,4,10
2024-10-29,F03,D340,14,4,3,10
2024-10-30,F01,D110,36,11,11,34
2024-10-30,F01,D111,32,5,4,26
2024-10-30,F01,D120,24,1,1,21
2024-10-30,F01,D130,20,6,6,16
2024-10-30,F01,D140,22,6,7,16
2024-10-30,F01,D150,18,4,4,15
2024-10-30,F01,D160,16,2,2,13
2024-10-30,F01,D170,20,4,6,13
2024-10-30,F01,D180,14,5,6,7
2024-10-30,F01,D190,18,2,2,15
2024-10-30,F01,D195,12,11,11,8
2024-10-30,F02,D210,28,10,10,25
2024-10-30,F02,D230,8,1,2,5
2024-10-30,F02,D270,10,4,4,6
2024-10-30,F03,D310,30,5,6,24
2024-10-30,F03,D320,16,6,6,13
2024-10-30,F03,D330,12,2,3,9
2024-10-30,F03,D340,14,1,1,10
2024-10-31,F01,D110,36,12,12,34
2024-10-31,F01,D111,32,7,6,27
2024-10-31,F01,D120,24,8,8,21
2024-10-31,F01,D130,20,8,8,16
2024-10-31,F01,D140,22,5,4,17
2024-10-31,F01,D150,18,2,3,14
2024-10-31,F01,D160,16,6,6,13
2024-10-31,F01,D170,20,8,7,14
2024-10-31,F01,D180,14,4,4,7
2024-10-31,F01,D190,18,1,0,16
2024-10-31,F01,D195,12,9,9,8
2024-10-31,F02,D210,28,4,6,23
2024-10-31,F02,D230,8,1,0,6
2024-10-31,F02,D270,10,5,5,6
2024-10-31,F03,D310,30,10,8,26
2024-10-31,F03,D320,16,1,1,13
2024-10-31,F03,D330,12,2,1,10
2024-10-31,F03,D340,14,5,5,10
2024-11-01,F01,D110,36,8,8,34
2024-11-01,F01,D111,32,1,0,28
2024-11-01,F01,D120,24,8,7,22
2024-11-01,F01,D130,20,4,3,17
2024-11-01,F01,D140,22,7,7,17
2024-11-01,F01,D150,18,3,3,14
2024-11-01,F01,D160,16,5,4,14
2024-11-01,F01,D170,20,8,9,13
2024-11-01,F01,D180,14,3,0,10
2024-11-01,F01,D190,18,1,1,16
2024-11-01,F01,D195,12,5,6,7
2024-11-01,F02,D210,28,6,7,22
2024-11-01,F02,D230,8,3,3,6
2024-11-01,F02,D270,10,1,1,6
2024-11-01,F03,D310,30,6,5,27
2024-11-01,F03,D320,16,4,4,13
2024-11-01,F03,D330,12,4,2,12
2024-11-01,F03,D340,14,3,3,10
2024-11-02,F01,D110,36,6,8,32
2024-11-02,F01,D111,32,13,15,26
2024-11-02,F01,D120,24,7,8,21
2024-11-02,F01,D130,20,8,9,16
2024-11-02,F01,D140,22,9,11,15
2024-11-02,F01,D150,18,4,5,13
2024-11-02,F01,D160,16,8,8,14
2024-11-02,F01,D170,20,0,1,12
2024-11-02,F01,D180,14,4,4,10
2024-11-02,F01,D190,18,2,2,16
2024-11-02,F01,D195,12,4,4,7
2024-11-02,F02,D210,28,4,5,21
2024-11-02,F02,D230,8,4,4,6
2024-11-02,F02,D270,10,1,2,5
2024-11-02,F03,D310,30,2,3,26
2024-11-02,F03,D320,16,5,6,12
2024-11-02,F03,D330,12,6,7,11
2024-11-02,F03,D340,14,4,6,8
2024-11-03,F01,D110,36,10,10,32
2024-11-03,F01,D111,32,3,1,28
2024-11-03,F01,D120,24,5,5,21
2024-11-03,F01,D130,20,1,1,16
2024-11-03,F01,D140,22,7,7,15
2024-11-03,F01,D150,18,0,1,12
2024-11-03,F01,D160,16,3,3,14
2024-11-03,F01,D170,20,3,3,12
2024-11-03,F01,D180,14,1,2,9
2024-11-03,F01,D190,18,3,3,16
2024-11-03,F01,D195,12,6,6,7
2024-11-03,F02,D210,28,6,7,20
2024-11-03,F02,D230,8,1,1,6
2024-11-03,F02,D270,10,1,1,5
2024-11-03,F03,D310,30,6,7,25
2024-11-03,F03,D320,16,1,0,13
2024-11-03,F03,D330,12,4,4,11
2024-11-03,F03,D340,14,6,6,8
2024-11-04,F01,D110,36,4,2,34
2024-11-04,F01,D111,32,3,2,29
2024-11-04,F01,D120,24,6,4,23
2024-11-04,F01,D130,20,1,2,15
2024-11-04,F01,D140,22,7,4,18
2024-11-04,F01,D150,18,2,1,13
2024-11-04,F01,D160,16,4,4,14
2024-11-04,F01,D170,20,5,5,12
2024-11-04,F01,D180,14,3,4,8
2024-11-04,F01,D190,18,2,2,16
2024-11-04,F01,D195,12,11,10,8
2024-11-04,F02,D210,28,5,3,22
2024-11-04,F02,D230,8,3,3,6
2024-11-04,F02,D270,10,3,2,6
2024-11-04,F03,D310,30,10,8,27
2024-11-04,F03,D320,16,2,2,13
2024-11-04,F03,D330,12,0,2,9
2024-11-04,F03,D340,14,3,2,9
2024-11-05,F01,D110,36,7,6,35
2024-11-05,F01,D111,32,10,11,28
2024-11-05,F01,D120,24,7,7,23
2024-11-05,F01,D130,20,2,1,16
2024-11-05,F01,D140,22,0,0,18
2024-11-05,F01,D150,18,5,5,13
2024-11-05,F01,D160,16,6,6,14
2024-11-05,F01,D170,20,5,4,13
2024-11-05,F01,D180,14,2,1,9
2024-11-05,F01,D190,18,1,2,15
2024-11-05,F01,D195,12,9,9,8
2024-11-05,F02,D210,28,8,8,22
2024-11-05,F02,D230,8,3,3,6
2024-11-05,F02,D270,10,3,3,6
2024-11-05,F03,D310,30,9,8,28
2024-11-05,F03,D320,16,4,3,14
2024-11-05,F03,D330,12,4,3,10
2024-11-05,F03,D340,14,5,3,11
2024-11-06,F01,D110,36,7,9,33
2024-11-06,F01,D111,32,8,7,29
2024-11-06,F01,D120,24,7,9,21
2024-11-06,F01,D130,20,7,6,17
2024-11-06,F01,D140,22,5,5,18
2024-11-06,F01,D150,18,2,2,13
2024-11-06,F01,D160,16,0,1,13
2024-11-06,F01,D170,20,2,1,14
2024-11-06,F01,D180,14,1,1,9
2024-11-06,F01,D190,18,1,0,16
2024-11-06,F01,D195,12,10,10,8
2024-11-06,F02,D210,28,6,4,24
2024-11-06,F02,D230,8,4,4,6
2024-11-06,F02,D270,10,3,4,5
2024-11-06,F03,D310,30,6,8,26
2024-11-06,F03,D320,16,8,9,13
2024-11-06,F03,D330,12,6,6,10
2024-11-06,F03,D340,14,2,2,11
2024-11-07,F01,D110,36,11,10,34
2024-11-07,F01,D111,32,10,11,28
2024-11-07,F01,D120,24,3,2,22
2024-11-07,F01,D130,20,4,5,16
2024-11-07,F01,D140,22,2,1,19
2024-11-07,F01,D150,18,3,3,13
2024-11-07,F01,D160,16,4,3,14
2024-11-07,F01,D170,20,4,5,13
2024-11-07,F01,D180,14,3,4,8
2024-11-07,F01,D190,18,1,0,17
2024-11-07,F01,D195,12,5,5,8
2024-11-07,F02,D210,28,5,5,24
2024-11-07,F02,D230,8,2,2,6
2024-11-07,F02,D270,10,4,3,6
2024-11-07,F03,D310,30,5,5,26
2024-11-07,F03,D320,16,8,7,14
2024-11-07,F03,D330,12,4,4,10
2024-11-07,F03,D340,14,3,3,11
2024-11-08,F01,D110,36,11,9,36
2024-11-08,F01,D111,32,3,3,28
2024-11-08,F01,D120,24,1,2,21
2024-11-08,F01,D130,20,9,9,16
2024-11-08,F01,D140,22,6,8,17
2024-11-08,F01,D150,18,4,4,13
2024-11-08,F01,D160,16,3,4,13
2024-11-08,F01,D170,20,5,6,12
2024-11-08,F01,D180,14,3,3,8
2024-11-08,F01,D190,18,2,3,16
2024-11-08,F01,D195,12,11,11,8
2024-11-08,F02,D210,28,9,9,24
2024-11-08,F02,D230,8,2,2,6
2024-11-08,F02,D270,10,3,4,5
2024-11-08,F03,D310,30,6,4,28
2024-11-08,F03,D320,16,4,4,14
2024-11-08,F03,D330,12,2,1,11
2024-11-08,F03,D340,14,4,5,10
2024-11-09,F01,D110,36,9,10,35
2024-11-09,F01,D111,32,7,6,29
2024-11-09,F01,D120,24,6,6,21
2024-11-09,F01,D130,20,6,7,15
2024-11-09,F01,D140,22,4,7,14
2024-11-09,F01,D150,18,1,0,14
2024-11-09,F01,D160,16,3,3,13
2024-11-09,F01,D170,20,4,5,11
2024-11-09,F01,D180,14,7,7,8
2024-11-09,F01,D190,18,0,0,16
2024-11-09,F01,D195,12,10,10,8
2024-11-09,F02,D210,28,10,11,23
2024-11-09,F02,D230,8,2,2,6
2024-11-09,F02,D270,10,3,3,5
2024-11-09,F03,D310,30,3,4,27
2024-11-09,F03,D320,16,9,11,12
2024-11-09,F03,D330,12,1,2,10
2024-11-09,F03,D340,14,4,6,8
2024-11-10,F01,D110,36,9,10,34
2024-11-10,F01,D111,32,9,9,29
2024-11-10,F01,D120,24,3,4,20
2024-11-10,F01,D130,20,3,2,16
2024-11-10,F01,D140,22,13,12,15
2024-11-10,F01,D150,18,1,1,14
2024-11-10,F01,D160,16,3,3,13
2024-11-10,F01,D170,20,3,3,11
2024-11-10,F01,D180,14,4,4,8
2024-11-10,F01,D190,18,0,0,16
2024-11-10,F01,D195,12,8,8,8
2024-11-10,F02,D210,28,11,10,24
2024-11-10,F02,D230,8,1,1,6
2024-11-10,F02,D270,10,4,3,6
2024-11-10,F03,D310,30,10,10,27
2024-11-10,F03,D320,16,1,1,12
2024-11-10,F03,D330,12,4,4,10
2024-11-10,F03,D340,14,5,6,7
2024-11-11,F01,D110,36,5,6,33
2024-11-11,F01,D111,32,9,8,30
2024-11-11,F01,D120,24,6,6,20
2024-11-11,F01,D130,20,9,11,14
2024-11-11,F01,D140,22,4,1,18
2024-11-11,F01,D150,18,4,4,14
2024-11-11,F01,D160,16,2,1,14
2024-11-11,F01,D170,20,6,6,11
2024-11-11,F01,D180,14,8,7,9
2024-11-11,F01,D190,18,2,1,17
2024-11-11,F01,D195,12,16,15,9
2024-11-11,F02,D210,28,2,2,24
2024-11-11,F02,D230,8,3,3,6
2024-11-11,F02,D270,10,5,5,6
2024-11-11,F03,D310,30,4,4,27
2024-11-11,F03,D320,16,6,5,13
2024-11-11,F03,D330,12,2,2,10
2024-11-11,F03,D340,14,4,2,9
2024-11-12,F01,D110,36,12,14,31
2024-11-12,F01,D111,32,6,7,29
2024-11-12,F01,D120,24,7,7,20
2024-11-12,F01,D130,20,4,3,15
2024-11-12,F01,D140,22,9,10,17
2024-11-12,F01,D150,18,5,5,14
2024-11-12,F01,D160,16,7,7,14
2024-11-12,F01,D170,20,4,3,12
2024-11-12,F01,D180,14,4,4,9
2024-11-12,F01,D190,18,0,1,16
2024-11-12,F01,D195,12,9,10,8
2024-11-12,F02,D210,28,5,7,22
2024-11-12,F02,D230,8,3,3,6
2024-11-12,F02,D270,10,3,3,6
2024-11-12,F03,D310,30,8,8,27
2024-11-12,F03,D320,16,4,5,12
2024-11-12,F03,D330,12,4,3,11
2024-11-12,F03,D340,14,4,3,10
2024-11-13,F01,D110,36,8,10,29
2024-11-13,F01,D111,32,4,6,27
2024-11-13,F01,D120,24,6,7,19
2024-11-13,F01,D130,20,7,8,14
2024-11-13,F01,D140,22,6,5,18
2024-11-13,F01,D150,18,3,2,15
2024-11-13,F01,D160,16,6,7,13
2024-11-13,F01,D170,20,9,9,12
2024-11-13,F01,D180,14,6,7,8
2024-11-13,F01,D190,18,2,1,17
2024-11-13,F01,D195,12,9,8,9
2024-11-13,F02,D210,28,5,5,22
2024-11-13,F02,D230,8,2,2,6
2024-11-13,F02,D270,10,1,1,6
2024-11-13,F03,D310,30,12,13,26
2024-11-13,F03,D320,16,2,2,12
2024-11-13,F03,D330,12,4,4,11
2024-11-13,F03,D340,14,3,3,10
2024-11-14,F01,D110,36,4,3,30
2024-11-14,F01,D111,32,9,9,27
2024-11-14,F01,D120,24,1,0,20
2024-11-14,F01,D130,20,7,7,14
2024-11-14,F01,D140,22,5,5,18
2024-11-14,F01,D150,18,4,3,16
2024-11-14,F01,D160,16,2,2,13
2024-11-14,F01,D170,20,6,5,13
2024-11-14,F01,D180,14,3,2,9
2024-11-14,F01,D190,18,1,1,17
2024-11-14,F01,D195,12,10,10,9
2024-11-14,F02,D210,28,4,5,21
2024-11-14,F02,D230,8,3,2,7
2024-11-14,F02,D270,10,2,2,6
2024-11-14,F03,D310,30,12,10,28
2024-11-14,F03,D320,16,4,4,12
2024-11-14,F03,D330,12,3,3,11
2024-11-14,F03,D340,14,4,3,11
2024-11-15,F01,D110,36,6,7,29
2024-11-15,F01,D111,32,4,5,26
2024-11-15,F01,D120,24,4,5,19
2024-11-15,F01,D130,20,8,9,13
2024-11-15,F01,D140,22,7,8,17
2024-11-15,F01,D150,18,5,5,16
2024-11-15,F01,D160,16,4,5,12
2024-11-15,F01,D170,20,4,4,13
2024-11-15,F01,D180,14,3,3,9
2024-11-15,F01,D190,18,3,4,16
2024-11-15,F01,D195,12,4,4,9
2024-11-15,F02,D210,28,6,4,23
2024-11-15,F02,D230,8,2,2,7
2024-11-15,F02,D270,10,4,4,6
2024-11-15,F03,D310,30,7,7,28
2024-11-15,F03,D320,16,3,3,12
2024-11-15,F03,D330,12,7,7,11
2024-11-15,F03,D340,14,5,7,9
2024-11-16,F01,D110,36,4,4,29
2024-11-16,F01,D111,32,5,6,25
2024-11-16,F01,D120,24,5,5,19
2024-11-16,F01,D130,20,7,6,14
2024-11-16,F01,D140,22,4,6,15
2024-11-16,F01,D150,18,3,3,16
2024-11-16,F01,D160,16,3,3,12
2024-11-16,F01,D170,20,3,3,13
2024-11-16,F01,D180,14,5,5,9
2024-11-16,F01,D190,18,4,4,16
2024-11-16,F01,D195,12,4,5,8
2024-11-16,F02,D210,28,5,7,21
2024-11-16,F02,D230,8,1,2,6
2024-11-16,F02,D270,10,1,2,5
2024-11-16,F03,D310,30,7,8,27
2024-11-16,F03,D320,16,5,6,11
2024-11-16,F03,D330,12,3,3,11
2024-11-16,F03,D340,14,5,6,8
2024-11-17,F01,D110,36,9,10,28
2024-11-17,F01,D111,32,10,6,29
2024-11-17,F01,D120,24,1,0,20
2024-11-17,F01,D130,20,5,6,13
2024-11-17,F01,D140,22,4,5,14
2024-11-17,F01,D150,18,4,5,15
2024-11-17,F01,D160,16,2,2,12
2024-11-17,F01,D170,20,5,5,13
2024-11-17,F01,D180,14,5,5,9
2024-11-17,F01,D190,18,3,4,15
2024-11-17,F01,D195,12,9,9,8
2024-11-17,F02,D210,28,2,1,22
2024-11-17,F02,D230,8,0,0,6
2024-11-17,F02,D270,10,2,2,5
2024-11-17,F03,D310,30,8,7,28
2024-11-17,F03,D320,16,3,3,11
2024-11-17,F03,D330,12,5,5,11
2024-11-17,F03,D340,14,3,4,7
2024-11-18,F01,D110,36,5,1,32
2024-11-18,F01,D111,32,4,4,29
2024-11-18,F01,D120,24,2,2,20
2024-11-18,F01,D130,20,4,3,14
2024-11-18,F01,D140,22,5,3,16
2024-11-18,F01,D150,18,3,3,15
2024-11-18,F01,D160,16,3,2,13
2024-11-18,F01,D170,20,5,4,14
2024-11-18,F01,D180,14,5,4,10
2024-11-18,F01,D190,18,3,3,15
2024-11-18,F01,D195,12,4,4,8
2024-11-18,F02,D210,28,9,8,23
2024-11-18,F02,D230,8,0,0,6
2024-11-18,F02,D270,10,1,1,5
2024-11-18,F03,D310,30,4,4,28
2024-11-18,F03,D320,16,3,2,12
2024-11-18,F03,D330,12,3,4,10
2024-11-18,F03,D340,14,5,2,10
2024-11-19,F01,D110,36,8,8,32
2024-11-19,F01,D111,32,6,6,29
2024-11-19,F01,D120,24,3,3,20
2024-11-19,F01,D130,20,1,0,15
2024-11-19,F01,D140,22,2,0,18
2024-11-19,F01,D150,18,0,1,14
2024-11-19,F01,D160,16,5,5,13
2024-11-19,F01,D170,20,4,4,14
2024-11-19,F01,D180,14,4,5,9
2024-11-19,F01,D190,18,0,0,15
2024-11-19,F01,D195,12,6,6,8
2024-11-19,F02,D210,28,7,6,24
2024-11-19,F02,D230,8,2,2,6
2024-11-19,F02,D270,10,3,3,5
2024-11-19,F03,D310,30,4,6,26
2024-11-19,F03,D320,16,1,0,13
2024-11-19,F03,D330,12,3,2,11
2024-11-19,F03,D340,14,3,3,10
2024-11-20,F01,D110,36,5,3,34
2024-11-20,F01,D111,32,11,11,29
2024-11-20,F01,D120,24,6,6,20
2024-11-20,F01,D130,20,5,5,15
2024-11-20,F01,D140,22,7,7,18
2024-11-20,F01,D150,18,3,2,15
2024-11-20,F01,D160,16,7,7,13
2024-11-20,F01,D170,20,5,7,12
2024-11-20,F01,D180,14,5,5,9
2024-11-20,F01,D190,18,3,3,15
2024-11-20,F01,D195,12,9,10,7
2024-11-20,F02,D210,28,7,7,24
2024-11-20,F02,D230,8,2,2,6
2024-11-20,F02,D270,10,4,4,5
2024-11-20,F03,D310,30,6,4,28
2024-11-20,F03,D320,16,2,2,13
2024-11-20,F03,D330,12,2,3,10
2024-11-20,F03,D340,14,5,4,11
2024-11-21,F01,D110,36,10,10,34
2024-11-21,F01,D111,32,2,2,29
2024-11-21,F01,D120,24,5,4,21
2024-11-21,F01,D130,20,3,2,16
2024-11-21,F01,D140,22,8,8,18
2024-11-21,F01,D150,18,3,3,15
2024-11-21,F01,D160,16,2,3,12
2024-11-21,F01,D170,20,6,5,13
2024-11-21,F01,D180,14,5,6,8
2024-11-21,F01,D190,18,2,1,16
2024-11-21,F01,D195,12,8,7,8
2024-11-21,F02,D210,28,3,2,25
2024-11-21,F02,D230,8,1,1,6
2024-11-21,F02,D270,10,5,4,6
2024-11-21,F03,D310,30,6,6,28
2024-11-21,F03,D320,16,4,4,13
2024-11-21,F03,D330,12,2,2,10
2024-11-21,F03,D340,14,0,0,11
2024-11-22,F01,D110,36,10,10,34
2024-11-22,F01,D111,32,3,3,29
2024-11-22,F01,D120,24,8,8,21
2024-11-22,F01,D130,20,3,4,15
2024-11-22,F01,D140,22,5,7,16
2024-11-22,F01,D150,18,3,5,13
2024-11-22,F01,D160,16,1,2,11
2024-11-22,F01,D170,20,8,8,13
2024-11-22,F01,D180,14,3,3,8
2024-11-22,F01,D190,18,2,2,16
2024-11-22,F01,D195,12,7,8,7
2024-11-22,F02,D210,28,4,6,23
2024-11-22,F02,D230,8,3,4,5
2024-11-22,F02,D270,10,3,3,6
2024-11-22,F03,D310,30,6,6,28
2024-11-22,F03,D320,16,3,3,13
2024-11-22,F03,D330,12,2,2,10
2024-11-22,F03,D340,14,2,3,10
2024-11-23,F01,D110,36,8,9,33
2024-11-23,F01,D111,32,10,10,29
2024-11-23,F01,D120,24,3,4,20
2024-11-23,F01,D130,20,4,4,15
2024-11-23,F01,D140,22,6,8,14
2024-11-23,F01,D150,18,5,4,14
2024-11-23,F01,D160,16,0,0,11
2024-11-23,F01,D170,20,1,2,12
2024-11-23,F01,D180,14,0,0,8
2024-11-23,F01,D190,18,5,5,16
2024-11-23,F01,D195,12,13,12,8
2024-11-23,F02,D210,28,6,4,25
2024-11-23,F02,D230,8,2,2,5
2024-11-23,F02,D270,10,3,4,5
2024-11-23,F03,D310,30,12,14,26
2024-11-23,F03,D320,16,7,7,13
2024-11-23,F03,D330,12,2,2,10
2024-11-23,F03,D340,14,2,4,8
2024-11-24,F01,D110,36,8,7,34
2024-11-24,F01,D111,32,11,13,27
2024-11-24,F01,D120,24,4,4,20
2024-11-24,F01,D130,20,4,4,15
2024-11-24,F01,D140,22,7,7,14
2024-11-24,F01,D150,18,4,4,14
2024-11-24,F01,D160,16,2,2,11
2024-11-24,F01,D170,20,5,5,12
2024-11-24,F01,D180,14,1,1,8
2024-11-24,F01,D190,18,1,2,15
2024-11-24,F01,D195,12,6,7,7
2024-11-24,F02,D210,28,5,6,24
2024-11-24,F02,D230,8,2,2,5
2024-11-24,F02,D270,10,0,0,5
2024-11-24,F03,D310,30,9,10,25
2024-11-24,F03,D320,16,4,4,13
2024-11-24,F03,D330,12,1,1,10
2024-11-24,F03,D340,14,3,3,8
2024-11-25,F01,D110,36,7,6,35
2024-11-25,F01,D111,32,7,8,26
2024-11-25,F01,D120,24,8,7,21
2024-11-25,F01,D130,20,7,7,15
2024-11-25,F01,D140,22,4,1,17
2024-11-25,F01,D150,18,2,2,14
2024-11-25,F01,D160,16,4,5,10
2024-11-25,F01,D170,20,7,7,12
2024-11-25,F01,D180,14,2,2,8
2024-11-25,F01,D190,18,0,0,15
2024-11-25,F01,D195,12,1,0,8
2024-11-25,F02,D210,28,4,2,26
2024-11-25,F02,D230,8,2,2,5
2024-11-25,F02,D270,10,1,1,5
2024-11-25,F03,D310,30,14,13,26
2024-11-25,F03,D320,16,5,5,13
2024-11-25,F03,D330,12,6,6,10
2024-11-25,F03,D340,14,1,0,9
2024-11-26,F01,D110,36,13,12,36
2024-11-26,F01,D111,32,8,7,27
2024-11-26,F01,D120,24,6,4,23
2024-11-26,F01,D130,20,4,4,15
2024-11-26,F01,D140,22,6,6,17
2024-11-26,F01,D150,18,5,5,14
2024-11-26,F01,D160,16,3,3,10
2024-11-26,F01,D170,20,0,1,11
2024-11-26,F01,D180,14,5,4,9
2024-11-26,F01,D190,18,1,1,15
2024-11-26,F01,D195,12,9,9,8
2024-11-26,F02,D210,28,9,8,27
2024-11-26,F02,D230,8,4,3,6
2024-11-26,F02,D270,10,4,3,6
2024-11-26,F03,D310,30,6,5,27
2024-11-26,F03,D320,16,3,2,14
2024-11-26,F03,D330,12,2,3,9
2024-11-26,F03,D340,14,2,1,10
2024-11-27,F01,D110,36,6,6,36
2024-11-27,F01,D111,32,10,10,27
2024-11-27,F01,D120,24,9,8,24
2024-11-27,F01,D130,20,5,5,15
2024-11-27,F01,D140,22,5,4,18
2024-11-27,F01,D150,18,5,6,13
2024-11-27,F01,D160,16,0,0,10
2024-11-27,F01,D170,20,3,4,10
2024-11-27,F01,D180,14,3,4,8
2024-11-27,F01,D190,18,2,2,15
2024-11-27,F01,D195,12,8,9,7
2024-11-27,F02,D210,28,9,10,26
2024-11-27,F02,D230,8,1,1,6
2024-11-27,F02,D270,10,3,3,6
2024-11-27,F03,D310,30,6,8,25
2024-11-27,F03,D320,16,8,9,13
2024-11-27,F03,D330,12,3,3,9
2024-11-27,F03,D340,14,5,5,10
2024-11-28,F01,D110,36,7,7,36
2024-11-28,F01,D111,32,9,8,28
2024-11-28,F01,D120,24,5,5,24
2024-11-28,F01,D130,20,7,8,14
2024-11-28,F01,D140,22,2,2,18
2024-11-28,F01,D150,18,2,1,14
2024-11-28,F01,D160,16,3,2,11
2024-11-28,F01,D170,20,3,3,10
2024-11-28,F01,D180,14,2,2,8
2024-11-28,F01,D190,18,0,0,15
2024-11-28,F01,D195,12,12,11,8
2024-11-28,F02,D210,28,8,8,26
2024-11-28,F02,D230,8,2,2,6
2024-11-28,F02,D270,10,4,3,7
2024-11-28,F03,D310,30,11,11,25
2024-11-28,F03,D320,16,3,2,14
2024-11-28,F03,D330,12,0,0,9
2024-11-28,F03,D340,14,3,4,9
2024-11-29,F01,D110,36,11,11,36
2024-11-29,F01,D111,32,4,4,28
2024-11-29,F01,D120,24,5,6,23
2024-11-29,F01,D130,20,2,1,15
2024-11-29,F01,D140,22,3,4,17
2024-11-29,F01,D150,18,2,2,14
2024-11-29,F01,D160,16,4,4,11
2024-11-29,F01,D170,20,2,2,10
2024-11-29,F01,D180,14,3,2,9
2024-11-29,F01,D190,18,2,2,15
2024-11-29,F01,D195,12,9,10,7
2024-11-29,F02,D210,28,4,6,24
2024-11-29,F02,D230,8,3,3,6
2024-11-29,F02,D270,10,3,3,7
2024-11-29,F03,D310,30,5,5,25
2024-11-29,F03,D320,16,5,5,14
2024-11-29,F03,D330,12,1,0,10
2024-11-29,F03,D340,14,1,1,9
2024-11-30,F01,D110,36,7,7,36
2024-11-30,F01,D111,32,5,7,26
2024-11-30,F01,D120,24,10,10,23
2024-11-30,F01,D130,20,4,3,16
2024-11-30,F01,D140,22,9,11,15
2024-11-30,F01,D150,18,3,3,14
2024-11-30,F01,D160,16,5,5,11
2024-11-30,F01,D170,20,8,8,10
2024-11-30,F01,D180,14,1,1,9
2024-11-30,F01,D190,18,2,1,16
2024-11-30,F01,D195,12,8,7,8
2024-11-30,F02,D210,28,7,8,23
2024-11-30,F02,D230,8,2,2,6
2024-11-30,F02,D270,10,3,4,6
2024-11-30,F03,D310,30,9,8,26
2024-11-30,F03,D320,16,0,1,13
2024-11-30,F03,D330,12,2,2,10
2024-11-30,F03,D340,14,4,6,7
2024-12-01,F01,D110,36,9,10,35
2024-12-01,F01,D111,32,4,3,27
2024-12-01,F01,D120,24,6,5,24
2024-12-01,F01,D130,20,7,6,17
2024-12-01,F01,D140,22,3,4,14
2024-12-01,F01,D150,18,1,1,14
2024-12-01,F01,D160,16,1,1,11
2024-12-01,F01,D170,20,4,4,10
2024-12-01,F01,D180,14,2,1,10
2024-12-01,F01,D190,18,4,4,16
2024-12-01,F01,D195,12,11,11,8
2024-12-01,F02,D210,28,9,9,23
2024-12-01,F02,D230,8,2,1,7
2024-12-01,F02,D270,10,4,4,6
2024-12-01,F03,D310,30,6,5,27
2024-12-01,F03,D320,16,1,1,13
2024-12-01,F03,D330,12,3,3,10
2024-12-01,F03,D340,14,3,3,7
2024-12-02,F01,D110,36,13,14,34
2024-12-02,F01,D111,32,11,10,28
2024-12-02,F01,D120,24,6,6,24
2024-12-02,F01,D130,20,10,10,17
2024-12-02,F01,D140,22,7,4,17
2024-12-02,F01,D150,18,1,0,15
2024-12-02,F01,D160,16,4,3,12
2024-12-02,F01,D170,20,2,0,12
2024-12-02,F01,D180,14,3,3,10
2024-12-02,F01,D190,18,2,2,16
2024-12-02,F01,D195,12,7,7,8
2024-12-02,F02,D210,28,8,7,24
2024-12-02,F02,D230,8,1,1,7
2024-12-02,F02,D270,10,3,3,6
2024-12-02,F03,D310,30,2,4,25
2024-12-02,F03,D320,16,6,5,14
2024-12-02,F03,D330,12,2,2,10
2024-12-02,F03,D340,14,2,1,8
2024-12-03,F01,D110,36,7,8,33
2024-12-03,F01,D111,32,4,4,28
2024-12-03,F01,D120,24,3,5,22
2024-12-03,F01,D130,20,3,4,16
2024-12-03,F01,D140,22,9,8,18
2024-12-03,F01,D150,18,5,5,15
2024-12-03,F01,D160,16,6,6,12
2024-12-03,F01,D170,20,3,4,11
2024-12-03,F01,D180,14,5,5,10
2024-12-03,F01,D190,18,3,3,16
2024-12-03,F01,D195,12,10,10,8
2024-12-03,F02,D210,28,3,4,23
2024-12-03,F02,D230,8,3,4,6
2024-12-03,F02,D270,10,3,4,5
2024-12-03,F03,D310,30,6,4,27
2024-12-03,F03,D320,16,3,2,15
2024-12-03,F03,D330,12,2,2,10
2024-12-03,F03,D340,14,3,2,9
2024-12-04,F01,D110,36,2,0,35
2024-12-04,F01,D111,32,6,5,29
2024-12-04,F01,D120,24,3,3,22
2024-12-04,F01,D130,20,2,1,17
2024-12-04,F01,D140,22,5,4,19
2024-12-04,F01,D150,18,2,2,15
2024-12-04,F01,D160,16,5,6,11
2024-12-04,F01,D170,20,1,0,12
2024-12-04,F01,D180,14,7,7,10
2024-12-04,F01,D190,18,2,3,15
2024-12-04,F01,D195,12,12,11,9
2024-12-04,F02,D210,28,7,6,24
2024-12-04,F02,D230,8,3,2,7
2024-12-04,F02,D270,10,0,0,5
2024-12-04,F03,D310,30,8,9,26
2024-12-04,F03,D320,16,3,3,15
2024-12-04,F03,D330,12,4,5,9
2024-12-04,F03,D340,14,2,2,9
2024-12-05,F01,D110,36,7,8,34
2024-12-05,F01,D111,32,9,7,31
2024-12-05,F01,D120,24,6,6,22
2024-12-05,F01,D130,20,6,6,17
2024-12-05,F01,D140,22,4,5,18
2024-12-05,F01,D150,18,3,3,15
2024-12-05,F01,D160,16,6,6,11
2024-12-05,F01,D170,20,7,6,13
2024-12-05,F01,D180,14,4,4,10
2024-12-05,F01,D190,18,2,2,15
2024-12-05,F01,D195,12,10,10,9
2024-12-05,F02,D210,28,9,7,26
2024-12-05,F02,D230,8,4,4,7
2024-12-05,F02,D270,10,4,3,6
2024-12-05,F03,D310,30,3,3,26
2024-12-05,F03,D320,16,6,7,14
2024-12-05,F03,D330,12,1,0,10
2024-12-05,F03,D340,14,5,4,10
2024-12-06,F01,D110,36,8,9,33
2024-12-06,F01,D111,32,4,2,33
2024-12-06,F01,D120,24,7,6,23
2024-12-06,F01,D130,20,6,6,17
2024-12-06,F01,D140,22,5,7,16
2024-12-06,F01,D150,18,3,3,15
2024-12-06,F01,D160,16,3,3,11
2024-12-06,F01,D170,20,2,3,12
2024-12-06,F01,D180,14,0,0,10
2024-12-06,F01,D190,18,2,1,16
2024-12-06,F01,D195,12,6,6,9
2024-12-06,F02,D210,28,5,5,26
2024-12-06,F02,D230,8,0,1,6
2024-12-06,F02,D270,10,2,3,5
2024-12-06,F03,D310,30,11,11,26
2024-12-06,F03,D320,16,4,4,14
2024-12-06,F03,D330,12,2,2,10
2024-12-06,F03,D340,14,4,5,9
2024-12-07,F01,D110,36,8,5,36
2024-12-07,F01,D111,32,11,12,32
2024-12-07,F01,D120,24,5,8,20
2024-12-07,F01,D130,20,3,3,17
2024-12-07,F01,D140,22,5,8,13
2024-12-07,F01,D150,18,0,1,14
2024-12-07,F01,D160,16,4,3,12
2024-12-07,F01,D170,20,7,7,12
2024-12-07,F01,D180,14,2,3,9
2024-12-07,F01,D190,18,1,1,16
2024-12-07,F01,D195,12,10,10,9
2024-12-07,F02,D210,28,4,5,25
2024-12-07,F02,D230,8,4,3,7
2024-12-07,F02,D270,10,3,3,5
2024-12-07,F03,D310,30,4,4,26
2024-12-07,F03,D320,16,6,6,14
2024-12-07,F03,D330,12,4,4,10
2024-12-07,F03,D340,14,2,4,7
2024-12-08,F01,D110,36,5,6,35
2024-12-08,F01,D111,32,5,6,31
2024-12-08,F01,D120,24,6,6,20
2024-12-08,F01,D130,20,11,11,17
2024-12-08,F01,D140,22,10,9,14
2024-12-08,F01,D150,18,4,4,14
2024-12-08,F01,D160,16,0,1,11
2024-12-08,F01,D170,20,6,7,11
2024-12-08,F01,D180,14,5,4,10
2024-12-08,F01,D190,18,3,4,15
2024-12-08,F01,D195,12,9,10,8
2024-12-08,F02,D210,28,5,5,25
2024-12-08,F02,D230,8,4,4,7
2024-12-08,F02,D270,10,3,3,5
2024-12-08,F03,D310,30,11,12,25
2024-12-08,F03,D320,16,2,3,13
2024-12-08,F03,D330,12,1,1,10
2024-12-08,F03,D340,14,4,4,7
2024-12-09,F01,D110,36,9,12,32
2024-12-09,F01,D111,32,8,7,32
2024-12-09,F01,D120,24,3,4,19
2024-12-09,F01,D130,20,7,6,18
2024-12-09,F01,D140,22,8,6,16
2024-12-09,F01,D150,18,2,0,16
2024-12-09,F01,D160,16,1,0,12
2024-12-09,F01,D170,20,5,4,12
2024-12-09,F01,D180,14,2,2,10
2024-12-09,F01,D190,18,1,0,16
2024-12-09,F01,D195,12,9,8,9
2024-12-09,F02,D210,28,9,9,25
2024-12-09,F02,D230,8,0,0,7
2024-12-09,F02,D270,10,2,2,5
2024-12-09,F03,D310,30,5,4,26
2024-12-09,F03,D320,16,5,5,13
2024-12-09,F03,D330,12,2,2,10
2024-12-09,F03,D340,14,6,5,8
2024-12-10,F01,D110,36,9,6,35
2024-12-10,F01,D111,32,13,14,31
2024-12-10,F01,D120,24,8,5,22
2024-12-10,F01,D130,20,7,8,17
2024-12-10,F01,D140,22,5,3,18
2024-12-10,F01,D150,18,5,4,17
2024-12-10,F01,D160,16,2,2,12
2024-12-10,F01,D170,20,2,1,13
2024-12-10,F01,D180,14,6,6,10
2024-12-10,F01,D190,18,2,2,16
2024-12-10,F01,D195,12,8,7,10
2024-12-10,F02,D210,28,11,10,26
2024-12-10,F02,D230,8,3,3,7
2024-12-10,F02,D270,10,4,3,6
2024-12-10,F03,D310,30,6,6,26
2024-12-10,F03,D320,16,1,1,13
2024-12-10,F03,D330,12,2,2,10
2024-12-10,F03,D340,14,2,0,10
2024-12-11,F01,D110,36,10,10,35
2024-12-11,F01,D111,32,3,4,30
2024-12-11,F01,D120,24,2,4,20
2024-12-11,F01,D130,20,2,1,18
2024-12-11,F01,D140,22,10,10,18
2024-12-11,F01,D150,18,3,4,16
2024-12-11,F01,D160,16,3,3,12
2024-12-11,F01,D170,20,6,6,13
2024-12-11,F01,D180,14,4,4,10
2024-12-11,F01,D190,18,3,3,16
2024-12-11,F01,D195,12,9,9,10
2024-12-11,F02,D210,28,7,7,26
2024-12-11,F02,D230,8,0,1,6
2024-12-11,F02,D270,10,5,6,5
2024-12-11,F03,D310,30,8,8,26
2024-12-11,F03,D320,16,2,2,13
2024-12-11,F03,D330,12,2,2,10
2024-12-11,F03,D340,14,3,3,10
2024-12-12,F01,D110,36,8,9,34
2024-12-12,F01,D111,32,8,6,32
2024-12-12,F01,D120,24,3,2,21
2024-12-12,F01,D130,20,6,6,18
2024-12-12,F01,D140,22,11,12,17
2024-12-12,F01,D150,18,4,4,16
2024-12-12,F01,D160,16,4,4,12
2024-12-12,F01,D170,20,8,7,14
2024-12-12,F01,D180,14,7,6,11
2024-12-12,F01,D190,18,3,3,16
2024-12-12,F01,D195,12,7,6,11
2024-12-12,F02,D210,28,5,6,25
2024-12-12,F02,D230,8,1,0,7
2024-12-12,F02,D270,10,3,2,6
2024-12-12,F03,D310,30,6,5,27
2024-12-12,F03,D320,16,8,7,14
2024-12-12,F03,D330,12,6,7,9
2024-12-12,F03,D340,14,7,6,11
2024-12-13,F01,D110,36,10,8,36
2024-12-13,F01,D111,32,4,6,30
2024-12-13,F01,D120,24,2,2,21
2024-12-13,F01,D130,20,5,7,16
2024-12-13,F01,D140,22,4,6,15
2024-12-13,F01,D150,18,3,4,15
2024-12-13,F01,D160,16,1,1,12
2024-12-13,F01,D170,20,7,9,12
2024-12-13,F01,D180,14,2,1,12
2024-12-13,F01,D190,18,2,2,16
2024-12-13,F01,D195,12,14,15,10
2024-12-13,F02,D210,28,10,9,26
2024-12-13,F02,D230,8,1,2,6
2024-12-13,F02,D270,10,3,3,6
2024-12-13,F03,D310,30,6,6,27
2024-12-13,F03,D320,16,3,4,13
2024-12-13,F03,D330,12,2,1,10
2024-12-13,F03,D340,14,0,1,10
2024-12-14,F01,D110,36,7,7,36
2024-12-14,F01,D111,32,7,8,29
2024-12-14,F01,D120,24,3,4,20
2024-12-14,F01,D130,20,2,3,15
2024-12-14,F01,D140,22,4,8,11
2024-12-14,F01,D150,18,2,2,15
2024-12-14,F01,D160,16,2,2,12
2024-12-14,F01,D170,20,4,5,11
2024-12-14,F01,D180,14,7,7,12
2024-12-14,F01,D190,18,2,2,16
2024-12-14,F01,D195,12,9,10,9
2024-12-14,F02,D210,28,9,10,25
2024-12-14,F02,D230,8,2,1,7
2024-12-14,F02,D270,10,4,5,5
2024-12-14,F03,D310,30,7,8,26
2024-12-14,F03,D320,16,3,3,13
2024-12-14,F03,D330,12,5,5,10
2024-12-14,F03,D340,14,4,5,9
2024-12-15,F01,D110,36,5,5,36
2024-12-15,F01,D111,32,8,7,30
2024-12-15,F01,D120,24,6,6,20
2024-12-15,F01,D130,20,2,1,16
2024-12-15,F01,D140,22,4,2,13
2024-12-15,F01,D150,18,2,2,15
2024-12-15,F01,D160,16,4,3,13
2024-12-15,F01,D170,20,3,5,9
2024-12-15,F01,D180,14,4,6,10
2024-12-15,F01,D190,18,3,2,17
2024-12-15,F01,D195,12,8,9,8
2024-12-15,F02,D210,28,1,3,23
2024-12-15,F02,D230,8,2,3,6
2024-12-15,F02,D270,10,2,2,5
2024-12-15,F03,D310,30,6,7,25
2024-12-15,F03,D320,16,6,5,14
2024-12-15,F03,D330,12,3,3,10
2024-12-15,F03,D340,14,3,4,8
2024-12-16,F01,D110,36,8,5,39
2024-12-16,F01,D111,32,9,7,32
2024-12-16,F01,D120,24,7,8,19
2024-12-16,F01,D130,20,3,3,16
2024-12-16,F01,D140,22,7,4,16
2024-12-16,F01,D150,18,4,3,16
2024-12-16,F01,D160,16,2,1,14
2024-12-16,F01,D170,20,4,3,10
2024-12-16,F01,D180,14,2,2,10
2024-12-16,F01,D190,18,1,1,17
2024-12-16,F01,D195,12,3,2,9
2024-12-16,F02,D210,28,9,10,22
2024-12-16,F02,D230,8,4,3,7
2024-12-16,F02,D270,10,2,2,5
2024-12-16,F03,D310,30,6,6,25
2024-12-16,F03,D320,16,4,4,14
2024-12-16,F03,D330,12,4,4,10
2024-12-16,F03,D340,14,2,0,10
2024-12-17,F01,D110,36,12,12,39
2024-12-17,F01,D111,32,3,4,31
2024-12-17,F01,D120,24,9,9,19
2024-12-17,F01,D130,20,3,3,16
2024-12-17,F01,D140,22,9,9,16
2024-12-17,F01,D150,18,2,2,16
2024-12-17,F01,D160,16,2,3,13
2024-12-17,F01,D170,20,5,5,10
2024-12-17,F01,D180,14,3,2,11
2024-12-17,F01,D190,18,2,1,18
2024-12-17,F01,D195,12,10,10,9
2024-12-17,F02,D210,28,5,3,24
2024-12-17,F02,D230,8,3,3,7
2024-12-17,F02,D270,10,2,1,6
2024-12-17,F03,D310,30,6,6,25
2024-12-17,F03,D320,16,9,9,14
2024-12-17,F03,D330,12,1,0,11
2024-12-17,F03,D340,14,7,7,10
2024-12-18,F01,D110,36,7,7,39
2024-12-18,F01,D111,32,12,12,31
2024-12-18,F01,D120,24,4,5,18
2024-12-18,F01,D130,20,4,4,16
2024-12-18,F01,D140,22,8,7,17
2024-12-18,F01,D150,18,6,5,17
2024-12-18,F01,D160,16,0,0,13
2024-12-18,F01,D170,20,2,3,9
2024-12-18,F01,D180,14,6,5,12
2024-12-18,F01,D190,18,3,2,19
2024-12-18,F01,D195,12,9,9,9
2024-12-18,F02,D210,28,11,12,23
2024-12-18,F02,D230,8,1,1,7
2024-12-18,F02,D270,10,2,2,6
2024-12-18,F03,D310,30,10,8,27
2024-12-18,F03,D320,16,8,7,15
2024-12-18,F03,D330,12,4,4,11
2024-12-18,F03,D340,14,6,6,10
2024-12-19,F01,D110,36,8,12,35
2024-12-19,F01,D111,32,10,12,29
2024-12-19,F01,D120,24,3,1,20
2024-12-19,F01,D130,20,8,7,17
2024-12-19,F01,D140,22,5,5,17
2024-12-19,F01,D150,18,2,2,17
2024-12-19,F01,D160,16,5,5,13
2024-12-19,F01,D170,20,4,3,10
2024-12-19,F01,D180,14,3,3,12
2024-12-19,F01,D190,18,3,4,18
2024-12-19,F01,D195,12,13,13,9
2024-12-19,F02,D210,28,6,6,23
2024-12-19,F02,D230,8,2,2,7
2024-12-19,F02,D270,10,3,4,5
2024-12-19,F03,D310,30,5,8,24
2024-12-19,F03,D320,16,5,6,14
2024-12-19,F03,D330,12,3,3,11
2024-12-19,F03,D340,14,6,6,10
2024-12-20,F01,D110,36,11,12,34
2024-12-20,F01,D111,32,8,8,29
2024-12-20,F01,D120,24,11,11,20
2024-12-20,F01,D130,20,8,8,17
2024-12-20,F01,D140,22,11,12,16
2024-12-20,F01,D150,18,4,4,17
2024-12-20,F01,D160,16,6,6,13
2024-12-20,F01,D170,20,2,1,11
2024-12-20,F01,D180,14,4,5,11
2024-12-20,F01,D190,18,3,4,17
2024-12-20,F01,D195,12,7,8,8
2024-12-20,F02,D210,28,8,8,23
2024-12-20,F02,D230,8,2,2,7
2024-12-20,F02,D270,10,2,1,6
2024-12-20,F03,D310,30,9,7,26
2024-12-20,F03,D320,16,5,6,13
2024-12-20,F03,D330,12,4,3,12
2024-12-20,F03,D340,14,2,2,10
2024-12-21,F01,D110,36,9,10,33
2024-12-21,F01,D111,32,6,5,30
2024-12-21,F01,D120,24,6,7,19
2024-12-21,F01,D130,20,3,2,18
2024-12-21,F01,D140,22,5,7,14
2024-12-21,F01,D150,18,3,5,15
2024-12-21,F01,D160,16,1,0,14
2024-12-21,F01,D170,20,2,3,10
2024-12-21,F01,D180,14,5,5,11
2024-12-21,F01,D190,18,1,1,17
2024-12-21,F01,D195,12,12,12,8
2024-12-21,F02,D210,28,4,4,23
2024-12-21,F02,D230,8,0,0,7
2024-12-21,F02,D270,10,2,3,5
2024-12-21,F03,D310,30,5,4,27
2024-12-21,F03,D320,16,2,2,13
2024-12-21,F03,D330,12,6,7,11
2024-12-21,F03,D340,14,1,3,8
2024-12-22,F01,D110,36,7,7,33
2024-12-22,F01,D111,32,11,12,29
2024-12-22,F01,D120,24,6,4,21
2024-12-22,F01,D130,20,7,7,18
2024-12-22,F01,D140,22,8,9,13
2024-12-22,F01,D150,18,3,3,15
2024-12-22,F01,D160,16,0,0,14
2024-12-22,F01,D170,20,6,6,10
2024-12-22,F01,D180,14,2,2,11
2024-12-22,F01,D190,18,0,1,16
2024-12-22,F01,D195,12,10,10,8
2024-12-22,F02,D210,28,4,5,22
2024-12-22,F02,D230,8,1,1,7
2024-12-22,F02,D270,10,1,1,5
2024-12-22,F03,D310,30,9,7,29
2024-12-22,F03,D320,16,3,3,13
2024-12-22,F03,D330,12,4,4,11
2024-12-22,F03,D340,14,3,3,8
2024-12-23,F01,D110,36,10,8,35
2024-12-23,F01,D111,32,2,1,30
2024-12-23,F01,D120,24,8,8,21
2024-12-23,F01,D130,20,3,3,18
2024-12-23,F01,D140,22,6,3,16
2024-12-23,F01,D150,18,4,4,15
2024-12-23,F01,D160,16,4,4,14
2024-12-23,F01,D170,20,1,0,11
2024-12-23,F01,D180,14,4,4,11
2024-12-23,F01,D190,18,0,0,16
2024-12-23,F01,D195,12,8,8,8
2024-12-23,F02,D210,28,6,4,24
2024-12-23,F02,D230,8,1,1,7
2024-12-23,F02,D270,10,2,1,6
2024-12-23,F03,D310,30,10,10,29
2024-12-23,F03,D320,16,6,5,14
2024-12-23,F03,D330,12,7,7,11
2024-12-23,F03,D340,14,3,1,10
2024-12-24,F01,D110,36,4,2,37
2024-12-24,F01,D111,32,4,5,29
2024-12-24,F01,D120,24,6,6,21
2024-12-24,F01,D130,20,3,3,18
2024-12-24,F01,D140,22,5,5,16
2024-12-24,F01,D150,18,1,1,15
2024-12-24,F01,D160,16,3,3,14
2024-12-24,F01,D170,20,2,0,13
2024-12-24,F01,D180,14,2,1,12
2024-12-24,F01,D190,18,4,3,17
2024-12-24,F01,D195,12,6,5,9
2024-12-24,F02,D210,28,7,6,25
2024-12-24,F02,D230,8,3,3,7
2024-12-24,F02,D270,10,3,3,6
2024-12-24,F03,D310,30,9,8,30
2024-12-24,F03,D320,16,2,1,15
2024-12-24,F03,D330,12,3,3,11
2024-12-24,F03,D340,14,5,4,11
2024-12-25,F01,D110,36,7,10,34
2024-12-25,F01,D111,32,8,11,26
2024-12-25,F01,D120,24,8,9,20
2024-12-25,F01,D130,20,5,6,17
2024-12-25,F01,D140,22,5,4,17
2024-12-25,F01,D150,18,5,6,14
2024-12-25,F01,D160,16,2,2,14
2024-12-25,F01,D170,20,7,5,15
2024-12-25,F01,D180,14,2,3,11
2024-12-25,F01,D190,18,4,4,17
2024-12-25,F01,D195,12,8,8,9
2024-12-25,F02,D210,28,9,8,26
2024-12-25,F02,D230,8,3,4,6
2024-12-25,F02,D270,10,4,5,5
2024-12-25,F03,D310,30,3,5,28
2024-12-25,F03,D320,16,9,9,15
2024-12-25,F03,D330,12,4,4,11
2024-12-25,F03,D340,14,3,3,11
2024-12-26,F01,D110,36,12,12,34
2024-12-26,F01,D111,32,9,10,25
2024-12-26,F01,D120,24,6,6,20
2024-12-26,F01,D130,20,3,3,17
2024-12-26,F01,D140,22,6,6,17
2024-12-26,F01,D150,18,2,2,14
2024-12-26,F01,D160,16,5,5,14
2024-12-26,F01,D170,20,5,6,14
2024-12-26,F01,D180,14,2,3,10
2024-12-26,F01,D190,18,2,2,17
2024-12-26,F01,D195,12,8,8,9
2024-12-26,F02,D210,28,4,4,26
2024-12-26,F02,D230,8,1,0,7
2024-12-26,F02,D270,10,1,0,6
2024-12-26,F03,D310,30,6,4,30
2024-12-26,F03,D320,16,4,4,15
2024-12-26,F03,D330,12,7,7,11
2024-12-26,F03,D340,14,1,1,11
2024-12-27,F01,D110,36,3,3,34
2024-12-27,F01,D111,32,7,6,26
2024-12-27,F01,D120,24,4,4,20
2024-12-27,F01,D130,20,7,6,18
2024-12-27,F01,D140,22,2,3,16
2024-12-27,F01,D150,18,1,1,14
2024-12-27,F01,D160,16,4,5,13
2024-12-27,F01,D170,20,7,7,14
2024-12-27,F01,D180,14,5,4,11
2024-12-27,F01,D190,18,5,6,16
2024-12-27,F01,D195,12,9,9,9
2024-12-27,F02,D210,28,5,5,26
2024-12-27,F02,D230,8,0,1,6
2024-12-27,F02,D270,10,4,4,6
2024-12-27,F03,D310,30,4,6,28
2024-12-27,F03,D320,16,6,7,14
2024-12-27,F03,D330,12,5,5,11
2024-12-27,F03,D340,14,6,7,10
2024-12-28,F01,D110,36,9,11,32
2024-12-28,F01,D111,32,6,7,25
2024-12-28,F01,D120,24,11,11,20
2024-12-28,F01,D130,20,5,5,18
2024-12-28,F01,D140,22,5,8,13
2024-12-28,F01,D150,18,3,3,14
2024-12-28,F01,D160,16,3,3,13
2024-12-28,F01,D170,20,5,7,12
2024-12-28,F01,D180,14,5,6,10
2024-12-28,F01,D190,18,2,1,17
2024-12-28,F01,D195,12,10,11,8
2024-12-28,F02,D210,28,3,4,25
2024-12-28,F02,D230,8,2,2,6
2024-12-28,F02,D270,10,2,2,6
2024-12-28,F03,D310,30,7,10,25
2024-12-28,F03,D320,16,5,4,15
2024-12-28,F03,D330,12,4,4,11
2024-12-28,F03,D340,14,2,5,7
2024-12-29,F01,D110,36,3,3,32
2024-12-29,F01,D111,32,7,7,25
2024-12-29,F01,D120,24,4,4,20
2024-12-29,F01,D130,20,1,1,18
2024-12-29,F01,D140,22,4,5,12
2024-12-29,F01,D150,18,2,2,14
2024-12-29,F01,D160,16,2,2,13
2024-12-29,F01,D170,20,6,5,13
2024-12-29,F01,D180,14,5,4,11
2024-12-29,F01,D190,18,0,0,17
2024-12-29,F01,D195,12,10,10,8
2024-12-29,F02,D210,28,7,7,25
2024-12-29,F02,D230,8,0,0,6
2024-12-29,F02,D270,10,0,0,6
2024-12-29,F03,D310,30,10,10,25
2024-12-29,F03,D320,16,3,4,14
2024-12-29,F03,D330,12,5,6,10
2024-12-29,F03,D340,14,2,2,7
2024-12-30,F01,D110,36,4,2,34
2024-12-30,F01,D111,32,7,6,26
2024-12-30,F01,D120,24,8,8,20
2024-12-30,F01,D130,20,5,6,17
2024-12-30,F01,D140,22,7,2,17
2024-12-30,F01,D150,18,2,2,14
2024-12-30,F01,D160,16,3,3,13
2024-12-30,F01,D170,20,7,6,14
2024-12-30,F01,D180,14,5,5,11
2024-12-30,F01,D190,18,4,4,17
2024-12-30,F01,D195,12,10,9,9
2024-12-30,F02,D210,28,9,10,24
2024-12-30,F02,D230,8,1,1,6
2024-12-30,F02,D270,10,0,0,6
2024-12-30,F03,D310,30,4,4,25
2024-12-30,F03,D320,16,7,6,15
2024-12-30,F03,D330,12,6,6,10
2024-12-30,F03,D340,14,2,0,9
2024-12-31,F01,D110,36,10,10,34
2024-12-31,F01,D111,32,7,8,25
2024-12-31,F01,D120,24,6,6,20
2024-12-31,F01,D130,20,4,5,16
2024-12-31,F01,D140,22,8,8,17
2024-12-31,F01,D150,18,3,2,15
2024-12-31,F01,D160,16,1,1,13
2024-12-31,F01,D170,20,7,8,13
2024-12-31,F01,D180,14,4,5,10
2024-12-31,F01,D190,18,0,0,17
2024-12-31,F01,D195,12,10,10,9
2024-12-31,F02,D210,28,9,8,25
2024-12-31,F02,D230,8,1,0,7
2024-12-31,F02,D270,10,3,3,6
2024-12-31,F03,D310,30,5,4,26
2024-12-31,F03,D320,16,5,6,14
2024-12-31,F03,D330,12,1,0,11
2024-12-31,F03,D340,14,4,4,9
2025-01-01,F01,D110,36,6,7,33
2025-01-01,F01,D111,32,6,7,24
2025-01-01,F01,D120,24,5,3,22
2025-01-01,F01,D130,20,2,0,18
2025-01-01,F01,D140,22,8,6,19
2025-01-01,F01,D150,18,2,1,16
2025-01-01,F01,D160,16,3,3,13
2025-01-01,F01,D170,20,4,5,12
2025-01-01,F01,D180,14,2,2,10
2025-01-01,F01,D190,18,3,3,17
2025-01-01,F01,D195,12,4,4,9
2025-01-01,F02,D210,28,5,4,26
2025-01-01,F02,D230,8,3,3,7
2025-01-01,F02,D270,10,3,3,6
2025-01-01,F03,D310,30,8,7,27
2025-01-01,F03,D320,16,5,4,15
2025-01-01,F03,D330,12,1,1,11
2025-01-01,F03,D340,14,1,0,10
2025-01-02,F01,D110,36,14,12,35
2025-01-02,F01,D111,32,9,7,26
2025-01-02,F01,D120,24,3,4,21
2025-01-02,F01,D130,20,3,2,19
2025-01-02,F01,D140,22,5,7,17
2025-01-02,F01,D150,18,4,4,16
2025-01-02,F01,D160,16,4,4,13
2025-01-02,F01,D170,20,9,9,12
2025-01-02,F01,D180,14,4,4,10
2025-01-02,F01,D190,18,4,4,17
2025-01-02,F01,D195,12,11,12,8
2025-01-02,F02,D210,28,4,5,25
2025-01-02,F02,D230,8,2,2,7
2025-01-02,F02,D270,10,0,0,6
2025-01-02,F03,D310,30,5,5,27
2025-01-02,F03,D320,16,4,5,14
2025-01-02,F03,D330,12,4,4,11
2025-01-02,F03,D340,14,4,4,10
2025-01-03,F01,D110,36,8,10,33
2025-01-03,F01,D111,32,6,6,26
2025-01-03,F01,D120,24,7,7,21
2025-01-03,F01,D130,20,7,8,18
2025-01-03,F01,D140,22,8,10,15
2025-01-03,F01,D150,18,0,0,16
2025-01-03,F01,D160,16,1,1,13
2025-01-03,F01,D170,20,9,9,12
2025-01-03,F01,D180,14,2,3,9
2025-01-03,F01,D190,18,1,0,18
2025-01-03,F01,D195,12,7,7,8
2025-01-03,F02,D210,28,4,3,26
2025-01-03,F02,D230,8,3,3,7
2025-01-03,F02,D270,10,3,3,6
2025-01-03,F03,D310,30,8,9,26
2025-01-03,F03,D320,16,4,4,14
2025-01-03,F03,D330,12,4,4,11
2025-01-03,F03,D340,14,5,7,8
2025-01-04,F01,D110,36,5,7,31
2025-01-04,F01,D111,32,5,6,25
2025-01-04,F01,D120,24,5,6,20
2025-01-04,F01,D130,20,7,7,18
2025-01-04,F01,D140,22,6,7,14
2025-01-04,F01,D150,18,7,8,15
2025-01-04,F01,D160,16,2,3,12
2025-01-04,F01,D170,20,7,7,12
2025-01-04,F01,D180,14,4,3,10
2025-01-04,F01,D190,18,3,3,18
2025-01-04,F01,D195,12,6,6,8
2025-01-04,F02,D210,28,9,9,26
2025-01-04,F02,D230,8,3,3,7
2025-01-04,F02,D270,10,2,2,6
2025-01-04,F03,D310,30,7,8,25
2025-01-04,F03,D320,16,5,5,14
2025-01-04,F03,D330,12,1,2,10
2025-01-04,F03,D340,14,3,4,7
2025-01-05,F01,D110,36,3,2,32
2025-01-05,F01,D111,32,7,6,26
2025-01-05,F01,D120,24,4,3,21
2025-01-05,F01,D130,20,1,1,18
2025-01-05,F01,D140,22,4,4,14
2025-01-05,F01,D150,18,1,1,15
2025-01-05,F01,D160,16,6,5,13
2025-01-05,F01,D170,20,5,4,13
2025-01-05,F01,D180,14,6,6,10
2025-01-05,F01,D190,18,0,0,18
2025-01-05,F01,D195,12,6,6,8
2025-01-05,F02,D210,28,7,8,25
2025-01-05,F02,D230,8,1,1,7
2025-01-05,F02,D270,10,3,3,6
2025-01-05,F03,D310,30,9,11,23
2025-01-05,F03,D320,16,3,3,14
2025-01-05,F03,D330,12,2,1,11
2025-01-05,F03,D340,14,2,2,7
2025-01-06,F01,D110,36,8,7,33
2025-01-06,F01,D111,32,8,6,28
2025-01-06,F01,D120,24,10,8,23
2025-01-06,F01,D130,20,7,7,18
2025-01-06,F01,D140,22,4,1,17
2025-01-06,F01,D150,18,3,4,14
2025-01-06,F01,D160,16,5,4,14
2025-01-06,F01,D170,20,3,2,14
2025-01-06,F01,D180,14,7,7,10
2025-01-06,F01,D190,18,4,3,19
2025-01-06,F01,D195,12,11,10,9
2025-01-06,F02,D210,28,11,11,25
2025-01-06,F02,D230,8,3,3,7
2025-01-06,F02,D270,10,2,2,6
2025-01-06,F03,D310,30,3,1,25
2025-01-06,F03,D320,16,4,4,14
2025-01-06,F03,D330,12,5,5,11
2025-01-06,F03,D340,14,3,1,9
2025-01-07,F01,D110,36,12,10,35
2025-01-07,F01,D111,32,7,6,29
2025-01-07,F01,D120,24,6,6,23
2025-01-07,F01,D130,20,0,0,18
2025-01-07,F01,D140,22,3,4,16
2025-01-07,F01,D150,18,3,2,15
2025-01-07,F01,D160,16,1,1,14
2025-01-07,F01,D170,20,11,11,14
2025-01-07,F01,D180,14,4,3,11
2025-01-07,F01,D190,18,2,4,17
2025-01-07,F01,D195,12,8,8,9
2025-01-07,F02,D210,28,4,5,24
2025-01-07,F02,D230,8,2,2,7
2025-01-07,F02,D270,10,3,3,6
2025-01-07,F03,D310,30,7,5,27
2025-01-07,F03,D320,16,5,5,14
2025-01-07,F03,D330,12,2,3,10
2025-01-07,F03,D340,14,2,0,11
2025-01-08,F01,D110,36,4,4,35
2025-01-08,F01,D111,32,12,11,30
2025-01-08,F01,D120,24,8,8,23
2025-01-08,F01,D130,20,2,1,19
2025-01-08,F01,D140,22,8,8,16
2025-01-08,F01,D150,18,2,2,15
2025-01-08,F01,D160,16,4,5,13
2025-01-08,F01,D170,20,7,8,13
2025-01-08,F01,D180,14,6,6,11
2025-01-08,F01,D190,18,1,1,17
2025-01-08,F01,D195,12,10,10,9
2025-01-08,F02,D210,28,8,7,25
2025-01-08,F02,D230,8,2,3,6
2025-01-08,F02,D270,10,1,1,6
2025-01-08,F03,D310,30,3,3,27
2025-01-08,F03,D320,16,1,1,14
2025-01-08,F03,D330,12,2,1,11
2025-01-08,F03,D340,14,4,5,10
2025-01-09,F01,D110,36,15,15,35
2025-01-09,F01,D111,32,4,4,30
2025-01-09,F01,D120,24,7,8,22
2025-01-09,F01,D130,20,3,3,19
2025-01-09,F01,D140,22,4,4,16
2025-01-09,F01,D150,18,3,3,15
2025-01-09,F01,D160,16,5,4,14
2025-01-09,F01,D170,20,8,8,13
2025-01-09,F01,D180,14,5,5,11
2025-01-09,F01,D190,18,3,3,17
2025-01-09,F01,D195,12,9,9,9
2025-01-09,F02,D210,28,3,3,25
2025-01-09,F02,D230,8,4,4,6
2025-01-09,F02,D270,10,5,5,6
2025-01-09,F03,D310,30,1,1,27
2025-01-09,F03,D320,16,6,7,13
2025-01-09,F03,D330,12,1,2,10
2025-01-09,F03,D340,14,2,1,11
2025-01-10,F01,D110,36,10,10,35
2025-01-10,F01,D111,32,6,9,27
2025-01-10,F01,D120,24,4,5,21
2025-01-10,F01,D130,20,10,10,19
2025-01-10,F01,D140,22,9,10,15
2025-01-10,F01,D150,18,4,5,14
2025-01-10,F01,D160,16,2,3,13
2025-01-10,F01,D170,20,4,5,12
2025-01-10,F01,D180,14,5,5,11
2025-01-10,F01,D190,18,2,2,17
2025-01-10,F01,D195,12,7,8,8
2025-01-10,F02,D210,28,6,6,25
2025-01-10,F02,D230,8,3,3,6
2025-01-10,F02,D270,10,0,0,6
2025-01-10,F03,D310,30,4,5,26
2025-01-10,F03,D320,16,4,3,14
2025-01-10,F03,D330,12,3,2,11
2025-01-10,F03,D340,14,1,2,10
2025-01-11,F01,D110,36,10,10,35
2025-01-11,F01,D111,32,5,5,27
2025-01-11,F01,D120,24,3,3,21
2025-01-11,F01,D130,20,3,3,19
2025-01-11,F01,D140,22,4,6,13
2025-01-11,F01,D150,18,5,6,13
2025-01-11,F01,D160,16,5,6,12
2025-01-11,F01,D170,20,4,4,12
2025-01-11,F01,D180,14,5,5,11
2025-01-11,F01,D190,18,2,2,17
2025-01-11,F01,D195,12,0,0,8
2025-01-11,F02,D210,28,6,6,25
2025-01-11,F02,D230,8,2,1,7
2025-01-11,F02,D270,10,3,4,5
2025-01-11,F03,D310,30,0,0,26
2025-01-11,F03,D320,16,5,6,13
2025-01-11,F03,D330,12,5,5,11
2025-01-11,F03,D340,14,4,7,7
2025-01-12,F01,D110,36,8,8,35
2025-01-12,F01,D111,32,4,3,28
2025-01-12,F01,D120,24,9,10,20
2025-01-12,F01,D130,20,4,4,19
2025-01-12,F01,D140,22,6,7,12
2025-01-12,F01,D150,18,2,0,15
2025-01-12,F01,D160,16,3,2,13
2025-01-12,F01,D170,20,8,7,13
2025-01-12,F01,D180,14,5,4,12
2025-01-12,F01,D190,18,3,4,16
2025-01-12,F01,D195,12,9,9,8
2025-01-12,F02,D210,28,7,6,26
2025-01-12,F02,D230,8,0,0,7
2025-01-12,F02,D270,10,4,4,5
2025-01-12,F03,D310,30,10,10,26
2025-01-12,F03,D320,16,3,2,14
2025-01-12,F03,D330,12,2,2,11
2025-01-12,F03,D340,14,2,1,8
2025-01-13,F01,D110,36,17,17,35
2025-01-13,F01,D111,32,3,2,29
2025-01-13,F01,D120,24,1,1,20
2025-01-13,F01,D130,20,6,7,18
2025-01-13,F01,D140,22,6,2,16
2025-01-13,F01,D150,18,1,1,15
2025-01-13,F01,D160,16,4,4,13
2025-01-13,F01,D170,20,9,8,14
2025-01-13,F01,D180,14,4,5,11
2025-01-13,F01,D190,18,2,1,17
2025-01-13,F01,D195,12,6,6,8
2025-01-13,F02,D210,28,8,7,27
2025-01-13,F02,D230,8,5,4,8
2025-01-13,F02,D270,10,3,3,5
2025-01-13,F03,D310,30,5,3,28
2025-01-13,F03,D320,16,5,6,13
2025-01-13,F03,D330,12,2,2,11
2025-01-13,F03,D340,14,5,3,10
2025-01-14,F01,D110,36,12,12,35
2025-01-14,F01,D111,32,5,5,29
2025-01-14,F01,D120,24,8,8,20
2025-01-14,F01,D130,20,6,6,18
2025-01-14,F01,D140,22,4,3,17
2025-01-14,F01,D150,18,4,5,14
2025-01-14,F01,D160,16,1,1,13
2025-01-14,F01,D170,20,7,6,15
2025-01-14,F01,D180,14,2,1,12
2025-01-14,F01,D190,18,4,3,18
2025-01-14,F01,D195,12,5,5,8
2025-01-14,F02,D210,28,6,6,27
2025-01-14,F02,D230,8,1,2,7
2025-01-14,F02,D270,10,1,1,5
2025-01-14,F03,D310,30,9,9,28
2025-01-14,F03,D320,16,6,5,14
2025-01-14,F03,D330,12,2,3,10
2025-01-14,F03,D340,14,4,3,11
2025-01-15,F01,D110,36,5,4,36
2025-01-15,F01,D111,32,6,6,29
2025-01-15,F01,D120,24,6,6,20
2025-01-15,F01,D130,20,3,3,18
2025-01-15,F01,D140,22,7,7,17
2025-01-15,F01,D150,18,2,2,14
2025-01-15,F01,D160,16,3,4,12
2025-01-15,F01,D170,20,2,2,15
2025-01-15,F01,D180,14,4,4,12
2025-01-15,F01,D190,18,3,4,17
2025-01-15,F01,D195,12,13,13,8
2025-01-15,F02,D210,28,6,6,27
2025-01-15,F02,D230,8,5,5,7
2025-01-15,F02,D270,10,3,3,5
2025-01-15,F03,D310,30,9,9,28
2025-01-15,F03,D320,16,5,6,13
2025-01-15,F03,D330,12,5,4,11
2025-01-15,F03,D340,14,5,6,10
2025-01-16,F01,D110,36,10,11,35
2025-01-16,F01,D111,32,6,7,28
2025-01-16,F01,D120,24,8,7,21
2025-01-16,F01,D130,20,1,2,17
2025-01-16,F01,D140,22,2,2,17
2025-01-16,F01,D150,18,0,0,14
2025-01-16,F01,D160,16,2,2,12
2025-01-16,F01,D170,20,5,4,16
2025-01-16,F01,D180,14,5,5,12
2025-01-16,F01,D190,18,3,4,16
2025-01-16,F01,D195,12,6,6,8
2025-01-16,F02,D210,28,8,8,27
2025-01-16,F02,D230,8,2,2,7
2025-01-16,F02,D270,10,0,0,5
2025-01-16,F03,D310,30,5,4,29
2025-01-16,F03,D320,16,4,4,13
2025-01-16,F03,D330,12,2,3,10
2025-01-16,F03,D340,14,3,2,11
2025-01-17,F01,D110,36,10,12,33
2025-01-17,F01,D111,32,7,8,27
2025-01-17,F01,D120,24,3,3,21
2025-01-17,F01,D130,20,1,1,17
2025-01-17,F01,D140,22,6,8,15
2025-01-17,F01,D150,18,2,3,13
2025-01-17,F01,D160,16,3,3,12
2025-01-17,F01,D170,20,2,3,15
2025-01-17,F01,D180,14,2,4,10
2025-01-17,F01,D190,18,1,0,17
2025-01-17,F01,D195,12,1,1,8
2025-01-17,F02,D210,28,5,6,26
2025-01-17,F02,D230,8,1,1,7
2025-01-17,F02,D270,10,3,3,5
2025-01-17,F03,D310,30,6,7,28
2025-01-17,F03,D320,16,4,4,13
2025-01-17,F03,D330,12,4,3,11
2025-01-17,F03,D340,14,3,4,10
2025-01-18,F01,D110,36,7,7,33
2025-01-18,F01,D111,32,8,8,27
2025-01-18,F01,D120,24,8,9,20
2025-01-18,F01,D130,20,5,5,17
2025-01-18,F01,D140,22,4,6,13
2025-01-18,F01,D150,18,1,2,12
2025-01-18,F01,D160,16,7,7,12
2025-01-18,F01,D170,20,5,7,13
2025-01-18,F01,D180,14,5,3,12
2025-01-18,F01,D190,18,1,2,16
2025-01-18,F01,D195,12,5,6,7
2025-01-18,F02,D210,28,6,6,26
2025-01-18,F02,D230,8,4,4,7
2025-01-18,F02,D270,10,2,2,5
2025-01-18,F03,D310,30,5,4,29
2025-01-18,F03,D320,16,0,0,13
2025-01-18,F03,D330,12,4,4,11
2025-01-18,F03,D340,14,4,7,7
2025-01-19,F01,D110,36,10,9,34
2025-01-19,F01,D111,32,11,10,28
2025-01-19,F01,D120,24,3,2,21
2025-01-19,F01,D130,20,6,6,17
2025-01-19,F01,D140,22,5,5,13
2025-01-19,F01,D150,18,3,2,13
2025-01-19,F01,D160,16,6,4,14
2025-01-19,F01,D170,20,0,0,13
2025-01-19,F01,D180,14,4,4,12
2025-01-19,F01,D190,18,2,3,15
2025-01-19,F01,D195,12,7,7,7
2025-01-19,F02,D210,28,8,7,27
2025-01-19,F02,D230,8,2,2,7
2025-01-19,F02,D270,10,2,2,5
2025-01-19,F03,D310,30,9,9,29
2025-01-19,F03,D320,16,4,4,13
2025-01-19,F03,D330,12,6,6,11
2025-01-19,F03,D340,14,2,1,8
2025-01-20,F01,D110,36,6,7,33
2025-01-20,F01,D111,32,6,5,29
2025-01-20,F01,D120,24,8,8,21
2025-01-20,F01,D130,20,2,2,17
2025-01-20,F01,D140,22,5,1,17
2025-01-20,F01,D150,18,2,2,13
2025-01-20,F01,D160,16,4,4,14
2025-01-20,F01,D170,20,4,3,14
2025-01-20,F01,D180,14,4,5,11
2025-01-20,F01,D190,18,1,0,16
2025-01-20,F01,D195,12,9,8,8
2025-01-20,F02,D210,28,8,5,30
2025-01-20,F02,D230,8,2,2,7
2025-01-20,F02,D270,10,1,0,6
2025-01-20,F03,D310,30,4,4,29
2025-01-20,F03,D320,16,5,6,12
2025-01-20,F03,D330,12,4,4,11
2025-01-20,F03,D340,14,3,1,10
2025-01-21,F01,D110,36,7,5,35
2025-01-21,F01,D111,32,2,3,28
2025-01-21,F01,D120,24,4,4,21
2025-01-21,F01,D130,20,6,5,18
2025-01-21,F01,D140,22,6,6,17
2025-01-21,F01,D150,18,2,1,14
2025-01-21,F01,D160,16,3,4,13
2025-01-21,F01,D170,20,8,8,14
2025-01-21,F01,D180,14,7,7,11
2025-01-21,F01,D190,18,0,0,16
2025-01-21,F01,D195,12,10,9,9
2025-01-21,F02,D210,28,8,8,30
2025-01-21,F02,D230,8,2,2,7
2025-01-21,F02,D270,10,5,4,7
2025-01-21,F03,D310,30,8,8,29
2025-01-21,F03,D320,16,4,2,14
2025-01-21,F03,D330,12,5,5,11
2025-01-21,F03,D340,14,7,7,10
2025-01-22,F01,D110,36,12,12,35
2025-01-22,F01,D111,32,10,8,30
2025-01-22,F01,D120,24,8,7,22
2025-01-22,F01,D130,20,4,5,17
2025-01-22,F01,D140,22,9,8,18
2025-01-22,F01,D150,18,2,1,15
2025-01-22,F01,D160,16,3,3,13
2025-01-22,F01,D170,20,9,9,14
2025-01-22,F01,D180,14,2,2,11
2025-01-22,F01,D190,18,3,3,16
2025-01-22,F01,D195,12,12,12,9
2025-01-22,F02,D210,28,8,9,29
2025-01-22,F02,D230,8,0,1,6
2025-01-22,F02,D270,10,2,3,6
2025-01-22,F03,D310,30,7,9,27
2025-01-22,F03,D320,16,3,4,13
2025-01-22,F03,D330,12,4,4,11
2025-01-22,F03,D340,14,0,0,10
2025-01-23,F01,D110,36,1,2,34
2025-01-23,F01,D111,32,8,9,29
2025-01-23,F01,D120,24,8,7,23
2025-01-23,F01,D130,20,8,7,18
2025-01-23,F01,D140,22,12,12,18
2025-01-23,F01,D150,18,5,4,16
2025-01-23,F01,D160,16,2,3,12
2025-01-23,F01,D170,20,4,4,14
2025-01-23,F01,D180,14,7,6,12
2025-01-23,F01,D190,18,3,3,16
2025-01-23,F01,D195,12,11,11,9
2025-01-23,F02,D210,28,10,11,28
2025-01-23,F02,D230,8,1,0,7
2025-01-23,F02,D270,10,1,1,6
2025-01-23,F03,D310,30,7,7,27
2025-01-23,F03,D320,16,6,5,14
2025-01-23,F03,D330,12,4,5,10
2025-01-23,F03,D340,14,4,3,11
2025-01-24,F01,D110,36,11,10,35
2025-01-24,F01,D111,32,8,9,28
2025-01-24,F01,D120,24,3,3,23
2025-01-24,F01,D130,20,5,5,18
2025-01-24,F01,D140,22,4,7,15
2025-01-24,F01,D150,18,2,3,15
2025-01-24,F01,D160,16,3,3,12
2025-01-24,F01,D170,20,4,5,13
2025-01-24,F01,D180,14,4,4,12
2025-01-24,F01,D190,18,3,3,16
2025-01-24,F01,D195,12,14,15,8
2025-01-24,F02,D210,28,4,5,27
2025-01-24,F02,D230,8,4,4,7
2025-01-24,F02,D270,10,3,4,5
2025-01-24,F03,D310,30,4,6,25
2025-01-24,F03,D320,16,6,6,14
2025-01-24,F03,D330,12,5,5,10
2025-01-24,F03,D340,14,5,5,11
2025-01-25,F01,D110,36,2,3,34
2025-01-25,F01,D111,32,3,4,27
2025-01-25,F01,D120,24,7,8,22
2025-01-25,F01,D130,20,2,2,18
2025-01-25,F01,D140,22,10,12,13
2025-01-25,F01,D150,18,2,2,15
2025-01-25,F01,D160,16,6,7,11
2025-01-25,F01,D170,20,3,4,12
2025-01-25,F01,D180,14,6,6,12
2025-01-25,F01,D190,18,0,0,16
2025-01-25,F01,D195,12,3,3,8
2025-01-25,F02,D210,28,8,8,27
2025-01-25,F02,D230,8,4,4,7
2025-01-25,F02,D270,10,2,2,5
2025-01-25,F03,D310,30,4,4,25
2025-01-25,F03,D320,16,1,0,15
2025-01-25,F03,D330,12,0,0,10
2025-01-25,F03,D340,14,6,8,9
2025-01-26,F01,D110,36,7,8,33
2025-01-26,F01,D111,32,8,8,27
2025-01-26,F01,D120,24,8,9,21
2025-01-26,F01,D130,20,7,7,18
2025-01-26,F01,D140,22,3,4,12
2025-01-26,F01,D150,18,1,2,14
2025-01-26,F01,D160,16,5,5,11
2025-01-26,F01,D170,20,9,9,12
2025-01-26,F01,D180,14,1,2,11
2025-01-26,F01,D190,18,2,1,17
2025-01-26,F01,D195,12,7,7,8
2025-01-26,F02,D210,28,10,11,26
2025-01-26,F02,D230,8,2,2,7
2025-01-26,F02,D270,10,1,1,5
2025-01-26,F03,D310,30,2,0,27
2025-01-26,F03,D320,16,2,3,14
2025-01-26,F03,D330,12,4,3,11
2025-01-26,F03,D340,14,4,5,8
2025-01-27,F01,D110,36,9,6,36
2025-01-27,F01,D111,32,9,8,28
2025-01-27,F01,D120,24,5,4,22
2025-01-27,F01,D130,20,4,4,18
2025-01-27,F01,D140,22,3,0,15
2025-01-27,F01,D150,18,2,3,13
2025-01-27,F01,D160,16,4,3,12
2025-01-27,F01,D170,20,3,2,13
2025-01-27,F01,D180,14,2,2,11
2025-01-27,F01,D190,18,1,1,17
2025-01-27,F01,D195,12,5,5,8
2025-01-27,F02,D210,28,5,4,27
2025-01-27,F02,D230,8,2,2,7
2025-01-27,F02,D270,10,0,0,5
2025-01-27,F03,D310,30,6,6,27
2025-01-27,F03,D320,16,7,7,14
2025-01-27,F03,D330,12,4,4,11
2025-01-27,F03,D340,14,5,3,10
2025-01-28,F01,D110,36,7,8,35
2025-01-28,F01,D111,32,9,8,29
2025-01-28,F01,D120,24,3,2,23
2025-01-28,F01,D130,20,3,4,17
2025-01-28,F01,D140,22,6,4,17
2025-01-28,F01,D150,18,2,2,13
2025-01-28,F01,D160,16,4,4,12
2025-01-28,F01,D170,20,7,7,13
2025-01-28,F01,D180,14,5,4,12
2025-01-28,F01,D190,18,2,0,19
2025-01-28,F01,D195,12,6,6,8
2025-01-28,F02,D210,28,3,4,26
2025-01-28,F02,D230,8,4,4,7
2025-01-28,F02,D270,10,0,0,5
2025-01-28,F03,D310,30,7,6,28
2025-01-28,F03,D320,16,5,5,14
2025-01-28,F03,D330,12,4,4,11
2025-01-28,F03,D340,14,5,5,10
2025-01-29,F01,D110,36,10,12,33
2025-01-29,F01,D111,32,7,7,29
2025-01-29,F01,D120,24,11,12,22
2025-01-29,F01,D130,20,8,8,17
2025-01-29,F01,D140,22,8,7,18
2025-01-29,F01,D150,18,4,4,13
2025-01-29,F01,D160,16,5,5,12
2025-01-29,F01,D170,20,5,6,12
2025-01-29,F01,D180,14,6,7,11
2025-01-29,F01,D190,18,2,2,19
2025-01-29,F01,D195,12,3,3,8
2025-01-29,F02,D210,28,7,6,27
2025-01-29,F02,D230,8,0,0,7
2025-01-29,F02,D270,10,2,3,4
2025-01-29,F03,D310,30,3,2,29
2025-01-29,F03,D320,16,4,4,14
2025-01-29,F03,D330,12,3,3,11
2025-01-29,F03,D340,14,1,1,10
2025-01-30,F01,D110,36,7,6,34
2025-01-30,F01,D111,32,7,7,29
2025-01-30,F01,D120,24,6,7,21
2025-01-30,F01,D130,20,4,3,18
2025-01-30,F01,D140,22,7,6,19
2025-01-30,F01,D150,18,6,6,13
2025-01-30,F01,D160,16,3,3,12
2025-01-30,F01,D170,20,7,7,12
2025-01-30,F01,D180,14,1,2,10
2025-01-30,F01,D190,18,1,2,18
2025-01-30,F01,D195,12,8,8,8
2025-01-30,F02,D210,28,12,13,26
2025-01-30,F02,D230,8,1,1,7
2025-01-30,F02,D270,10,0,0,4
2025-01-30,F03,D310,30,9,9,29
2025-01-30,F03,D320,16,4,4,14
2025-01-30,F03,D330,12,4,4,11
2025-01-30,F03,D340,14,3,3,10
2025-01-31,F01,D110,36,10,11,33
2025-01-31,F01,D111,32,7,7,29
2025-01-31,F01,D120,24,5,4,22
2025-01-31,F01,D130,20,5,4,19
2025-01-31,F01,D140,22,4,6,17
2025-01-31,F01,D150,18,1,1,13
2025-01-31,F01,D160,16,6,5,13
2025-01-31,F01,D170,20,7,7,12
2025-01-31,F01,D180,14,6,6,10
2025-01-31,F01,D190,18,4,4,18
2025-01-31,F01,D195,12,9,9,8
2025-01-31,F02,D210,28,7,8,25
2025-01-31,F02,D230,8,2,2,7
2025-01-31,F02,D270,10,0,0,4
2025-01-31,F03,D310,30,4,5,28
2025-01-31,F03,D320,16,5,6,13
2025-01-31,F03,D330,12,0,1,10
2025-01-31,F03,D340,14,1,1,10
2025-02-01,F01,D110,36,6,6,33
2025-02-01,F01,D111,32,3,7,25
2025-02-01,F01,D120,24,5,6,21
2025-02-01,F01,D130,20,9,11,17
2025-02-01,F01,D140,22,7,9,15
2025-02-01,F01,D150,18,2,2,13
2025-02-01,F01,D160,16,3,5,11
2025-02-01,F01,D170,20,5,5,12
2025-02-01,F01,D180,14,0,0,10
2025-02-01,F01,D190,18,0,0,18
2025-02-01,F01,D195,12,12,13,7
2025-02-01,F02,D210,28,4,4,25
2025-02-01,F02,D230,8,2,2,7
2025-02-01,F02,D270,10,1,1,4
2025-02-01,F03,D310,30,7,8,27
2025-02-01,F03,D320,16,1,0,14
2025-02-01,F03,D330,12,1,0,11
2025-02-01,F03,D340,14,3,5,8
2025-02-02,F01,D110,36,8,8,33
2025-02-02,F01,D111,32,7,8,24
2025-02-02,F01,D120,24,9,8,22
2025-02-02,F01,D130,20,8,7,18
2025-02-02,F01,D140,22,5,6,14
2025-02-02,F01,D150,18,1,0,14
2025-02-02,F01,D160,16,0,0,11
2025-02-02,F01,D170,20,5,5,12
2025-02-02,F01,D180,14,1,1,10
2025-02-02,F01,D190,18,4,4,18
2025-02-02,F01,D195,12,12,11,8
2025-02-02,F02,D210,28,6,7,24
2025-02-02,F02,D230,8,2,2,7
2025-02-02,F02,D270,10,1,1,4
2025-02-02,F03,D310,30,11,11,27
2025-02-02,F03,D320,16,5,4,15
2025-02-02,F03,D330,12,4,4,11
2025-02-02,F03,D340,14,8,8,8
2025-02-03,F01,D110,36,7,6,34
2025-02-03,F01,D111,32,12,9,27
2025-02-03,F01,D120,24,4,4,22
2025-02-03,F01,D130,20,7,7,18
2025-02-03,F01,D140,22,2,0,16
2025-02-03,F01,D150,18,7,7,14
2025-02-03,F01,D160,16,3,2,12
2025-02-03,F01,D170,20,3,2,13
2025-02-03,F01,D180,14,0,1,9
2025-02-03,F01,D190,18,1,2,17
2025-02-03,F01,D195,12,10,10,8
2025-02-03,F02,D210,28,4,3,25
2025-02-03,F02,D230,8,3,3,7
2025-02-03,F02,D270,10,3,2,5
2025-02-03,F03,D310,30,7,5,29
2025-02-03,F03,D320,16,1,1,15
2025-02-03,F03,D330,12,2,2,11
2025-02-03,F03,D340,14,3,1,10
2025-02-04,F01,D110,36,5,6,33
2025-02-04,F01,D111,32,6,5,28
2025-02-04,F01,D120,24,6,6,22
2025-02-04,F01,D130,20,7,6,19
2025-02-04,F01,D140,22,4,1,19
2025-02-04,F01,D150,18,4,4,14
2025-02-04,F01,D160,16,6,6,12
2025-02-04,F01,D170,20,9,9,13
2025-02-04,F01,D180,14,2,1,10
2025-02-04,F01,D190,18,3,2,18
2025-02-04,F01,D195,12,15,14,9
2025-02-04,F02,D210,28,11,10,26
2025-02-04,F02,D230,8,2,3,6
2025-02-04,F02,D270,10,3,3,5
2025-02-04,F03,D310,30,11,9,31
2025-02-04,F03,D320,16,6,5,16
2025-02-04,F03,D330,12,5,5,11
2025-02-04,F03,D340,14,5,5,10
2025-02-05,F01,D110,36,5,5,33
2025-02-05,F01,D111,32,9,10,27
2025-02-05,F01,D120,24,7,7,22
2025-02-05,F01,D130,20,5,5,19
2025-02-05,F01,D140,22,6,5,20
2025-02-05,F01,D150,18,5,4,15
2025-02-05,F01,D160,16,2,2,12
2025-02-05,F01,D170,20,7,7,13
2025-02-05,F01,D180,14,4,4,10
2025-02-05,F01,D190,18,0,1,17
2025-02-05,F01,D195,12,8,8,9
2025-02-05,F02,D210,28,11,11,26
2025-02-05,F02,D230,8,1,0,7
2025-02-05,F02,D270,10,0,1,4
2025-02-05,F03,D310,30,7,8,30
2025-02-05,F03,D320,16,1,2,15
2025-02-05,F03,D330,12,5,5,11
2025-02-05,F03,D340,14,4,3,11
2025-02-06,F01,D110,36,8,8,33
2025-02-06,F01,D111,32,9,9,27
2025-02-06,F01,D120,24,7,7,22
2025-02-06,F01,D130,20,5,5,19
2025-02-06,F01,D140,22,2,1,21
2025-02-06,F01,D150,18,3,3,15
2025-02-06,F01,D160,16,2,2,12
2025-02-06,F01,D170,20,3,4,12
2025-02-06,F01,D180,14,6,5,11
2025-02-06,F01,D190,18,2,2,17
2025-02-06,F01,D195,12,14,14,9
2025-02-06,F02,D210,28,6,8,24
2025-02-06,F02,D230,8,0,0,7
2025-02-06,F02,D270,10,3,2,5
2025-02-06,F03,D310,30,9,11,28
2025-02-06,F03,D320,16,8,8,15
2025-02-06,F03,D330,12,3,4,10
2025-02-06,F03,D340,14,4,4,11
2025-02-07,F01,D110,36,10,10,33
2025-02-07,F01,D111,32,7,7,27
2025-02-07,F01,D120,24,7,9,20
2025-02-07,F01,D130,20,9,8,20
2025-02-07,F01,D140,22,11,13,19
2025-02-07,F01,D150,18,2,2,15
2025-02-07,F01,D160,16,0,0,12
2025-02-07,F01,D170,20,5,5,12
2025-02-07,F01,D180,14,4,5,10
2025-02-07,F01,D190,18,2,2,17
2025-02-07,F01,D195,12,5,5,9
2025-02-07,F02,D210,28,4,3,25
2025-02-07,F02,D230,8,1,1,7
2025-02-07,F02,D270,10,0,1,4
2025-02-07,F03,D310,30,4,5,27
2025-02-07,F03,D320,16,2,2,15
2025-02-07,F03,D330,12,2,1,11
2025-02-07,F03,D340,14,3,5,9
2025-02-08,F01,D110,36,8,9,32
2025-02-08,F01,D111,32,9,8,28
2025-02-08,F01,D120,24,6,8,18
2025-02-08,F01,D130,20,8,8,20
2025-02-08,F01,D140,22,6,10,15
2025-02-08,F01,D150,18,0,2,13
2025-02-08,F01,D160,16,1,1,12
2025-02-08,F01,D170,20,5,5,12
2025-02-08,F01,D180,14,4,4,10
2025-02-08,F01,D190,18,3,3,17
2025-02-08,F01,D195,12,4,5,8
2025-02-08,F02,D210,28,5,4,26
2025-02-08,F02,D230,8,3,3,7
2025-02-08,F02,D270,10,4,4,4
2025-02-08,F03,D310,30,9,8,28
2025-02-08,F03,D320,16,4,5,14
2025-02-08,F03,D330,12,4,4,11
2025-02-08,F03,D340,14,4,5,8
2025-02-09,F01,D110,36,12,10,34
2025-02-09,F01,D111,32,4,1,31
2025-02-09,F01,D120,24,2,2,18
2025-02-09,F01,D130,20,5,5,20
2025-02-09,F01,D140,22,7,6,16
2025-02-09,F01,D150,18,2,1,14
2025-02-09,F01,D160,16,2,2,12
2025-02-09,F01,D170,20,6,7,11
2025-02-09,F01,D180,14,4,5,9
2025-02-09,F01,D190,18,2,2,17
2025-02-09,F01,D195,12,7,8,7
2025-02-09,F02,D210,28,5,4,27
2025-02-09,F02,D230,8,2,2,7
2025-02-09,F02,D270,10,3,3,4
2025-02-09,F03,D310,30,3,5,26
2025-02-09,F03,D320,16,0,0,14
2025-02-09,F03,D330,12,4,4,11
2025-02-09,F03,D340,14,7,7,8
2025-02-10,F01,D110,36,10,7,37
2025-02-10,F01,D111,32,10,10,31
2025-02-10,F01,D120,24,5,3,20
2025-02-10,F01,D130,20,2,3,19
2025-02-10,F01,D140,22,4,2,18
2025-02-10,F01,D150,18,4,3,15
2025-02-10,F01,D160,16,5,5,12
2025-02-10,F01,D170,20,8,6,13
2025-02-10,F01,D180,14,6,5,10
2025-02-10,F01,D190,18,3,2,18
2025-02-10,F01,D195,12,5,4,8
2025-02-10,F02,D210,28,3,4,26
2025-02-10,F02,D230,8,0,0,7
2025-02-10,F02,D270,10,3,2,5
2025-02-10,F03,D310,30,9,8,27
2025-02-10,F03,D320,16,7,7,14
2025-02-10,F03,D330,12,3,3,11
2025-02-10,F03,D340,14,2,0,10
2025-02-11,F01,D110,36,8,10,35
2025-02-11,F01,D111,32,0,0,31
2025-02-11,F01,D120,24,5,4,21
2025-02-11,F01,D130,20,9,10,18
2025-02-11,F01,D140,22,3,0,21
2025-02-11,F01,D150,18,4,4,15
2025-02-11,F01,D160,16,1,1,12
2025-02-11,F01,D170,20,8,8,13
2025-02-11,F01,D180,14,2,3,9
2025-02-11,F01,D190,18,3,2,19
2025-02-11,F01,D195,12,6,6,8
2025-02-11,F02,D210,28,8,8,26
2025-02-11,F02,D230,8,5,5,7
2025-02-11,F02,D270,10,4,3,6
2025-02-11,F03,D310,30,5,3,29
2025-02-11,F03,D320,16,5,4,15
2025-02-11,F03,D330,12,4,4,11
2025-02-11,F03,D340,14,6,5,11
2025-02-12,F01,D110,36,7,6,36
2025-02-12,F01,D111,32,12,11,32
2025-02-12,F01,D120,24,6,6,21
2025-02-12,F01,D130,20,3,3,18
2025-02-12,F01,D140,22,6,7,20
2025-02-12,F01,D150,18,1,0,16
2025-02-12,F01,D160,16,4,4,12
2025-02-12,F01,D170,20,0,2,11
2025-02-12,F01,D180,14,3,3,9
2025-02-12,F01,D190,18,0,1,18
2025-02-12,F01,D195,12,8,8,8
2025-02-12,F02,D210,28,6,7,25
2025-02-12,F02,D230,8,2,3,6
2025-02-12,F02,D270,10,1,1,6
2025-02-12,F03,D310,30,8,8,29
2025-02-12,F03,D320,16,2,3,14
2025-02-12,F03,D330,12,2,2,11
2025-02-12,F03,D340,14,3,3,11
2025-02-13,F01,D110,36,9,8,37
2025-02-13,F01,D111,32,13,13,32
2025-02-13,F01,D120,24,6,5,22
2025-02-13,F01,D130,20,5,6,17
2025-02-13,F01,D140,22,7,7,20
2025-02-13,F01,D150,18,2,2,16
2025-02-13,F01,D160,16,1,0,13
2025-02-13,F01,D170,20,5,5,11
2025-02-13,F01,D180,14,4,3,10
2025-02-13,F01,D190,18,3,3,18
2025-02-13,F01,D195,12,7,6,9
2025-02-13,F02,D210,28,8,7,26
2025-02-13,F02,D230,8,2,2,6
2025-02-13,F02,D270,10,2,2,6
2025-02-13,F03,D310,30,12,12,29
2025-02-13,F03,D320,16,7,7,14
2025-02-13,F03,D330,12,3,3,11
2025-02-13,F03,D340,14,2,2,11
2025-02-14,F01,D110,36,7,7,37
2025-02-14,F01,D111,32,3,2,33
2025-02-14,F01,D120,24,2,2,22
2025-02-14,F01,D130,20,6,6,17
2025-02-14,F01,D140,22,5,6,19
2025-02-14,F01,D150,18,0,1,15
2025-02-14,F01,D160,16,5,4,14
2025-02-14,F01,D170,20,7,7,11
2025-02-14,F01,D180,14,1,0,11
2025-02-14,F01,D190,18,2,3,17
2025-02-14,F01,D195,12,10,10,9
2025-02-14,F02,D210,28,2,3,25
2025-02-14,F02,D230,8,1,1,6
2025-02-14,F02,D270,10,3,4,5
2025-02-14,F03,D310,30,6,7,28
2025-02-14,F03,D320,16,6,6,14
2025-02-14,F03,D330,12,4,5,10
2025-02-14,F03,D340,14,3,5,9
2025-02-15,F01,D110,36,3,9,31
2025-02-15,F01,D111,32,6,7,32
2025-02-15,F01,D120,24,5,5,22
2025-02-15,F01,D130,20,5,4,18
2025-02-15,F01,D140,22,8,11,16
2025-02-15,F01,D150,18,3,2,16
2025-02-15,F01,D160,16,8,8,14
2025-02-15,F01,D170,20,2,2,11
2025-02-15,F01,D180,14,5,5,11
2025-02-15,F01,D190,18,5,6,16
2025-02-15,F01,D195,12,7,7,9
2025-02-15,F02,D210,28,0,1,24
2025-02-15,F02,D230,8,1,1,6
2025-02-15,F02,D270,10,5,5,5
2025-02-15,F03,D310,30,7,8,27
2025-02-15,F03,D320,16,5,6,13
2025-02-15,F03,D330,12,3,3,10
2025-02-15,F03,D340,14,3,5,7
2025-02-16,F01,D110,36,7,6,32
2025-02-16,F01,D111,32,8,8,32
2025-02-16,F01,D120,24,8,8,22
2025-02-16,F01,D130,20,5,5,18
2025-02-16,F01,D140,22,6,6,16
2025-02-16,F01,D150,18,5,5,16
2025-02-16,F01,D160,16,0,1,13
2025-02-16,F01,D170,20,7,7,11
2025-02-16,F01,D180,14,6,6,11
2025-02-16,F01,D190,18,3,3,16
2025-02-16,F01,D195,12,6,6,9
2025-02-16,F02,D210,28,9,9,24
2025-02-16,F02,D230,8,2,2,6
2025-02-16,F02,D270,10,3,3,5
2025-02-16,F03,D310,30,4,3,28
2025-02-16,F03,D320,16,4,4,13
2025-02-16,F03,D330,12,2,2,10
2025-02-16,F03,D340,14,4,3,8
2025-02-17,F01,D110,36,4,6,30
2025-02-17,F01,D111,32,7,8,31
2025-02-17,F01,D120,24,12,12,22
2025-02-17,F01,D130,20,7,6,19
2025-02-17,F01,D140,22,5,4,17
2025-02-17,F01,D150,18,3,3,16
2025-02-17,F01,D160,16,3,4,12
2025-02-17,F01,D170,20,3,3,11
2025-02-17,F01,D180,14,1,2,10
2025-02-17,F01,D190,18,1,0,17
2025-02-17,F01,D195,12,10,9,10
2025-02-17,F02,D210,28,4,4,24
2025-02-17,F02,D230,8,2,2,6
2025-02-17,F02,D270,10,3,3,5
2025-02-17,F03,D310,30,7,6,29
2025-02-17,F03,D320,16,2,0,15
2025-02-17,F03,D330,12,2,2,10
2025-02-17,F03,D340,14,2,1,9
2025-02-18,F01,D110,36,10,10,30
2025-02-18,F01,D111,32,6,7,30
2025-02-18,F01,D120,24,5,5,22
2025-02-18,F01,D130,20,4,4,19
2025-02-18,F01,D140,22,4,2,19
2025-02-18,F01,D150,18,6,6,16
2025-02-18,F01,D160,16,1,1,12
2025-02-18,F01,D170,20,1,0,12
2025-02-18,F01,D180,14,1,0,11
2025-02-18,F01,D190,18,1,1,17
2025-02-18,F01,D195,12,9,9,10
2025-02-18,F02,D210,28,4,3,25
2025-02-18,F02,D230,8,3,2,7
2025-02-18,F02,D270,10,3,2,6
2025-02-18,F03,D310,30,7,6,30
2025-02-18,F03,D320,16,4,4,15
2025-02-18,F03,D330,12,4,4,10
2025-02-18,F03,D340,14,5,4,10
2025-02-19,F01,D110,36,6,5,31
2025-02-19,F01,D111,32,5,6,29
2025-02-19,F01,D120,24,13,14,21
2025-02-19,F01,D130,20,7,8,18
2025-02-19,F01,D140,22,7,6,20
2025-02-19,F01,D150,18,4,5,15
2025-02-19,F01,D160,16,3,3,12
2025-02-19,F01,D170,20,7,7,12
2025-02-19,F01,D180,14,5,5,11
2025-02-19,F01,D190,18,1,1,17
2025-02-19,F01,D195,12,7,7,10
2025-02-19,F02,D210,28,5,6,24
2025-02-19,F02,D230,8,2,2,7
2025-02-19,F02,D270,10,3,3,6
2025-02-19,F03,D310,30,5,6,29
2025-02-19,F03,D320,16,3,3,15
2025-02-19,F03,D330,12,0,0,10
2025-02-19,F03,D340,14,3,3,10
2025-02-20,F01,D110,36,14,15,30
2025-02-20,F01,D111,32,11,11,29
2025-02-20,F01,D120,24,8,8,21
2025-02-20,F01,D130,20,2,2,18
2025-02-20,F01,D140,22,6,7,19
2025-02-20,F01,D150,18,1,1,15
2025-02-20,F01,D160,16,5,5,12
2025-02-20,F01,D170,20,6,6,12
2025-02-20,F01,D180,14,5,5,11
2025-02-20,F01,D190,18,1,2,16
2025-02-20,F01,D195,12,9,9,10
2025-02-20,F02,D210,28,6,6,24
2025-02-20,F02,D230,8,3,3,7
2025-02-20,F02,D270,10,0,1,5
2025-02-20,F03,D310,30,7,9,27
2025-02-20,F03,D320,16,0,0,15
2025-02-20,F03,D330,12,2,1,11
2025-02-20,F03,D340,14,4,3,11
2025-02-21,F01,D110,36,9,8,31
2025-02-21,F01,D111,32,9,9,29
2025-02-21,F01,D120,24,9,8,22
2025-02-21,F01,D130,20,5,5,18
2025-02-21,F01,D140,22,4,6,17
2025-02-21,F01,D150,18,4,4,15
2025-02-21,F01,D160,16,1,0,13
2025-02-21,F01,D170,20,3,3,12
2025-02-21,F01,D180,14,6,7,10
2025-02-21,F01,D190,18,3,2,17
2025-02-21,F01,D195,12,8,8,10
2025-02-21,F02,D210,28,7,8,23
2025-02-21,F02,D230,8,3,3,7
2025-02-21,F02,D270,10,1,0,6
2025-02-21,F03,D310,30,5,6,26
2025-02-21,F03,D320,16,5,5,15
2025-02-21,F03,D330,12,2,2,11
2025-02-21,F03,D340,14,5,6,10
2025-02-22,F01,D110,36,4,4,31
2025-02-22,F01,D111,32,10,8,31
2025-02-22,F01,D120,24,10,10,22
2025-02-22,F01,D130,20,7,8,17
2025-02-22,F01,D140,22,5,8,14
2025-02-22,F01,D150,18,2,3,14
2025-02-22,F01,D160,16,2,2,13
2025-02-22,F01,D170,20,5,6,11
2025-02-22,F01,D180,14,1,0,11
2025-02-22,F01,D190,18,6,6,17
2025-02-22,F01,D195,12,7,7,10
2025-02-22,F02,D210,28,4,5,22
2025-02-22,F02,D230,8,3,3,7
2025-02-22,F02,D270,10,0,1,5
2025-02-22,F03,D310,30,6,6,26
2025-02-22,F03,D320,16,4,6,13
2025-02-22,F03,D330,12,6,6,11
2025-02-22,F03,D340,14,5,7,8
2025-02-23,F01,D110,36,11,11,31
2025-02-23,F01,D111,32,6,7,30
2025-02-23,F01,D120,24,5,3,24
2025-02-23,F01,D130,20,2,1,18
2025-02-23,F01,D140,22,1,3,12
2025-02-23,F01,D150,18,3,3,14
2025-02-23,F01,D160,16,3,2,14
2025-02-23,F01,D170,20,2,2,11
2025-02-23,F01,D180,14,5,6,10
2025-02-23,F01,D190,18,4,4,17
2025-02-23,F01,D195,12,6,7,9
2025-02-23,F02,D210,28,7,5,24
2025-02-23,F02,D230,8,1,1,7
2025-02-23,F02,D270,10,3,3,5
2025-02-23,F03,D310,30,4,3,27
2025-02-23,F03,D320,16,4,3,14
2025-02-23,F03,D330,12,1,2,10
2025-02-23,F03,D340,14,5,5,8
2025-02-24,F01,D110,36,6,4,33
2025-02-24,F01,D111,32,5,4,31
2025-02-24,F01,D120,24,9,9,24
2025-02-24,F01,D130,20,6,5,19
2025-02-24,F01,D140,22,9,5,16
2025-02-24,F01,D150,18,4,4,14
2025-02-24,F01,D160,16,4,4,14
2025-02-24,F01,D170,20,7,6,12
2025-02-24,F01,D180,14,8,7,11
2025-02-24,F01,D190,18,3,2,18
2025-02-24,F01,D195,12,15,14,10
2025-02-24,F02,D210,28,4,5,23
2025-02-24,F02,D230,8,0,0,7
2025-02-24,F02,D270,10,1,1,5
2025-02-24,F03,D310,30,7,6,28
2025-02-24,F03,D320,16,4,4,14
2025-02-24,F03,D330,12,4,4,10
2025-02-24,F03,D340,14,3,1,10
2025-02-25,F01,D110,36,6,5,34
2025-02-25,F01,D111,32,9,12,28
2025-02-25,F01,D120,24,4,4,24
2025-02-25,F01,D130,20,5,5,19
2025-02-25,F01,D140,22,7,5,18
2025-02-25,F01,D150,18,2,0,16
2025-02-25,F01,D160,16,3,4,13
2025-02-25,F01,D170,20,2,2,12
2025-02-25,F01,D180,14,4,4,11
2025-02-25,F01,D190,18,3,3,18
2025-02-25,F01,D195,12,8,8,10
2025-02-25,F02,D210,28,5,2,26
2025-02-25,F02,D230,8,4,4,7
2025-02-25,F02,D270,10,3,3,5
2025-02-25,F03,D310,30,8,7,29
2025-02-25,F03,D320,16,2,3,13
2025-02-25,F03,D330,12,2,2,10
2025-02-25,F03,D340,14,4,3,11
2025-02-26,F01,D110,36,13,14,33
2025-02-26,F01,D111,32,3,2,29
2025-02-26,F01,D120,24,5,6,23
2025-02-26,F01,D130,20,2,3,18
2025-02-26,F01,D140,22,10,10,18
2025-02-26,F01,D150,18,0,0,16
2025-02-26,F01,D160,16,2,3,12
2025-02-26,F01,D170,20,5,5,12
2025-02-26,F01,D180,14,5,5,11
2025-02-26,F01,D190,18,2,3,17
2025-02-26,F01,D195,12,7,7,10
2025-02-26,F02,D210,28,6,4,28
2025-02-26,F02,D230,8,3,3,7
2025-02-26,F02,D270,10,2,2,5
2025-02-26,F03,D310,30,2,3,28
2025-02-26,F03,D320,16,1,0,14
2025-02-26,F03,D330,12,3,3,10
2025-02-26,F03,D340,14,4,4,11
2025-02-27,F01,D110,36,5,7,31
2025-02-27,F01,D111,32,7,7,29
2025-02-27,F01,D120,24,6,9,20
2025-02-27,F01,D130,20,4,4,18
2025-02-27,F01,D140,22,12,10,20
2025-02-27,F01,D150,18,6,6,16
2025-02-27,F01,D160,16,3,3,12
2025-02-27,F01,D170,20,4,5,11
2025-02-27,F01,D180,14,2,1,12
2025-02-27,F01,D190,18,2,2,17
2025-02-27,F01,D195,12,10,11,9
2025-02-27,F02,D210,28,3,4,27
2025-02-27,F02,D230,8,3,3,7
2025-02-27,F02,D270,10,5,5,5
2025-02-27,F03,D310,30,8,7,29
2025-02-27,F03,D320,16,4,4,14
2025-02-27,F03,D330,12,6,5,11
2025-02-27,F03,D340,14,3,4,10
2025-02-28,F01,D110,36,5,5,31
2025-02-28,F01,D111,32,5,5,29
2025-02-28,F01,D120,24,5,4,21
2025-02-28,F01,D130,20,0,1,17
2025-02-28,F01,D140,22,7,8,19
2025-02-28,F01,D150,18,3,4,15
2025-02-28,F01,D160,16,3,1,14
2025-02-28,F01,D170,20,2,1,12
2025-02-28,F01,D180,14,3,3,12
2025-02-28,F01,D190,18,2,3,16
2025-02-28,F01,D195,12,10,10,9
2025-02-28,F02,D210,28,14,14,27
2025-02-28,F02,D230,8,0,1,6
2025-02-28,F02,D270,10,1,1,5
2025-02-28,F03,D310,30,10,11,28
2025-02-28,F03,D320,16,4,3,15
2025-02-28,F03,D330,12,4,5,10
2025-02-28,F03,D340,14,2,3,9
2025-03-01,F01,D110,36,8,9,30
2025-03-01,F01,D111,32,3,5,27
2025-03-01,F01,D120,24,5,8,18
2025-03-01,F01,D130,20,6,6,17
2025-03-01,F01,D140,22,8,10,17
2025-03-01,F01,D150,18,3,3,15
2025-03-01,F01,D160,16,1,2,13
2025-03-01,F01,D170,20,3,3,12
2025-03-01,F01,D180,14,0,1,11
2025-03-01,F01,D190,18,3,4,15
2025-03-01,F01,D195,12,14,15,8
2025-03-01,F02,D210,28,4,4,27
2025-03-01,F02,D230,8,2,2,6
2025-03-01,F02,D270,10,4,4,5
2025-03-01,F03,D310,30,3,5,26
2025-03-01,F03,D320,16,5,6,14
2025-03-01,F03,D330,12,2,2,10
2025-03-01,F03,D340,14,3,4,8
2025-03-02,F01,D110,36,10,10,30
2025-03-02,F01,D111,32,3,3,27
2025-03-02,F01,D120,24,3,2,19
2025-03-02,F01,D130,20,5,6,16
2025-03-02,F01,D140,22,5,6,16
2025-03-02,F01,D150,18,4,4,15
2025-03-02,F01,D160,16,6,6,13
2025-03-02,F01,D170,20,1,2,11
2025-03-02,F01,D180,14,5,6,10
2025-03-02,F01,D190,18,2,2,15
2025-03-02,F01,D195,12,8,8,8
2025-03-02,F02,D210,28,4,4,27
2025-03-02,F02,D230,8,2,2,6
2025-03-02,F02,D270,10,2,1,6
2025-03-02,F03,D310,30,6,6,26
2025-03-02,F03,D320,16,1,2,13
2025-03-02,F03,D330,12,2,2,10
2025-03-02,F03,D340,14,1,1,8
2025-03-03,F01,D110,36,5,5,30
2025-03-03,F01,D111,32,7,6,28
2025-03-03,F01,D120,24,10,10,19
2025-03-03,F01,D130,20,4,4,16
2025-03-03,F01,D140,22,4,2,18
2025-03-03,F01,D150,18,6,6,15
2025-03-03,F01,D160,16,1,2,12
2025-03-03,F01,D170,20,7,7,11
2025-03-03,F01,D180,14,2,2,10
2025-03-03,F01,D190,18,2,1,16
2025-03-03,F01,D195,12,6,6,8
2025-03-03,F02,D210,28,7,8,26
2025-03-03,F02,D230,8,2,2,6
2025-03-03,F02,D270,10,3,3,6
2025-03-03,F03,D310,30,8,8,26
2025-03-03,F03,D320,16,4,3,14
2025-03-03,F03,D330,12,0,0,10
2025-03-03,F03,D340,14,2,0,10
2025-03-04,F01,D110,36,5,3,32
2025-03-04,F01,D111,32,7,6,29
2025-03-04,F01,D120,24,8,7,20
2025-03-04,F01,D130,20,8,7,17
2025-03-04,F01,D140,22,3,1,20
2025-03-04,F01,D150,18,2,3,14
2025-03-04,F01,D160,16,1,0,13
2025-03-04,F01,D170,20,7,5,13
2025-03-04,F01,D180,14,1,1,10
2025-03-04,F01,D190,18,4,3,17
2025-03-04,F01,D195,12,7,7,8
2025-03-04,F02,D210,28,7,8,25
2025-03-04,F02,D230,8,0,0,6
2025-03-04,F02,D270,10,4,4,6
2025-03-04,F03,D310,30,6,7,25
2025-03-04,F03,D320,16,8,8,14
2025-03-04,F03,D330,12,0,1,9
2025-03-04,F03,D340,14,3,3,10
2025-03-05,F01,D110,36,13,12,33
2025-03-05,F01,D111,32,3,4,28
2025-03-05,F01,D120,24,11,12,19
2025-03-05,F01,D130,20,1,1,17
2025-03-05,F01,D140,22,5,6,19
2025-03-05,F01,D150,18,1,1,14
2025-03-05,F01,D160,16,5,5,13
2025-03-05,F01,D170,20,6,7,12
2025-03-05,F01,D180,14,4,4,10
2025-03-05,F01,D190,18,3,4,16
2025-03-05,F01,D195,12,8,8,8
2025-03-05,F02,D210,28,13,14,24
2025-03-05,F02,D230,8,1,0,7
2025-03-05,F02,D270,10,4,4,6
2025-03-05,F03,D310,30,5,5,25
2025-03-05,F03,D320,16,2,3,13
2025-03-05,F03,D330,12,4,4,9
2025-03-05,F03,D340,14,2,1,11
2025-03-06,F01,D110,36,4,5,32
2025-03-06,F01,D111,32,6,4,30
2025-03-06,F01,D120,24,7,8,18
2025-03-06,F01,D130,20,7,6,18
2025-03-06,F01,D140,22,4,5,18
2025-03-06,F01,D150,18,4,4,14
2025-03-06,F01,D160,16,5,5,13
2025-03-06,F01,D170,20,5,4,13
2025-03-06,F01,D180,14,5,5,10
2025-03-06,F01,D190,18,2,2,16
2025-03-06,F01,D195,12,6,6,8
2025-03-06,F02,D210,28,8,8,24
2025-03-06,F02,D230,8,2,2,7
2025-03-06,F02,D270,10,1,1,6
2025-03-06,F03,D310,30,8,6,27
2025-03-06,F03,D320,16,4,3,14
2025-03-06,F03,D330,12,4,4,9
2025-03-06,F03,D340,14,5,5,11
2025-03-07,F01,D110,36,10,11,31
2025-03-07,F01,D111,32,5,6,29
2025-03-07,F01,D120,24,3,0,21
2025-03-07,F01,D130,20,5,7,16
2025-03-07,F01,D140,22,4,7,15
2025-03-07,F01,D150,18,2,2,14
2025-03-07,F01,D160,16,4,5,12
2025-03-07,F01,D170,20,7,9,11
2025-03-07,F01,D180,14,7,7,10
2025-03-07,F01,D190,18,0,0,16
2025-03-07,F01,D195,12,10,10,8
2025-03-07,F02,D210,28,10,10,24
2025-03-07,F02,D230,8,2,1,8
2025-03-07,F02,D270,10,0,0,6
2025-03-07,F03,D310,30,9,7,29
2025-03-07,F03,D320,16,4,4,14
2025-03-07,F03,D330,12,3,3,9
2025-03-07,F03,D340,14,7,7,11
2025-03-08,F01,D110,36,9,8,32
2025-03-08,F01,D111,32,8,9,28
2025-03-08,F01,D120,24,6,7,20
2025-03-08,F01,D130,20,4,3,17
2025-03-08,F01,D140,22,7,9,13
2025-03-08,F01,D150,18,2,3,13
2025-03-08,F01,D160,16,6,5,13
2025-03-08,F01,D170,20,3,4,10
2025-03-08,F01,D180,14,1,2,9
2025-03-08,F01,D190,18,2,3,15
2025-03-08,F01,D195,12,8,9,7
2025-03-08,F02,D210,28,8,8,24
2025-03-08,F02,D230,8,2,2,8
2025-03-08,F02,D270,10,3,4,5
2025-03-08,F03,D310,30,7,8,28
2025-03-08,F03,D320,16,4,5,13
2025-03-08,F03,D330,12,1,1,9
2025-03-08,F03,D340,14,3,5,9
2025-03-09,F01,D110,36,5,6,31
2025-03-09,F01,D111,32,7,7,28
2025-03-09,F01,D120,24,5,3,22
2025-03-09,F01,D130,20,7,7,17
2025-03-09,F01,D140,22,4,4,13
2025-03-09,F01,D150,18,3,3,13
2025-03-09,F01,D160,16,2,2,13
2025-03-09,F01,D170,20,3,3,10
2025-03-09,F01,D180,14,4,4,9
2025-03-09,F01,D190,18,1,1,15
2025-03-09,F01,D195,12,8,7,8
2025-03-09,F02,D210,28,6,7,23
2025-03-09,F02,D230,8,4,5,7
2025-03-09,F02,D270,10,3,3,5
2025-03-09,F03,D310,30,5,6,27
2025-03-09,F03,D320,16,6,6,13
2025-03-09,F03,D330,12,2,1,10
2025-03-09,F03,D340,14,1,1,9
2025-03-10,F01,D110,36,5,3,33
2025-03-10,F01,D111,32,7,5,30
2025-03-10,F01,D120,24,10,10,22
2025-03-10,F01,D130,20,6,7,16
2025-03-10,F01,D140,22,4,2,15
2025-03-10,F01,D150,18,1,1,13
2025-03-10,F01,D160,16,2,3,12
2025-03-10,F01,D170,20,5,3,12
2025-03-10,F01,D180,14,4,4,9
2025-03-10,F01,D190,18,1,1,15
2025-03-10,F01,D195,12,13,12,9
2025-03-10,F02,D210,28,7,6,24
2025-03-10,F02,D230,8,3,3,7
2025-03-10,F02,D270,10,5,4,6
2025-03-10,F03,D310,30,9,11,25
2025-03-10,F03,D320,16,1,0,14
2025-03-10,F03,D330,12,2,2,10
2025-03-10,F03,D340,14,1,0,10
2025-03-11,F01,D110,36,6,6,33
2025-03-11,F01,D111,32,8,7,31
2025-03-11,F01,D120,24,1,1,22
2025-03-11,F01,D130,20,4,4,16
2025-03-11,F01,D140,22,1,0,16
2025-03-11,F01,D150,18,5,4,14
2025-03-11,F01,D160,16,4,3,13
2025-03-11,F01,D170,20,6,6,12
2025-03-11,F01,D180,14,3,3,9
2025-03-11,F01,D190,18,1,1,15
2025-03-11,F01,D195,12,12,12,9
2025-03-11,F02,D210,28,8,7,25
2025-03-11,F02,D230,8,1,1,7
2025-03-11,F02,D270,10,1,1,6
2025-03-11,F03,D310,30,17,16,26
2025-03-11,F03,D320,16,5,4,15
2025-03-11,F03,D330,12,6,6,10
2025-03-11,F03,D340,14,4,4,10
2025-03-12,F01,D110,36,9,11,31
2025-03-12,F01,D111,32,7,7,31
2025-03-12,F01,D120,24,6,6,22
2025-03-12,F01,D130,20,3,3,16
2025-03-12,F01,D140,22,5,5,16
2025-03-12,F01,D150,18,4,3,15
2025-03-12,F01,D160,16,4,5,12
2025-03-12,F01,D170,20,5,5,12
2025-03-12,F01,D180,14,1,1,9
2025-03-12,F01,D190,18,1,1,15
2025-03-12,F01,D195,12,10,10,9
2025-03-12,F02,D210,28,9,9,25
2025-03-12,F02,D230,8,0,0,7
2025-03-12,F02,D270,10,4,4,6
2025-03-12,F03,D310,30,5,5,26
2025-03-12,F03,D320,16,4,5,14
2025-03-12,F03,D330,12,5,5,10
2025-03-12,F03,D340,14,4,5,9
2025-03-13,F01,D110,36,7,7,31
2025-03-13,F01,D111,32,5,5,31
2025-03-13,F01,D120,24,7,6,23
2025-03-13,F01,D130,20,8,8,16
2025-03-13,F01,D140,22,7,6,17
2025-03-13,F01,D150,18,3,4,14
2025-03-13,F01,D160,16,1,1,12
2025-03-13,F01,D170,20,7,7,12
2025-03-13,F01,D180,14,4,4,9
2025-03-13,F01,D190,18,0,0,15
2025-03-13,F01,D195,12,9,9,9
2025-03-13,F02,D210,28,10,10,25
2025-03-13,F02,D230,8,0,0,7
2025-03-13,F02,D270,10,5,4,7
2025-03-13,F03,D310,30,4,4,26
2025-03-13,F03,D320,16,6,7,13
2025-03-13,F03,D330,12,5,6,9
2025-03-13,F03,D340,14,7,6,10
2025-03-14,F01,D110,36,8,8,31
2025-03-14,F01,D111,32,7,9,29
2025-03-14,F01,D120,24,8,10,21
2025-03-14,F01,D130,20,7,7,16
2025-03-14,F01,D140,22,5,6,16
2025-03-14,F01,D150,18,3,4,13
2025-03-14,F01,D160,16,3,3,12
2025-03-14,F01,D170,20,6,6,12
2025-03-14,F01,D180,14,2,1,10
2025-03-14,F01,D190,18,2,3,14
2025-03-14,F01,D195,12,1,1,9
2025-03-14,F02,D210,28,5,8,22
2025-03-14,F02,D230,8,2,2,7
2025-03-14,F02,D270,10,2,3,6
2025-03-14,F03,D310,30,9,9,26
2025-03-14,F03,D320,16,4,5,12
2025-03-14,F03,D330,12,5,4,10
2025-03-14,F03,D340,14,4,4,10
2025-03-15,F01,D110,36,8,8,31
2025-03-15,F01,D111,32,7,8,28
2025-03-15,F01,D120,24,13,13,21
2025-03-15,F01,D130,20,7,6,17
2025-03-15,F01,D140,22,6,9,13
2025-03-15,F01,D150,18,3,3,13
2025-03-15,F01,D160,16,3,3,12
2025-03-15,F01,D170,20,1,1,12
2025-03-15,F01,D180,14,4,4,10
2025-03-15,F01,D190,18,4,2,16
2025-03-15,F01,D195,12,10,11,8
2025-03-15,F02,D210,28,5,4,23
2025-03-15,F02,D230,8,2,3,6
2025-03-15,F02,D270,10,5,5,6
2025-03-15,F03,D310,30,11,11,26
2025-03-15,F03,D320,16,3,3,12
2025-03-15,F03,D330,12,0,0,10
2025-03-15,F03,D340,14,5,7,8
2025-03-16,F01,D110,36,4,4,31
2025-03-16,F01,D111,32,4,5,27
2025-03-16,F01,D120,24,4,5,20
2025-03-16,F01,D130,20,4,4,17
2025-03-16,F01,D140,22,0,2,11
2025-03-16,F01,D150,18,5,5,13
2025-03-16,F01,D160,16,4,3,13
2025-03-16,F01,D170,20,6,6,12
2025-03-16,F01,D180,14,1,1,10
2025-03-16,F01,D190,18,2,2,16
2025-03-16,F01,D195,12,10,10,8
2025-03-16,F02,D210,28,6,5,24
2025-03-16,F02,D230,8,4,3,7
2025-03-16,F02,D270,10,0,1,5
2025-03-16,F03,D310,30,8,8,26
2025-03-16,F03,D320,16,3,3,12
2025-03-16,F03,D330,12,2,1,11
2025-03-16,F03,D340,14,3,3,8
2025-03-17,F01,D110,36,4,3,32
2025-03-17,F01,D111,32,8,8,27
2025-03-17,F01,D120,24,7,6,21
2025-03-17,F01,D130,20,6,7,16
2025-03-17,F01,D140,22,5,3,13
2025-03-17,F01,D150,18,4,3,14
2025-03-17,F01,D160,16,3,3,13
2025-03-17,F01,D170,20,6,5,13
2025-03-17,F01,D180,14,7,7,10
2025-03-17,F01,D190,18,1,2,15
2025-03-17,F01,D195,12,9,7,10
2025-03-17,F02,D210,28,7,6,25
2025-03-17,F02,D230,8,2,2,7
2025-03-17,F02,D270,10,3,2,6
2025-03-17,F03,D310,30,7,7,26
2025-03-17,F03,D320,16,1,0,13
2025-03-17,F03,D330,12,3,3,11
2025-03-17,F03,D340,14,5,3,10
2025-03-18,F01,D110,36,5,6,31
2025-03-18,F01,D111,32,9,11,25
2025-03-18,F01,D120,24,3,3,21
2025-03-18,F01,D130,20,3,4,15
2025-03-18,F01,D140,22,3,1,15
2025-03-18,F01,D150,18,3,3,14
2025-03-18,F01,D160,16,2,1,14
2025-03-18,F01,D170,20,5,4,14
2025-03-18,F01,D180,14,6,6,10
2025-03-18,F01,D190,18,2,2,15
2025-03-18,F01,D195,12,13,13,10
2025-03-18,F02,D210,28,9,8,26
2025-03-18,F02,D230,8,3,3,7
2025-03-18,F02,D270,10,2,2,6
2025-03-18,F03,D310,30,8,8,26
2025-03-18,F03,D320,16,2,2,13
2025-03-18,F03,D330,12,4,4,11
2025-03-18,F03,D340,14,7,6,11
2025-03-19,F01,D110,36,6,7,30
2025-03-19,F01,D111,32,8,7,26
2025-03-19,F01,D120,24,9,8,22
2025-03-19,F01,D130,20,3,2,16
2025-03-19,F01,D140,22,9,9,15
2025-03-19,F01,D150,18,0,0,14
2025-03-19,F01,D160,16,4,5,13
2025-03-19,F01,D170,20,7,9,12
2025-03-19,F01,D180,14,0,1,9
2025-03-19,F01,D190,18,0,0,15
2025-03-19,F01,D195,12,2,2,10
2025-03-19,F02,D210,28,9,9,26
2025-03-19,F02,D230,8,4,4,7
2025-03-19,F02,D270,10,4,4,6
2025-03-19,F03,D310,30,6,6,26
2025-03-19,F03,D320,16,2,2,13
2025-03-19,F03,D330,12,0,0,11
2025-03-19,F03,D340,14,2,3,10
2025-03-20,F01,D110,36,5,7,28
2025-03-20,F01,D111,32,11,9,28
2025-03-20,F01,D120,24,8,7,23
2025-03-20,F01,D130,20,6,6,16
2025-03-20,F01,D140,22,2,1,16
2025-03-20,F01,D150,18,6,5,15
2025-03-20,F01,D160,16,4,4,13
2025-03-20,F01,D170,20,4,3,13
2025-03-20,F01,D180,14,2,1,10
2025-03-20,F01,D190,18,2,2,15
2025-03-20,F01,D195,12,10,11,9
2025-03-20,F02,D210,28,6,7,25
2025-03-20,F02,D230,8,4,4,7
2025-03-20,F02,D270,10,2,2,6
2025-03-20,F03,D310,30,5,5,26
2025-03-20,F03,D320,16,6,5,14
2025-03-20,F03,D330,12,1,1,11
2025-03-20,F03,D340,14,7,6,11
2025-03-21,F01,D110,36,8,6,30
2025-03-21,F01,D111,32,9,6,31
2025-03-21,F01,D120,24,0,0,23
2025-03-21,F01,D130,20,6,6,16
2025-03-21,F01,D140,22,5,7,14
2025-03-21,F01,D150,18,6,7,14
2025-03-21,F01,D160,16,2,2,13
2025-03-21,F01,D170,20,7,8,12
2025-03-21,F01,D180,14,2,2,10
2025-03-21,F01,D190,18,2,0,17
2025-03-21,F01,D195,12,13,13,9
2025-03-21,F02,D210,28,4,3,26
2025-03-21,F02,D230,8,2,3,6
2025-03-21,F02,D270,10,2,3,5
2025-03-21,F03,D310,30,4,4,26
2025-03-21,F03,D320,16,0,2,12
2025-03-21,F03,D330,12,2,2,11
2025-03-21,F03,D340,14,2,2,11
2025-03-22,F01,D110,36,7,9,28
2025-03-22,F01,D111,32,8,10,29
2025-03-22,F01,D120,24,3,5,21
2025-03-22,F01,D130,20,3,2,17
2025-03-22,F01,D140,22,7,9,12
2025-03-22,F01,D150,18,7,8,13
2025-03-22,F01,D160,16,4,3,14
2025-03-22,F01,D170,20,5,6,11
2025-03-22,F01,D180,14,2,3,9
2025-03-22,F01,D190,18,5,6,16
2025-03-22,F01,D195,12,10,12,7
2025-03-22,F02,D210,28,5,6,25
2025-03-22,F02,D230,8,0,0,6
2025-03-22,F02,D270,10,2,2,5
2025-03-22,F03,D310,30,7,7,26
2025-03-22,F03,D320,16,5,5,12
2025-03-22,F03,D330,12,4,4,11
2025-03-22,F03,D340,14,0,1,10
2025-03-23,F01,D110,36,6,2,32
2025-03-23,F01,D111,32,9,7,31
2025-03-23,F01,D120,24,9,9,21
2025-03-23,F01,D130,20,5,5,17
2025-03-23,F01,D140,22,6,7,11
2025-03-23,F01,D150,18,4,3,14
2025-03-23,F01,D160,16,5,6,13
2025-03-23,F01,D170,20,6,5,12
2025-03-23,F01,D180,14,3,3,9
2025-03-23,F01,D190,18,2,1,17
2025-03-23,F01,D195,12,6,6,7
2025-03-23,F02,D210,28,7,8,24
2025-03-23,F02,D230,8,2,2,6
2025-03-23,F02,D270,10,1,1,5
2025-03-23,F03,D310,30,5,7,24
2025-03-23,F03,D320,16,3,2,13
2025-03-23,F03,D330,12,5,5,11
2025-03-23,F03,D340,14,3,3,10
2025-03-24,F01,D110,36,8,7,33
2025-03-24,F01,D111,32,4,4,31
2025-03-24,F01,D120,24,7,7,21
2025-03-24,F01,D130,20,4,3,18
2025-03-24,F01,D140,22,7,4,14
2025-03-24,F01,D150,18,2,2,14
2025-03-24,F01,D160,16,7,6,14
2025-03-24,F01,D170,20,6,5,13
2025-03-24,F01,D180,14,0,0,9
2025-03-24,F01,D190,18,3,2,18
2025-03-24,F01,D195,12,4,3,8
2025-03-24,F02,D210,28,8,7,25
2025-03-24,F02,D230,8,4,3,7
2025-03-24,F02,D270,10,1,0,6
2025-03-24,F03,D310,30,7,7,24
2025-03-24,F03,D320,16,3,3,13
2025-03-24,F03,D330,12,4,4,11
2025-03-24,F03,D340,14,5,3,12
2025-03-25,F01,D110,36,12,13,32
2025-03-25,F01,D111,32,9,11,29
2025-03-25,F01,D120,24,3,3,21
2025-03-25,F01,D130,20,5,6,17
2025-03-25,F01,D140,22,6,4,16
2025-03-25,F01,D150,18,0,0,14
2025-03-25,F01,D160,16,3,3,14
2025-03-25,F01,D170,20,7,7,13
2025-03-25,F01,D180,14,4,5,8
2025-03-25,F01,D190,18,1,1,18
2025-03-25,F01,D195,12,11,11,8
2025-03-25,F02,D210,28,6,6,25
2025-03-25,F02,D230,8,3,3,7
2025-03-25,F02,D270,10,1,1,6
2025-03-25,F03,D310,30,3,0,27
2025-03-25,F03,D320,16,3,3,13
2025-03-25,F03,D330,12,9,9,11
2025-03-25,F03,D340,14,8,8,12
2025-03-26,F01,D110,36,8,8,32
2025-03-26,F01,D111,32,7,7,29
2025-03-26,F01,D120,24,4,4,21
2025-03-26,F01,D130,20,4,5,16
2025-03-26,F01,D140,22,6,6,16
2025-03-26,F01,D150,18,2,2,14
2025-03-26,F01,D160,16,4,4,14
2025-03-26,F01,D170,20,5,5,13
2025-03-26,F01,D180,14,4,3,9
2025-03-26,F01,D190,18,3,3,18
2025-03-26,F01,D195,12,12,12,8
2025-03-26,F02,D210,28,9,10,24
2025-03-26,F02,D230,8,3,4,6
2025-03-26,F02,D270,10,2,2,6
2025-03-26,F03,D310,30,5,7,25
2025-03-26,F03,D320,16,7,6,14
2025-03-26,F03,D330,12,0,0,11
2025-03-26,F03,D340,14,4,5,11
2025-03-27,F01,D110,36,11,9,34
2025-03-27,F01,D111,32,11,13,27
2025-03-27,F01,D120,24,13,12,22
2025-03-27,F01,D130,20,2,2,16
2025-03-27,F01,D140,22,7,7,16
2025-03-27,F01,D150,18,4,3,15
2025-03-27,F01,D160,16,1,3,12
2025-03-27,F01,D170,20,8,9,12
2025-03-27,F01,D180,14,6,6,9
2025-03-27,F01,D190,18,3,3,18
2025-03-27,F01,D195,12,11,11,8
2025-03-27,F02,D210,28,5,6,23
2025-03-27,F02,D230,8,4,4,6
2025-03-27,F02,D270,10,2,2,6
2025-03-27,F03,D310,30,8,6,27
2025-03-27,F03,D320,16,2,2,14
2025-03-27,F03,D330,12,3,3,11
2025-03-27,F03,D340,14,4,3,12
2025-03-28,F01,D110,36,9,8,35
2025-03-28,F01,D111,32,16,17,26
2025-03-28,F01,D120,24,9,10,21
2025-03-28,F01,D130,20,2,2,16
2025-03-28,F01,D140,22,8,9,15
2025-03-28,F01,D150,18,4,5,14
2025-03-28,F01,D160,16,4,3,13
2025-03-28,F01,D170,20,5,6,11
2025-03-28,F01,D180,14,3,3,9
2025-03-28,F01,D190,18,1,1,18
2025-03-28,F01,D195,12,5,5,8
2025-03-28,F02,D210,28,8,7,24
2025-03-28,F02,D230,8,2,2,6
2025-03-28,F02,D270,10,3,3,6
2025-03-28,F03,D310,30,5,5,27
2025-03-28,F03,D320,16,7,7,14
2025-03-28,F03,D330,12,1,1,11
2025-03-28,F03,D340,14,4,5,11
2025-03-29,F01,D110,36,7,8,34
2025-03-29,F01,D111,32,3,3,26
2025-03-29,F01,D120,24,7,7,21
2025-03-29,F01,D130,20,3,3,16
2025-03-29,F01,D140,22,3,6,12
2025-03-29,F01,D150,18,3,4,13
2025-03-29,F01,D160,16,3,4,12
2025-03-29,F01,D170,20,8,9,10
2025-03-29,F01,D180,14,0,1,8
2025-03-29,F01,D190,18,0,0,18
2025-03-29,F01,D195,12,4,5,7
2025-03-29,F02,D210,28,4,3,25
2025-03-29,F02,D230,8,2,2,6
2025-03-29,F02,D270,10,2,3,5
2025-03-29,F03,D310,30,11,11,27
2025-03-29,F03,D320,16,7,7,14
2025-03-29,F03,D330,12,3,3,11
2025-03-29,F03,D340,14,4,6,9
2025-03-30,F01,D110,36,2,3,33
2025-03-30,F01,D111,32,11,9,28
2025-03-30,F01,D120,24,4,5,20
2025-03-30,F01,D130,20,4,5,15
2025-03-30,F01,D140,22,6,5,13
2025-03-30,F01,D150,18,4,3,14
2025-03-30,F01,D160,16,2,2,12
2025-03-30,F01,D170,20,4,3,11
2025-03-30,F01,D180,14,2,2,8
2025-03-30,F01,D190,18,2,1,19
2025-03-30,F01,D195,12,5,5,7
2025-03-30,F02,D210,28,9,8,26
2025-03-30,F02,D230,8,1,0,7
2025-03-30,F02,D270,10,0,0,5
2025-03-30,F03,D310,30,6,8,25
2025-03-30,F03,D320,16,5,6,13
2025-03-30,F03,D330,12,4,5,10
2025-03-30,F03,D340,14,4,5,8
2025-03-31,F01,D110,36,9,8,34
2025-03-31,F01,D111,32,1,0,29
2025-03-31,F01,D120,24,4,5,19
2025-03-31,F01,D130,20,5,3,17
2025-03-31,F01,D140,22,5,2,16
2025-03-31,F01,D150,18,1,2,13
2025-03-31,F01,D160,16,5,4,13
2025-03-31,F01,D170,20,8,8,11
2025-03-31,F01,D180,14,2,2,8
2025-03-31,F01,D190,18,3,2,20
2025-03-31,F01,D195,12,8,7,8
2025-03-31,F02,D210,28,7,8,25
2025-03-31,F02,D230,8,1,1,7
2025-03-31,F02,D270,10,3,2,6
2025-03-31,F03,D310,30,12,12,25
2025-03-31,F03,D320,16,1,0,14
2025-03-31,F03,D330,12,4,4,10
2025-03-31,F03,D340,14,2,0,10
2025-04-01,F01,D110,36,7,9,32
2025-04-01,F01,D111,32,3,5,27
2025-04-01,F01,D120,24,3,4,18
2025-04-01,F01,D130,20,5,5,17
2025-04-01,F01,D140,22,9,7,18
2025-04-01,F01,D150,18,2,1,14
2025-04-01,F01,D160,16,5,5,13
2025-04-01,F01,D170,20,6,5,12
2025-04-01,F01,D180,14,3,4,7
2025-04-01,F01,D190,18,0,2,18
2025-04-01,F01,D195,12,7,6,9
2025-04-01,F02,D210,28,7,9,23
2025-04-01,F02,D230,8,3,4,6
2025-04-01,F02,D270,10,3,3,6
2025-04-01,F03,D310,30,13,12,26
2025-04-01,F03,D320,16,5,7,12
2025-04-01,F03,D330,12,0,0,10
2025-04-01,F03,D340,14,2,1,11
2025-04-02,F01,D110,36,10,11,31
2025-04-02,F01,D111,32,5,5,27
2025-04-02,F01,D120,24,4,3,19
2025-04-02,F01,D130,20,7,7,17
2025-04-02,F01,D140,22,8,9,17
2025-04-02,F01,D150,18,4,4,14
2025-04-02,F01,D160,16,3,4,12
2025-04-02,F01,D170,20,6,6,12
2025-04-02,F01,D180,14,5,5,7
2025-04-02,F01,D190,18,3,4,17
2025-04-02,F01,D195,12,6,7,8
2025-04-02,F02,D210,28,6,5,24
2025-04-02,F02,D230,8,1,0,7
2025-04-02,F02,D270,10,0,0,6
2025-04-02,F03,D310,30,7,8,25
2025-04-02,F03,D320,16,4,4,12
2025-04-02,F03,D330,12,3,3,10
2025-04-02,F03,D340,14,8,9,10
2025-04-03,F01,D110,36,5,3,33
2025-04-03,F01,D111,32,8,10,25
2025-04-03,F01,D120,24,3,3,19
2025-04-03,F01,D130,20,6,5,18
2025-04-03,F01,D140,22,4,3,18
2025-04-03,F01,D150,18,3,4,13
2025-04-03,F01,D160,16,4,4,12
2025-04-03,F01,D170,20,4,3,13
2025-04-03,F01,D180,14,2,2,7
2025-04-03,F01,D190,18,4,3,18
2025-04-03,F01,D195,12,12,12,8
2025-04-03,F02,D210,28,7,7,24
2025-04-03,F02,D230,8,3,3,7
2025-04-03,F02,D270,10,3,3,6
2025-04-03,F03,D310,30,9,11,23
2025-04-03,F03,D320,16,6,4,14
2025-04-03,F03,D330,12,4,3,11
2025-04-03,F03,D340,14,3,3,10
2025-04-04,F01,D110,36,5,3,35
2025-04-04,F01,D111,32,6,5,26
2025-04-04,F01,D120,24,4,3,20
2025-04-04,F01,D130,20,5,6,17
2025-04-04,F01,D140,22,6,7,17
2025-04-04,F01,D150,18,4,3,14
2025-04-04,F01,D160,16,3,2,13
2025-04-04,F01,D170,20,5,6,12
2025-04-04,F01,D180,14,2,2,7
2025-04-04,F01,D190,18,3,3,18
2025-04-04,F01,D195,12,11,11,8
2025-04-04,F02,D210,28,4,4,24
2025-04-04,F02,D230,8,1,1,7
2025-04-04,F02,D270,10,4,4,6
2025-04-04,F03,D310,30,8,7,24
2025-04-04,F03,D320,16,4,4,14
2025-04-04,F03,D330,12,4,5,10
2025-04-04,F03,D340,14,2,3,9
2025-04-05,F01,D110,36,5,4,36
2025-04-05,F01,D111,32,7,7,26
2025-04-05,F01,D120,24,9,8,21
2025-04-05,F01,D130,20,4,5,16
2025-04-05,F01,D140,22,6,9,14
2025-04-05,F01,D150,18,1,2,13
2025-04-05,F01,D160,16,1,1,13
2025-04-05,F01,D170,20,4,5,11
2025-04-05,F01,D180,14,3,4,6
2025-04-05,F01,D190,18,0,0,18
2025-04-05,F01,D195,12,4,4,8
2025-04-05,F02,D210,28,8,10,22
2025-04-05,F02,D230,8,3,3,7
2025-04-05,F02,D270,10,2,2,6
2025-04-05,F03,D310,30,5,5,24
2025-04-05,F03,D320,16,3,4,13
2025-04-05,F03,D330,12,6,6,10
2025-04-05,F03,D340,14,3,4,8
2025-04-06,F01,D110,36,10,12,34
2025-04-06,F01,D111,32,4,4,26
2025-04-06,F01,D120,24,4,4,21
2025-04-06,F01,D130,20,2,1,17
2025-04-06,F01,D140,22,7,8,13
2025-04-06,F01,D150,18,2,2,13
2025-04-06,F01,D160,16,3,5,11
2025-04-06,F01,D170,20,3,3,11
2025-04-06,F01,D180,14,7,6,7
2025-04-06,F01,D190,18,1,2,17
2025-04-06,F01,D195,12,12,12,8
2025-04-06,F02,D210,28,7,7,22
2025-04-06,F02,D230,8,0,0,7
2025-04-06,F02,D270,10,3,4,5
2025-04-06,F03,D310,30,5,6,23
2025-04-06,F03,D320,16,4,5,12
2025-04-06,F03,D330,12,2,2,10
2025-04-06,F03,D340,14,4,4,8
2025-04-07,F01,D110,36,9,10,33
2025-04-07,F01,D111,32,5,7,24
2025-04-07,F01,D120,24,7,7,21
2025-04-07,F01,D130,20,7,7,17
2025-04-07,F01,D140,22,6,4,15
2025-04-07,F01,D150,18,2,0,15
2025-04-07,F01,D160,16,5,5,11
2025-04-07,F01,D170,20,6,4,13
2025-04-07,F01,D180,14,5,5,7
2025-04-07,F01,D190,18,2,2,17
2025-04-07,F01,D195,12,6,6,8
2025-04-07,F02,D210,28,4,4,22
2025-04-07,F02,D230,8,4,5,6
2025-04-07,F02,D270,10,5,4,6
2025-04-07,F03,D310,30,10,9,24
2025-04-07,F03,D320,16,3,2,13
2025-04-07,F03,D330,12,5,5,10
2025-04-07,F03,D340,14,4,3,9
2025-04-08,F01,D110,36,8,5,36
2025-04-08,F01,D111,32,8,6,26
2025-04-08,F01,D120,24,6,6,21
2025-04-08,F01,D130,20,4,4,17
2025-04-08,F01,D140,22,6,3,18
2025-04-08,F01,D150,18,6,6,15
2025-04-08,F01,D160,16,6,6,11
2025-04-08,F01,D170,20,9,8,14
2025-04-08,F01,D180,14,3,3,7
2025-04-08,F01,D190,18,1,1,17
2025-04-08,F01,D195,12,3,4,7
2025-04-08,F02,D210,28,9,9,22
2025-04-08,F02,D230,8,3,2,7
2025-04-08,F02,D270,10,2,2,6
2025-04-08,F03,D310,30,11,9,26
2025-04-08,F03,D320,16,6,5,14
2025-04-08,F03,D330,12,4,4,10
2025-04-08,F03,D340,14,6,4,11
2025-04-09,F01,D110,36,6,8,34
2025-04-09,F01,D111,32,3,4,25
2025-04-09,F01,D120,24,6,7,20
2025-04-09,F01,D130,20,8,8,17
2025-04-09,F01,D140,22,6,6,18
2025-04-09,F01,D150,18,4,5,14
2025-04-09,F01,D160,16,2,3,10
2025-04-09,F01,D170,20,4,4,14
2025-04-09,F01,D180,14,5,4,8
2025-04-09,F01,D190,18,4,5,16
2025-04-09,F01,D195,12,3,2,8
2025-04-09,F02,D210,28,6,4,24
2025-04-09,F02,D230,8,5,5,7
2025-04-09,F02,D270,10,4,4,6
2025-04-09,F03,D310,30,8,9,25
2025-04-09,F03,D320,16,2,3,13
2025-04-09,F03,D330,12,2,2,10
2025-04-09,F03,D340,14,0,0,11
2025-04-10,F01,D110,36,7,7,34
2025-04-10,F01,D111,32,6,6,25
2025-04-10,F01,D120,24,7,7,20
2025-04-10,F01,D130,20,5,6,16
2025-04-10,F01,D140,22,4,4,18
2025-04-10,F01,D150,18,5,5,14
2025-04-10,F01,D160,16,1,0,11
2025-04-10,F01,D170,20,6,7,13
2025-04-10,F01,D180,14,0,0,8
2025-04-10,F01,D190,18,2,1,17
2025-04-10,F01,D195,12,5,5,8
2025-04-10,F02,D210,28,5,6,23
2025-04-10,F02,D230,8,4,4,7
2025-04-10,F02,D270,10,3,4,5
2025-04-10,F03,D310,30,4,4,25
2025-04-10,F03,D320,16,5,5,13
2025-04-10,F03,D330,12,2,1,11
2025-04-10,F03,D340,14,3,4,10
2025-04-11,F01,D110,36,5,8,31
2025-04-11,F01,D111,32,7,6,26
2025-04-11,F01,D120,24,11,11,20
2025-04-11,F01,D130,20,4,4,16
2025-04-11,F01,D140,22,4,6,16
2025-04-11,F01,D150,18,0,0,14
2025-04-11,F01,D160,16,1,1,11
2025-04-11,F01,D170,20,11,11,13
2025-04-11,F01,D180,14,5,7,6
2025-04-11,F01,D190,18,3,3,17
2025-04-11,F01,D195,12,6,6,8
2025-04-11,F02,D210,28,4,4,23
2025-04-11,F02,D230,8,2,2,7
2025-04-11,F02,D270,10,2,2,5
2025-04-11,F03,D310,30,8,8,25
2025-04-11,F03,D320,16,6,6,13
2025-04-11,F03,D330,12,4,4,11
2025-04-11,F03,D340,14,5,5,10
2025-04-12,F01,D110,36,6,5,32
2025-04-12,F01,D111,32,7,7,26
2025-04-12,F01,D120,24,3,3,20
2025-04-12,F01,D130,20,4,3,17
2025-04-12,F01,D140,22,5,7,14
2025-04-12,F01,D150,18,2,3,13
2025-04-12,F01,D160,16,3,3,11
2025-04-12,F01,D170,20,5,6,12
2025-04-12,F01,D180,14,3,3,6
2025-04-12,F01,D190,18,0,1,16
2025-04-12,F01,D195,12,6,6,8
2025-04-12,F02,D210,28,9,9,23
2025-04-12,F02,D230,8,0,1,6
2025-04-12,F02,D270,10,0,1,4
2025-04-12,F03,D310,30,5,7,23
2025-04-12,F03,D320,16,3,4,12
2025-04-12,F03,D330,12,4,4,11
2025-04-12,F03,D340,14,5,6,9
2025-04-13,F01,D110,36,11,11,32
2025-04-13,F01,D111,32,9,9,26
2025-04-13,F01,D120,24,4,4,20
2025-04-13,F01,D130,20,6,7,16
2025-04-13,F01,D140,22,5,5,14
2025-04-13,F01,D150,18,0,0,13
2025-04-13,F01,D160,16,3,2,12
2025-04-13,F01,D170,20,10,9,13
2025-04-13,F01,D180,14,1,1,6
2025-04-13,F01,D190,18,4,4,16
2025-04-13,F01,D195,12,5,6,7
2025-04-13,F02,D210,28,3,3,23
2025-04-13,F02,D230,8,2,2,6
2025-04-13,F02,D270,10,0,0,4
2025-04-13,F03,D310,30,9,9,23
2025-04-13,F03,D320,16,3,4,11
2025-04-13,F03,D330,12,3,3,11
2025-04-13,F03,D340,14,3,5,7
2025-04-14,F01,D110,36,7,8,31
2025-04-14,F01,D111,32,10,9,27
2025-04-14,F01,D120,24,7,6,21
2025-04-14,F01,D130,20,3,3,16
2025-04-14,F01,D140,22,4,1,17
2025-04-14,F01,D150,18,1,0,14
2025-04-14,F01,D160,16,4,4,12
2025-04-14,F01,D170,20,10,10,13
2025-04-14,F01,D180,14,4,4,6
2025-04-14,F01,D190,18,0,1,15
2025-04-14,F01,D195,12,9,8,8
2025-04-14,F02,D210,28,5,7,21
2025-04-14,F02,D230,8,1,0,7
2025-04-14,F02,D270,10,2,1,5
2025-04-14,F03,D310,30,7,6,24
2025-04-14,F03,D320,16,5,5,11
2025-04-14,F03,D330,12,3,2,12
2025-04-14,F03,D340,14,3,0,10
2025-04-15,F01,D110,36,5,5,31
2025-04-15,F01,D111,32,10,9,28
2025-04-15,F01,D120,24,8,8,21
2025-04-15,F01,D130,20,7,8,15
2025-04-15,F01,D140,22,2,1,18
2025-04-15,F01,D150,18,5,5,14
2025-04-15,F01,D160,16,7,7,12
2025-04-15,F01,D170,20,6,6,13
2025-04-15,F01,D180,14,1,1,6
2025-04-15,F01,D190,18,5,4,16
2025-04-15,F01,D195,12,8,8,8
2025-04-15,F02,D210,28,2,2,21
2025-04-15,F02,D230,8,2,2,7
2025-04-15,F02,D270,10,2,2,5
2025-04-15,F03,D310,30,5,4,25
2025-04-15,F03,D320,16,0,0,11
2025-04-15,F03,D330,12,6,7,11
2025-04-15,F03,D340,14,5,4,11
2025-04-16,F01,D110,36,13,11,33
2025-04-16,F01,D111,32,8,8,28
2025-04-16,F01,D120,24,4,4,21
2025-04-16,F01,D130,20,1,0,16
2025-04-16,F01,D140,22,7,7,18
2025-04-16,F01,D150,18,1,1,14
2025-04-16,F01,D160,16,1,1,12
2025-04-16,F01,D170,20,5,6,12
2025-04-16,F01,D180,14,3,3,6
2025-04-16,F01,D190,18,0,0,16
2025-04-16,F01,D195,12,7,7,8
2025-04-16,F02,D210,28,3,4,20
2025-04-16,F02,D230,8,0,1,6
2025-04-16,F02,D270,10,1,1,5
2025-04-16,F03,D310,30,9,8,26
2025-04-16,F03,D320,16,4,3,12
2025-04-16,F03,D330,12,4,4,11
2025-04-16,F03,D340,14,4,4,11
2025-04-17,F01,D110,36,6,6,33
2025-04-17,F01,D111,32,3,5,26
2025-04-17,F01,D120,24,2,3,20
2025-04-17,F01,D130,20,3,4,15
2025-04-17,F01,D140,22,3,4,17
2025-04-17,F01,D150,18,0,0,14
2025-04-17,F01,D160,16,1,1,12
2025-04-17,F01,D170,20,6,6,12
2025-04-17,F01,D180,14,4,3,7
2025-04-17,F01,D190,18,2,2,16
2025-04-17,F01,D195,12,9,9,8
2025-04-17,F02,D210,28,3,2,21
2025-04-17,F02,D230,8,3,3,6
2025-04-17,F02,D270,10,1,0,6
2025-04-17,F03,D310,30,7,7,26
2025-04-17,F03,D320,16,6,5,13
2025-04-17,F03,D330,12,3,4,10
2025-04-17,F03,D340,14,5,5,11
2025-04-18,F01,D110,36,5,7,31
2025-04-18,F01,D111,32,7,7,26
2025-04-18,F01,D120,24,4,5,19
2025-04-18,F01,D130,20,6,5,16
2025-04-18,F01,D140,22,7,7,17
2025-04-18,F01,D150,18,4,4,14
2025-04-18,F01,D160,16,4,3,13
2025-04-18,F01,D170,20,6,7,11
2025-04-18,F01,D180,14,3,3,7
2025-04-18,F01,D190,18,2,2,16
2025-04-18,F01,D195,12,9,10,7
2025-04-18,F02,D210,28,8,8,21
2025-04-18,F02,D230,8,0,0,6
2025-04-18,F02,D270,10,4,4,6
2025-04-18,F03,D310,30,7,7,26
2025-04-18,F03,D320,16,2,2,13
2025-04-18,F03,D330,12,4,4,10
2025-04-18,F03,D340,14,1,2,10
2025-04-19,F01,D110,36,11,10,32
2025-04-19,F01,D111,32,4,6,24
2025-04-19,F01,D120,24,5,5,19
2025-04-19,F01,D130,20,5,4,17
2025-04-19,F01,D140,22,1,5,13
2025-04-19,F01,D150,18,3,4,13
2025-04-19,F01,D160,16,3,4,12
2025-04-19,F01,D170,20,4,5,10
2025-04-19,F01,D180,14,2,2,7
2025-04-19,F01,D190,18,6,5,17
2025-04-19,F01,D195,12,1,1,7
2025-04-19,F02,D210,28,6,7,20
2025-04-19,F02,D230,8,2,1,7
2025-04-19,F02,D270,10,2,3,5
2025-04-19,F03,D310,30,5,7,24
2025-04-19,F03,D320,16,0,0,13
2025-04-19,F03,D330,12,5,5,10
2025-04-19,F03,D340,14,4,5,9
2025-04-20,F01,D110,36,9,7,34
2025-04-20,F01,D111,32,5,3,26
2025-04-20,F01,D120,24,5,5,19
2025-04-20,F01,D130,20,2,1,18
2025-04-20,F01,D140,22,7,7,13
2025-04-20,F01,D150,18,1,1,13
2025-04-20,F01,D160,16,6,5,13
2025-04-20,F01,D170,20,5,4,11
2025-04-20,F01,D180,14,6,6,7
2025-04-20,F01,D190,18,3,4,16
2025-04-20,F01,D195,12,6,5,8
2025-04-20,F02,D210,28,3,3,20
2025-04-20,F02,D230,8,2,3,6
2025-04-20,F02,D270,10,5,5,5
2025-04-20,F03,D310,30,8,5,27
2025-04-20,F03,D320,16,2,2,13
2025-04-20,F03,D330,12,3,3,10
2025-04-20,F03,D340,14,5,6,8
2025-04-21,F01,D110,36,9,9,34
2025-04-21,F01,D111,32,4,1,29
2025-04-21,F01,D120,24,5,5,19
2025-04-21,F01,D130,20,2,2,18
2025-04-21,F01,D140,22,5,2,16
2025-04-21,F01,D150,18,2,2,13
2025-04-21,F01,D160,16,3,3,13
2025-04-21,F01,D170,20,5,4,12
2025-04-21,F01,D180,14,2,2,7
2025-04-21,F01,D190,18,3,3,16
2025-04-21,F01,D195,12,2,3,7
2025-04-21,F02,D210,28,7,5,22
2025-04-21,F02,D230,8,1,1,6
2025-04-21,F02,D270,10,4,4,5
2025-04-21,F03,D310,30,5,5,27
2025-04-21,F03,D320,16,4,4,13
2025-04-21,F03,D330,12,3,4,9
2025-04-21,F03,D340,14,6,4,10
2025-04-22,F01,D110,36,10,11,33
2025-04-22,F01,D111,32,5,5,29
2025-04-22,F01,D120,24,4,3,20
2025-04-22,F01,D130,20,9,8,19
2025-04-22,F01,D140,22,8,8,16
2025-04-22,F01,D150,18,4,3,14
2025-04-22,F01,D160,16,4,5,12
2025-04-22,F01,D170,20,5,4,13
2025-04-22,F01,D180,14,4,4,7
2025-04-22,F01,D190,18,1,0,17
2025-04-22,F01,D195,12,5,5,7
2025-04-22,F02,D210,28,6,7,21
2025-04-22,F02,D230,8,2,1,7
2025-04-22,F02,D270,10,5,5,5
2025-04-22,F03,D310,30,5,5,27
2025-04-22,F03,D320,16,6,6,13
2025-04-22,F03,D330,12,1,0,10
2025-04-22,F03,D340,14,5,4,11
2025-04-23,F01,D110,36,9,9,33
2025-04-23,F01,D111,32,10,12,27
2025-04-23,F01,D120,24,3,2,21
2025-04-23,F01,D130,20,5,6,18
2025-04-23,F01,D140,22,2,3,15
2025-04-23,F01,D150,18,1,1,14
2025-04-23,F01,D160,16,4,4,12
2025-04-23,F01,D170,20,7,8,12
2025-04-23,F01,D180,14,1,1,7
2025-04-23,F01,D190,18,1,2,16
2025-04-23,F01,D195,12,5,4,8
2025-04-23,F02,D210,28,7,7,21
2025-04-23,F02,D230,8,1,1,7
2025-04-23,F02,D270,10,3,3,5
2025-04-23,F03,D310,30,6,4,29
2025-04-23,F03,D320,16,1,0,14
2025-04-23,F03,D330,12,1,1,10
2025-04-23,F03,D340,14,2,2,11
2025-04-24,F01,D110,36,7,8,32
2025-04-24,F01,D111,32,10,9,28
2025-04-24,F01,D120,24,7,6,22
2025-04-24,F01,D130,20,0,0,18
2025-04-24,F01,D140,22,2,3,14
2025-04-24,F01,D150,18,2,1,15
2025-04-24,F01,D160,16,5,5,12
2025-04-24,F01,D170,20,3,4,11
2025-04-24,F01,D180,14,3,3,7
2025-04-24,F01,D190,18,2,2,16
2025-04-24,F01,D195,12,12,12,8
2025-04-24,F02,D210,28,3,4,20
2025-04-24,F02,D230,8,2,3,6
2025-04-24,F02,D270,10,1,1,5
2025-04-24,F03,D310,30,6,9,26
2025-04-24,F03,D320,16,7,7,14
2025-04-24,F03,D330,12,3,4,9
2025-04-24,F03,D340,14,1,2,10
2025-04-25,F01,D110,36,10,9,33
2025-04-25,F01,D111,32,5,6,27
2025-04-25,F01,D120,24,11,11,22
2025-04-25,F01,D130,20,4,5,17
2025-04-25,F01,D140,22,5,5,14
2025-04-25,F01,D150,18,3,3,15
2025-04-25,F01,D160,16,4,5,11
2025-04-25,F01,D170,20,6,6,11
2025-04-25,F01,D180,14,5,4,8
2025-04-25,F01,D190,18,5,5,16
2025-04-25,F01,D195,12,3,4,7
2025-04-25,F02,D210,28,11,9,22
2025-04-25,F02,D230,8,0,0,6
2025-04-25,F02,D270,10,1,1,5
2025-04-25,F03,D310,30,9,10,25
2025-04-25,F03,D320,16,6,5,15
2025-04-25,F03,D330,12,4,3,10
2025-04-25,F03,D340,14,5,6,9
2025-04-26,F01,D110,36,10,10,33
2025-04-26,F01,D111,32,4,4,27
2025-04-26,F01,D120,24,12,13,21
2025-04-26,F01,D130,20,0,0,17
2025-04-26,F01,D140,22,5,8,11
2025-04-26,F01,D150,18,5,7,13
2025-04-26,F01,D160,16,4,4,11
2025-04-26,F01,D170,20,8,9,10
2025-04-26,F01,D180,14,3,3,8
2025-04-26,F01,D190,18,1,1,16
2025-04-26,F01,D195,12,5,5,7
2025-04-26,F02,D210,28,7,8,21
2025-04-26,F02,D230,8,0,0,6
2025-04-26,F02,D270,10,1,1,5
2025-04-26,F03,D310,30,3,3,25
2025-04-26,F03,D320,16,3,3,15
2025-04-26,F03,D330,12,4,4,10
2025-04-26,F03,D340,14,5,7,7
2025-04-27,F01,D110,36,10,11,32
2025-04-27,F01,D111,32,5,5,27
2025-04-27,F01,D120,24,6,6,21
2025-04-27,F01,D130,20,3,4,16
2025-04-27,F01,D140,22,4,4,11
2025-04-27,F01,D150,18,3,2,14
2025-04-27,F01,D160,16,3,4,10
2025-04-27,F01,D170,20,2,1,11
2025-04-27,F01,D180,14,1,2,7
2025-04-27,F01,D190,18,3,3,16
2025-04-27,F01,D195,12,8,8,7
2025-04-27,F02,D210,28,6,5,22
2025-04-27,F02,D230,8,2,2,6
2025-04-27,F02,D270,10,1,1,5
2025-04-27,F03,D310,30,9,9,25
2025-04-27,F03,D320,16,8,8,15
2025-04-27,F03,D330,12,4,5,9
2025-04-27,F03,D340,14,2,3,6
2025-04-28,F01,D110,36,4,2,34
2025-04-28,F01,D111,32,8,7,28
2025-04-28,F01,D120,24,11,11,21
2025-04-28,F01,D130,20,3,3,16
2025-04-28,F01,D140,22,3,0,14
2025-04-28,F01,D150,18,4,4,14
2025-04-28,F01,D160,16,3,1,12
2025-04-28,F01,D170,20,5,4,12
2025-04-28,F01,D180,14,0,0,7
2025-04-28,F01,D190,18,2,1,17
2025-04-28,F01,D195,12,8,8,7
2025-04-28,F02,D210,28,5,4,23
2025-04-28,F02,D230,8,5,5,6
2025-04-28,F02,D270,10,2,2,5
2025-04-28,F03,D310,30,8,4,29
2025-04-28,F03,D320,16,2,3,14
2025-04-28,F03,D330,12,3,3,9
2025-04-28,F03,D340,14,4,2,8
2025-04-29,F01,D110,36,6,5,35
2025-04-29,F01,D111,32,8,7,29
2025-04-29,F01,D120,24,8,8,21
2025-04-29,F01,D130,20,4,4,16
2025-04-29,F01,D140,22,5,3,16
2025-04-29,F01,D150,18,1,0,15
2025-04-29,F01,D160,16,2,2,12
2025-04-29,F01,D170,20,8,6,14
2025-04-29,F01,D180,14,2,3,6
2025-04-29,F01,D190,18,1,0,18
2025-04-29,F01,D195,12,12,12,7
2025-04-29,F02,D210,28,3,3,23
2025-04-29,F02,D230,8,0,0,6
2025-04-29,F02,D270,10,1,1,5
2025-04-29,F03,D310,30,10,8,31
2025-04-29,F03,D320,16,3,3,14
2025-04-29,F03,D330,12,1,1,9
2025-04-29,F03,D340,14,2,1,9
2025-04-30,F01,D110,36,7,7,35
2025-04-30,F01,D111,32,8,7,30
2025-04-30,F01,D120,24,6,6,21
2025-04-30,F01,D130,20,5,6,15
2025-04-30,F01,D140,22,8,8,16
2025-04-30,F01,D150,18,3,4,14
2025-04-30,F01,D160,16,3,4,11
2025-04-30,F01,D170,20,6,5,15
2025-04-30,F01,D180,14,3,3,6
2025-04-30,F01,D190,18,2,3,17
2025-04-30,F01,D195,12,6,6,7
2025-04-30,F02,D210,28,9,8,24
2025-04-30,F02,D230,8,2,2,6
2025-04-30,F02,D270,10,1,1,5
2025-04-30,F03,D310,30,5,6,30
2025-04-30,F03,D320,16,7,7,14
2025-04-30,F03,D330,12,2,2,9
2025-04-30,F03,D340,14,2,1,10
2025-05-01,F01,D110,36,5,7,33
2025-05-01,F01,D111,32,4,5,29
2025-05-01,F01,D120,24,5,5,21
2025-05-01,F01,D130,20,5,5,15
2025-05-01,F01,D140,22,6,6,16
2025-05-01,F01,D150,18,4,4,14
2025-05-01,F01,D160,16,1,0,12
2025-05-01,F01,D170,20,7,7,15
2025-05-01,F01,D180,14,3,3,6
2025-05-01,F01,D190,18,3,3,17
2025-05-01,F01,D195,12,11,11,7
2025-05-01,F02,D210,28,7,8,23
2025-05-01,F02,D230,8,1,1,6
2025-05-01,F02,D270,10,1,1,5
2025-05-01,F03,D310,30,5,5,30
2025-05-01,F03,D320,16,6,7,13
2025-05-01,F03,D330,12,1,2,8
2025-05-01,F03,D340,14,4,4,10
2025-05-02,F01,D110,36,11,10,34
2025-05-02,F01,D111,32,5,5,29
2025-05-02,F01,D120,24,10,9,22
2025-05-02,F01,D130,20,5,4,16
2025-05-02,F01,D140,22,6,8,14
2025-05-02,F01,D150,18,1,1,14
2025-05-02,F01,D160,16,2,2,12
2025-05-02,F01,D170,20,2,4,13
2025-05-02,F01,D180,14,4,3,7
2025-05-02,F01,D190,18,0,0,17
2025-05-02,F01,D195,12,8,7,8
2025-05-02,F02,D210,28,4,5,22
2025-05-02,F02,D230,8,3,3,6
2025-05-02,F02,D270,10,3,3,5
2025-05-02,F03,D310,30,7,9,28
2025-05-02,F03,D320,16,2,3,12
2025-05-02,F03,D330,12,3,2,9
2025-05-02,F03,D340,14,2,3,9
2025-05-03,F01,D110,36,9,10,33
2025-05-03,F01,D111,32,9,11,27
2025-05-03,F01,D120,24,12,13,21
2025-05-03,F01,D130,20,2,3,15
2025-05-03,F01,D140,22,3,4,13
2025-05-03,F01,D150,18,2,3,13
2025-05-03,F01,D160,16,3,3,12
2025-05-03,F01,D170,20,5,5,13
2025-05-03,F01,D180,14,0,0,7
2025-05-03,F01,D190,18,2,2,17
2025-05-03,F01,D195,12,8,9,7
2025-05-03,F02,D210,28,9,10,21
2025-05-03,F02,D230,8,0,0,6
2025-05-03,F02,D270,10,3,3,5
2025-05-03,F03,D310,30,7,7,28
2025-05-03,F03,D320,16,1,1,12
2025-05-03,F03,D330,12,5,4,10
2025-05-03,F03,D340,14,3,5,7
2025-05-04,F01,D110,36,5,5,33
2025-05-04,F01,D111,32,8,9,26
2025-05-04,F01,D120,24,7,9,19
2025-05-04,F01,D130,20,4,4,15
2025-05-04,F01,D140,22,1,1,13
2025-05-04,F01,D150,18,3,2,14
2025-05-04,F01,D160,16,3,4,11
2025-05-04,F01,D170,20,5,5,13
2025-05-04,F01,D180,14,0,0,7
2025-05-04,F01,D190,18,3,3,17
2025-05-04,F01,D195,12,5,4,8
2025-05-04,F02,D210,28,8,7,22
2025-05-04,F02,D230,8,0,0,6
2025-05-04,F02,D270,10,1,1,5
2025-05-04,F03,D310,30,3,3,28
2025-05-04,F03,D320,16,5,5,12
2025-05-04,F03,D330,12,3,3,10
2025-05-04,F03,D340,14,5,5,7
2025-05-05,F01,D110,36,9,8,34
2025-05-05,F01,D111,32,8,7,27
2025-05-05,F01,D120,24,6,5,20
2025-05-05,F01,D130,20,3,5,13
2025-05-05,F01,D140,22,3,0,16
2025-05-05,F01,D150,18,4,3,15
2025-05-05,F01,D160,16,2,2,11
2025-05-05,F01,D170,20,7,5,15
2025-05-05,F01,D180,14,3,3,7
2025-05-05,F01,D190,18,3,3,17
2025-05-05,F01,D195,12,12,12,8
2025-05-05,F02,D210,28,4,2,24
2025-05-05,F02,D230,8,3,3,6
2025-05-05,F02,D270,10,3,2,6
2025-05-05,F03,D310,30,8,8,28
2025-05-05,F03,D320,16,6,5,13
2025-05-05,F03,D330,12,3,3,10
2025-05-05,F03,D340,14,3,0,10
2025-05-06,F01,D110,36,9,9,34
2025-05-06,F01,D111,32,9,8,28
2025-05-06,F01,D120,24,11,10,21
2025-05-06,F01,D130,20,5,4,14
2025-05-06,F01,D140,22,6,4,18
2025-05-06,F01,D150,18,5,5,15
2025-05-06,F01,D160,16,1,0,12
2025-05-06,F01,D170,20,7,7,15
2025-05-06,F01,D180,14,4,4,7
2025-05-06,F01,D190,18,1,0,18
2025-05-06,F01,D195,12,9,8,9
2025-05-06,F02,D210,28,7,8,23
2025-05-06,F02,D230,8,6,6,6
2025-05-06,F02,D270,10,3,4,5
2025-05-06,F03,D310,30,13,12,29
2025-05-06,F03,D320,16,3,3,13
2025-05-06,F03,D330,12,4,5,9
2025-05-06,F03,D340,14,5,4,11
2025-05-07,F01,D110,36,6,6,34
2025-05-07,F01,D111,32,10,8,30
2025-05-07,F01,D120,24,11,10,22
2025-05-07,F01,D130,20,1,1,14
2025-05-07,F01,D140,22,9,9,18
2025-05-07,F01,D150,18,3,3,15
2025-05-07,F01,D160,16,3,3,12
2025-05-07,F01,D170,20,9,8,16
2025-05-07,F01,D180,14,3,3,7
2025-05-07,F01,D190,18,2,3,17
2025-05-07,F01,D195,12,4,5,8
2025-05-07,F02,D210,28,4,3,24
2025-05-07,F02,D230,8,1,1,6
2025-05-07,F02,D270,10,2,2,5
2025-05-07,F03,D310,30,11,11,29
2025-05-07,F03,D320,16,8,7,14
2025-05-07,F03,D330,12,3,3,9
2025-05-07,F03,D340,14,2,2,11
2025-05-08,F01,D110,36,12,12,34
2025-05-08,F01,D111,32,6,6,30
2025-05-08,F01,D120,24,5,4,23
2025-05-08,F01,D130,20,5,5,14
2025-05-08,F01,D140,22,6,6,18
2025-05-08,F01,D150,18,0,0,15
2025-05-08,F01,D160,16,7,6,13
2025-05-08,F01,D170,20,6,7,15
2025-05-08,F01,D180,14,4,4,7
2025-05-08,F01,D190,18,3,4,16
2025-05-08,F01,D195,12,7,6,9
2025-05-08,F02,D210,28,5,5,24
2025-05-08,F02,D230,8,2,2,6
2025-05-08,F02,D270,10,1,0,6
2025-05-08,F03,D310,30,8,9,28
2025-05-08,F03,D320,16,5,5,14
2025-05-08,F03,D330,12,3,3,9
2025-05-08,F03,D340,14,2,2,11
2025-05-09,F01,D110,36,8,9,33
2025-05-09,F01,D111,32,4,7,27
2025-05-09,F01,D120,24,8,9,22
2025-05-09,F01,D130,20,2,2,14
2025-05-09,F01,D140,22,2,4,16
2025-05-09,F01,D150,18,2,4,13
2025-05-09,F01,D160,16,2,3,12
2025-05-09,F01,D170,20,10,11,14
2025-05-09,F01,D180,14,2,2,7
2025-05-09,F01,D190,18,2,2,16
2025-05-09,F01,D195,12,4,5,8
2025-05-09,F02,D210,28,5,4,25
2025-05-09,F02,D230,8,4,4,6
2025-05-09,F02,D270,10,4,4,6
2025-05-09,F03,D310,30,8,10,26
2025-05-09,F03,D320,16,4,4,14
2025-05-09,F03,D330,12,0,0,9
2025-05-09,F03,D340,14,2,3,10
2025-05-10,F01,D110,36,12,14,31
2025-05-10,F01,D111,32,5,6,26
2025-05-10,F01,D120,24,6,8,20
2025-05-10,F01,D130,20,5,5,14
2025-05-10,F01,D140,22,6,8,14
2025-05-10,F01,D150,18,2,2,13
2025-05-10,F01,D160,16,3,4,11
2025-05-10,F01,D170,20,7,8,13
2025-05-10,F01,D180,14,3,4,6
2025-05-10,F01,D190,18,0,0,16
2025-05-10,F01,D195,12,5,5,8
2025-05-10,F02,D210,28,8,9,24
2025-05-10,F02,D230,8,5,5,6
2025-05-10,F02,D270,10,1,2,5
2025-05-10,F03,D310,30,10,11,25
2025-05-10,F03,D320,16,2,3,13
2025-05-10,F03,D330,12,3,3,9
2025-05-10,F03,D340,14,6,7,9
2025-05-11,F01,D110,36,7,8,30
2025-05-11,F01,D111,32,8,8,26
2025-05-11,F01,D120,24,4,4,20
2025-05-11,F01,D130,20,8,7,15
2025-05-11,F01,D140,22,2,2,14
2025-05-11,F01,D150,18,0,0,13
2025-05-11,F01,D160,16,7,6,12
2025-05-11,F01,D170,20,5,5,13
2025-05-11,F01,D180,14,3,2,7
2025-05-11,F01,D190,18,0,0,16
2025-05-11,F01,D195,12,10,11,7
2025-05-11,F02,D210,28,7,8,23
2025-05-11,F02,D230,8,3,3,6
2025-05-11,F02,D270,10,0,0,5
2025-05-11,F03,D310,30,6,7,24
2025-05-11,F03,D320,16,3,2,14
2025-05-11,F03,D330,12,0,0,9
2025-05-11,F03,D340,14,6,7,8
2025-05-12,F01,D110,36,11,7,34
2025-05-12,F01,D111,32,9,10,25
2025-05-12,F01,D120,24,8,8,20
2025-05-12,F01,D130,20,4,4,15
2025-05-12,F01,D140,22,8,5,17
2025-05-12,F01,D150,18,5,3,15
2025-05-12,F01,D160,16,0,0,12
2025-05-12,F01,D170,20,4,3,14
2025-05-12,F01,D180,14,3,3,7
2025-05-12,F01,D190,18,2,1,17
2025-05-12,F01,D195,12,6,5,8
2025-05-12,F02,D210,28,7,7,23
2025-05-12,F02,D230,8,3,3,6
2025-05-12,F02,D270,10,2,1,6
2025-05-12,F03,D310,30,7,7,24
2025-05-12,F03,D320,16,4,4,14
2025-05-12,F03,D330,12,1,2,8
2025-05-12,F03,D340,14,3,0,11
2025-05-13,F01,D110,36,11,13,32
2025-05-13,F01,D111,32,6,4,27
2025-05-13,F01,D120,24,5,4,21
2025-05-13,F01,D130,20,3,3,15
2025-05-13,F01,D140,22,8,6,19
2025-05-13,F01,D150,18,2,2,15
2025-05-13,F01,D160,16,2,2,12
2025-05-13,F01,D170,20,5,6,13
2025-05-13,F01,D180,14,4,3,8
2025-05-13,F01,D190,18,1,1,17
2025-05-13,F01,D195,12,8,8,8
2025-05-13,F02,D210,28,10,11,22
2025-05-13,F02,D230,8,1,1,6
2025-05-13,F02,D270,10,1,1,6
2025-05-13,F03,D310,30,2,0,26
2025-05-13,F03,D320,16,2,2,14
2025-05-13,F03,D330,12,4,3,9
2025-05-13,F03,D340,14,4,4,11
2025-05-14,F01,D110,36,10,10,32
2025-05-14,F01,D111,32,7,8,26
2025-05-14,F01,D120,24,3,3,21
2025-05-14,F01,D130,20,4,2,17
2025-05-14,F01,D140,22,4,4,19
2025-05-14,F01,D150,18,5,5,15
2025-05-14,F01,D160,16,3,4,11
2025-05-14,F01,D170,20,5,3,15
2025-05-14,F01,D180,14,5,6,7
2025-05-14,F01,D190,18,2,3,16
2025-05-14,F01,D195,12,7,7,8
2025-05-14,F02,D210,28,4,4,22
2025-05-14,F02,D230,8,0,0,6
2025-05-14,F02,D270,10,2,3,5
2025-05-14,F03,D310,30,4,5,25
2025-05-14,F03,D320,16,3,2,15
2025-05-14,F03,D330,12,5,4,10
2025-05-14,F03,D340,14,10,10,11
2025-05-15,F01,D110,36,5,4,33
2025-05-15,F01,D111,32,3,4,25
2025-05-15,F01,D120,24,5,3,23
2025-05-15,F01,D130,20,4,4,17
2025-05-15,F01,D140,22,6,7,18
2025-05-15,F01,D150,18,3,4,14
2025-05-15,F01,D160,16,2,2,11
2025-05-15,F01,D170,20,9,9,15
2025-05-15,F01,D180,14,5,6,6
2025-05-15,F01,D190,18,1,1,16
2025-05-15,F01,D195,12,8,8,8
2025-05-15,F02,D210,28,3,2,23
2025-05-15,F02,D230,8,4,4,6
2025-05-15,F02,D270,10,0,0,5
2025-05-15,F03,D310,30,6,5,26
2025-05-15,F03,D320,16,2,3,14
2025-05-15,F03,D330,12,0,1,9
2025-05-15,F03,D340,14,5,5,11
2025-05-16,F01,D110,36,5,5,33
2025-05-16,F01,D111,32,5,2,28
2025-05-16,F01,D120,24,6,9,20
2025-05-16,F01,D130,20,7,8,16
2025-05-16,F01,D140,22,7,9,16
2025-05-16,F01,D150,18,3,2,15
2025-05-16,F01,D160,16,3,3,11
2025-05-16,F01,D170,20,6,7,14
2025-05-16,F01,D180,14,4,4,6
2025-05-16,F01,D190,18,2,2,16
2025-05-16,F01,D195,12,11,11,8
2025-05-16,F02,D210,28,5,4,24
2025-05-16,F02,D230,8,3,3,6
2025-05-16,F02,D270,10,4,4,5
2025-05-16,F03,D310,30,6,9,23
2025-05-16,F03,D320,16,2,3,13
2025-05-16,F03,D330,12,3,3,9
2025-05-16,F03,D340,14,4,6,9
2025-05-17,F01,D110,36,7,6,34
2025-05-17,F01,D111,32,6,7,27
2025-05-17,F01,D120,24,3,5,18
2025-05-17,F01,D130,20,4,4,16
2025-05-17,F01,D140,22,4,5,15
2025-05-17,F01,D150,18,1,2,14
2025-05-17,F01,D160,16,2,2,11
2025-05-17,F01,D170,20,7,9,12
2025-05-17,F01,D180,14,3,3,6
2025-05-17,F01,D190,18,3,3,16
2025-05-17,F01,D195,12,3,3,8
2025-05-17,F02,D210,28,6,8,22
2025-05-17,F02,D230,8,1,1,6
2025-05-17,F02,D270,10,3,3,5
2025-05-17,F03,D310,30,9,7,25
2025-05-17,F03,D320,16,1,2,12
2025-05-17,F03,D330,12,3,3,9
2025-05-17,F03,D340,14,0,2,7
2025-05-18,F01,D110,36,8,8,34
2025-05-18,F01,D111,32,5,5,27
2025-05-18,F01,D120,24,7,6,19
2025-05-18,F01,D130,20,8,8,16
2025-05-18,F01,D140,22,6,6,15
2025-05-18,F01,D150,18,6,7,13
2025-05-18,F01,D160,16,5,3,13
2025-05-18,F01,D170,20,5,5,12
2025-05-18,F01,D180,14,3,3,6
2025-05-18,F01,D190,18,3,3,16
2025-05-18,F01,D195,12,8,8,8
2025-05-18,F02,D210,28,9,10,21
2025-05-18,F02,D230,8,1,1,6
2025-05-18,F02,D270,10,4,4,5
2025-05-18,F03,D310,30,8,8,25
2025-05-18,F03,D320,16,2,2,12
2025-05-18,F03,D330,12,1,0,10
2025-05-18,F03,D340,14,3,3,7
2025-05-19,F01,D110,36,5,6,33
2025-05-19,F01,D111,32,7,6,28
2025-05-19,F01,D120,24,5,3,21
2025-05-19,F01,D130,20,4,4,16
2025-05-19,F01,D140,22,8,6,17
2025-05-19,F01,D150,18,0,0,13
2025-05-19,F01,D160,16,3,3,13
2025-05-19,F01,D170,20,7,6,13
2025-05-19,F01,D180,14,0,0,6
2025-05-19,F01,D190,18,4,4,16
2025-05-19,F01,D195,12,15,14,9
2025-05-19,F02,D210,28,5,3,23
2025-05-19,F02,D230,8,2,2,6
2025-05-19,F02,D270,10,4,3,6
2025-05-19,F03,D310,30,1,0,26
2025-05-19,F03,D320,16,1,0,13
2025-05-19,F03,D330,12,0,0,10
2025-05-19,F03,D340,14,3,0,10
2025-05-20,F01,D110,36,9,9,33
2025-05-20,F01,D111,32,3,0,31
2025-05-20,F01,D120,24,10,10,21
2025-05-20,F01,D130,20,5,5,16
2025-05-20,F01,D140,22,5,5,17
2025-05-20,F01,D150,18,6,5,14
2025-05-20,F01,D160,16,1,0,14
2025-05-20,F01,D170,20,5,6,12
2025-05-20,F01,D180,14,1,1,6
2025-05-20,F01,D190,18,1,0,17
2025-05-20,F01,D195,12,10,11,8
2025-05-20,F02,D210,28,3,4,22
2025-05-20,F02,D230,8,1,1,6
2025-05-20,F02,D270,10,2,2,6
2025-05-20,F03,D310,30,8,9,25
2025-05-20,F03,D320,16,1,2,12
2025-05-20,F03,D330,12,4,4,10
2025-05-20,F03,D340,14,3,2,11
2025-05-21,F01,D110,36,8,10,31
2025-05-21,F01,D111,32,7,9,29
2025-05-21,F01,D120,24,6,6,21
2025-05-21,F01,D130,20,9,8,17
2025-05-21,F01,D140,22,4,4,17
2025-05-21,F01,D150,18,3,2,15
2025-05-21,F01,D160,16,3,3,14
2025-05-21,F01,D170,20,9,7,14
2025-05-21,F01,D180,14,2,2,6
2025-05-21,F01,D190,18,0,0,17
2025-05-21,F01,D195,12,5,5,8
2025-05-21,F02,D210,28,7,7,22
2025-05-21,F02,D230,8,2,2,6
2025-05-21,F02,D270,10,3,3,6
2025-05-21,F03,D310,30,6,7,24
2025-05-21,F03,D320,16,3,2,13
2025-05-21,F03,D330,12,3,3,10
2025-05-21,F03,D340,14,5,5,11
2025-05-22,F01,D110,36,4,0,35
2025-05-22,F01,D111,32,8,9,28
2025-05-22,F01,D120,24,5,7,19
2025-05-22,F01,D130,20,8,8,17
2025-05-22,F01,D140,22,6,5,18
2025-05-22,F01,D150,18,2,2,15
2025-05-22,F01,D160,16,1,1,14
2025-05-22,F01,D170,20,10,9,15
2025-05-22,F01,D180,14,3,1,8
2025-05-22,F01,D190,18,4,4,17
2025-05-22,F01,D195,12,14,14,8
2025-05-22,F02,D210,28,4,4,22
2025-05-22,F02,D230,8,3,2,7
2025-05-22,F02,D270,10,5,5,6
2025-05-22,F03,D310,30,6,6,24
2025-05-22,F03,D320,16,5,5,13
2025-05-22,F03,D330,12,5,4,11
2025-05-22,F03,D340,14,5,5,11
2025-05-23,F01,D110,36,10,11,34
2025-05-23,F01,D111,32,10,11,27
2025-05-23,F01,D120,24,4,4,19
2025-05-23,F01,D130,20,4,4,17
2025-05-23,F01,D140,22,7,9,16
2025-05-23,F01,D150,18,1,1,15
2025-05-23,F01,D160,16,2,4,12
2025-05-23,F01,D170,20,5,6,14
2025-05-23,F01,D180,14,2,3,7
2025-05-23,F01,D190,18,4,5,16
2025-05-23,F01,D195,12,9,10,7
2025-05-23,F02,D210,28,6,6,22
2025-05-23,F02,D230,8,3,3,7
2025-05-23,F02,D270,10,3,3,6
2025-05-23,F03,D310,30,6,6,24
2025-05-23,F03,D320,16,3,2,14
2025-05-23,F03,D330,12,4,5,10
2025-05-23,F03,D340,14,5,6,10
2025-05-24,F01,D110,36,1,3,32
2025-05-24,F01,D111,32,7,9,25
2025-05-24,F01,D120,24,11,10,20
2025-05-24,F01,D130,20,3,5,15
2025-05-24,F01,D140,22,6,10,12
2025-05-24,F01,D150,18,3,4,14
2025-05-24,F01,D160,16,2,2,12
2025-05-24,F01,D170,20,6,7,13
2025-05-24,F01,D180,14,0,0,7
2025-05-24,F01,D190,18,3,3,16
2025-05-24,F01,D195,12,0,0,7
2025-05-24,F02,D210,28,2,2,22
2025-05-24,F02,D230,8,2,2,7
2025-05-24,F02,D270,10,1,2,5
2025-05-24,F03,D310,30,2,2,24
2025-05-24,F03,D320,16,8,9,13
2025-05-24,F03,D330,12,2,1,11
2025-05-24,F03,D340,14,7,8,9
2025-05-25,F01,D110,36,9,8,33
2025-05-25,F01,D111,32,8,9,24
2025-05-25,F01,D120,24,6,7,19
2025-05-25,F01,D130,20,0,0,15
2025-05-25,F01,D140,22,3,3,12
2025-05-25,F01,D150,18,1,2,13
2025-05-25,F01,D160,16,0,0,12
2025-05-25,F01,D170,20,7,8,12
2025-05-25,F01,D180,14,4,4,7
2025-05-25,F01,D190,18,2,2,16
2025-05-25,F01,D195,12,3,3,7
2025-05-25,F02,D210,28,2,2,22
2025-05-25,F02,D230,8,4,4,7
2025-05-25,F02,D270,10,1,1,5
2025-05-25,F03,D310,30,2,1,25
2025-05-25,F03,D320,16,2,3,12
2025-05-25,F03,D330,12,3,3,11
2025-05-25,F03,D340,14,3,4,8
2025-05-26,F01,D110,36,6,6,33
2025-05-26,F01,D111,32,2,1,25
2025-05-26,F01,D120,24,8,7,20
2025-05-26,F01,D130,20,5,4,16
2025-05-26,F01,D140,22,9,6,15
2025-05-26,F01,D150,18,6,4,15
2025-05-26,F01,D160,16,2,1,13
2025-05-26,F01,D170,20,2,2,12
2025-05-26,F01,D180,14,4,3,8
2025-05-26,F01,D190,18,0,0,16
2025-05-26,F01,D195,12,12,11,8
2025-05-26,F02,D210,28,7,5,24
2025-05-26,F02,D230,8,2,2,7
2025-05-26,F02,D270,10,4,3,6
2025-05-26,F03,D310,30,7,5,27
2025-05-26,F03,D320,16,1,1,12
2025-05-26,F03,D330,12,4,5,10
2025-05-26,F03,D340,14,3,0,11
2025-05-27,F01,D110,36,12,14,31
2025-05-27,F01,D111,32,6,7,24
2025-05-27,F01,D120,24,7,8,19
2025-05-27,F01,D130,20,9,9,16
2025-05-27,F01,D140,22,4,2,17
2025-05-27,F01,D150,18,1,0,16
2025-05-27,F01,D160,16,3,4,12
2025-05-27,F01,D170,20,10,8,14
2025-05-27,F01,D180,14,2,3,7
2025-05-27,F01,D190,18,2,1,17
2025-05-27,F01,D195,12,7,7,8
2025-05-27,F02,D210,28,2,3,23
2025-05-27,F02,D230,8,1,1,7
2025-05-27,F02,D270,10,2,2,6
2025-05-27,F03,D310,30,4,4,27
2025-05-27,F03,D320,16,6,5,13
2025-05-27,F03,D330,12,3,3,10
2025-05-27,F03,D340,14,1,1,11
2025-05-28,F01,D110,36,8,7,32
2025-05-28,F01,D111,32,7,6,25
2025-05-28,F01,D120,24,8,8,19
2025-05-28,F01,D130,20,4,3,17
2025-05-28,F01,D140,22,2,2,17
2025-05-28,F01,D150,18,3,3,16
2025-05-28,F01,D160,16,2,1,13
2025-05-28,F01,D170,20,7,7,14
2025-05-28,F01,D180,14,4,2,9
2025-05-28,F01,D190,18,4,4,17
2025-05-28,F01,D195,12,6,7,7
2025-05-28,F02,D210,28,5,4,24
2025-05-28,F02,D230,8,4,4,7
2025-05-28,F02,D270,10,4,4,6
2025-05-28,F03,D310,30,8,8,27
2025-05-28,F03,D320,16,7,7,13
2025-05-28,F03,D330,12,5,5,10
2025-05-28,F03,D340,14,2,1,12
2025-05-29,F01,D110,36,12,13,31
2025-05-29,F01,D111,32,6,7,24
2025-05-29,F01,D120,24,1,0,20
2025-05-29,F01,D130,20,4,5,16
2025-05-29,F01,D140,22,10,10,17
2025-05-29,F01,D150,18,5,5,16
2025-05-29,F01,D160,16,4,3,14
2025-05-29,F01,D170,20,1,2,13
2025-05-29,F01,D180,14,1,3,7
2025-05-29,F01,D190,18,1,1,17
2025-05-29,F01,D195,12,6,5,8
2025-05-29,F02,D210,28,4,3,25
2025-05-29,F02,D230,8,2,2,7
2025-05-29,F02,D270,10,3,3,6
2025-05-29,F03,D310,30,10,10,27
2025-05-29,F03,D320,16,5,6,12
2025-05-29,F03,D330,12,3,3,10
2025-05-29,F03,D340,14,8,9,11
2025-05-30,F01,D110,36,8,8,31
2025-05-30,F01,D111,32,7,5,26
2025-05-30,F01,D120,24,6,6,20
2025-05-30,F01,D130,20,4,2,18
2025-05-30,F01,D140,22,2,3,16
2025-05-30,F01,D150,18,1,2,15
2025-05-30,F01,D160,16,2,2,14
2025-05-30,F01,D170,20,9,9,13
2025-05-30,F01,D180,14,2,2,7
2025-05-30,F01,D190,18,2,2,17
2025-05-30,F01,D195,12,5,6,7
2025-05-30,F02,D210,28,4,7,22
2025-05-30,F02,D230,8,3,3,7
2025-05-30,F02,D270,10,2,2,6
2025-05-30,F03,D310,30,5,4,28
2025-05-30,F03,D320,16,2,2,12
2025-05-30,F03,D330,12,1,1,10
2025-05-30,F03,D340,14,7,8,10
2025-05-31,F01,D110,36,6,7,30
2025-05-31,F01,D111,32,8,8,26
2025-05-31,F01,D120,24,3,5,18
2025-05-31,F01,D130,20,1,1,18
2025-05-31,F01,D140,22,9,11,14
2025-05-31,F01,D150,18,4,4,15
2025-05-31,F01,D160,16,2,3,13
2025-05-31,F01,D170,20,1,3,11
2025-05-31,F01,D180,14,5,6,6
2025-05-31,F01,D190,18,3,2,18
2025-05-31,F01,D195,12,1,1,7
2025-05-31,F02,D210,28,6,7,21
2025-05-31,F02,D230,8,4,4,7
2025-05-31,F02,D270,10,4,5,5
2025-05-31,F03,D310,30,9,10,27
2025-05-31,F03,D320,16,5,4,13
2025-05-31,F03,D330,12,4,4,10
2025-05-31,F03,D340,14,0,3,7
2025-06-01,F01,D110,36,10,9,31
2025-06-01,F01,D111,32,5,5,26
2025-06-01,F01,D120,24,1,1,18
2025-06-01,F01,D130,20,4,5,17
2025-06-01,F01,D140,22,6,5,15
2025-06-01,F01,D150,18,2,2,15
2025-06-01,F01,D160,16,3,3,13
2025-06-01,F01,D170,20,1,0,12
2025-06-01,F01,D180,14,2,2,6
2025-06-01,F01,D190,18,1,0,19
2025-06-01,F01,D195,12,9,8,8
2025-06-01,F02,D210,28,1,1,21
2025-06-01,F02,D230,8,2,2,7
2025-06-01,F02,D270,10,4,4,5
2025-06-01,F03,D310,30,8,10,25
2025-06-01,F03,D320,16,5,5,13
2025-06-01,F03,D330,12,1,2,9
2025-06-01,F03,D340,14,4,4,7
2025-06-02,F01,D110,36,6,2,35
2025-06-02,F01,D111,32,5,5,26
2025-06-02,F01,D120,24,9,9,18
2025-06-02,F01,D130,20,5,4,18
2025-06-02,F01,D140,22,8,6,17
2025-06-02,F01,D150,18,5,6,14
2025-06-02,F01,D160,16,3,3,13
2025-06-02,F01,D170,20,8,8,12
2025-06-02,F01,D180,14,0,0,6
2025-06-02,F01,D190,18,4,5,18
2025-06-02,F01,D195,12,6,6,8
2025-06-02,F02,D210,28,6,4,23
2025-06-02,F02,D230,8,2,2,7
2025-06-02,F02,D270,10,2,2,5
2025-06-02,F03,D310,30,6,5,26
2025-06-02,F03,D320,16,4,3,14
2025-06-02,F03,D330,12,0,0,9
2025-06-02,F03,D340,14,3,0,10
2025-06-03,F01,D110,36,13,13,35
2025-06-03,F01,D111,32,7,6,27
2025-06-03,F01,D120,24,7,7,18
2025-06-03,F01,D130,20,4,5,17
2025-06-03,F01,D140,22,7,6,18
2025-06-03,F01,D150,18,5,4,15
2025-06-03,F01,D160,16,3,3,13
2025-06-03,F01,D170,20,3,2,13
2025-06-03,F01,D180,14,2,3,5
2025-06-03,F01,D190,18,3,4,17
2025-06-03,F01,D195,12,21,20,9
2025-06-03,F02,D210,28,6,6,23
2025-06-03,F02,D230,8,4,4,7
2025-06-03,F02,D270,10,4,4,5
2025-06-03,F03,D310,30,8,8,26
2025-06-03,F03,D320,16,3,4,13
2025-06-03,F03,D330,12,2,2,9
2025-06-03,F03,D340,14,4,3,11
2025-06-04,F01,D110,36,5,6,34
2025-06-04,F01,D111,32,11,10,28
2025-06-04,F01,D120,24,2,2,18
2025-06-04,F01,D130,20,6,7,16
2025-06-04,F01,D140,22,6,6,18
2025-06-04,F01,D150,18,2,3,14
2025-06-04,F01,D160,16,1,0,14
2025-06-04,F01,D170,20,5,5,13
2025-06-04,F01,D180,14,4,3,6
2025-06-04,F01,D190,18,5,6,16
2025-06-04,F01,D195,12,7,8,8
2025-06-04,F02,D210,28,4,2,25
2025-06-04,F02,D230,8,4,4,7
2025-06-04,F02,D270,10,2,2,5
2025-06-04,F03,D310,30,8,7,27
2025-06-04,F03,D320,16,6,7,12
2025-06-04,F03,D330,12,3,3,9
2025-06-04,F03,D340,14,7,7,11
2025-06-05,F01,D110,36,10,11,33
2025-06-05,F01,D111,32,3,4,27
2025-06-05,F01,D120,24,6,7,17
2025-06-05,F01,D130,20,3,3,16
2025-06-05,F01,D140,22,7,8,17
2025-06-05,F01,D150,18,1,0,15
2025-06-05,F01,D160,16,3,3,14
2025-06-05,F01,D170,20,4,4,13
2025-06-05,F01,D180,14,2,2,6
2025-06-05,F01,D190,18,3,3,16
2025-06-05,F01,D195,12,7,7,8
2025-06-05,F02,D210,28,6,7,24
2025-06-05,F02,D230,8,2,2,7
2025-06-05,F02,D270,10,1,0,6
2025-06-05,F03,D310,30,6,7,26
2025-06-05,F03,D320,16,1,1,12
2025-06-05,F03,D330,12,3,2,10
2025-06-05,F03,D340,14,4,4,11
2025-06-06,F01,D110,36,4,6,31
2025-06-06,F01,D111,32,7,6,28
2025-06-06,F01,D120,24,6,5,18
2025-06-06,F01,D130,20,3,3,16
2025-06-06,F01,D140,22,9,10,16
2025-06-06,F01,D150,18,2,2,15
2025-06-06,F01,D160,16,1,1,14
2025-06-06,F01,D170,20,4,4,13
2025-06-06,F01,D180,14,0,0,6
2025-06-06,F01,D190,18,1,0,17
2025-06-06,F01,D195,12,10,10,8
2025-06-06,F02,D210,28,6,7,23
2025-06-06,F02,D230,8,2,3,6
2025-06-06,F02,D270,10,5,6,5
2025-06-06,F03,D310,30,6,5,27
2025-06-06,F03,D320,16,6,7,11
2025-06-06,F03,D330,12,3,3,10
2025-06-06,F03,D340,14,7,9,9
2025-06-07,F01,D110,36,6,8,29
2025-06-07,F01,D111,32,10,9,29
2025-06-07,F01,D120,24,6,6,18
2025-06-07,F01,D130,20,4,3,17
2025-06-07,F01,D140,22,2,5,13
2025-06-07,F01,D150,18,4,4,15
2025-06-07,F01,D160,16,4,5,13
2025-06-07,F01,D170,20,6,8,11
2025-06-07,F01,D180,14,1,2,5
2025-06-07,F01,D190,18,1,3,15
2025-06-07,F01,D195,12,11,11,8
2025-06-07,F02,D210,28,6,6,23
2025-06-07,F02,D230,8,2,2,6
2025-06-07,F02,D270,10,3,3,5
2025-06-07,F03,D310,30,6,5,28
2025-06-07,F03,D320,16,4,4,11
2025-06-07,F03,D330,12,2,3,9
2025-06-07,F03,D340,14,3,5,7
2025-06-08,F01,D110,36,11,9,31
2025-06-08,F01,D111,32,7,6,30
2025-06-08,F01,D120,24,5,6,17
2025-06-08,F01,D130,20,1,1,17
2025-06-08,F01,D140,22,2,1,14
2025-06-08,F01,D150,18,5,5,15
2025-06-08,F01,D160,16,4,5,12
2025-06-08,F01,D170,20,6,6,11
2025-06-08,F01,D180,14,3,3,5
2025-06-08,F01,D190,18,1,0,16
2025-06-08,F01,D195,12,10,10,8
2025-06-08,F02,D210,28,5,5,23
2025-06-08,F02,D230,8,1,0,7
2025-06-08,F02,D270,10,3,2,6
2025-06-08,F03,D310,30,6,5,29
2025-06-08,F03,D320,16,5,4,12
2025-06-08,F03,D330,12,1,0,10
2025-06-08,F03,D340,14,3,3,7
2025-06-09,F01,D110,36,10,8,33
2025-06-09,F01,D111,32,10,10,30
2025-06-09,F01,D120,24,3,3,17
2025-06-09,F01,D130,20,3,3,17
2025-06-09,F01,D140,22,7,5,16
2025-06-09,F01,D150,18,3,2,16
2025-06-09,F01,D160,16,4,4,12
2025-06-09,F01,D170,20,8,7,12
2025-06-09,F01,D180,14,2,2,5
2025-06-09,F01,D190,18,4,4,16
2025-06-09,F01,D195,12,7,7,8
2025-06-09,F02,D210,28,6,5,24
2025-06-09,F02,D230,8,1,1,7
2025-06-09,F02,D270,10,3,3,6
2025-06-09,F03,D310,30,2,3,28
2025-06-09,F03,D320,16,4,4,12
2025-06-09,F03,D330,12,2,2,10
2025-06-09,F03,D340,14,2,0,9
2025-06-10,F01,D110,36,7,8,32
2025-06-10,F01,D111,32,3,4,29
2025-06-10,F01,D120,24,5,5,17
2025-06-10,F01,D130,20,6,7,16
2025-06-10,F01,D140,22,4,3,17
2025-06-10,F01,D150,18,6,6,16
2025-06-10,F01,D160,16,4,3,13
2025-06-10,F01,D170,20,7,6,13
2025-06-10,F01,D180,14,4,4,5
2025-06-10,F01,D190,18,1,2,15
2025-06-10,F01,D195,12,9,8,9
2025-06-10,F02,D210,28,6,8,22
2025-06-10,F02,D230,8,4,4,7
2025-06-10,F02,D270,10,5,4,7
2025-06-10,F03,D310,30,7,6,29
2025-06-10,F03,D320,16,7,6,13
2025-06-10,F03,D330,12,7,7,10
2025-06-10,F03,D340,14,4,4,9
2025-06-11,F01,D110,36,8,7,33
2025-06-11,F01,D111,32,9,9,29
2025-06-11,F01,D120,24,4,3,18
2025-06-11,F01,D130,20,5,6,15
2025-06-11,F01,D140,22,4,4,17
2025-06-11,F01,D150,18,1,0,17
2025-06-11,F01,D160,16,2,1,14
2025-06-11,F01,D170,20,2,4,11
2025-06-11,F01,D180,14,2,1,6
2025-06-11,F01,D190,18,3,2,16
2025-06-11,F01,D195,12,10,10,9
2025-06-11,F02,D210,28,8,8,22
2025-06-11,F02,D230,8,2,2,7
2025-06-11,F02,D270,10,5,6,6
2025-06-11,F03,D310,30,9,7,31
2025-06-11,F03,D320,16,2,2,13
2025-06-11,F03,D330,12,1,2,9
2025-06-11,F03,D340,14,3,2,10
2025-06-12,F01,D110,36,6,7,32
2025-06-12,F01,D111,32,8,8,29
2025-06-12,F01,D120,24,5,6,17
2025-06-12,F01,D130,20,2,2,15
2025-06-12,F01,D140,22,8,7,18
2025-06-12,F01,D150,18,2,2,17
2025-06-12,F01,D160,16,3,4,13
2025-06-12,F01,D170,20,5,3,13
2025-06-12,F01,D180,14,2,1,7
2025-06-12,F01,D190,18,2,3,15
2025-06-12,F01,D195,12,9,9,9
2025-06-12,F02,D210,28,7,7,22
2025-06-12,F02,D230,8,2,2,7
2025-06-12,F02,D270,10,2,2,6
2025-06-12,F03,D310,30,10,14,27
2025-06-12,F03,D320,16,3,2,14
2025-06-12,F03,D330,12,3,3,9
2025-06-12,F03,D340,14,2,2,10
2025-06-13,F01,D110,36,8,9,31
2025-06-13,F01,D111,32,6,8,27
2025-06-13,F01,D120,24,6,7,16
2025-06-13,F01,D130,20,7,6,16
2025-06-13,F01,D140,22,5,7,16
2025-06-13,F01,D150,18,5,5,17
2025-06-13,F01,D160,16,4,4,13
2025-06-13,F01,D170,20,8,9,12
2025-06-13,F01,D180,14,4,4,7
2025-06-13,F01,D190,18,1,1,15
2025-06-13,F01,D195,12,7,8,8
2025-06-13,F02,D210,28,6,5,23
2025-06-13,F02,D230,8,4,5,6
2025-06-13,F02,D270,10,3,4,5
2025-06-13,F03,D310,30,8,9,26
2025-06-13,F03,D320,16,4,5,13
2025-06-13,F03,D330,12,5,4,10
2025-06-13,F03,D340,14,3,4,9
2025-06-14,F01,D110,36,7,8,30
2025-06-14,F01,D111,32,8,9,26
2025-06-14,F01,D120,24,9,8,17
2025-06-14,F01,D130,20,5,5,16
2025-06-14,F01,D140,22,2,4,14
2025-06-14,F01,D150,18,3,4,16
2025-06-14,F01,D160,16,4,4,13
2025-06-14,F01,D170,20,2,2,12
2025-06-14,F01,D180,14,3,3,7
2025-06-14,F01,D190,18,1,0,16
2025-06-14,F01,D195,12,10,11,7
2025-06-14,F02,D210,28,5,6,22
2025-06-14,F02,D230,8,4,3,7
2025-06-14,F02,D270,10,3,3,5
2025-06-14,F03,D310,30,11,12,25
2025-06-14,F03,D320,16,8,9,12
2025-06-14,F03,D330,12,6,6,10
2025-06-14,F03,D340,14,1,3,7
2025-06-15,F01,D110,36,4,4,30
2025-06-15,F01,D111,32,3,4,25
2025-06-15,F01,D120,24,4,2,19
2025-06-15,F01,D130,20,3,3,16
2025-06-15,F01,D140,22,6,6,14
2025-06-15,F01,D150,18,6,5,17
2025-06-15,F01,D160,16,0,1,12
2025-06-15,F01,D170,20,3,3,12
2025-06-15,F01,D180,14,4,4,7
2025-06-15,F01,D190,18,0,0,16
2025-06-15,F01,D195,12,5,4,8
2025-06-15,F02,D210,28,8,9,21
2025-06-15,F02,D230,8,3,4,6
2025-06-15,F02,D270,10,4,4,5
2025-06-15,F03,D310,30,7,7,25
2025-06-15,F03,D320,16,1,1,12
2025-06-15,F03,D330,12,2,1,11
2025-06-15,F03,D340,14,2,1,8
2025-06-16,F01,D110,36,5,5,30
2025-06-16,F01,D111,32,8,7,26
2025-06-16,F01,D120,24,4,5,18
2025-06-16,F01,D130,20,3,3,16
2025-06-16,F01,D140,22,16,12,18
2025-06-16,F01,D150,18,1,2,16
2025-06-16,F01,D160,16,4,3,13
2025-06-16,F01,D170,20,7,6,13
2025-06-16,F01,D180,14,1,1,7
2025-06-16,F01,D190,18,1,0,17
2025-06-16,F01,D195,12,8,8,8
2025-06-16,F02,D210,28,4,4,21
2025-06-16,F02,D230,8,1,2,5
2025-06-16,F02,D270,10,3,2,6
2025-06-16,F03,D310,30,5,4,26
2025-06-16,F03,D320,16,4,4,12
2025-06-16,F03,D330,12,2,3,10
2025-06-16,F03,D340,14,3,2,9
2025-06-17,F01,D110,36,10,8,32
2025-06-17,F01,D111,32,8,7,27
2025-06-17,F01,D120,24,4,4,18
2025-06-17,F01,D130,20,5,6,15
2025-06-17,F01,D140,22,11,12,17
2025-06-17,F01,D150,18,3,3,16
2025-06-17,F01,D160,16,3,4,12
2025-06-17,F01,D170,20,7,7,13
2025-06-17,F01,D180,14,5,6,6
2025-06-17,F01,D190,18,3,3,17
2025-06-17,F01,D195,12,10,10,8
2025-06-17,F02,D210,28,7,6,22
2025-06-17,F02,D230,8,1,0,6
2025-06-17,F02,D270,10,3,4,5
2025-06-17,F03,D310,30,4,3,27
2025-06-17,F03,D320,16,1,2,11
2025-06-17,F03,D330,12,4,3,11
2025-06-17,F03,D340,14,3,1,11
2025-06-18,F01,D110,36,6,6,32
2025-06-18,F01,D111,32,5,5,27
2025-06-18,F01,D120,24,1,2,17
2025-06-18,F01,D130,20,8,6,17
2025-06-18,F01,D140,22,10,9,18
2025-06-18,F01,D150,18,1,3,14
2025-06-18,F01,D160,16,1,1,12
2025-06-18,F01,D170,20,6,7,12
2025-06-18,F01,D180,14,3,3,6
2025-06-18,F01,D190,18,5,3,19
2025-06-18,F01,D195,12,11,11,8
2025-06-18,F02,D210,28,4,3,23
2025-06-18,F02,D230,8,3,3,6
2025-06-18,F02,D270,10,5,5,5
2025-06-18,F03,D310,30,5,6,26
2025-06-18,F03,D320,16,4,3,12
2025-06-18,F03,D330,12,4,4,11
2025-06-18,F03,D340,14,3,2,12
2025-06-19,F01,D110,36,4,6,30
2025-06-19,F01,D111,32,5,6,26
2025-06-19,F01,D120,24,7,6,18
2025-06-19,F01,D130,20,2,4,15
2025-06-19,F01,D140,22,5,4,19
2025-06-19,F01,D150,18,3,2,15
2025-06-19,F01,D160,16,1,1,12
2025-06-19,F01,D170,20,4,5,11
2025-06-19,F01,D180,14,3,3,6
2025-06-19,F01,D190,18,4,4,19
2025-06-19,F01,D195,12,8,7,9
2025-06-19,F02,D210,28,3,2,24
2025-06-19,F02,D230,8,2,2,6
2025-06-19,F02,D270,10,7,7,5
2025-06-19,F03,D310,30,6,6,26
2025-06-19,F03,D320,16,3,4,11
2025-06-19,F03,D330,12,0,0,11
2025-06-19,F03,D340,14,4,5,11
2025-06-20,F01,D110,36,10,10,30
2025-06-20,F01,D111,32,4,6,24
2025-06-20,F01,D120,24,5,4,19
2025-06-20,F01,D130,20,0,0,15
2025-06-20,F01,D140,22,4,6,17
2025-06-20,F01,D150,18,3,4,14
2025-06-20,F01,D160,16,6,7,11
2025-06-20,F01,D170,20,5,5,11
2025-06-20,F01,D180,14,3,3,6
2025-06-20,F01,D190,18,4,4,19
2025-06-20,F01,D195,12,9,10,8
2025-06-20,F02,D210,28,7,6,25
2025-06-20,F02,D230,8,1,1,6
2025-06-20,F02,D270,10,1,1,5
2025-06-20,F03,D310,30,13,15,24
2025-06-20,F03,D320,16,4,3,12
2025-06-20,F03,D330,12,3,4,10
2025-06-20,F03,D340,14,6,8,9
2025-06-21,F01,D110,36,6,7,29
2025-06-21,F01,D111,32,8,8,24
2025-06-21,F01,D120,24,5,6,18
2025-06-21,F01,D130,20,6,5,16
2025-06-21,F01,D140,22,1,3,15
2025-06-21,F01,D150,18,1,2,13
2025-06-21,F01,D160,16,1,0,12
2025-06-21,F01,D170,20,3,5,9
2025-06-21,F01,D180,14,4,4,6
2025-06-21,F01,D190,18,4,5,18
2025-06-21,F01,D195,12,6,6,8
2025-06-21,F02,D210,28,6,7,24
2025-06-21,F02,D230,8,1,1,6
2025-06-21,F02,D270,10,1,1,5
2025-06-21,F03,D310,30,7,9,22
2025-06-21,F03,D320,16,5,6,11
2025-06-21,F03,D330,12,5,4,11
2025-06-21,F03,D340,14,2,4,7
2025-06-22,F01,D110,36,6,5,30
2025-06-22,F01,D111,32,9,7,26
2025-06-22,F01,D120,24,4,4,18
2025-06-22,F01,D130,20,0,1,15
2025-06-22,F01,D140,22,2,2,15
2025-06-22,F01,D150,18,3,2,14
2025-06-22,F01,D160,16,5,6,11
2025-06-22,F01,D170,20,5,4,10
2025-06-22,F01,D180,14,6,6,6
2025-06-22,F01,D190,18,2,2,18
2025-06-22,F01,D195,12,8,8,8
2025-06-22,F02,D210,28,7,6,25
2025-06-22,F02,D230,8,0,0,6
2025-06-22,F02,D270,10,3,2,6
2025-06-22,F03,D310,30,4,3,23
2025-06-22,F03,D320,16,2,1,12
2025-06-22,F03,D330,12,3,4,10
2025-06-22,F03,D340,14,1,0,8
2025-06-23,F01,D110,36,3,2,31
2025-06-23,F01,D111,32,7,7,26
2025-06-23,F01,D120,24,3,2,19
2025-06-23,F01,D130,20,1,0,16
2025-06-23,F01,D140,22,7,4,18
2025-06-23,F01,D150,18,2,0,16
2025-06-23,F01,D160,16,5,5,11
2025-06-23,F01,D170,20,4,3,11
2025-06-23,F01,D180,14,2,2,6
2025-06-23,F01,D190,18,1,2,17
2025-06-23,F01,D195,12,4,3,9
2025-06-23,F02,D210,28,1,2,24
2025-06-23,F02,D230,8,6,7,5
2025-06-23,F02,D270,10,7,7,6
2025-06-23,F03,D310,30,3,2,24
2025-06-23,F03,D320,16,4,4,12
2025-06-23,F03,D330,12,3,4,9
2025-06-23,F03,D340,14,4,2,10
2025-06-24,F01,D110,36,5,4,32
2025-06-24,F01,D111,32,6,7,25
2025-06-24,F01,D120,24,8,9,18
2025-06-24,F01,D130,20,6,5,17
2025-06-24,F01,D140,22,10,10,18
2025-06-24,F01,D150,18,2,2,16
2025-06-24,F01,D160,16,2,1,12
2025-06-24,F01,D170,20,4,2,13
2025-06-24,F01,D180,14,2,3,5
2025-06-24,F01,D190,18,2,2,17
2025-06-24,F01,D195,12,5,4,10
2025-06-24,F02,D210,28,5,3,26
2025-06-24,F02,D230,8,2,1,6
2025-06-24,F02,D270,10,4,4,6
2025-06-24,F03,D310,30,7,6,25
2025-06-24,F03,D320,16,5,5,12
2025-06-24,F03,D330,12,3,2,10
2025-06-24,F03,D340,14,4,2,12
2025-06-25,F01,D110,36,5,4,33
2025-06-25,F01,D111,32,6,8,23
2025-06-25,F01,D120,24,5,5,18
2025-06-25,F01,D130,20,5,4,18
2025-06-25,F01,D140,22,3,2,19
2025-06-25,F01,D150,18,5,6,15
2025-06-25,F01,D160,16,5,5,12
2025-06-25,F01,D170,20,3,4,12
2025-06-25,F01,D180,14,1,1,5
2025-06-25,F01,D190,18,1,2,16
2025-06-25,F01,D195,12,7,9,8
2025-06-25,F02,D210,28,5,7,24
2025-06-25,F02,D230,8,0,0,6
2025-06-25,F02,D270,10,1,2,5
2025-06-25,F03,D310,30,10,10,25
2025-06-25,F03,D320,16,3,2,13
2025-06-25,F03,D330,12,4,4,10
2025-06-25,F03,D340,14,8,8,12
2025-06-26,F01,D110,36,4,3,34
2025-06-26,F01,D111,32,5,4,24
2025-06-26,F01,D120,24,7,6,19
2025-06-26,F01,D130,20,5,4,19
2025-06-26,F01,D140,22,2,3,18
2025-06-26,F01,D150,18,3,3,15
2025-06-26,F01,D160,16,4,3,13
2025-06-26,F01,D170,20,6,6,12
2025-06-26,F01,D180,14,1,1,5
2025-06-26,F01,D190,18,2,2,16
2025-06-26,F01,D195,12,4,4,8
2025-06-26,F02,D210,28,10,9,25
2025-06-26,F02,D230,8,1,2,5
2025-06-26,F02,D270,10,4,3,6
2025-06-26,F03,D310,30,9,9,25
2025-06-26,F03,D320,16,6,6,13
2025-06-26,F03,D330,12,3,3,10
2025-06-26,F03,D340,14,3,3,12
2025-06-27,F01,D110,36,7,8,33
2025-06-27,F01,D111,32,5,7,22
2025-06-27,F01,D120,24,6,7,18
2025-06-27,F01,D130,20,8,9,18
2025-06-27,F01,D140,22,6,6,18
2025-06-27,F01,D150,18,5,6,14
2025-06-27,F01,D160,16,4,5,12
2025-06-27,F01,D170,20,5,5,12
2025-06-27,F01,D180,14,2,3,4
2025-06-27,F01,D190,18,3,3,16
2025-06-27,F01,D195,12,4,4,8
2025-06-27,F02,D210,28,4,4,25
2025-06-27,F02,D230,8,3,2,6
2025-06-27,F02,D270,10,4,4,6
2025-06-27,F03,D310,30,6,7,24
2025-06-27,F03,D320,16,5,6,12
2025-06-27,F03,D330,12,3,3,10
2025-06-27,F03,D340,14,4,5,11
2025-06-28,F01,D110,36,5,6,32
2025-06-28,F01,D111,32,6,6,22
2025-06-28,F01,D120,24,5,5,18
2025-06-28,F01,D130,20,3,2,19
2025-06-28,F01,D140,22,6,8,16
2025-06-28,F01,D150,18,3,4,13
2025-06-28,F01,D160,16,2,2,12
2025-06-28,F01,D170,20,2,2,12
2025-06-28,F01,D180,14,2,2,4
2025-06-28,F01,D190,18,3,2,17
2025-06-28,F01,D195,12,5,7,6
2025-06-28,F02,D210,28,6,6,25
2025-06-28,F02,D230,8,3,3,6
2025-06-28,F02,D270,10,2,2,6
2025-06-28,F03,D310,30,7,9,22
2025-06-28,F03,D320,16,1,1,12
2025-06-28,F03,D330,12,4,4,10
2025-06-28,F03,D340,14,4,5,10
2025-06-29,F01,D110,36,10,9,33
2025-06-29,F01,D111,32,8,5,25
2025-06-29,F01,D120,24,6,5,19
2025-06-29,F01,D130,20,6,7,18
2025-06-29,F01,D140,22,7,7,16
2025-06-29,F01,D150,18,2,0,15
2025-06-29,F01,D160,16,4,3,13
2025-06-29,F01,D170,20,5,6,11
2025-06-29,F01,D180,14,1,1,4
2025-06-29,F01,D190,18,2,3,16
2025-06-29,F01,D195,12,4,3,7
2025-06-29,F02,D210,28,8,9,24
2025-06-29,F02,D230,8,0,0,6
2025-06-29,F02,D270,10,3,4,5
2025-06-29,F03,D310,30,4,4,22
2025-06-29,F03,D320,16,3,4,11
2025-06-29,F03,D330,12,0,1,9
2025-06-29,F03,D340,14,5,5,10
2025-06-30,F01,D110,36,7,10,30
2025-06-30,F01,D111,32,4,3,26
2025-06-30,F01,D120,24,7,5,21
2025-06-30,F01,D130,20,5,6,17
2025-06-30,F01,D140,22,8,6,18
2025-06-30,F01,D150,18,4,3,16
2025-06-30,F01,D160,16,4,5,12
2025-06-30,F01,D170,20,9,7,13
2025-06-30,F01,D180,14,2,1,5
2025-06-30,F01,D190,18,2,1,17
2025-06-30,F01,D195,12,7,6,8
2025-06-30,F02,D210,28,6,5,25
2025-06-30,F02,D230,8,3,3,6
2025-06-30,F02,D270,10,3,2,6
2025-06-30,F03,D310,30,9,7,24
2025-06-30,F03,D320,16,7,7,11
2025-06-30,F03,D330,12,4,4,9
2025-06-30,F03,D340,14,2,1,11
2025-07-01,F01,D110,36,5,5,30
2025-07-01,F01,D111,32,10,9,27
2025-07-01,F01,D120,24,8,10,19
2025-07-01,F01,D130,20,4,3,18
2025-07-01,F01,D140,22,10,8,20
2025-07-01,F01,D150,18,6,6,16
2025-07-01,F01,D160,16,4,4,12
2025-07-01,F01,D170,20,9,9,13
2025-07-01,F01,D180,14,4,4,5
2025-07-01,F01,D190,18,3,4,16
2025-07-01,F01,D195,12,9,9,8
2025-07-01,F02,D210,28,8,8,25
2025-07-01,F02,D230,8,1,1,6
2025-07-01,F02,D270,10,4,4,6
2025-07-01,F03,D310,30,7,5,26
2025-07-01,F03,D320,16,8,7,12
2025-07-01,F03,D330,12,2,2,9
2025-07-01,F03,D340,14,4,4,11
2025-07-02,F01,D110,36,8,8,30
2025-07-02,F01,D111,32,7,6,28
2025-07-02,F01,D120,24,5,4,20
2025-07-02,F01,D130,20,5,5,18
2025-07-02,F01,D140,22,8,8,20
2025-07-02,F01,D150,18,7,7,16
2025-07-02,F01,D160,16,4,5,11
2025-07-02,F01,D170,20,5,4,14
2025-07-02,F01,D180,14,1,2,4
2025-07-02,F01,D190,18,3,3,16
2025-07-02,F01,D195,12,8,9,7
2025-07-02,F02,D210,28,7,8,24
2025-07-02,F02,D230,8,0,0,6
2025-07-02,F02,D270,10,1,2,5
2025-07-02,F03,D310,30,5,6,25
2025-07-02,F03,D320,16,4,5,11
2025-07-02,F03,D330,12,3,3,9
2025-07-02,F03,D340,14,7,6,12
2025-07-03,F01,D110,36,4,3,31
2025-07-03,F01,D111,32,6,7,27
2025-07-03,F01,D120,24,6,6,20
2025-07-03,F01,D130,20,3,4,17
2025-07-03,F01,D140,22,3,4,19
2025-07-03,F01,D150,18,4,4,16
2025-07-03,F01,D160,16,2,0,13
2025-07-03,F01,D170,20,7,7,14
2025-07-03,F01,D180,14,3,3,4
2025-07-03,F01,D190,18,1,2,15
2025-07-03,F01,D195,12,11,11,7
2025-07-03,F02,D210,28,5,5,24
2025-07-03,F02,D230,8,3,3,6
2025-07-03,F02,D270,10,3,3,5
2025-07-03,F03,D310,30,6,7,24
2025-07-03,F03,D320,16,7,6,12
2025-07-03,F03,D330,12,2,2,9
2025-07-03,F03,D340,14,5,6,11
2025-07-04,F01,D110,36,5,7,29
2025-07-04,F01,D111,32,4,4,27
2025-07-04,F01,D120,24,7,8,19
2025-07-04,F01,D130,20,7,7,17
2025-07-04,F01,D140,22,6,7,18
2025-07-04,F01,D150,18,1,2,15
2025-07-04,F01,D160,16,2,3,12
2025-07-04,F01,D170,20,4,3,15
2025-07-04,F01,D180,14,3,2,5
2025-07-04,F01,D190,18,2,1,16
2025-07-04,F01,D195,12,10,10,7
2025-07-04,F02,D210,28,8,9,23
2025-07-04,F02,D230,8,1,1,6
2025-07-04,F02,D270,10,1,1,5
2025-07-04,F03,D310,30,6,7,23
2025-07-04,F03,D320,16,2,3,11
2025-07-04,F03,D330,12,0,0,9
2025-07-04,F03,D340,14,5,6,10
2025-07-05,F01,D110,36,7,8,28
2025-07-05,F01,D111,32,4,4,27
2025-07-05,F01,D120,24,3,5,17
2025-07-05,F01,D130,20,3,2,18
2025-07-05,F01,D140,22,6,9,15
2025-07-05,F01,D150,18,4,4,15
2025-07-05,F01,D160,16,1,2,11
2025-07-05,F01,D170,20,6,7,14
2025-07-05,F01,D180,14,2,1,6
2025-07-05,F01,D190,18,2,2,16
2025-07-05,F01,D195,12,7,8,6
2025-07-05,F02,D210,28,4,4,23
2025-07-05,F02,D230,8,0,0,6
2025-07-05,F02,D270,10,2,2,5
2025-07-05,F03,D310,30,7,8,22
2025-07-05,F03,D320,16,4,4,11
2025-07-05,F03,D330,12,4,4,9
2025-07-05,F03,D340,14,2,4,8
2025-07-06,F01,D110,36,9,9,28
2025-07-06,F01,D111,32,3,2,28
2025-07-06,F01,D120,24,3,3,17
2025-07-06,F01,D130,20,6,7,17
2025-07-06,F01,D140,22,8,8,15
2025-07-06,F01,D150,18,3,2,16
2025-07-06,F01,D160,16,1,0,12
2025-07-06,F01,D170,20,8,7,15
2025-07-06,F01,D180,14,1,1,6
2025-07-06,F01,D190,18,2,3,15
2025-07-06,F01,D195,12,4,4,6
2025-07-06,F02,D210,28,3,2,24
2025-07-06,F02,D230,8,3,3,6
2025-07-06,F02,D270,10,0,1,4
2025-07-06,F03,D310,30,0,0,22
2025-07-06,F03,D320,16,4,4,11
2025-07-06,F03,D330,12,3,3,9
2025-07-06,F03,D340,14,4,4,8
2025-07-07,F01,D110,36,13,11,30
2025-07-07,F01,D111,32,5,5,28
2025-07-07,F01,D120,24,5,5,17
2025-07-07,F01,D130,20,6,6,17
2025-07-07,F01,D140,22,9,7,17
2025-07-07,F01,D150,18,2,3,15
2025-07-07,F01,D160,16,3,2,13
2025-07-07,F01,D170,20,7,7,15
2025-07-07,F01,D180,14,5,4,7
2025-07-07,F01,D190,18,2,1,16
2025-07-07,F01,D195,12,12,11,7
2025-07-07,F02,D210,28,6,6,24
2025-07-07,F02,D230,8,2,2,6
2025-07-07,F02,D270,10,1,1,4
2025-07-07,F03,D310,30,7,6,23
2025-07-07,F03,D320,16,4,2,13
2025-07-07,F03,D330,12,1,1,9
2025-07-07,F03,D340,14,4,3,9
2025-07-08,F01,D110,36,7,4,33
2025-07-08,F01,D111,32,13,13,28
2025-07-08,F01,D120,24,8,7,18
2025-07-08,F01,D130,20,3,2,18
2025-07-08,F01,D140,22,3,2,18
2025-07-08,F01,D150,18,1,0,16
2025-07-08,F01,D160,16,2,3,12
2025-07-08,F01,D170,20,7,7,15
2025-07-08,F01,D180,14,2,2,7
2025-07-08,F01,D190,18,5,5,16
2025-07-08,F01,D195,12,12,11,8
2025-07-08,F02,D210,28,9,11,22
2025-07-08,F02,D230,8,3,3,6
2025-07-08,F02,D270,10,2,1,5
2025-07-08,F03,D310,30,5,4,24
2025-07-08,F03,D320,16,5,6,12
2025-07-08,F03,D330,12,4,4,9
2025-07-08,F03,D340,14,3,2,10
2025-07-09,F01,D110,36,10,10,33
2025-07-09,F01,D111,32,4,2,30
2025-07-09,F01,D120,24,7,6,19
2025-07-09,F01,D130,20,6,6,18
2025-07-09,F01,D140,22,3,3,18
2025-07-09,F01,D150,18,5,5,16
2025-07-09,F01,D160,16,1,0,13
2025-07-09,F01,D170,20,5,7,13
2025-07-09,F01,D180,14,4,3,8
2025-07-09,F01,D190,18,2,3,15
2025-07-09,F01,D195,12,13,13,8
2025-07-09,F02,D210,28,5,6,21
2025-07-09,F02,D230,8,1,1,6
2025-07-09,F02,D270,10,0,1,4
2025-07-09,F03,D310,30,4,3,25
2025-07-09,F03,D320,16,5,4,13
2025-07-09,F03,D330,12,3,3,9
2025-07-09,F03,D340,14,6,6,10
2025-07-10,F01,D110,36,15,16,32
2025-07-10,F01,D111,32,7,9,28
2025-07-10,F01,D120,24,10,11,18
2025-07-10,F01,D130,20,8,8,18
2025-07-10,F01,D140,22,4,4,18
2025-07-10,F01,D150,18,6,6,16
2025-07-10,F01,D160,16,6,6,13
2025-07-10,F01,D170,20,6,5,14
2025-07-10,F01,D180,14,1,2,7
2025-07-10,F01,D190,18,1,0,16
2025-07-10,F01,D195,12,9,10,7
2025-07-10,F02,D210,28,7,7,21
2025-07-10,F02,D230,8,0,0,6
2025-07-10,F02,D270,10,2,2,4
2025-07-10,F03,D310,30,7,7,25
2025-07-10,F03,D320,16,4,3,14
2025-07-10,F03,D330,12,1,1,9
2025-07-10,F03,D340,14,5,5,10
2025-07-11,F01,D110,36,9,10,31
2025-07-11,F01,D111,32,4,5,27
2025-07-11,F01,D120,24,5,5,18
2025-07-11,F01,D130,20,4,5,17
2025-07-11,F01,D140,22,4,6,16
2025-07-11,F01,D150,18,0,1,15
2025-07-11,F01,D160,16,3,3,13
2025-07-11,F01,D170,20,9,10,13
2025-07-11,F01,D180,14,3,4,6
2025-07-11,F01,D190,18,1,1,16
2025-07-11,F01,D195,12,6,6,7
2025-07-11,F02,D210,28,7,6,22
2025-07-11,F02,D230,8,2,2,6
2025-07-11,F02,D270,10,4,3,5
2025-07-11,F03,D310,30,6,7,24
2025-07-11,F03,D320,16,2,3,13
2025-07-11,F03,D330,12,6,6,9
2025-07-11,F03,D340,14,3,4,9
2025-07-12,F01,D110,36,4,6,29
2025-07-12,F01,D111,32,7,8,26
2025-07-12,F01,D120,24,2,2,18
2025-07-12,F01,D130,20,3,3,17
2025-07-12,F01,D140,22,4,7,13
2025-07-12,F01,D150,18,3,3,15
2025-07-12,F01,D160,16,4,5,12
2025-07-12,F01,D170,20,6,7,12
2025-07-12,F01,D180,14,3,3,6
2025-07-12,F01,D190,18,3,3,16
2025-07-12,F01,D195,12,5,6,6
2025-07-12,F02,D210,28,4,5,21
2025-07-12,F02,D230,8,4,4,6
2025-07-12,F02,D270,10,1,2,4
2025-07-12,F03,D310,30,8,7,25
2025-07-12,F03,D320,16,6,6,13
2025-07-12,F03,D330,12,2,2,9
2025-07-12,F03,D340,14,4,5,8
2025-07-13,F01,D110,36,9,8,30
2025-07-13,F01,D111,32,8,7,27
2025-07-13,F01,D120,24,5,5,18
2025-07-13,F01,D130,20,3,3,17
2025-07-13,F01,D140,22,6,5,14
2025-07-13,F01,D150,18,3,2,16
2025-07-13,F01,D160,16,3,2,13
2025-07-13,F01,D170,20,1,0,13
2025-07-13,F01,D180,14,0,0,6
2025-07-13,F01,D190,18,2,2,16
2025-07-13,F01,D195,12,7,6,7
2025-07-13,F02,D210,28,11,10,22
2025-07-13,F02,D230,8,0,0,6
2025-07-13,F02,D270,10,4,3,5
2025-07-13,F03,D310,30,6,5,26
2025-07-13,F03,D320,16,4,3,14
2025-07-13,F03,D330,12,3,3,9
2025-07-13,F03,D340,14,6,6,8
2025-07-14,F01,D110,36,7,6,31
2025-07-14,F01,D111,32,7,4,30
2025-07-14,F01,D120,24,6,6,18
2025-07-14,F01,D130,20,6,7,16
2025-07-14,F01,D140,22,10,6,18
2025-07-14,F01,D150,18,2,2,16
2025-07-14,F01,D160,16,0,0,13
2025-07-14,F01,D170,20,8,7,14
2025-07-14,F01,D180,14,1,1,6
2025-07-14,F01,D190,18,3,3,16
2025-07-14,F01,D195,12,5,5,7
2025-07-14,F02,D210,28,4,5,21
2025-07-14,F02,D230,8,3,3,6
2025-07-14,F02,D270,10,4,4,5
2025-07-14,F03,D310,30,3,1,28
2025-07-14,F03,D320,16,10,9,15
2025-07-14,F03,D330,12,0,0,9
2025-07-14,F03,D340,14,5,3,10
2025-07-15,F01,D110,36,7,7,31
2025-07-15,F01,D111,32,9,10,29
2025-07-15,F01,D120,24,8,7,19
2025-07-15,F01,D130,20,9,10,15
2025-07-15,F01,D140,22,5,4,19
2025-07-15,F01,D150,18,4,2,18
2025-07-15,F01,D160,16,4,4,13
2025-07-15,F01,D170,20,1,0,15
2025-07-15,F01,D180,14,3,3,6
2025-07-15,F01,D190,18,1,1,16
2025-07-15,F01,D195,12,5,4,8
2025-07-15,F02,D210,28,11,9,23
2025-07-15,F02,D230,8,2,2,6
2025-07-15,F02,D270,10,3,2,6
2025-07-15,F03,D310,30,4,7,25
2025-07-15,F03,D320,16,2,3,14
2025-07-15,F03,D330,12,3,2,10
2025-07-15,F03,D340,14,6,5,11
2025-07-16,F01,D110,36,7,4,34
2025-07-16,F01,D111,32,5,5,29
2025-07-16,F01,D120,24,9,9,19
2025-07-16,F01,D130,20,0,0,15
2025-07-16,F01,D140,22,4,5,18
2025-07-16,F01,D150,18,7,9,16
2025-07-16,F01,D160,16,5,5,13
2025-07-16,F01,D170,20,5,4,16
2025-07-16,F01,D180,14,4,4,6
2025-07-16,F01,D190,18,1,0,17
2025-07-16,F01,D195,12,7,8,7
2025-07-16,F02,D210,28,4,5,22
2025-07-16,F02,D230,8,2,2,6
2025-07-16,F02,D270,10,2,3,5
2025-07-16,F03,D310,30,4,2,27
2025-07-16,F03,D320,16,5,5,14
2025-07-16,F03,D330,12,3,3,10
2025-07-16,F03,D340,14,6,6,11
2025-07-17,F01,D110,36,7,7,34
2025-07-17,F01,D111,32,6,8,27
2025-07-17,F01,D120,24,3,2,20
2025-07-17,F01,D130,20,1,0,16
2025-07-17,F01,D140,22,3,4,17
2025-07-17,F01,D150,18,0,0,16
2025-07-17,F01,D160,16,3,3,13
2025-07-17,F01,D170,20,8,9,15
2025-07-17,F01,D180,14,4,4,6
2025-07-17,F01,D190,18,3,3,17
2025-07-17,F01,D195,12,10,9,8
2025-07-17,F02,D210,28,4,4,22
2025-07-17,F02,D230,8,1,1,6
2025-07-17,F02,D270,10,3,2,6
2025-07-17,F03,D310,30,7,8,26
2025-07-17,F03,D320,16,5,6,13
2025-07-17,F03,D330,12,3,3,10
2025-07-17,F03,D340,14,5,5,11
2025-07-18,F01,D110,36,7,7,34
2025-07-18,F01,D111,32,9,9,27
2025-07-18,F01,D120,24,4,5,19
2025-07-18,F01,D130,20,1,2,15
2025-07-18,F01,D140,22,8,9,16
2025-07-18,F01,D150,18,4,5,15
2025-07-18,F01,D160,16,6,7,12
2025-07-18,F01,D170,20,8,8,15
2025-07-18,F01,D180,14,2,1,7
2025-07-18,F01,D190,18,1,1,17
2025-07-18,F01,D195,12,7,8,7
2025-07-18,F02,D210,28,8,8,22
2025-07-18,F02,D230,8,2,2,6
2025-07-18,F02,D270,10,4,4,6
2025-07-18,F03,D310,30,9,9,26
2025-07-18,F03,D320,16,4,3,14
2025-07-18,F03,D330,12,3,3,10
2025-07-18,F03,D340,14,0,1,10
2025-07-19,F01,D110,36,15,15,34
2025-07-19,F01,D111,32,7,9,25
2025-07-19,F01,D120,24,2,3,18
2025-07-19,F01,D130,20,3,3,15
2025-07-19,F01,D140,22,3,6,13
2025-07-19,F01,D150,18,2,5,12
2025-07-19,F01,D160,16,3,3,12
2025-07-19,F01,D170,20,8,8,15
2025-07-19,F01,D180,14,3,4,6
2025-07-19,F01,D190,18,4,3,18
2025-07-19,F01,D195,12,11,11,7
2025-07-19,F02,D210,28,7,7,22
2025-07-19,F02,D230,8,1,1,6
2025-07-19,F02,D270,10,5,5,6
2025-07-19,F03,D310,30,16,17,25
2025-07-19,F03,D320,16,3,4,13
2025-07-19,F03,D330,12,3,3,10
2025-07-19,F03,D340,14,4,6,8
2025-07-20,F01,D110,36,10,10,34
2025-07-20,F01,D111,32,5,4,26
2025-07-20,F01,D120,24,7,7,18
2025-07-20,F01,D130,20,2,3,14
2025-07-20,F01,D140,22,8,8,13
2025-07-20,F01,D150,18,3,3,12
2025-07-20,F01,D160,16,6,6,12
2025-07-20,F01,D170,20,7,6,16
2025-07-20,F01,D180,14,1,1,6
2025-07-20,F01,D190,18,4,4,18
2025-07-20,F01,D195,12,8,9,6
2025-07-20,F02,D210,28,5,6,21
2025-07-20,F02,D230,8,4,4,6
2025-07-20,F02,D270,10,3,4,5
2025-07-20,F03,D310,30,7,6,26
2025-07-20,F03,D320,16,3,4,12
2025-07-20,F03,D330,12,5,6,9
2025-07-20,F03,D340,14,7,7,8
2025-07-21,F01,D110,36,12,10,36
2025-07-21,F01,D111,32,10,9,27
2025-07-21,F01,D120,24,9,7,20
2025-07-21,F01,D130,20,7,7,14
2025-07-21,F01,D140,22,7,4,16
2025-07-21,F01,D150,18,4,3,13
2025-07-21,F01,D160,16,6,6,12
2025-07-21,F01,D170,20,10,11,15
2025-07-21,F01,D180,14,0,0,6
2025-07-21,F01,D190,18,3,3,18
2025-07-21,F01,D195,12,9,8,7
2025-07-21,F02,D210,28,7,5,23
2025-07-21,F02,D230,8,6,5,7
2025-07-21,F02,D270,10,4,3,6
2025-07-21,F03,D310,30,5,4,27
2025-07-21,F03,D320,16,5,3,14
2025-07-21,F03,D330,12,4,4,9
2025-07-21,F03,D340,14,5,4,9
2025-07-22,F01,D110,36,6,7,35
2025-07-22,F01,D111,32,6,7,26
2025-07-22,F01,D120,24,8,7,21
2025-07-22,F01,D130,20,4,5,13
2025-07-22,F01,D140,22,6,6,16
2025-07-22,F01,D150,18,2,1,14
2025-07-22,F01,D160,16,6,5,13
2025-07-22,F01,D170,20,9,9,15
2025-07-22,F01,D180,14,0,0,6
2025-07-22,F01,D190,18,2,2,18
2025-07-22,F01,D195,12,9,8,8
2025-07-22,F02,D210,28,5,3,25
2025-07-22,F02,D230,8,1,1,7
2025-07-22,F02,D270,10,2,2,6
2025-07-22,F03,D310,30,8,8,27
2025-07-22,F03,D320,16,1,2,13
2025-07-22,F03,D330,12,0,0,9
2025-07-22,F03,D340,14,4,3,10
2025-07-23,F01,D110,36,10,13,32
2025-07-23,F01,D111,32,10,9,27
2025-07-23,F01,D120,24,7,8,20
2025-07-23,F01,D130,20,7,5,15
2025-07-23,F01,D140,22,6,5,17
2025-07-23,F01,D150,18,1,2,13
2025-07-23,F01,D160,16,3,4,12
2025-07-23,F01,D170,20,9,9,15
2025-07-23,F01,D180,14,3,3,6
2025-07-23,F01,D190,18,3,3,18
2025-07-23,F01,D195,12,8,8,8
2025-07-23,F02,D210,28,8,9,24
2025-07-23,F02,D230,8,4,5,6
2025-07-23,F02,D270,10,2,2,6
2025-07-23,F03,D310,30,3,2,28
2025-07-23,F03,D320,16,5,4,14
2025-07-23,F03,D330,12,5,5,9
2025-07-23,F03,D340,14,4,4,10
2025-07-24,F01,D110,36,6,4,34
2025-07-24,F01,D111,32,7,7,27
2025-07-24,F01,D120,24,7,10,17
2025-07-24,F01,D130,20,3,3,15
2025-07-24,F01,D140,22,3,1,19
2025-07-24,F01,D150,18,3,2,14
2025-07-24,F01,D160,16,6,6,12
2025-07-24,F01,D170,20,7,6,16
2025-07-24,F01,D180,14,2,1,7
2025-07-24,F01,D190,18,2,2,18
2025-07-24,F01,D195,12,10,10,8
2025-07-24,F02,D210,28,3,3,24
2025-07-24,F02,D230,8,2,2,6
2025-07-24,F02,D270,10,4,4,6
2025-07-24,F03,D310,30,7,6,29
2025-07-24,F03,D320,16,5,5,14
2025-07-24,F03,D330,12,2,2,9
2025-07-24,F03,D340,14,2,2,10
2025-07-25,F01,D110,36,13,14,33
2025-07-25,F01,D111,32,6,6,27
2025-07-25,F01,D120,24,5,4,18
2025-07-25,F01,D130,20,0,0,15
2025-07-25,F01,D140,22,9,11,17
2025-07-25,F01,D150,18,3,4,13
2025-07-25,F01,D160,16,2,2,12
2025-07-25,F01,D170,20,4,5,15
2025-07-25,F01,D180,14,4,4,7
2025-07-25,F01,D190,18,3,4,17
2025-07-25,F01,D195,12,4,5,7
2025-07-25,F02,D210,28,8,9,23
2025-07-25,F02,D230,8,3,3,6
2025-07-25,F02,D270,10,1,1,6
2025-07-25,F03,D310,30,11,10,30
2025-07-25,F03,D320,16,0,1,13
2025-07-25,F03,D330,12,2,2,9
2025-07-25,F03,D340,14,2,2,10
2025-07-26,F01,D110,36,6,7,32
2025-07-26,F01,D111,32,10,11,26
2025-07-26,F01,D120,24,8,8,18
2025-07-26,F01,D130,20,3,3,15
2025-07-26,F01,D140,22,4,6,15
2025-07-26,F01,D150,18,0,0,13
2025-07-26,F01,D160,16,4,4,12
2025-07-26,F01,D170,20,9,10,14
2025-07-26,F01,D180,14,7,6,8
2025-07-26,F01,D190,18,3,3,17
2025-07-26,F01,D195,12,8,7,8
2025-07-26,F02,D210,28,3,3,23
2025-07-26,F02,D230,8,2,2,6
2025-07-26,F02,D270,10,2,3,5
2025-07-26,F03,D310,30,5,5,30
2025-07-26,F03,D320,16,4,4,13
2025-07-26,F03,D330,12,2,2,9
2025-07-26,F03,D340,14,3,5,8
2025-07-27,F01,D110,36,7,7,32
2025-07-27,F01,D111,32,7,8,25
2025-07-27,F01,D120,24,3,3,18
2025-07-27,F01,D130,20,6,5,16
2025-07-27,F01,D140,22,3,3,15
2025-07-27,F01,D150,18,2,2,13
2025-07-27,F01,D160,16,5,5,12
2025-07-27,F01,D170,20,6,7,13
2025-07-27,F01,D180,14,5,5,8
2025-07-27,F01,D190,18,3,4,16
2025-07-27,F01,D195,12,10,10,8
2025-07-27,F02,D210,28,6,7,22
2025-07-27,F02,D230,8,3,3,6
2025-07-27,F02,D270,10,1,1,5
2025-07-27,F03,D310,30,9,7,32
2025-07-27,F03,D320,16,2,2,13
2025-07-27,F03,D330,12,1,1,9
2025-07-27,F03,D340,14,3,3,8
2025-07-28,F01,D110,36,10,10,32
2025-07-28,F01,D111,32,8,8,25
2025-07-28,F01,D120,24,4,4,18
2025-07-28,F01,D130,20,3,3,16
2025-07-28,F01,D140,22,6,4,17
2025-07-28,F01,D150,18,4,3,14
2025-07-28,F01,D160,16,5,6,11
2025-07-28,F01,D170,20,9,6,16
2025-07-28,F01,D180,14,2,3,7
2025-07-28,F01,D190,18,3,3,16
2025-07-28,F01,D195,12,6,6,8
2025-07-28,F02,D210,28,3,1,24
2025-07-28,F02,D230,8,5,5,6
2025-07-28,F02,D270,10,2,1,6
2025-07-28,F03,D310,30,10,10,32
2025-07-28,F03,D320,16,9,8,14
2025-07-28,F03,D330,12,3,3,9
2025-07-28,F03,D340,14,2,0,10
2025-07-29,F01,D110,36,8,8,32
2025-07-29,F01,D111,32,1,1,25
2025-07-29,F01,D120,24,7,7,18
2025-07-29,F01,D130,20,7,7,16
2025-07-29,F01,D140,22,6,4,19
2025-07-29,F01,D150,18,1,0,15
2025-07-29,F01,D160,16,5,3,13
2025-07-29,F01,D170,20,11,11,16
2025-07-29,F01,D180,14,2,1,8
2025-07-29,F01,D190,18,1,1,16
2025-07-29,F01,D195,12,6,6,8
2025-07-29,F02,D210,28,3,5,22
2025-07-29,F02,D230,8,0,0,6
2025-07-29,F02,D270,10,6,6,6
2025-07-29,F03,D310,30,10,11,31
2025-07-29,F03,D320,16,6,6,14
2025-07-29,F03,D330,12,0,0,9
2025-07-29,F03,D340,14,0,0,10
2025-07-30,F01,D110,36,9,10,31
2025-07-30,F01,D111,32,3,1,27
2025-07-30,F01,D120,24,6,6,18
2025-07-30,F01,D130,20,8,8,16
2025-07-30,F01,D140,22,3,2,20
2025-07-30,F01,D150,18,2,1,16
2025-07-30,F01,D160,16,3,3,13
2025-07-30,F01,D170,20,7,7,16
2025-07-30,F01,D180,14,2,2,8
2025-07-30,F01,D190,18,3,3,16
2025-07-30,F01,D195,12,9,9,8
2025-07-30,F02,D210,28,7,7,22
2025-07-30,F02,D230,8,0,0,6
2025-07-30,F02,D270,10,7,7,6
2025-07-30,F03,D310,30,9,9,31
2025-07-30,F03,D320,16,2,3,13
2025-07-30,F03,D330,12,6,6,9
2025-07-30,F03,D340,14,2,1,11
2025-07-31,F01,D110,36,3,1,33
2025-07-31,F01,D111,32,5,5,27
2025-07-31,F01,D120,24,4,3,19
2025-07-31,F01,D130,20,4,4,16
2025-07-31,F01,D140,22,6,7,19
2025-07-31,F01,D150,18,5,5,16
2025-07-31,F01,D160,16,0,1,12
2025-07-31,F01,D170,20,13,14,15
2025-07-31,F01,D180,14,2,3,7
2025-07-31,F01,D190,18,2,3,15
2025-07-31,F01,D195,12,8,8,8
2025-07-31,F02,D210,28,1,3,20
2025-07-31,F02,D230,8,1,1,6
2025-07-31,F02,D270,10,3,3,6
2025-07-31,F03,D310,30,7,9,29
2025-07-31,F03,D320,16,4,3,14
2025-07-31,F03,D330,12,2,3,8
2025-07-31,F03,D340,14,2,2,11
2025-08-01,F01,D110,36,10,13,30
2025-08-01,F01,D111,32,5,4,28
2025-08-01,F01,D120,24,4,4,19
2025-08-01,F01,D130,20,6,7,15
2025-08-01,F01,D140,22,7,6,20
2025-08-01,F01,D150,18,5,5,16
2025-08-01,F01,D160,16,2,3,11
2025-08-01,F01,D170,20,7,7,15
2025-08-01,F01,D180,14,4,4,7
2025-08-01,F01,D190,18,1,0,16
2025-08-01,F01,D195,12,7,8,7
2025-08-01,F02,D210,28,5,5,20
2025-08-01,F02,D230,8,3,4,5
2025-08-01,F02,D270,10,1,1,6
2025-08-01,F03,D310,30,15,16,28
2025-08-01,F03,D320,16,6,6,14
2025-08-01,F03,D330,12,0,0,8
2025-08-01,F03,D340,14,3,3,11
2025-08-02,F01,D110,36,9,9,30
2025-08-02,F01,D111,32,5,8,25
2025-08-02,F01,D120,24,5,7,17
2025-08-02,F01,D130,20,0,0,15
2025-08-02,F01,D140,22,7,10,17
2025-08-02,F01,D150,18,2,4,14
2025-08-02,F01,D160,16,2,3,10
2025-08-02,F01,D170,20,6,8,13
2025-08-02,F01,D180,14,0,1,6
2025-08-02,F01,D190,18,1,1,16
2025-08-02,F01,D195,12,10,10,7
2025-08-02,F02,D210,28,6,7,19
2025-08-02,F02,D230,8,0,0,5
2025-08-02,F02,D270,10,4,4,6
2025-08-02,F03,D310,30,6,7,27
2025-08-02,F03,D320,16,4,5,13
2025-08-02,F03,D330,12,1,1,8
2025-08-02,F03,D340,14,2,4,9
2025-08-03,F01,D110,36,10,8,32
2025-08-03,F01,D111,32,10,10,25
2025-08-03,F01,D120,24,4,4,17
2025-08-03,F01,D130,20,3,3,15
2025-08-03,F01,D140,22,9,10,16
2025-08-03,F01,D150,18,2,1,15
2025-08-03,F01,D160,16,6,5,11
2025-08-03,F01,D170,20,7,7,13
2025-08-03,F01,D180,14,0,1,5
2025-08-03,F01,D190,18,3,5,14
2025-08-03,F01,D195,12,11,11,7
2025-08-03,F02,D210,28,4,3,20
2025-08-03,F02,D230,8,0,0,5
2025-08-03,F02,D270,10,0,0,6
2025-08-03,F03,D310,30,8,8,27
2025-08-03,F03,D320,16,1,1,13
2025-08-03,F03,D330,12,2,2,8
2025-08-03,F03,D340,14,1,1,9
2025-08-04,F01,D110,36,7,9,30
2025-08-04,F01,D111,32,10,8,27
2025-08-04,F01,D120,24,6,4,19
2025-08-04,F01,D130,20,8,8,15
2025-08-04,F01,D140,22,7,7,16
2025-08-04,F01,D150,18,0,0,15
2025-08-04,F01,D160,16,0,1,10
2025-08-04,F01,D170,20,6,6,13
2025-08-04,F01,D180,14,2,0,7
2025-08-04,F01,D190,18,1,0,15
2025-08-04,F01,D195,12,2,2,7
2025-08-04,F02,D210,28,10,9,21
2025-08-04,F02,D230,8,2,1,6
2025-08-04,F02,D270,10,1,1,6
2025-08-04,F03,D310,30,6,6,27
2025-08-04,F03,D320,16,2,2,13
2025-08-04,F03,D330,12,3,2,9
2025-08-04,F03,D340,14,5,4,10
2025-08-05,F01,D110,36,9,7,32
2025-08-05,F01,D111,32,5,4,28
2025-08-05,F01,D120,24,5,5,19
2025-08-05,F01,D130,20,3,2,16
2025-08-05,F01,D140,22,10,8,18
2025-08-05,F01,D150,18,3,4,14
2025-08-05,F01,D160,16,4,3,11
2025-08-05,F01,D170,20,7,7,13
2025-08-05,F01,D180,14,0,1,6
2025-08-05,F01,D190,18,3,3,15
2025-08-05,F01,D195,12,3,2,8
2025-08-05,F02,D210,28,6,6,21
2025-08-05,F02,D230,8,0,0,6
2025-08-05,F02,D270,10,2,2,6
2025-08-05,F03,D310,30,7,7,27
2025-08-05,F03,D320,16,2,3,12
2025-08-05,F03,D330,12,2,2,9
2025-08-05,F03,D340,14,6,5,11
2025-08-06,F01,D110,36,4,4,32
2025-08-06,F01,D111,32,8,10,26
2025-08-06,F01,D120,24,4,2,21
2025-08-06,F01,D130,20,6,7,15
2025-08-06,F01,D140,22,1,1,18
2025-08-06,F01,D150,18,2,2,14
2025-08-06,F01,D160,16,3,2,12
2025-08-06,F01,D170,20,6,7,12
2025-08-06,F01,D180,14,1,0,7
2025-08-06,F01,D190,18,5,4,16
2025-08-06,F01,D195,12,7,7,8
2025-08-06,F02,D210,28,10,8,23
2025-08-06,F02,D230,8,4,4,6
2025-08-06,F02,D270,10,2,2,6
2025-08-06,F03,D310,30,2,3,26
2025-08-06,F03,D320,16,4,3,13
2025-08-06,F03,D330,12,5,5,9
2025-08-06,F03,D340,14,5,5,11
2025-08-07,F01,D110,36,8,7,33
2025-08-07,F01,D111,32,8,8,26
2025-08-07,F01,D120,24,8,9,20
2025-08-07,F01,D130,20,5,5,15
2025-08-07,F01,D140,22,11,10,19
2025-08-07,F01,D150,18,2,1,15
2025-08-07,F01,D160,16,5,5,12
2025-08-07,F01,D170,20,7,7,12
2025-08-07,F01,D180,14,4,5,6
2025-08-07,F01,D190,18,4,4,16
2025-08-07,F01,D195,12,10,9,9
2025-08-07,F02,D210,28,7,7,23
2025-08-07,F02,D230,8,2,1,7
2025-08-07,F02,D270,10,8,7,7
2025-08-07,F03,D310,30,9,7,28
2025-08-07,F03,D320,16,7,8,12
2025-08-07,F03,D330,12,0,0,9
2025-08-07,F03,D340,14,4,4,11
2025-08-08,F01,D110,36,7,7,33
2025-08-08,F01,D111,32,5,5,26
2025-08-08,F01,D120,24,9,9,20
2025-08-08,F01,D130,20,6,7,14
2025-08-08,F01,D140,22,6,8,17
2025-08-08,F01,D150,18,6,7,14
2025-08-08,F01,D160,16,6,6,12
2025-08-08,F01,D170,20,7,7,12
2025-08-08,F01,D180,14,6,5,7
2025-08-08,F01,D190,18,2,2,16
2025-08-08,F01,D195,12,4,5,8
2025-08-08,F02,D210,28,4,3,24
2025-08-08,F02,D230,8,1,2,6
2025-08-08,F02,D270,10,6,7,6
2025-08-08,F03,D310,30,8,10,26
2025-08-08,F03,D320,16,3,2,13
2025-08-08,F03,D330,12,4,4,9
2025-08-08,F03,D340,14,2,2,11
2025-08-09,F01,D110,36,12,13,32
2025-08-09,F01,D111,32,5,8,23
2025-08-09,F01,D120,24,4,5,19
2025-08-09,F01,D130,20,1,0,15
2025-08-09,F01,D140,22,5,9,13
2025-08-09,F01,D150,18,3,4,13
2025-08-09,F01,D160,16,3,4,11
2025-08-09,F01,D170,20,0,1,11
2025-08-09,F01,D180,14,5,4,8
2025-08-09,F01,D190,18,2,2,16
2025-08-09,F01,D195,12,6,7,7
2025-08-09,F02,D210,28,12,11,25
2025-08-09,F02,D230,8,3,3,6
2025-08-09,F02,D270,10,6,6,6
2025-08-09,F03,D310,30,6,6,26
2025-08-09,F03,D320,16,3,4,12
2025-08-09,F03,D330,12,3,3,9
2025-08-09,F03,D340,14,5,7,9
2025-08-10,F01,D110,36,10,9,33
2025-08-10,F01,D111,32,7,5,25
2025-08-10,F01,D120,24,7,7,19
2025-08-10,F01,D130,20,5,6,14
2025-08-10,F01,D140,22,6,6,13
2025-08-10,F01,D150,18,3,2,14
2025-08-10,F01,D160,16,5,5,11
2025-08-10,F01,D170,20,4,3,12
2025-08-10,F01,D180,14,3,4,7
2025-08-10,F01,D190,18,0,0,16
2025-08-10,F01,D195,12,5,5,7
2025-08-10,F02,D210,28,6,6,25
2025-08-10,F02,D230,8,4,5,5
2025-08-10,F02,D270,10,6,7,5
2025-08-10,F03,D310,30,10,12,24
2025-08-10,F03,D320,16,3,4,11
2025-08-10,F03,D330,12,5,5,9
2025-08-10,F03,D340,14,1,1,9
2025-08-11,F01,D110,36,6,5,34
2025-08-11,F01,D111,32,10,8,27
2025-08-11,F01,D120,24,7,7,19
2025-08-11,F01,D130,20,3,3,14
2025-08-11,F01,D140,22,6,3,16
2025-08-11,F01,D150,18,2,2,14
2025-08-11,F01,D160,16,2,1,12
2025-08-11,F01,D170,20,2,2,12
2025-08-11,F01,D180,14,5,4,8
2025-08-11,F01,D190,18,2,0,18
2025-08-11,F01,D195,12,8,7,8
2025-08-11,F02,D210,28,11,10,26
2025-08-11,F02,D230,8,3,3,5
2025-08-11,F02,D270,10,4,4,5
2025-08-11,F03,D310,30,4,4,24
2025-08-11,F03,D320,16,5,4,12
2025-08-11,F03,D330,12,1,1,9
2025-08-11,F03,D340,14,2,1,10
2025-08-12,F01,D110,36,12,13,33
2025-08-12,F01,D111,32,0,0,27
2025-08-12,F01,D120,24,1,1,19
2025-08-12,F01,D130,20,3,3,14
2025-08-12,F01,D140,22,5,4,17
2025-08-12,F01,D150,18,1,0,15
2025-08-12,F01,D160,16,4,4,12
2025-08-12,F01,D170,20,6,7,11
2025-08-12,F01,D180,14,1,1,8
2025-08-12,F01,D190,18,0,1,17
2025-08-12,F01,D195,12,7,7,8
2025-08-12,F02,D210,28,6,5,27
2025-08-12,F02,D230,8,0,0,5
2025-08-12,F02,D270,10,2,2,5
2025-08-12,F03,D310,30,6,7,23
2025-08-12,F03,D320,16,3,2,13
2025-08-12,F03,D330,12,4,4,9
2025-08-12,F03,D340,14,2,1,11
2025-08-13,F01,D110,36,6,6,33
2025-08-13,F01,D111,32,8,8,27
2025-08-13,F01,D120,24,7,6,20
2025-08-13,F01,D130,20,4,3,15
2025-08-13,F01,D140,22,5,5,17
2025-08-13,F01,D150,18,2,2,15
2025-08-13,F01,D160,16,3,3,12
2025-08-13,F01,D170,20,9,8,12
2025-08-13,F01,D180,14,3,3,8
2025-08-13,F01,D190,18,0,0,17
2025-08-13,F01,D195,12,13,13,8
2025-08-13,F02,D210,28,8,9,26
2025-08-13,F02,D230,8,3,3,5
2025-08-13,F02,D270,10,3,3,5
2025-08-13,F03,D310,30,2,0,25
2025-08-13,F03,D320,16,0,0,13
2025-08-13,F03,D330,12,0,1,8
2025-08-13,F03,D340,14,7,7,11
2025-08-14,F01,D110,36,7,8,32
2025-08-14,F01,D111,32,5,5,27
2025-08-14,F01,D120,24,7,8,19
2025-08-14,F01,D130,20,6,5,16
2025-08-14,F01,D140,22,9,9,17
2025-08-14,F01,D150,18,4,5,14
2025-08-14,F01,D160,16,2,2,12
2025-08-14,F01,D170,20,4,4,12
2025-08-14,F01,D180,14,1,2,7
2025-08-14,F01,D190,18,4,4,17
2025-08-14,F01,D195,12,10,10,8
2025-08-14,F02,D210,28,4,5,25
2025-08-14,F02,D230,8,3,2,6
2025-08-14,F02,D270,10,0,0,5
2025-08-14,F03,D310,30,4,3,26
2025-08-14,F03,D320,16,3,3,13
2025-08-14,F03,D330,12,2,2,8
2025-08-14,F03,D340,14,2,3,10
2025-08-15,F01,D110,36,2,2,32
2025-08-15,F01,D111,32,8,6,29
2025-08-15,F01,D120,24,5,5,19
2025-08-15,F01,D130,20,6,6,16
2025-08-15,F01,D140,22,6,8,15
2025-08-15,F01,D150,18,1,2,13
2025-08-15,F01,D160,16,1,1,12
2025-08-15,F01,D170,20,7,6,13
2025-08-15,F01,D180,14,2,3,6
2025-08-15,F01,D190,18,3,3,17
2025-08-15,F01,D195,12,10,9,9
2025-08-15,F02,D210,28,9,9,25
2025-08-15,F02,D230,8,1,2,5
2025-08-15,F02,D270,10,1,1,5
2025-08-15,F03,D310,30,4,4,26
2025-08-15,F03,D320,16,3,3,13
2025-08-15,F03,D330,12,3,3,8
2025-08-15,F03,D340,14,3,3,10
2025-08-16,F01,D110,36,12,13,31
2025-08-16,F01,D111,32,6,8,27
2025-08-16,F01,D120,24,4,4,19
2025-08-16,F01,D130,20,6,5,17
2025-08-16,F01,D140,22,5,6,14
2025-08-16,F01,D150,18,2,2,13
2025-08-16,F01,D160,16,4,4,12
2025-08-16,F01,D170,20,10,11,12
2025-08-16,F01,D180,14,3,2,7
2025-08-16,F01,D190,18,2,2,17
2025-08-16,F01,D195,12,10,11,8
2025-08-16,F02,D210,28,8,10,23
2025-08-16,F02,D230,8,1,0,6
2025-08-16,F02,D270,10,1,1,5
2025-08-16,F03,D310,30,9,9,26
2025-08-16,F03,D320,16,2,3,12
2025-08-16,F03,D330,12,1,1,8
2025-08-16,F03,D340,14,5,7,8
2025-08-17,F01,D110,36,8,7,32
2025-08-17,F01,D111,32,7,7,27
2025-08-17,F01,D120,24,6,6,19
2025-08-17,F01,D130,20,4,5,16
2025-08-17,F01,D140,22,5,5,14
2025-08-17,F01,D150,18,5,4,14
2025-08-17,F01,D160,16,3,3,12
2025-08-17,F01,D170,20,2,2,12
2025-08-17,F01,D180,14,3,4,6
2025-08-17,F01,D190,18,4,5,16
2025-08-17,F01,D195,12,9,9,8
2025-08-17,F02,D210,28,7,8,22
2025-08-17,F02,D230,8,0,0,6
2025-08-17,F02,D270,10,5,5,5
2025-08-17,F03,D310,30,1,1,26
2025-08-17,F03,D320,16,5,4,13
2025-08-17,F03,D330,12,1,1,8
2025-08-17,F03,D340,14,5,5,8
2025-08-18,F01,D110,36,12,10,34
2025-08-18,F01,D111,32,9,8,28
2025-08-18,F01,D120,24,10,9,20
2025-08-18,F01,D130,20,2,2,16
2025-08-18,F01,D140,22,5,2,17
2025-08-18,F01,D150,18,2,1,15
2025-08-18,F01,D160,16,3,2,13
2025-08-18,F01,D170,20,4,4,12
2025-08-18,F01,D180,14,4,3,7
2025-08-18,F01,D190,18,2,2,16
2025-08-18,F01,D195,12,10,10,8
2025-08-18,F02,D210,28,2,2,22
2025-08-18,F02,D230,8,1,1,6
2025-08-18,F02,D270,10,2,2,5
2025-08-18,F03,D310,30,6,7,25
2025-08-18,F03,D320,16,2,1,14
2025-08-18,F03,D330,12,3,3,8
2025-08-18,F03,D340,14,5,3,10
2025-08-19,F01,D110,36,14,13,35
2025-08-19,F01,D111,32,5,6,27
2025-08-19,F01,D120,24,3,1,22
2025-08-19,F01,D130,20,2,3,15
2025-08-19,F01,D140,22,6,5,18
2025-08-19,F01,D150,18,3,3,15
2025-08-19,F01,D160,16,3,3,13
2025-08-19,F01,D170,20,7,6,13
2025-08-19,F01,D180,14,1,1,7
2025-08-19,F01,D190,18,0,0,16
2025-08-19,F01,D195,12,11,12,7
2025-08-19,F02,D210,28,8,7,23
2025-08-19,F02,D230,8,1,1,6
2025-08-19,F02,D270,10,3,3,5
2025-08-19,F03,D310,30,4,2,27
2025-08-19,F03,D320,16,2,2,14
2025-08-19,F03,D330,12,4,4,8
2025-08-19,F03,D340,14,3,2,11
2025-08-20,F01,D110,36,10,10,35
2025-08-20,F01,D111,32,5,4,28
2025-08-20,F01,D120,24,8,8,22
2025-08-20,F01,D130,20,3,2,16
2025-08-20,F01,D140,22,8,8,18
2025-08-20,F01,D150,18,3,4,14
2025-08-20,F01,D160,16,5,5,13
2025-08-20,F01,D170,20,5,6,12
2025-08-20,F01,D180,14,2,2,7
2025-08-20,F01,D190,18,0,0,16
2025-08-20,F01,D195,12,9,10,6
2025-08-20,F02,D210,28,12,12,23
2025-08-20,F02,D230,8,1,2,5
2025-08-20,F02,D270,10,6,6,5
2025-08-20,F03,D310,30,5,8,24
2025-08-20,F03,D320,16,5,5,14
2025-08-20,F03,D330,12,0,0,8
2025-08-20,F03,D340,14,0,0,11
2025-08-21,F01,D110,36,4,3,36
2025-08-21,F01,D111,32,10,8,30
2025-08-21,F01,D120,24,11,13,20
2025-08-21,F01,D130,20,3,3,16
2025-08-21,F01,D140,22,10,9,19
2025-08-21,F01,D150,18,3,3,14
2025-08-21,F01,D160,16,4,4,13
2025-08-21,F01,D170,20,6,5,13
2025-08-21,F01,D180,14,3,3,7
2025-08-21,F01,D190,18,4,3,17
2025-08-21,F01,D195,12,8,7,7
2025-08-21,F02,D210,28,9,9,23
2025-08-21,F02,D230,8,1,0,6
2025-08-21,F02,D270,10,3,3,5
2025-08-21,F03,D310,30,10,9,25
2025-08-21,F03,D320,16,6,7,13
2025-08-21,F03,D330,12,3,3,8
2025-08-21,F03,D340,14,2,2,11
2025-08-22,F01,D110,36,11,11,36
2025-08-22,F01,D111,32,8,8,30
2025-08-22,F01,D120,24,8,7,21
2025-08-22,F01,D130,20,4,4,16
2025-08-22,F01,D140,22,8,8,19
2025-08-22,F01,D150,18,1,2,13
2025-08-22,F01,D160,16,3,3,13
2025-08-22,F01,D170,20,6,7,12
2025-08-22,F01,D180,14,2,2,7
2025-08-22,F01,D190,18,2,2,17
2025-08-22,F01,D195,12,7,7,7
2025-08-22,F02,D210,28,6,6,23
2025-08-22,F02,D230,8,3,3,6
2025-08-22,F02,D270,10,3,3,5
2025-08-22,F03,D310,30,8,7,26
2025-08-22,F03,D320,16,5,6,12
2025-08-22,F03,D330,12,2,2,8
2025-08-22,F03,D340,14,6,6,11
2025-08-23,F01,D110,36,8,10,34
2025-08-23,F01,D111,32,8,9,29
2025-08-23,F01,D120,24,9,10,20
2025-08-23,F01,D130,20,6,5,17
2025-08-23,F01,D140,22,6,10,15
2025-08-23,F01,D150,18,4,5,12
2025-08-23,F01,D160,16,3,5,11
2025-08-23,F01,D170,20,3,4,11
2025-08-23,F01,D180,14,3,3,7
2025-08-23,F01,D190,18,4,3,18
2025-08-23,F01,D195,12,3,4,6
2025-08-23,F02,D210,28,3,5,21
2025-08-23,F02,D230,8,1,2,5
2025-08-23,F02,D270,10,2,2,5
2025-08-23,F03,D310,30,8,8,26
2025-08-23,F03,D320,16,2,2,12
2025-08-23,F03,D330,12,3,2,9
2025-08-23,F03,D340,14,5,7,9
2025-08-24,F01,D110,36,6,9,31
2025-08-24,F01,D111,32,8,10,27
2025-08-24,F01,D120,24,5,6,19
2025-08-24,F01,D130,20,5,6,16
2025-08-24,F01,D140,22,6,7,14
2025-08-24,F01,D150,18,3,3,12
2025-08-24,F01,D160,16,4,3,12
2025-08-24,F01,D170,20,8,7,12
2025-08-24,F01,D180,14,4,3,8
2025-08-24,F01,D190,18,3,4,17
2025-08-24,F01,D195,12,4,4,6
2025-08-24,F02,D210,28,3,2,22
2025-08-24,F02,D230,8,3,3,5
2025-08-24,F02,D270,10,1,1,5
2025-08-24,F03,D310,30,7,8,25
2025-08-24,F03,D320,16,4,5,11
2025-08-24,F03,D330,12,2,2,9
2025-08-24,F03,D340,14,1,1,9
2025-08-25,F01,D110,36,12,9,34
2025-08-25,F01,D111,32,2,1,28
2025-08-25,F01,D120,24,5,4,20
2025-08-25,F01,D130,20,4,4,16
2025-08-25,F01,D140,22,5,2,17
2025-08-25,F01,D150,18,6,5,13
2025-08-25,F01,D160,16,4,3,13
2025-08-25,F01,D170,20,7,6,13
2025-08-25,F01,D180,14,4,5,7
2025-08-25,F01,D190,18,3,3,17
2025-08-25,F01,D195,12,6,5,7
2025-08-25,F02,D210,28,5,6,21
2025-08-25,F02,D230,8,3,2,6
2025-08-25,F02,D270,10,3,2,6
2025-08-25,F03,D310,30,5,6,24
2025-08-25,F03,D320,16,6,5,12
2025-08-25,F03,D330,12,3,4,8
2025-08-25,F03,D340,14,5,4,10
2025-08-26,F01,D110,36,4,5,33
2025-08-26,F01,D111,32,5,3,30
2025-08-26,F01,D120,24,9,9,20
2025-08-26,F01,D130,20,0,0,16
2025-08-26,F01,D140,22,12,9,20
2025-08-26,F01,D150,18,1,0,14
2025-08-26,F01,D160,16,5,6,12
2025-08-26,F01,D170,20,4,3,14
2025-08-26,F01,D180,14,0,0,7
2025-08-26,F01,D190,18,0,0,17
2025-08-26,F01,D195,12,5,4,8
2025-08-26,F02,D210,28,8,6,23
2025-08-26,F02,D230,8,0,0,6
2025-08-26,F02,D270,10,1,1,6
2025-08-26,F03,D310,30,6,6,24
2025-08-26,F03,D320,16,5,4,13
2025-08-26,F03,D330,12,1,1,8
2025-08-26,F03,D340,14,1,0,11
2025-08-27,F01,D110,36,8,7,34
2025-08-27,F01,D111,32,11,12,29
2025-08-27,F01,D120,24,4,3,21
2025-08-27,F01,D130,20,10,9,17
2025-08-27,F01,D140,22,6,7,19
2025-08-27,F01,D150,18,1,1,14
2025-08-27,F01,D160,16,3,4,11
2025-08-27,F01,D170,20,5,4,15
2025-08-27,F01,D180,14,2,2,7
2025-08-27,F01,D190,18,0,0,17
2025-08-27,F01,D195,12,9,8,9
2025-08-27,F02,D210,28,6,6,23
2025-08-27,F02,D230,8,3,3,6
2025-08-27,F02,D270,10,2,1,7
2025-08-27,F03,D310,30,7,6,25
2025-08-27,F03,D320,16,5,6,12
2025-08-27,F03,D330,12,1,1,8
2025-08-27,F03,D340,14,6,6,11
2025-08-28,F01,D110,36,9,8,35
2025-08-28,F01,D111,32,6,7,28
2025-08-28,F01,D120,24,3,4,20
2025-08-28,F01,D130,20,7,8,16
2025-08-28,F01,D140,22,5,8,16
2025-08-28,F01,D150,18,4,4,14
2025-08-28,F01,D160,16,4,3,12
2025-08-28,F01,D170,20,8,7,16
2025-08-28,F01,D180,14,0,0,7
2025-08-28,F01,D190,18,4,3,18
2025-08-28,F01,D195,12,1,2,8
2025-08-28,F02,D210,28,6,7,22
2025-08-28,F02,D230,8,2,2,6
2025-08-28,F02,D270,10,0,0,7
2025-08-28,F03,D310,30,6,7,24
2025-08-28,F03,D320,16,2,2,12
2025-08-28,F03,D330,12,3,3,8
2025-08-28,F03,D340,14,6,6,11
2025-08-29,F01,D110,36,7,7,35
2025-08-29,F01,D111,32,11,12,27
2025-08-29,F01,D120,24,2,3,19
2025-08-29,F01,D130,20,6,5,17
2025-08-29,F01,D140,22,4,5,15
2025-08-29,F01,D150,18,5,5,14
2025-08-29,F01,D160,16,3,3,12
2025-08-29,F01,D170,20,6,7,15
2025-08-29,F01,D180,14,2,2,7
2025-08-29,F01,D190,18,1,2,17
2025-08-29,F01,D195,12,7,7,8
2025-08-29,F02,D210,28,7,7,22
2025-08-29,F02,D230,8,4,4,6
2025-08-29,F02,D270,10,3,4,6
2025-08-29,F03,D310,30,8,8,24
2025-08-29,F03,D320,16,5,5,12
2025-08-29,F03,D330,12,1,2,7
2025-08-29,F03,D340,14,7,8,10
2025-08-30,F01,D110,36,12,14,33
2025-08-30,F01,D111,32,6,5,28
2025-08-30,F01,D120,24,10,10,19
2025-08-30,F01,D130,20,6,6,17
2025-08-30,F01,D140,22,4,5,14
2025-08-30,F01,D150,18,3,3,14
2025-08-30,F01,D160,16,2,2,12
2025-08-30,F01,D170,20,7,8,14
2025-08-30,F01,D180,14,2,2,7
2025-08-30,F01,D190,18,2,2,17
2025-08-30,F01,D195,12,7,8,7
2025-08-30,F02,D210,28,8,9,21
2025-08-30,F02,D230,8,2,2,6
2025-08-30,F02,D270,10,4,4,6
2025-08-30,F03,D310,30,6,6,24
2025-08-30,F03,D320,16,4,5,11
2025-08-30,F03,D330,12,2,1,8
2025-08-30,F03,D340,14,2,4,8
2025-08-31,F01,D110,36,10,11,32
2025-08-31,F01,D111,32,9,9,28
2025-08-31,F01,D120,24,5,7,17
2025-08-31,F01,D130,20,4,5,16
2025-08-31,F01,D140,22,7,6,15
2025-08-31,F01,D150,18,4,4,14
2025-08-31,F01,D160,16,2,2,12
2025-08-31,F01,D170,20,5,4,15
2025-08-31,F01,D180,14,4,3,8
2025-08-31,F01,D190,18,2,1,18
2025-08-31,F01,D195,12,9,10,6
2025-08-31,F02,D210,28,4,4,21
2025-08-31,F02,D230,8,2,2,6
2025-08-31,F02,D270,10,4,5,5
2025-08-31,F03,D310,30,5,4,25
2025-08-31,F03,D320,16,5,5,11
2025-08-31,F03,D330,12,5,4,9
2025-08-31,F03,D340,14,3,3,8
2025-09-01,F01,D110,36,6,5,33
2025-09-01,F01,D111,32,7,7,28
2025-09-01,F01,D120,24,7,6,18
2025-09-01,F01,D130,20,3,3,16
2025-09-01,F01,D140,22,5,2,18
2025-09-01,F01,D150,18,5,5,14
2025-09-01,F01,D160,16,5,4,13
2025-09-01,F01,D170,20,4,3,16
2025-09-01,F01,D180,14,2,2,8
2025-09-01,F01,D190,18,1,0,19
2025-09-01,F01,D195,12,5,3,8
2025-09-01,F02,D210,28,11,7,25
2025-09-01,F02,D230,8,0,0,6
2025-09-01,F02,D270,10,6,5,6
2025-09-01,F03,D310,30,5,3,27
2025-09-01,F03,D320,16,6,4,13
2025-09-01,F03,D330,12,4,3,10
2025-09-01,F03,D340,14,2,0,10
2025-09-02,F01,D110,36,7,8,32
2025-09-02,F01,D111,32,9,8,29
2025-09-02,F01,D120,24,7,4,21
2025-09-02,F01,D130,20,5,5,16
2025-09-02,F01,D140,22,8,7,19
2025-09-02,F01,D150,18,2,2,14
2025-09-02,F01,D160,16,5,5,13
2025-09-02,F01,D170,20,7,9,14
2025-09-02,F01,D180,14,2,2,8
2025-09-02,F01,D190,18,3,4,18
2025-09-02,F01,D195,12,8,8,8
2025-09-02,F02,D210,28,5,4,26
2025-09-02,F02,D230,8,1,1,6
2025-09-02,F02,D270,10,1,2,5
2025-09-02,F03,D310,30,9,9,27
2025-09-02,F03,D320,16,5,4,14
2025-09-02,F03,D330,12,3,3,10
2025-09-02,F03,D340,14,0,0,10
2025-09-03,F01,D110,36,11,13,30
2025-09-03,F01,D111,32,5,5,29
2025-09-03,F01,D120,24,6,7,20
2025-09-03,F01,D130,20,6,6,16
2025-09-03,F01,D140,22,8,8,19
2025-09-03,F01,D150,18,3,3,14
2025-09-03,F01,D160,16,4,4,13
2025-09-03,F01,D170,20,7,7,14
2025-09-03,F01,D180,14,2,2,8
2025-09-03,F01,D190,18,1,1,18
2025-09-03,F01,D195,12,11,11,8
2025-09-03,F02,D210,28,5,6,25
2025-09-03,F02,D230,8,1,1,6
2025-09-03,F02,D270,10,5,5,5
2025-09-03,F03,D310,30,2,2,27
2025-09-03,F03,D320,16,4,4,14
2025-09-03,F03,D330,12,3,3,10
2025-09-03,F03,D340,14,2,0,12
2025-09-04,F01,D110,36,5,4,31
2025-09-04,F01,D111,32,5,5,29
2025-09-04,F01,D120,24,6,7,19
2025-09-04,F01,D130,20,4,3,17
2025-09-04,F01,D140,22,9,9,19
2025-09-04,F01,D150,18,0,1,13
2025-09-04,F01,D160,16,0,1,12
2025-09-04,F01,D170,20,2,3,13
2025-09-04,F01,D180,14,3,4,7
2025-09-04,F01,D190,18,0,2,16
2025-09-04,F01,D195,12,9,9,8
2025-09-04,F02,D210,28,3,4,24
2025-09-04,F02,D230,8,2,2,6
2025-09-04,F02,D270,10,4,3,6
2025-09-04,F03,D310,30,11,10,28
2025-09-04,F03,D320,16,3,3,14
2025-09-04,F03,D330,12,0,1,9
2025-09-04,F03,D340,14,3,3,12
2025-09-05,F01,D110,36,6,7,30
2025-09-05,F01,D111,32,5,6,28
2025-09-05,F01,D120,24,5,7,17
2025-09-05,F01,D130,20,5,6,16
2025-09-05,F01,D140,22,7,8,18
2025-09-05,F01,D150,18,3,3,13
2025-09-05,F01,D160,16,2,2,12
2025-09-05,F01,D170,20,7,8,12
2025-09-05,F01,D180,14,3,2,8
2025-09-05,F01,D190,18,5,4,17
2025-09-05,F01,D195,12,9,9,8
2025-09-05,F02,D210,28,7,7,24
2025-09-05,F02,D230,8,1,1,6
2025-09-05,F02,D270,10,3,2,7
2025-09-05,F03,D310,30,3,3,28
2025-09-05,F03,D320,16,2,2,14
2025-09-05,F03,D330,12,2,1,10
2025-09-05,F03,D340,14,5,7,10
2025-09-06,F01,D110,36,6,6,30
2025-09-06,F01,D111,32,9,9,28
2025-09-06,F01,D120,24,5,6,16
2025-09-06,F01,D130,20,5,5,16
2025-09-06,F01,D140,22,5,7,16
2025-09-06,F01,D150,18,3,3,13
2025-09-06,F01,D160,16,3,3,12
2025-09-06,F01,D170,20,9,8,13
2025-09-06,F01,D180,14,3,4,7
2025-09-06,F01,D190,18,4,3,18
2025-09-06,F01,D195,12,8,8,8
2025-09-06,F02,D210,28,9,11,22
2025-09-06,F02,D230,8,1,1,6
2025-09-06,F02,D270,10,4,5,6
2025-09-06,F03,D310,30,5,7,26
2025-09-06,F03,D320,16,10,11,13
2025-09-06,F03,D330,12,5,5,10
2025-09-06,F03,D340,14,0,2,8
2025-09-07,F01,D110,36,7,8,29
2025-09-07,F01,D111,32,4,6,26
2025-09-07,F01,D120,24,3,2,17
2025-09-07,F01,D130,20,3,2,17
2025-09-07,F01,D140,22,6,7,15
2025-09-07,F01,D150,18,5,4,14
2025-09-07,F01,D160,16,2,2,12
2025-09-07,F01,D170,20,4,5,12
2025-09-07,F01,D180,14,1,0,8
2025-09-07,F01,D190,18,0,1,17
2025-09-07,F01,D195,12,9,9,8
2025-09-07,F02,D210,28,0,0,22
2025-09-07,F02,D230,8,1,0,7
2025-09-07,F02,D270,10,0,1,5
2025-09-07,F03,D310,30,8,7,27
2025-09-07,F03,D320,16,4,3,14
2025-09-07,F03,D330,12,2,2,10
2025-09-07,F03,D340,14,4,3,9
2025-09-08,F01,D110,36,7,5,31
2025-09-08,F01,D111,32,8,6,28
2025-09-08,F01,D120,24,3,2,18
2025-09-08,F01,D130,20,5,6,16
2025-09-08,F01,D140,22,9,7,17
2025-09-08,F01,D150,18,5,4,15
2025-09-08,F01,D160,16,6,5,13
2025-09-08,F01,D170,20,8,6,14
2025-09-08,F01,D180,14,4,5,7
2025-09-08,F01,D190,18,2,2,17
2025-09-08,F01,D195,12,8,8,8
2025-09-08,F02,D210,28,4,3,23
2025-09-08,F02,D230,8,4,4,7
2025-09-08,F02,D270,10,4,4,5
2025-09-08,F03,D310,30,6,6,27
2025-09-08,F03,D320,16,4,4,14
2025-09-08,F03,D330,12,4,5,9
2025-09-08,F03,D340,14,4,3,10
2025-09-09,F01,D110,36,11,11,31
2025-09-09,F01,D111,32,4,4,28
2025-09-09,F01,D120,24,7,6,19
2025-09-09,F01,D130,20,5,4,17
2025-09-09,F01,D140,22,7,4,20
2025-09-09,F01,D150,18,2,2,15
2025-09-09,F01,D160,16,5,5,13
2025-09-09,F01,D170,20,5,5,14
2025-09-09,F01,D180,14,1,1,7
2025-09-09,F01,D190,18,3,2,18
2025-09-09,F01,D195,12,10,9,9
2025-09-09,F02,D210,28,4,3,24
2025-09-09,F02,D230,8,2,3,6
2025-09-09,F02,D270,10,1,0,6
2025-09-09,F03,D310,30,8,7,28
2025-09-09,F03,D320,16,3,3,14
2025-09-09,F03,D330,12,4,4,9
2025-09-09,F03,D340,14,8,6,12
2025-09-10,F01,D110,36,9,7,33
2025-09-10,F01,D111,32,6,7,27
2025-09-10,F01,D120,24,6,6,19
2025-09-10,F01,D130,20,4,4,17
2025-09-10,F01,D140,22,12,13,19
2025-09-10,F01,D150,18,1,2,14
2025-09-10,F01,D160,16,5,6,12
2025-09-10,F01,D170,20,5,5,14
2025-09-10,F01,D180,14,3,3,7
2025-09-10,F01,D190,18,0,1,17
2025-09-10,F01,D195,12,6,7,8
2025-09-10,F02,D210,28,5,6,23
2025-09-10,F02,D230,8,2,2,6
2025-09-10,F02,D270,10,2,3,5
2025-09-10,F03,D310,30,5,6,27
2025-09-10,F03,D320,16,3,2,15
2025-09-10,F03,D330,12,4,4,9
2025-09-10,F03,D340,14,1,2,11
2025-09-11,F01,D110,36,10,11,32
2025-09-11,F01,D111,32,9,8,28
2025-09-11,F01,D120,24,8,7,20
2025-09-11,F01,D130,20,4,5,16
2025-09-11,F01,D140,22,9,9,19
2025-09-11,F01,D150,18,3,2,15
2025-09-11,F01,D160,16,4,4,12
2025-09-11,F01,D170,20,4,3,15
2025-09-11,F01,D180,14,3,3,7
2025-09-11,F01,D190,18,3,2,18
2025-09-11,F01,D195,12,6,6,8
2025-09-11,F02,D210,28,6,4,25
2025-09-11,F02,D230,8,1,1,6
2025-09-11,F02,D270,10,3,2,6
2025-09-11,F03,D310,30,7,7,27
2025-09-11,F03,D320,16,2,3,14
2025-09-11,F03,D330,12,2,1,10
2025-09-11,F03,D340,14,4,5,10
2025-09-12,F01,D110,36,10,12,30
2025-09-12,F01,D111,32,8,8,28
2025-09-12,F01,D120,24,9,9,20
2025-09-12,F01,D130,20,4,3,17
2025-09-12,F01,D140,22,10,12,17
2025-09-12,F01,D150,18,4,4,15
2025-09-12,F01,D160,16,3,3,12
2025-09-12,F01,D170,20,6,7,14
2025-09-12,F01,D180,14,3,3,7
2025-09-12,F01,D190,18,5,5,18
2025-09-12,F01,D195,12,11,11,8
2025-09-12,F02,D210,28,9,8,26
2025-09-12,F02,D230,8,1,1,6
2025-09-12,F02,D270,10,7,8,5
2025-09-12,F03,D310,30,7,7,27
2025-09-12,F03,D320,16,4,4,14
2025-09-12,F03,D330,12,3,3,10
2025-09-12,F03,D340,14,2,2,10
2025-09-13,F01,D110,36,3,4,29
2025-09-13,F01,D111,32,7,7,28
2025-09-13,F01,D120,24,3,3,20
2025-09-13,F01,D130,20,5,5,17
2025-09-13,F01,D140,22,4,7,14
2025-09-13,F01,D150,18,1,2,14
2025-09-13,F01,D160,16,3,3,12
2025-09-13,F01,D170,20,5,6,13
2025-09-13,F01,D180,14,3,3,7
2025-09-13,F01,D190,18,0,0,18
2025-09-13,F01,D195,12,6,6,8
2025-09-13,F02,D210,28,4,4,26
2025-09-13,F02,D230,8,1,1,6
2025-09-13,F02,D270,10,4,4,5
2025-09-13,F03,D310,30,8,9,26
2025-09-13,F03,D320,16,5,6,13
2025-09-13,F03,D330,12,4,5,9
2025-09-13,F03,D340,14,3,5,8
2025-09-14,F01,D110,36,8,6,31
2025-09-14,F01,D111,32,4,1,31
2025-09-14,F01,D120,24,10,10,20
2025-09-14,F01,D130,20,9,10,16
2025-09-14,F01,D140,22,6,7,13
2025-09-14,F01,D150,18,1,1,14
2025-09-14,F01,D160,16,4,3,13
2025-09-14,F01,D170,20,5,5,13
2025-09-14,F01,D180,14,2,3,6
2025-09-14,F01,D190,18,2,3,17
2025-09-14,F01,D195,12,3,3,8
2025-09-14,F02,D210,28,7,10,23
2025-09-14,F02,D230,8,2,2,6
2025-09-14,F02,D270,10,1,1,5
2025-09-14,F03,D310,30,5,4,27
2025-09-14,F03,D320,16,2,1,14
2025-09-14,F03,D330,12,4,4,9
2025-09-14,F03,D340,14,1,0,9
2025-09-15,F01,D110,36,11,10,32
2025-09-15,F01,D111,32,8,8,31
2025-09-15,F01,D120,24,7,6,21
2025-09-15,F01,D130,20,5,7,14
2025-09-15,F01,D140,22,5,2,16
2025-09-15,F01,D150,18,3,2,15
2025-09-15,F01,D160,16,1,2,12
2025-09-15,F01,D170,20,5,4,14
2025-09-15,F01,D180,14,4,2,8
2025-09-15,F01,D190,18,2,3,16
2025-09-15,F01,D195,12,7,7,8
2025-09-15,F02,D210,28,8,7,24
2025-09-15,F02,D230,8,3,4,5
2025-09-15,F02,D270,10,5,4,6
2025-09-15,F03,D310,30,9,9,27
2025-09-15,F03,D320,16,2,2,14
2025-09-15,F03,D330,12,4,5,8
2025-09-15,F03,D340,14,3,1,11
2025-09-16,F01,D110,36,8,7,33
2025-09-16,F01,D111,32,7,11,27
2025-09-16,F01,D120,24,7,6,22
2025-09-16,F01,D130,20,5,4,15
2025-09-16,F01,D140,22,6,5,17
2025-09-16,F01,D150,18,2,2,15
2025-09-16,F01,D160,16,4,4,12
2025-09-16,F01,D170,20,2,1,15
2025-09-16,F01,D180,14,4,4,8
2025-09-16,F01,D190,18,2,3,15
2025-09-16,F01,D195,12,10,10,8
2025-09-16,F02,D210,28,4,4,24
2025-09-16,F02,D230,8,1,1,5
2025-09-16,F02,D270,10,6,6,6
2025-09-16,F03,D310,30,4,4,27
2025-09-16,F03,D320,16,4,4,14
2025-09-16,F03,D330,12,1,0,9
2025-09-16,F03,D340,14,2,1,12
2025-09-17,F01,D110,36,7,8,32
2025-09-17,F01,D111,32,7,5,29
2025-09-17,F01,D120,24,7,8,21
2025-09-17,F01,D130,20,8,8,15
2025-09-17,F01,D140,22,6,8,15
2025-09-17,F01,D150,18,5,5,15
2025-09-17,F01,D160,16,1,1,12
2025-09-17,F01,D170,20,6,6,15
2025-09-17,F01,D180,14,3,3,8
2025-09-17,F01,D190,18,1,0,16
2025-09-17,F01,D195,12,9,9,8
2025-09-17,F02,D210,28,5,5,24
2025-09-17,F02,D230,8,1,1,5
2025-09-17,F02,D270,10,4,4,6
2025-09-17,F03,D310,30,10,9,28
2025-09-17,F03,D320,16,3,3,14
2025-09-17,F03,D330,12,0,0,9
2025-09-17,F03,D340,14,6,6,12
2025-09-18,F01,D110,36,10,10,32
2025-09-18,F01,D111,32,5,5,29
2025-09-18,F01,D120,24,10,10,21
2025-09-18,F01,D130,20,3,2,16
2025-09-18,F01,D140,22,10,9,16
2025-09-18,F01,D150,18,1,0,16
2025-09-18,F01,D160,16,4,4,12
2025-09-18,F01,D170,20,11,11,15
2025-09-18,F01,D180,14,3,4,7
2025-09-18,F01,D190,18,2,1,17
2025-09-18,F01,D195,12,2,2,8
2025-09-18,F02,D210,28,6,7,23
2025-09-18,F02,D230,8,1,0,6
2025-09-18,F02,D270,10,4,4,6
2025-09-18,F03,D310,30,8,9,27
2025-09-18,F03,D320,16,4,4,14
2025-09-18,F03,D330,12,4,3,10
2025-09-18,F03,D340,14,3,3,12
2025-09-19,F01,D110,36,4,5,31
2025-09-19,F01,D111,32,10,9,30
2025-09-19,F01,D120,24,5,4,22
2025-09-19,F01,D130,20,0,0,16
2025-09-19,F01,D140,22,6,6,16
2025-09-19,F01,D150,18,4,6,14
2025-09-19,F01,D160,16,5,5,12
2025-09-19,F01,D170,20,4,5,14
2025-09-19,F01,D180,14,1,1,7
2025-09-19,F01,D190,18,3,3,17
2025-09-19,F01,D195,12,6,7,7
2025-09-19,F02,D210,28,1,3,21
2025-09-19,F02,D230,8,1,1,6
2025-09-19,F02,D270,10,4,4,6
2025-09-19,F03,D310,30,9,9,27
2025-09-19,F03,D320,16,3,5,12
2025-09-19,F03,D330,12,4,5,9
2025-09-19,F03,D340,14,5,6,11
2025-09-20,F01,D110,36,5,6,30
2025-09-20,F01,D111,32,6,7,29
2025-09-20,F01,D120,24,9,9,22
2025-09-20,F01,D130,20,3,3,16
2025-09-20,F01,D140,22,3,6,13
2025-09-20,F01,D150,18,4,5,13
2025-09-20,F01,D160,16,4,4,12
2025-09-20,F01,D170,20,5,6,13
2025-09-20,F01,D180,14,4,4,7
2025-09-20,F01,D190,18,2,2,17
2025-09-20,F01,D195,12,9,9,7
2025-09-20,F02,D210,28,4,4,21
2025-09-20,F02,D230,8,5,5,6
2025-09-20,F02,D270,10,2,3,5
2025-09-20,F03,D310,30,8,10,25
2025-09-20,F03,D320,16,5,5,12
2025-09-20,F03,D330,12,4,3,10
2025-09-20,F03,D340,14,5,6,10
2025-09-21,F01,D110,36,6,3,33
2025-09-21,F01,D111,32,6,8,27
2025-09-21,F01,D120,24,8,9,21
2025-09-21,F01,D130,20,2,3,15
2025-09-21,F01,D140,22,1,0,14
2025-09-21,F01,D150,18,2,2,13
2025-09-21,F01,D160,16,3,3,12
2025-09-21,F01,D170,20,2,2,13
2025-09-21,F01,D180,14,4,4,7
2025-09-21,F01,D190,18,3,3,17
2025-09-21,F01,D195,12,9,9,7
2025-09-21,F02,D210,28,5,6,20
2025-09-21,F02,D230,8,1,0,7
2025-09-21,F02,D270,10,0,0,5
2025-09-21,F03,D310,30,9,11,23
2025-09-21,F03,D320,16,0,0,12
2025-09-21,F03,D330,12,4,4,10
2025-09-21,F03,D340,14,0,0,10
2025-09-22,F01,D110,36,8,8,33
2025-09-22,F01,D111,32,9,7,29
2025-09-22,F01,D120,24,8,7,22
2025-09-22,F01,D130,20,5,5,15
2025-09-22,F01,D140,22,6,3,17
2025-09-22,F01,D150,18,4,3,14
2025-09-22,F01,D160,16,5,6,11
2025-09-22,F01,D170,20,6,5,14
2025-09-22,F01,D180,14,3,3,7
2025-09-22,F01,D190,18,3,4,16
2025-09-22,F01,D195,12,11,10,8
2025-09-22,F02,D210,28,3,3,20
2025-09-22,F02,D230,8,4,5,6
2025-09-22,F02,D270,10,1,0,6
2025-09-22,F03,D310,30,9,7,25
2025-09-22,F03,D320,16,2,2,12
2025-09-22,F03,D330,12,3,3,10
2025-09-22,F03,D340,14,3,1,12
2025-09-23,F01,D110,36,6,7,32
2025-09-23,F01,D111,32,5,6,28
2025-09-23,F01,D120,24,9,8,23
2025-09-23,F01,D130,20,4,4,15
2025-09-23,F01,D140,22,3,3,17
2025-09-23,F01,D150,18,4,3,15
2025-09-23,F01,D160,16,5,4,12
2025-09-23,F01,D170,20,7,7,14
2025-09-23,F01,D180,14,3,3,7
2025-09-23,F01,D190,18,3,3,16
2025-09-23,F01,D195,12,3,3,8
2025-09-23,F02,D210,28,2,2,20
2025-09-23,F02,D230,8,3,3,6
2025-09-23,F02,D270,10,4,4,6
2025-09-23,F03,D310,30,1,1,25
2025-09-23,F03,D320,16,4,4,12
2025-09-23,F03,D330,12,4,4,10
2025-09-23,F03,D340,14,5,5,12
2025-09-24,F01,D110,36,9,9,32
2025-09-24,F01,D111,32,7,9,26
2025-09-24,F01,D120,24,10,9,24
2025-09-24,F01,D130,20,6,7,14
2025-09-24,F01,D140,22,5,6,16
2025-09-24,F01,D150,18,4,3,16
2025-09-24,F01,D160,16,1,0,13
2025-09-24,F01,D170,20,5,5,14
2025-09-24,F01,D180,14,3,2,8
2025-09-24,F01,D190,18,1,1,16
2025-09-24,F01,D195,12,12,12,8
2025-09-24,F02,D210,28,6,4,22
2025-09-24,F02,D230,8,1,1,6
2025-09-24,F02,D270,10,3,3,6
2025-09-24,F03,D310,30,5,5,25
2025-09-24,F03,D320,16,1,0,13
2025-09-24,F03,D330,12,4,4,10
2025-09-24,F03,D340,14,6,6,12
2025-09-25,F01,D110,36,10,10,32
2025-09-25,F01,D111,32,9,8,27
2025-09-25,F01,D120,24,6,8,22
2025-09-25,F01,D130,20,4,4,14
2025-09-25,F01,D140,22,10,9,17
2025-09-25,F01,D150,18,4,5,15
2025-09-25,F01,D160,16,6,7,12
2025-09-25,F01,D170,20,6,6,14
2025-09-25,F01,D180,14,3,3,8
2025-09-25,F01,D190,18,0,1,15
2025-09-25,F01,D195,12,6,6,8
2025-09-25,F02,D210,28,6,6,22
2025-09-25,F02,D230,8,1,1,6
2025-09-25,F02,D270,10,1,1,6
2025-09-25,F03,D310,30,6,5,26
2025-09-25,F03,D320,16,4,4,13
2025-09-25,F03,D330,12,3,3,10
2025-09-25,F03,D340,14,3,3,12
2025-09-26,F01,D110,36,6,7,31
2025-09-26,F01,D111,32,7,9,25
2025-09-26,F01,D120,24,6,7,21
2025-09-26,F01,D130,20,8,7,15
2025-09-26,F01,D140,22,7,8,16
2025-09-26,F01,D150,18,1,1,15
2025-09-26,F01,D160,16,3,4,11
2025-09-26,F01,D170,20,3,3,14
2025-09-26,F01,D180,14,1,1,8
2025-09-26,F01,D190,18,0,0,15
2025-09-26,F01,D195,12,5,6,7
2025-09-26,F02,D210,28,5,6,21
2025-09-26,F02,D230,8,2,2,6
2025-09-26,F02,D270,10,5,5,6
2025-09-26,F03,D310,30,6,6,26
2025-09-26,F03,D320,16,6,7,12
2025-09-26,F03,D330,12,3,2,11
2025-09-26,F03,D340,14,0,1,11
2025-09-27,F01,D110,36,5,4,32
2025-09-27,F01,D111,32,6,5,26
2025-09-27,F01,D120,24,4,6,19
2025-09-27,F01,D130,20,5,5,15
2025-09-27,F01,D140,22,0,3,13
2025-09-27,F01,D150,18,3,5,13
2025-09-27,F01,D160,16,2,2,11
2025-09-27,F01,D170,20,11,12,13
2025-09-27,F01,D180,14,6,5,9
2025-09-27,F01,D190,18,2,2,15
2025-09-27,F01,D195,12,5,5,7
2025-09-27,F02,D210,28,6,7,20
2025-09-27,F02,D230,8,2,2,6
2025-09-27,F02,D270,10,1,2,5
2025-09-27,F03,D310,30,5,6,25
2025-09-27,F03,D320,16,4,4,12
2025-09-27,F03,D330,12,2,3,10
2025-09-27,F03,D340,14,1,3,9
2025-09-28,F01,D110,36,10,10,32
2025-09-28,F01,D111,32,4,5,25
2025-09-28,F01,D120,24,6,7,18
2025-09-28,F01,D130,20,4,4,15
2025-09-28,F01,D140,22,5,6,12
2025-09-28,F01,D150,18,2,2,13
2025-09-28,F01,D160,16,5,5,11
2025-09-28,F01,D170,20,4,4,13
2025-09-28,F01,D180,14,6,7,8
2025-09-28,F01,D190,18,1,1,15
2025-09-28,F01,D195,12,6,6,7
2025-09-28,F02,D210,28,7,8,19
2025-09-28,F02,D230,8,0,0,6
2025-09-28,F02,D270,10,2,2,5
2025-09-28,F03,D310,30,0,0,25
2025-09-28,F03,D320,16,5,3,14
2025-09-28,F03,D330,12,2,2,10
2025-09-28,F03,D340,14,2,2,9
2025-09-29,F01,D110,36,8,9,31
2025-09-29,F01,D111,32,5,5,25
2025-09-29,F01,D120,24,7,5,20
2025-09-29,F01,D130,20,4,4,15
2025-09-29,F01,D140,22,3,0,15
2025-09-29,F01,D150,18,3,2,14
2025-09-29,F01,D160,16,4,4,11
2025-09-29,F01,D170,20,5,5,13
2025-09-29,F01,D180,14,3,4,7
2025-09-29,F01,D190,18,1,1,15
2025-09-29,F01,D195,12,8,7,8
2025-09-29,F02,D210,28,11,10,20
2025-09-29,F02,D230,8,1,1,6
2025-09-29,F02,D270,10,2,1,6
2025-09-29,F03,D310,30,8,8,25
2025-09-29,F03,D320,16,0,0,14
2025-09-29,F03,D330,12,3,2,11
2025-09-29,F03,D340,14,3,2,10
2025-09-30,F01,D110,36,2,2,31
2025-09-30,F01,D111,32,9,9,25
2025-09-30,F01,D120,24,3,3,20
2025-09-30,F01,D130,20,10,9,16
2025-09-30,F01,D140,22,6,3,18
2025-09-30,F01,D150,18,3,3,14
2025-09-30,F01,D160,16,4,4,11
2025-09-30,F01,D170,20,8,7,14
2025-09-30,F01,D180,14,4,4,7
2025-09-30,F01,D190,18,2,1,16
2025-09-30,F01,D195,12,9,8,9
2025-09-30,F02,D210,28,7,5,22
2025-09-30,F02,D230,8,2,2,6
2025-09-30,F02,D270,10,4,3,7
2025-09-30,F03,D310,30,9,10,24
2025-09-30,F03,D320,16,3,3,14
2025-09-30,F03,D330,12,4,4,11
2025-09-30,F03,D340,14,3,2,11
2025-10-01,F01,D110,36,13,12,32
2025-10-01,F01,D111,32,2,1,26
2025-10-01,F01,D120,24,3,3,20
2025-10-01,F01,D130,20,1,2,15
2025-10-01,F01,D140,22,6,6,18
2025-10-01,F01,D150,18,2,3,13
2025-10-01,F01,D160,16,1,0,12
2025-10-01,F01,D170,20,3,4,13
2025-10-01,F01,D180,14,2,3,6
2025-10-01,F01,D190,18,3,3,16
2025-10-01,F01,D195,12,13,13,9
2025-10-01,F02,D210,28,5,4,23
2025-10-01,F02,D230,8,1,2,5
2025-10-01,F02,D270,10,1,1,7
2025-10-01,F03,D310,30,7,5,26
2025-10-01,F03,D320,16,6,6,14
2025-10-01,F03,D330,12,1,2,10
2025-10-01,F03,D340,14,6,6,11
2025-10-02,F01,D110,36,5,6,31
2025-10-02,F01,D111,32,2,3,25
2025-10-02,F01,D120,24,5,4,21
2025-10-02,F01,D130,20,2,1,16
2025-10-02,F01,D140,22,6,7,17
2025-10-02,F01,D150,18,0,0,13
2025-10-02,F01,D160,16,0,0,12
2025-10-02,F01,D170,20,5,4,14
2025-10-02,F01,D180,14,0,0,6
2025-10-02,F01,D190,18,1,1,16
2025-10-02,F01,D195,12,11,11,9
2025-10-02,F02,D210,28,10,11,22
2025-10-02,F02,D230,8,1,0,6
2025-10-02,F02,D270,10,1,2,6
2025-10-02,F03,D310,30,4,3,27
2025-10-02,F03,D320,16,4,4,14
2025-10-02,F03,D330,12,0,0,10
2025-10-02,F03,D340,14,4,4,11
2025-10-03,F01,D110,36,6,8,29
2025-10-03,F01,D111,32,7,9,23
2025-10-03,F01,D120,24,6,8,19
2025-10-03,F01,D130,20,4,4,16
2025-10-03,F01,D140,22,2,4,15
2025-10-03,F01,D150,18,1,1,13
2025-10-03,F01,D160,16,1,2,11
2025-10-03,F01,D170,20,7,8,13
2025-10-03,F01,D180,14,2,1,7
2025-10-03,F01,D190,18,4,4,16
2025-10-03,F01,D195,12,10,10,9
2025-10-03,F02,D210,28,5,5,22
2025-10-03,F02,D230,8,1,1,6
2025-10-03,F02,D270,10,3,3,6
2025-10-03,F03,D310,30,11,12,26
2025-10-03,F03,D320,16,4,5,13
2025-10-03,F03,D330,12,4,4,10
2025-10-03,F03,D340,14,3,5,9
2025-10-04,F01,D110,36,7,8,28
2025-10-04,F01,D111,32,7,6,24
2025-10-04,F01,D120,24,4,5,18
2025-10-04,F01,D130,20,6,6,16
2025-10-04,F01,D140,22,3,7,11
2025-10-04,F01,D150,18,1,1,13
2025-10-04,F01,D160,16,1,0,12
2025-10-04,F01,D170,20,6,7,12
2025-10-04,F01,D180,14,3,3,7
2025-10-04,F01,D190,18,2,1,17
2025-10-04,F01,D195,12,4,5,8
2025-10-04,F02,D210,28,7,8,21
2025-10-04,F02,D230,8,2,2,6
2025-10-04,F02,D270,10,3,3,6
2025-10-04,F03,D310,30,8,8,26
2025-10-04,F03,D320,16,3,4,12
2025-10-04,F03,D330,12,1,1,10
2025-10-04,F03,D340,14,1,2,8
2025-10-05,F01,D110,36,5,4,29
2025-10-05,F01,D111,32,8,10,22
2025-10-05,F01,D120,24,4,2,20
2025-10-05,F01,D130,20,4,5,15
2025-10-05,F01,D140,22,4,3,12
2025-10-05,F01,D150,18,6,5,14
2025-10-05,F01,D160,16,4,4,12
2025-10-05,F01,D170,20,4,4,12
2025-10-05,F01,D180,14,7,7,7
2025-10-05,F01,D190,18,2,2,17
2025-10-05,F01,D195,12,9,9,8
2025-10-05,F02,D210,28,8,5,24
2025-10-05,F02,D230,8,1,1,6
2025-10-05,F02,D270,10,3,3,6
2025-10-05,F03,D310,30,8,8,26
2025-10-05,F03,D320,16,1,0,13
2025-10-05,F03,D330,12,3,3,10
2025-10-05,F03,D340,14,5,5,8
2025-10-06,F01,D110,36,7,7,29
2025-10-06,F01,D111,32,3,2,23
2025-10-06,F01,D120,24,1,1,20
2025-10-06,F01,D130,20,4,5,14
2025-10-06,F01,D140,22,6,3,15
2025-10-06,F01,D150,18,5,5,14
2025-10-06,F01,D160,16,2,3,11
2025-10-06,F01,D170,20,6,6,12
2025-10-06,F01,D180,14,4,5,6
2025-10-06,F01,D190,18,2,2,17
2025-10-06,F01,D195,12,10,10,8
2025-10-06,F02,D210,28,8,9,23
2025-10-06,F02,D230,8,2,3,5
2025-10-06,F02,D270,10,2,2,6
2025-10-06,F03,D310,30,6,6,26
2025-10-06,F03,D320,16,4,5,12
2025-10-06,F03,D330,12,3,3,10
2025-10-06,F03,D340,14,3,1,10
2025-10-07,F01,D110,36,9,9,29
2025-10-07,F01,D111,32,7,4,26
2025-10-07,F01,D120,24,10,10,20
2025-10-07,F01,D130,20,4,3,15
2025-10-07,F01,D140,22,10,9,16
2025-10-07,F01,D150,18,2,2,14
2025-10-07,F01,D160,16,1,1,11
2025-10-07,F01,D170,20,6,6,12
2025-10-07,F01,D180,14,4,3,7
2025-10-07,F01,D190,18,3,4,16
2025-10-07,F01,D195,12,2,3,7
2025-10-07,F02,D210,28,8,7,24
2025-10-07,F02,D230,8,1,1,5
2025-10-07,F02,D270,10,3,2,7
2025-10-07,F03,D310,30,7,8,25
2025-10-07,F03,D320,16,0,0,12
2025-10-07,F03,D330,12,4,5,9
2025-10-07,F03,D340,14,6,7,9
2025-10-08,F01,D110,36,5,5,29
2025-10-08,F01,D111,32,10,10,26
2025-10-08,F01,D120,24,2,2,20
2025-10-08,F01,D130,20,5,5,15
2025-10-08,F01,D140,22,12,10,18
2025-10-08,F01,D150,18,1,1,14
2025-10-08,F01,D160,16,2,1,12
2025-10-08,F01,D170,20,4,5,11
2025-10-08,F01,D180,14,1,1,7
2025-10-08,F01,D190,18,2,2,16
2025-10-08,F01,D195,12,11,10,8
2025-10-08,F02,D210,28,4,3,25
2025-10-08,F02,D230,8,2,2,5
2025-10-08,F02,D270,10,5,6,6
2025-10-08,F03,D310,30,9,6,28
2025-10-08,F03,D320,16,4,5,11
2025-10-08,F03,D330,12,1,0,10
2025-10-08,F03,D340,14,5,5,9
2025-10-09,F01,D110,36,9,9,29
2025-10-09,F01,D111,32,7,7,26
2025-10-09,F01,D120,24,2,4,18
2025-10-09,F01,D130,20,7,6,16
2025-10-09,F01,D140,22,10,8,20
2025-10-09,F01,D150,18,2,2,14
2025-10-09,F01,D160,16,2,3,11
2025-10-09,F01,D170,20,7,6,12
2025-10-09,F01,D180,14,2,2,7
2025-10-09,F01,D190,18,4,3,17
2025-10-09,F01,D195,12,6,6,8
2025-10-09,F02,D210,28,9,10,24
2025-10-09,F02,D230,8,1,0,6
2025-10-09,F02,D270,10,0,0,6
2025-10-09,F03,D310,30,9,10,27
2025-10-09,F03,D320,16,8,7,12
2025-10-09,F03,D330,12,3,3,10
2025-10-09,F03,D340,14,5,4,10
2025-10-10,F01,D110,36,10,9,30
2025-10-10,F01,D111,32,7,7,26
2025-10-10,F01,D120,24,8,8,18
2025-10-10,F01,D130,20,2,2,16
2025-10-10,F01,D140,22,8,10,18
2025-10-10,F01,D150,18,3,4,13
2025-10-10,F01,D160,16,8,7,12
2025-10-10,F01,D170,20,6,5,13
2025-10-10,F01,D180,14,4,3,8
2025-10-10,F01,D190,18,1,0,18
2025-10-10,F01,D195,12,0,0,8
2025-10-10,F02,D210,28,6,6,24
2025-10-10,F02,D230,8,0,0,6
2025-10-10,F02,D270,10,5,5,6
2025-10-10,F03,D310,30,7,4,30
2025-10-10,F03,D320,16,7,7,12
2025-10-10,F03,D330,12,2,3,9
2025-10-10,F03,D340,14,5,5,10
2025-10-11,F01,D110,36,4,5,29
2025-10-11,F01,D111,32,4,2,28
2025-10-11,F01,D120,24,5,4,19
2025-10-11,F01,D130,20,3,3,16
2025-10-11,F01,D140,22,4,7,15
2025-10-11,F01,D150,18,1,2,12
2025-10-11,F01,D160,16,1,2,11
2025-10-11,F01,D170,20,7,8,12
2025-10-11,F01,D180,14,5,4,9
2025-10-11,F01,D190,18,4,4,18
2025-10-11,F01,D195,12,7,7,8
2025-10-11,F02,D210,28,5,5,24
2025-10-11,F02,D230,8,1,1,6
2025-10-11,F02,D270,10,2,3,5
2025-10-11,F03,D310,30,9,11,28
2025-10-11,F03,D320,16,6,6,12
2025-10-11,F03,D330,12,1,1,9
2025-10-11,F03,D340,14,4,6,8
2025-10-12,F01,D110,36,4,3,30
2025-10-12,F01,D111,32,11,12,27
2025-10-12,F01,D120,24,6,5,20
2025-10-12,F01,D130,20,1,2,15
2025-10-12,F01,D140,22,3,4,14
2025-10-12,F01,D150,18,5,5,12
2025-10-12,F01,D160,16,2,0,13
2025-10-12,F01,D170,20,4,5,11
2025-10-12,F01,D180,14,5,6,8
2025-10-12,F01,D190,18,3,4,17
2025-10-12,F01,D195,12,7,7,8
2025-10-12,F02,D210,28,12,12,24
2025-10-12,F02,D230,8,1,1,6
2025-10-12,F02,D270,10,1,1,5
2025-10-12,F03,D310,30,4,4,28
2025-10-12,F03,D320,16,4,3,13
2025-10-12,F03,D330,12,4,4,9
2025-10-12,F03,D340,14,1,0,9
2025-10-13,F01,D110,36,10,9,31
2025-10-13,F01,D111,32,11,9,29
2025-10-13,F01,D120,24,3,2,21
2025-10-13,F01,D130,20,7,6,16
2025-10-13,F01,D140,22,6,2,18
2025-10-13,F01,D150,18,3,1,14
2025-10-13,F01,D160,16,5,4,14
2025-10-13,F01,D170,20,6,5,12
2025-10-13,F01,D180,14,5,4,9
2025-10-13,F01,D190,18,3,3,17
2025-10-13,F01,D195,12,2,2,8
2025-10-13,F02,D210,28,9,8,25
2025-10-13,F02,D230,8,2,2,6
2025-10-13,F02,D270,10,3,2,6
2025-10-13,F03,D310,30,4,4,28
2025-10-13,F03,D320,16,6,6,13
2025-10-13,F03,D330,12,2,2,9
2025-10-13,F03,D340,14,3,2,10
2025-10-14,F01,D110,36,9,9,31
2025-10-14,F01,D111,32,8,8,29
2025-10-14,F01,D120,24,8,7,22
2025-10-14,F01,D130,20,6,5,17
2025-10-14,F01,D140,22,7,5,20
2025-10-14,F01,D150,18,3,3,14
2025-10-14,F01,D160,16,7,8,13
2025-10-14,F01,D170,20,5,5,12
2025-10-14,F01,D180,14,1,1,9
2025-10-14,F01,D190,18,1,0,18
2025-10-14,F01,D195,12,12,11,9
2025-10-14,F02,D210,28,12,11,26
2025-10-14,F02,D230,8,2,2,6
2025-10-14,F02,D270,10,6,5,7
2025-10-14,F03,D310,30,3,2,29
2025-10-14,F03,D320,16,7,8,12
2025-10-14,F03,D330,12,7,7,9
2025-10-14,F03,D340,14,4,4,10
2025-10-15,F01,D110,36,8,6,33
2025-10-15,F01,D111,32,3,5,27
2025-10-15,F01,D120,24,8,9,21
2025-10-15,F01,D130,20,3,4,16
2025-10-15,F01,D140,22,6,7,19
2025-10-15,F01,D150,18,2,2,14
2025-10-15,F01,D160,16,0,0,13
2025-10-15,F01,D170,20,2,0,14
2025-10-15,F01,D180,14,5,6,8
2025-10-15,F01,D190,18,2,3,17
2025-10-15,F01,D195,12,14,14,9
2025-10-15,F02,D210,28,7,10,23
2025-10-15,F02,D230,8,3,3,6
2025-10-15,F02,D270,10,3,3,7
2025-10-15,F03,D310,30,4,4,29
2025-10-15,F03,D320,16,5,4,13
2025-10-15,F03,D330,12,4,3,10
2025-10-15,F03,D340,14,7,6,11
2025-10-16,F01,D110,36,7,8,32
2025-10-16,F01,D111,32,6,8,25
2025-10-16,F01,D120,24,7,7,21
2025-10-16,F01,D130,20,4,3,17
2025-10-16,F01,D140,22,7,7,19
2025-10-16,F01,D150,18,5,5,14
2025-10-16,F01,D160,16,3,3,13
2025-10-16,F01,D170,20,4,4,14
2025-10-16,F01,D180,14,2,2,8
2025-10-16,F01,D190,18,1,0,18
2025-10-16,F01,D195,12,7,8,8
2025-10-16,F02,D210,28,6,6,23
2025-10-16,F02,D230,8,1,1,6
2025-10-16,F02,D270,10,4,4,7
2025-10-16,F03,D310,30,7,6,30
2025-10-16,F03,D320,16,5,6,12
2025-10-16,F03,D330,12,4,5,9
2025-10-16,F03,D340,14,1,1,11
2025-10-17,F01,D110,36,4,3,33
2025-10-17,F01,D111,32,6,5,26
2025-10-17,F01,D120,24,6,7,20
2025-10-17,F01,D130,20,5,5,17
2025-10-17,F01,D140,22,10,11,18
2025-10-17,F01,D150,18,5,5,14
2025-10-17,F01,D160,16,3,4,12
2025-10-17,F01,D170,20,10,11,13
2025-10-17,F01,D180,14,2,3,7
2025-10-17,F01,D190,18,0,1,17
2025-10-17,F01,D195,12,5,5,8
2025-10-17,F02,D210,28,0,0,23
2025-10-17,F02,D230,8,3,2,7
2025-10-17,F02,D270,10,4,5,6
2025-10-17,F03,D310,30,9,10,29
2025-10-17,F03,D320,16,3,3,12
2025-10-17,F03,D330,12,1,1,9
2025-10-17,F03,D340,14,8,9,10
2025-10-18,F01,D110,36,14,13,34
2025-10-18,F01,D111,32,9,10,25
2025-10-18,F01,D120,24,4,5,19
2025-10-18,F01,D130,20,5,6,16
2025-10-18,F01,D140,22,4,6,16
2025-10-18,F01,D150,18,2,3,13
2025-10-18,F01,D160,16,3,3,12
2025-10-18,F01,D170,20,7,8,12
2025-10-18,F01,D180,14,4,4,7
2025-10-18,F01,D190,18,4,4,17
2025-10-18,F01,D195,12,8,9,7
2025-10-18,F02,D210,28,7,7,23
2025-10-18,F02,D230,8,2,2,7
2025-10-18,F02,D270,10,0,1,5
2025-10-18,F03,D310,30,6,7,28
2025-10-18,F03,D320,16,3,3,12
2025-10-18,F03,D330,12,2,2,9
2025-10-18,F03,D340,14,3,5,8
2025-10-19,F01,D110,36,12,11,35
2025-10-19,F01,D111,32,7,10,22
2025-10-19,F01,D120,24,12,11,20
2025-10-19,F01,D130,20,3,3,16
2025-10-19,F01,D140,22,4,5,15
2025-10-19,F01,D150,18,0,0,13
2025-10-19,F01,D160,16,4,3,13
2025-10-19,F01,D170,20,1,1,12
2025-10-19,F01,D180,14,5,4,8
2025-10-19,F01,D190,18,2,3,16
2025-10-19,F01,D195,12,9,8,8
2025-10-19,F02,D210,28,7,8,22
2025-10-19,F02,D230,8,0,0,7
2025-10-19,F02,D270,10,0,0,5
2025-10-19,F03,D310,30,5,6,27
2025-10-19,F03,D320,16,2,2,12
2025-10-19,F03,D330,12,0,0,9
2025-10-19,F03,D340,14,1,1,8
2025-10-20,F01,D110,36,14,14,35
2025-10-20,F01,D111,32,3,2,23
2025-10-20,F01,D120,24,10,9,21
2025-10-20,F01,D130,20,4,5,15
2025-10-20,F01,D140,22,5,3,17
2025-10-20,F01,D150,18,4,3,14
2025-10-20,F01,D160,16,0,0,13
2025-10-20,F01,D170,20,7,6,13
2025-10-20,F01,D180,14,3,3,8
2025-10-20,F01,D190,18,3,2,17
2025-10-20,F01,D195,12,2,2,8
2025-10-20,F02,D210,28,5,3,24
2025-10-20,F02,D230,8,0,0,7
2025-10-20,F02,D270,10,5,5,5
2025-10-20,F03,D310,30,8,7,28
2025-10-20,F03,D320,16,2,1,13
2025-10-20,F03,D330,12,3,3,9
2025-10-20,F03,D340,14,3,0,11
2025-10-21,F01,D110,36,8,8,35
2025-10-21,F01,D111,32,5,4,24
2025-10-21,F01,D120,24,6,6,21
2025-10-21,F01,D130,20,2,2,15
2025-10-21,F01,D140,22,1,1,17
2025-10-21,F01,D150,18,6,6,14
2025-10-21,F01,D160,16,1,0,14
2025-10-21,F01,D170,20,8,6,15
2025-10-21,F01,D180,14,4,4,8
2025-10-21,F01,D190,18,1,0,18
2025-10-21,F01,D195,12,6,6,8
2025-10-21,F02,D210,28,10,8,26
2025-10-21,F02,D230,8,3,4,6
2025-10-21,F02,D270,10,3,2,6
2025-10-21,F03,D310,30,5,5,28
2025-10-21,F03,D320,16,5,6,12
2025-10-21,F03,D330,12,1,1,9
2025-10-21,F03,D340,14,3,2,12
2025-10-22,F01,D110,36,8,9,34
2025-10-22,F01,D111,32,8,8,24
2025-10-22,F01,D120,24,11,11,21
2025-10-22,F01,D130,20,3,2,16
2025-10-22,F01,D140,22,7,6,18
2025-10-22,F01,D150,18,1,1,14
2025-10-22,F01,D160,16,4,5,13
2025-10-22,F01,D170,20,6,8,13
2025-10-22,F01,D180,14,3,3,8
2025-10-22,F01,D190,18,2,2,18
2025-10-22,F01,D195,12,7,7,8
2025-10-22,F02,D210,28,4,4,26
2025-10-22,F02,D230,8,1,1,6
2025-10-22,F02,D270,10,3,3,6
2025-10-22,F03,D310,30,10,10,28
2025-10-22,F03,D320,16,5,4,13
2025-10-22,F03,D330,12,1,1,9
2025-10-22,F03,D340,14,6,6,12
2025-10-23,F01,D110,36,10,9,35
2025-10-23,F01,D111,32,5,4,25
2025-10-23,F01,D120,24,7,8,20
2025-10-23,F01,D130,20,3,4,15
2025-10-23,F01,D140,22,10,10,18
2025-10-23,F01,D150,18,1,0,15
2025-10-23,F01,D160,16,1,0,14
2025-10-23,F01,D170,20,7,6,14
2025-10-23,F01,D180,14,1,1,8
2025-10-23,F01,D190,18,4,5,17
2025-10-23,F01,D195,12,10,10,8
2025-10-23,F02,D210,28,10,9,27
2025-10-23,F02,D230,8,3,3,6
2025-10-23,F02,D270,10,2,2,6
2025-10-23,F03,D310,30,11,11,28
2025-10-23,F03,D320,16,6,6,13
2025-10-23,F03,D330,12,4,4,9
2025-10-23,F03,D340,14,7,7,12
2025-10-24,F01,D110,36,7,8,34
2025-10-24,F01,D111,32,8,8,25
2025-10-24,F01,D120,24,8,9,19
2025-10-24,F01,D130,20,0,0,15
2025-10-24,F01,D140,22,2,4,16
2025-10-24,F01,D150,18,5,5,15
2025-10-24,F01,D160,16,4,4,14
2025-10-24,F01,D170,20,7,7,14
2025-10-24,F01,D180,14,3,4,7
2025-10-24,F01,D190,18,3,4,16
2025-10-24,F01,D195,12,12,11,9
2025-10-24,F02,D210,28,4,5,26
2025-10-24,F02,D230,8,1,1,6
2025-10-24,F02,D270,10,7,7,6
2025-10-24,F03,D310,30,10,11,27
2025-10-24,F03,D320,16,5,6,12
2025-10-24,F03,D330,12,0,0,9
2025-10-24,F03,D340,14,5,7,10
2025-10-25,F01,D110,36,5,5,34
2025-10-25,F01,D111,32,8,8,25
2025-10-25,F01,D120,24,7,9,17
2025-10-25,F01,D130,20,7,7,15
2025-10-25,F01,D140,22,7,10,13
2025-10-25,F01,D150,18,3,4,14
2025-10-25,F01,D160,16,5,6,13
2025-10-25,F01,D170,20,3,4,13
2025-10-25,F01,D180,14,2,1,8
2025-10-25,F01,D190,18,3,2,17
2025-10-25,F01,D195,12,6,7,8
2025-10-25,F02,D210,28,5,6,25
2025-10-25,F02,D230,8,3,3,6
2025-10-25,F02,D270,10,3,4,5
2025-10-25,F03,D310,30,7,9,25
2025-10-25,F03,D320,16,2,2,12
2025-10-25,F03,D330,12,2,1,10
2025-10-25,F03,D340,14,1,3,8
2025-10-26,F01,D110,36,4,6,32
2025-10-26,F01,D111,32,4,4,25
2025-10-26,F01,D120,24,3,1,19
2025-10-26,F01,D130,20,4,3,16
2025-10-26,F01,D140,22,4,4,13
2025-10-26,F01,D150,18,1,2,13
2025-10-26,F01,D160,16,5,5,13
2025-10-26,F01,D170,20,0,0,13
2025-10-26,F01,D180,14,4,4,8
2025-10-26,F01,D190,18,2,1,18
2025-10-26,F01,D195,12,11,11,8
2025-10-26,F02,D210,28,7,7,25
2025-10-26,F02,D230,8,0,0,6
2025-10-26,F02,D270,10,3,3,5
2025-10-26,F03,D310,30,8,9,24
2025-10-26,F03,D320,16,5,5,12
2025-10-26,F03,D330,12,3,3,10
2025-10-26,F03,D340,14,2,3,7
2025-10-27,F01,D110,36,13,11,34
2025-10-27,F01,D111,32,10,9,26
2025-10-27,F01,D120,24,8,8,19
2025-10-27,F01,D130,20,4,4,16
2025-10-27,F01,D140,22,5,3,15
2025-10-27,F01,D150,18,1,0,14
2025-10-27,F01,D160,16,4,4,13
2025-10-27,F01,D170,20,6,5,14
2025-10-27,F01,D180,14,2,2,8
2025-10-27,F01,D190,18,3,3,18
2025-10-27,F01,D195,12,7,7,8
2025-10-27,F02,D210,28,8,7,26
2025-10-27,F02,D230,8,2,2,6
2025-10-27,F02,D270,10,5,5,5
2025-10-27,F03,D310,30,6,6,24
2025-10-27,F03,D320,16,4,3,13
2025-10-27,F03,D330,12,3,3,10
2025-10-27,F03,D340,14,2,0,9
2025-10-28,F01,D110,36,12,13,33
2025-10-28,F01,D111,32,3,2,27
2025-10-28,F01,D120,24,9,8,20
2025-10-28,F01,D130,20,3,2,17
2025-10-28,F01,D140,22,10,8,17
2025-10-28,F01,D150,18,4,4,14
2025-10-28,F01,D160,16,2,3,12
2025-10-28,F01,D170,20,5,5,14
2025-10-28,F01,D180,14,1,1,8
2025-10-28,F01,D190,18,2,2,18
2025-10-28,F01,D195,12,5,4,9
2025-10-28,F02,D210,28,8,8,26
2025-10-28,F02,D230,8,5,5,6
2025-10-28,F02,D270,10,1,0,6
2025-10-28,F03,D310,30,11,8,27
2025-10-28,F03,D320,16,4,4,13
2025-10-28,F03,D330,12,3,3,10
2025-10-28,F03,D340,14,4,3,10
2025-10-29,F01,D110,36,7,9,31
2025-10-29,F01,D111,32,7,8,26
2025-10-29,F01,D120,24,4,6,18
2025-10-29,F01,D130,20,9,11,15
2025-10-29,F01,D140,22,7,6,18
2025-10-29,F01,D150,18,2,2,14
2025-10-29,F01,D160,16,3,3,12
2025-10-29,F01,D170,20,2,3,13
2025-10-29,F01,D180,14,3,4,7
2025-10-29,F01,D190,18,1,0,19
2025-10-29,F01,D195,12,8,8,9
2025-10-29,F02,D210,28,4,4,26
2025-10-29,F02,D230,8,2,2,6
2025-10-29,F02,D270,10,5,5,6
2025-10-29,F03,D310,30,4,7,24
2025-10-29,F03,D320,16,7,6,14
2025-10-29,F03,D330,12,4,4,10
2025-10-29,F03,D340,14,6,5,11
2025-10-30,F01,D110,36,5,5,31
2025-10-30,F01,D111,32,8,8,26
2025-10-30,F01,D120,24,7,8,17
2025-10-30,F01,D130,20,4,3,16
2025-10-30,F01,D140,22,9,8,19
2025-10-30,F01,D150,18,2,2,14
2025-10-30,F01,D160,16,2,1,13
2025-10-30,F01,D170,20,5,6,12
2025-10-30,F01,D180,14,0,0,7
2025-10-30,F01,D190,18,0,0,19
2025-10-30,F01,D195,12,15,15,9
2025-10-30,F02,D210,28,4,4,26
2025-10-30,F02,D230,8,0,0,6
2025-10-30,F02,D270,10,4,4,6
2025-10-30,F03,D310,30,5,5,24
2025-10-30,F03,D320,16,5,6,13
2025-10-30,F03,D330,12,5,6,9
2025-10-30,F03,D340,14,4,4,11
2025-10-31,F01,D110,36,7,9,29
2025-10-31,F01,D111,32,9,9,26
2025-10-31,F01,D120,24,10,9,18
2025-10-31,F01,D130,20,2,1,17
2025-10-31,F01,D140,22,9,11,17
2025-10-31,F01,D150,18,1,0,15
2025-10-31,F01,D160,16,1,1,13
2025-10-31,F01,D170,20,7,7,12
2025-10-31,F01,D180,14,0,0,7
2025-10-31,F01,D190,18,1,2,18
2025-10-31,F01,D195,12,9,9,9
2025-10-31,F02,D210,28,6,7,25
2025-10-31,F02,D230,8,0,0,6
2025-10-31,F02,D270,10,6,6,6
2025-10-31,F03,D310,30,4,3,25
2025-10-31,F03,D320,16,1,1,13
2025-10-31,F03,D330,12,0,0,9
2025-10-31,F03,D340,14,3,4,10
2025-11-01,F01,D110,36,5,5,29
2025-11-01,F01,D111,32,4,3,27
2025-11-01,F01,D120,24,6,6,18
2025-11-01,F01,D130,20,5,5,17
2025-11-01,F01,D140,22,4,9,12
2025-11-01,F01,D150,18,3,4,14
2025-11-01,F01,D160,16,5,4,14
2025-11-01,F01,D170,20,4,3,13
2025-11-01,F01,D180,14,7,5,9
2025-11-01,F01,D190,18,0,0,18
2025-11-01,F01,D195,12,9,10,8
2025-11-01,F02,D210,28,4,5,24
2025-11-01,F02,D230,8,3,3,6
2025-11-01,F02,D270,10,1,2,5
2025-11-01,F03,D310,30,8,5,28
2025-11-01,F03,D320,16,4,4,13
2025-11-01,F03,D330,12,0,0,9
2025-11-01,F03,D340,14,4,5,9
2025-11-02,F01,D110,36,7,4,32
2025-11-02,F01,D111,32,8,8,27
2025-11-02,F01,D120,24,8,7,19
2025-11-02,F01,D130,20,6,6,17
2025-11-02,F01,D140,22,7,8,11
2025-11-02,F01,D150,18,1,0,15
2025-11-02,F01,D160,16,2,3,13
2025-11-02,F01,D170,20,6,7,12
2025-11-02,F01,D180,14,1,1,9
2025-11-02,F01,D190,18,2,2,18
2025-11-02,F01,D195,12,6,5,9
2025-11-02,F02,D210,28,7,6,25
2025-11-02,F02,D230,8,3,3,6
2025-11-02,F02,D270,10,2,2,5
2025-11-02,F03,D310,30,11,11,28
2025-11-02,F03,D320,16,3,3,13
2025-11-02,F03,D330,12,0,0,9
2025-11-02,F03,D340,14,2,2,9
2025-11-03,F01,D110,36,7,5,34
2025-11-03,F01,D111,32,1,0,28
2025-11-03,F01,D120,24,10,9,20
2025-11-03,F01,D130,20,3,3,17
2025-11-03,F01,D140,22,4,0,15
2025-11-03,F01,D150,18,5,5,15
2025-11-03,F01,D160,16,2,2,13
2025-11-03,F01,D170,20,6,5,13
2025-11-03,F01,D180,14,3,3,9
2025-11-03,F01,D190,18,3,4,17
2025-11-03,F01,D195,12,10,10,9
2025-11-03,F02,D210,28,2,1,26
2025-11-03,F02,D230,8,3,3,6
2025-11-03,F02,D270,10,1,1,5
2025-11-03,F03,D310,30,6,5,29
2025-11-03,F03,D320,16,4,3,14
2025-11-03,F03,D330,12,3,3,9
2025-11-03,F03,D340,14,3,1,11
2025-11-04,F01,D110,36,8,8,34
2025-11-04,F01,D111,32,5,5,28
2025-11-04,F01,D120,24,1,0,21
2025-11-04,F01,D130,20,5,7,15
2025-11-04,F01,D140,22,5,4,16
2025-11-04,F01,D150,18,1,2,14
2025-11-04,F01,D160,16,6,6,13
2025-11-04,F01,D170,20,6,5,14
2025-11-04,F01,D180,14,6,5,10
2025-11-04,F01,D190,18,0,0,17
2025-11-04,F01,D195,12,4,4,9
2025-11-04,F02,D210,28,8,9,25
2025-11-04,F02,D230,8,2,2,6
2025-11-04,F02,D270,10,2,1,6
2025-11-04,F03,D310,30,9,9,29
2025-11-04,F03,D320,16,2,3,13
2025-11-04,F03,D330,12,0,0,9
2025-11-04,F03,D340,14,5,4,12
2025-11-05,F01,D110,36,5,5,34
2025-11-05,F01,D111,32,5,4,29
2025-11-05,F01,D120,24,5,6,20
2025-11-05,F01,D130,20,5,5,15
2025-11-05,F01,D140,22,10,10,16
2025-11-05,F01,D150,18,1,1,14
2025-11-05,F01,D160,16,2,2,13
2025-11-05,F01,D170,20,9,9,14
2025-11-05,F01,D180,14,5,6,9
2025-11-05,F01,D190,18,4,5,16
2025-11-05,F01,D195,12,9,9,9
2025-11-05,F02,D210,28,5,7,23
2025-11-05,F02,D230,8,4,4,6
2025-11-05,F02,D270,10,4,4,6
2025-11-05,F03,D310,30,8,8,29
2025-11-05,F03,D320,16,5,4,14
2025-11-05,F03,D330,12,3,3,9
2025-11-05,F03,D340,14,4,5,11
2025-11-06,F01,D110,36,2,4,32
2025-11-06,F01,D111,32,9,9,29
2025-11-06,F01,D120,24,1,1,20
2025-11-06,F01,D130,20,6,6,15
2025-11-06,F01,D140,22,7,7,16
2025-11-06,F01,D150,18,2,2,14
2025-11-06,F01,D160,16,2,3,12
2025-11-06,F01,D170,20,11,11,14
2025-11-06,F01,D180,14,4,3,10
2025-11-06,F01,D190,18,4,4,16
2025-11-06,F01,D195,12,8,8,9
2025-11-06,F02,D210,28,6,7,22
2025-11-06,F02,D230,8,1,1,6
2025-11-06,F02,D270,10,1,0,7
2025-11-06,F03,D310,30,7,8,28
2025-11-06,F03,D320,16,4,4,14
2025-11-06,F03,D330,12,3,2,10
2025-11-06,F03,D340,14,5,5,11
2025-11-07,F01,D110,36,10,11,31
2025-11-07,F01,D111,32,8,8,29
2025-11-07,F01,D120,24,8,9,19
2025-11-07,F01,D130,20,3,2,16
2025-11-07,F01,D140,22,7,8,15
2025-11-07,F01,D150,18,2,1,15
2025-11-07,F01,D160,16,4,4,12
2025-11-07,F01,D170,20,1,2,13
2025-11-07,F01,D180,14,5,5,10
2025-11-07,F01,D190,18,0,0,16
2025-11-07,F01,D195,12,6,7,8
2025-11-07,F02,D210,28,4,4,22
2025-11-07,F02,D230,8,3,3,6
2025-11-07,F02,D270,10,3,4,6
2025-11-07,F03,D310,30,6,6,28
2025-11-07,F03,D320,16,3,4,13
2025-11-07,F03,D330,12,3,4,9
2025-11-07,F03,D340,14,6,7,10
2025-11-08,F01,D110,36,8,13,26
2025-11-08,F01,D111,32,4,5,28
2025-11-08,F01,D120,24,2,3,18
2025-11-08,F01,D130,20,3,2,17
2025-11-08,F01,D140,22,3,6,12
2025-11-08,F01,D150,18,3,4,14
2025-11-08,F01,D160,16,2,2,12
2025-11-08,F01,D170,20,3,5,11
2025-11-08,F01,D180,14,4,5,9
2025-11-08,F01,D190,18,2,2,16
2025-11-08,F01,D195,12,8,9,7
2025-11-08,F02,D210,28,5,5,22
2025-11-08,F02,D230,8,2,2,6
2025-11-08,F02,D270,10,0,1,5
2025-11-08,F03,D310,30,5,4,29
2025-11-08,F03,D320,16,2,1,14
2025-11-08,F03,D330,12,4,4,9
2025-11-08,F03,D340,14,2,2,10
2025-11-09,F01,D110,36,7,6,27
2025-11-09,F01,D111,32,2,2,28
2025-11-09,F01,D120,24,9,9,18
2025-11-09,F01,D130,20,5,5,17
2025-11-09,F01,D140,22,4,3,13
2025-11-09,F01,D150,18,6,6,14
2025-11-09,F01,D160,16,3,2,13
2025-11-09,F01,D170,20,1,1,11
2025-11-09,F01,D180,14,4,4,9
2025-11-09,F01,D190,18,1,0,17
2025-11-09,F01,D195,12,7,7,7
2025-11-09,F02,D210,28,4,5,21
2025-11-09,F02,D230,8,1,1,6
2025-11-09,F02,D270,10,3,2,6
2025-11-09,F03,D310,30,7,9,27
2025-11-09,F03,D320,16,4,5,13
2025-11-09,F03,D330,12,3,3,9
2025-11-09,F03,D340,14,5,4,11
2025-11-10,F01,D110,36,9,6,30
2025-11-10,F01,D111,32,10,8,30
2025-11-10,F01,D120,24,4,3,19
2025-11-10,F01,D130,20,4,4,17
2025-11-10,F01,D140,22,4,1,16
2025-11-10,F01,D150,18,6,5,15
2025-11-10,F01,D160,16,5,6,12
2025-11-10,F01,D170,20,6,4,13
2025-11-10,F01,D180,14,4,4,9
2025-11-10,F01,D190,18,3,4,16
2025-11-10,F01,D195,12,7,7,7
2025-11-10,F02,D210,28,3,2,22
2025-11-10,F02,D230,8,2,2,6
2025-11-10,F02,D270,10,4,3,7
2025-11-10,F03,D310,30,9,10,26
2025-11-10,F03,D320,16,3,2,14
2025-11-10,F03,D330,12,1,1,9
2025-11-10,F03,D340,14,2,1,12
2025-11-11,F01,D110,36,3,2,31
2025-11-11,F01,D111,32,11,11,30
2025-11-11,F01,D120,24,6,6,19
2025-11-11,F01,D130,20,5,5,17
2025-11-11,F01,D140,22,10,9,17
2025-11-11,F01,D150,18,5,5,15
2025-11-11,F01,D160,16,7,7,12
2025-11-11,F01,D170,20,6,6,13
2025-11-11,F01,D180,14,6,7,8
2025-11-11,F01,D190,18,2,1,17
2025-11-11,F01,D195,12,10,9,8
2025-11-11,F02,D210,28,5,4,23
2025-11-11,F02,D230,8,3,3,6
2025-11-11,F02,D270,10,3,3,7
2025-11-11,F03,D310,30,3,2,27
2025-11-11,F03,D320,16,4,5,13
2025-11-11,F03,D330,12,3,2,10
2025-11-11,F03,D340,14,6,5,13
2025-11-12,F01,D110,36,11,8,34
2025-11-12,F01,D111,32,6,5,31
2025-11-12,F01,D120,24,5,4,20
2025-11-12,F01,D130,20,3,3,17
2025-11-12,F01,D140,22,10,10,17
2025-11-12,F01,D150,18,2,3,14
2025-11-12,F01,D160,16,3,3,12
2025-11-12,F01,D170,20,5,4,14
2025-11-12,F01,D180,14,3,3,8
2025-11-12,F01,D190,18,2,2,17
2025-11-12,F01,D195,12,10,10,8
2025-11-12,F02,D210,28,7,7,23
2025-11-12,F02,D230,8,3,3,6
2025-11-12,F02,D270,10,0,0,7
2025-11-12,F03,D310,30,5,5,27
2025-11-12,F03,D320,16,5,4,14
2025-11-12,F03,D330,12,6,6,10
2025-11-12,F03,D340,14,5,5,13
2025-11-13,F01,D110,36,8,9,33
2025-11-13,F01,D111,32,10,9,32
2025-11-13,F01,D120,24,4,4,20
2025-11-13,F01,D130,20,8,8,17
2025-11-13,F01,D140,22,5,5,17
2025-11-13,F01,D150,18,0,0,14
2025-11-13,F01,D160,16,2,2,12
2025-11-13,F01,D170,20,4,5,13
2025-11-13,F01,D180,14,4,3,9
2025-11-13,F01,D190,18,5,5,17
2025-11-13,F01,D195,12,12,11,9
2025-11-13,F02,D210,28,8,8,23
2025-11-13,F02,D230,8,1,1,6
2025-11-13,F02,D270,10,4,5,6
2025-11-13,F03,D310,30,8,8,27
2025-11-13,F03,D320,16,2,3,13
2025-11-13,F03,D330,12,1,0,11
2025-11-13,F03,D340,14,7,7,13
2025-11-14,F01,D110,36,7,6,34
2025-11-14,F01,D111,32,9,10,31
2025-11-14,F01,D120,24,9,8,21
2025-11-14,F01,D130,20,2,2,17
2025-11-14,F01,D140,22,7,10,14
2025-11-14,F01,D150,18,3,3,14
2025-11-14,F01,D160,16,3,2,13
2025-11-14,F01,D170,20,5,5,13
2025-11-14,F01,D180,14,3,3,9
2025-11-14,F01,D190,18,0,1,16
2025-11-14,F01,D195,12,9,9,9
2025-11-14,F02,D210,28,4,5,22
2025-11-14,F02,D230,8,2,2,6
2025-11-14,F02,D270,10,1,1,6
2025-11-14,F03,D310,30,6,8,25
2025-11-14,F03,D320,16,6,6,13
2025-11-14,F03,D330,12,1,1,11
2025-11-14,F03,D340,14,5,7,11
2025-11-15,F01,D110,36,9,9,34
2025-11-15,F01,D111,32,10,11,30
2025-11-15,F01,D120,24,8,10,19
2025-11-15,F01,D130,20,3,2,18
2025-11-15,F01,D140,22,5,8,11
2025-11-15,F01,D150,18,4,5,13
2025-11-15,F01,D160,16,1,2,12
2025-11-15,F01,D170,20,3,3,13
2025-11-15,F01,D180,14,7,7,9
2025-11-15,F01,D190,18,1,0,17
2025-11-15,F01,D195,12,10,11,8
2025-11-15,F02,D210,28,10,10,22
2025-11-15,F02,D230,8,3,4,5
2025-11-15,F02,D270,10,3,4,5
2025-11-15,F03,D310,30,8,8,25
2025-11-15,F03,D320,16,2,2,13
2025-11-15,F03,D330,12,2,3,10
2025-11-15,F03,D340,14,3,5,9
2025-11-16,F01,D110,36,5,5,34
2025-11-16,F01,D111,32,4,4,30
2025-11-16,F01,D120,24,2,1,20
2025-11-16,F01,D130,20,6,5,19
2025-11-16,F01,D140,22,4,5,10
2025-11-16,F01,D150,18,3,4,12
2025-11-16,F01,D160,16,6,5,13
2025-11-16,F01,D170,20,6,7,12
2025-11-16,F01,D180,14,7,7,9
2025-11-16,F01,D190,18,4,3,18
2025-11-16,F01,D195,12,6,7,7
2025-11-16,F02,D210,28,6,7,21
2025-11-16,F02,D230,8,2,2,5
2025-11-16,F02,D270,10,3,2,6
2025-11-16,F03,D310,30,4,3,26
2025-11-16,F03,D320,16,5,6,12
2025-11-16,F03,D330,12,5,4,11
2025-11-16,F03,D340,14,4,4,9
2025-11-17,F01,D110,36,6,6,34
2025-11-17,F01,D111,32,6,5,31
2025-11-17,F01,D120,24,6,5,21
2025-11-17,F01,D130,20,6,7,18
2025-11-17,F01,D140,22,8,4,14
2025-11-17,F01,D150,18,2,1,13
2025-11-17,F01,D160,16,3,2,14
2025-11-17,F01,D170,20,5,3,14
2025-11-17,F01,D180,14,1,1,9
2025-11-17,F01,D190,18,2,2,18
2025-11-17,F01,D195,12,9,8,8
2025-11-17,F02,D210,28,6,3,24
2025-11-17,F02,D230,8,3,3,5
2025-11-17,F02,D270,10,4,4,6
2025-11-17,F03,D310,30,14,12,28
2025-11-17,F03,D320,16,7,7,12
2025-11-17,F03,D330,12,3,3,11
2025-11-17,F03,D340,14,2,0,11
2025-11-18,F01,D110,36,6,7,33
2025-11-18,F01,D111,32,7,7,31
2025-11-18,F01,D120,24,5,5,21
2025-11-18,F01,D130,20,8,8,18
2025-11-18,F01,D140,22,7,4,17
2025-11-18,F01,D150,18,3,3,13
2025-11-18,F01,D160,16,3,4,13
2025-11-18,F01,D170,20,5,5,14
2025-11-18,F01,D180,14,3,3,9
2025-11-18,F01,D190,18,1,1,18
2025-11-18,F01,D195,12,4,4,8
2025-11-18,F02,D210,28,3,2,25
2025-11-18,F02,D230,8,1,0,6
2025-11-18,F02,D270,10,1,1,6
2025-11-18,F03,D310,30,4,4,28
2025-11-18,F03,D320,16,1,0,13
2025-11-18,F03,D330,12,3,3,11
2025-11-18,F03,D340,14,2,1,12
2025-11-19,F01,D110,36,9,8,34
2025-11-19,F01,D111,32,8,10,29
2025-11-19,F01,D120,24,5,5,21
2025-11-19,F01,D130,20,7,8,17
2025-11-19,F01,D140,22,5,5,17
2025-11-19,F01,D150,18,4,5,12
2025-11-19,F01,D160,16,6,6,13
2025-11-19,F01,D170,20,6,6,14
2025-11-19,F01,D180,14,3,3,9
2025-11-19,F01,D190,18,1,1,18
2025-11-19,F01,D195,12,8,9,7
2025-11-19,F02,D210,28,7,5,27
2025-11-19,F02,D230,8,2,2,6
2025-11-19,F02,D270,10,3,3,6
2025-11-19,F03,D310,30,8,8,28
2025-11-19,F03,D320,16,4,3,14
2025-11-19,F03,D330,12,3,3,11
2025-11-19,F03,D340,14,5,6,11
2025-11-20,F01,D110,36,5,6,33
2025-11-20,F01,D111,32,6,8,27
2025-11-20,F01,D120,24,2,2,21
2025-11-20,F01,D130,20,7,6,18
2025-11-20,F01,D140,22,5,6,16
2025-11-20,F01,D150,18,4,2,14
2025-11-20,F01,D160,16,4,4,13
2025-11-20,F01,D170,20,5,6,13
2025-11-20,F01,D180,14,6,6,9
2025-11-20,F01,D190,18,4,3,19
2025-11-20,F01,D195,12,12,12,7
2025-11-20,F02,D210,28,7,9,25
2025-11-20,F02,D230,8,1,1,6
2025-11-20,F02,D270,10,5,5,6
2025-11-20,F03,D310,30,6,7,27
2025-11-20,F03,D320,16,4,5,13
2025-11-20,F03,D330,12,2,2,11
2025-11-20,F03,D340,14,10,9,12
2025-11-21,F01,D110,36,12,14,31
2025-11-21,F01,D111,32,6,5,28
2025-11-21,F01,D120,24,5,6,20
2025-11-21,F01,D130,20,8,7,19
2025-11-21,F01,D140,22,4,5,15
2025-11-21,F01,D150,18,0,0,14
2025-11-21,F01,D160,16,2,3,12
2025-11-21,F01,D170,20,7,7,13
2025-11-21,F01,D180,14,2,3,8
2025-11-21,F01,D190,18,1,2,18
2025-11-21,F01,D195,12,5,5,7
2025-11-21,F02,D210,28,7,8,24
2025-11-21,F02,D230,8,1,2,5
2025-11-21,F02,D270,10,3,4,5
2025-11-21,F03,D310,30,8,9,26
2025-11-21,F03,D320,16,1,0,14
2025-11-21,F03,D330,12,3,3,11
2025-11-21,F03,D340,14,5,7,10
2025-11-22,F01,D110,36,8,9,30
2025-11-22,F01,D111,32,12,12,28
2025-11-22,F01,D120,24,6,6,20
2025-11-22,F01,D130,20,5,5,19
2025-11-22,F01,D140,22,2,4,13
2025-11-22,F01,D150,18,5,5,14
2025-11-22,F01,D160,16,2,2,12
2025-11-22,F01,D170,20,4,5,12
2025-11-22,F01,D180,14,3,2,9
2025-11-22,F01,D190,18,6,5,19
2025-11-22,F01,D195,12,1,1,7
2025-11-22,F02,D210,28,6,6,24
2025-11-22,F02,D230,8,0,0,5
2025-11-22,F02,D270,10,3,3,5
2025-11-22,F03,D310,30,6,8,24
2025-11-22,F03,D320,16,4,5,13
2025-11-22,F03,D330,12,5,5,11
2025-11-22,F03,D340,14,1,3,8
2025-11-23,F01,D110,36,8,7,31
2025-11-23,F01,D111,32,6,6,28
2025-11-23,F01,D120,24,4,6,18
2025-11-23,F01,D130,20,5,5,19
2025-11-23,F01,D140,22,6,6,13
2025-11-23,F01,D150,18,3,2,15
2025-11-23,F01,D160,16,2,2,12
2025-11-23,F01,D170,20,6,5,13
2025-11-23,F01,D180,14,3,3,9
2025-11-23,F01,D190,18,4,4,19
2025-11-23,F01,D195,12,5,5,7
2025-11-23,F02,D210,28,11,11,24
2025-11-23,F02,D230,8,3,2,6
2025-11-23,F02,D270,10,4,4,5
2025-11-23,F03,D310,30,3,2,25
2025-11-23,F03,D320,16,7,7,13
2025-11-23,F03,D330,12,1,2,10
2025-11-23,F03,D340,14,1,0,9
2025-11-24,F01,D110,36,4,3,32
2025-11-24,F01,D111,32,7,2,33
2025-11-24,F01,D120,24,8,7,19
2025-11-24,F01,D130,20,4,6,17
2025-11-24,F01,D140,22,5,3,15
2025-11-24,F01,D150,18,1,0,16
2025-11-24,F01,D160,16,4,4,12
2025-11-24,F01,D170,20,3,3,13
2025-11-24,F01,D180,14,3,3,9
2025-11-24,F01,D190,18,1,1,19
2025-11-24,F01,D195,12,8,7,8
2025-11-24,F02,D210,28,5,4,25
2025-11-24,F02,D230,8,0,0,6
2025-11-24,F02,D270,10,3,3,5
2025-11-24,F03,D310,30,3,0,28
2025-11-24,F03,D320,16,2,1,14
2025-11-24,F03,D330,12,0,0,10
2025-11-24,F03,D340,14,3,2,10
2025-11-25,F01,D110,36,8,8,32
2025-11-25,F01,D111,32,6,5,34
2025-11-25,F01,D120,24,9,9,19
2025-11-25,F01,D130,20,3,2,18
2025-11-25,F01,D140,22,7,6,16
2025-11-25,F01,D150,18,3,3,16
2025-11-25,F01,D160,16,3,3,12
2025-11-25,F01,D170,20,9,8,14
2025-11-25,F01,D180,14,2,2,9
2025-11-25,F01,D190,18,1,1,19
2025-11-25,F01,D195,12,10,10,8
2025-11-25,F02,D210,28,7,7,25
2025-11-25,F02,D230,8,0,0,6
2025-11-25,F02,D270,10,3,2,6
2025-11-25,F03,D310,30,5,6,27
2025-11-25,F03,D320,16,5,5,14
2025-11-25,F03,D330,12,1,0,11
2025-11-25,F03,D340,14,4,3,11
2025-11-26,F01,D110,36,7,6,33
2025-11-26,F01,D111,32,6,7,33
2025-11-26,F01,D120,24,6,5,20
2025-11-26,F01,D130,20,6,6,18
2025-11-26,F01,D140,22,6,6,16
2025-11-26,F01,D150,18,4,5,15
2025-11-26,F01,D160,16,1,0,13
2025-11-26,F01,D170,20,5,5,14
2025-11-26,F01,D180,14,6,6,9
2025-11-26,F01,D190,18,4,5,18
2025-11-26,F01,D195,12,9,8,9
2025-11-26,F02,D210,28,9,9,25
2025-11-26,F02,D230,8,2,2,6
2025-11-26,F02,D270,10,4,3,7
2025-11-26,F03,D310,30,8,9,26
2025-11-26,F03,D320,16,7,7,14
2025-11-26,F03,D330,12,4,4,11
2025-11-26,F03,D340,14,2,2,11
2025-11-27,F01,D110,36,14,14,33
2025-11-27,F01,D111,32,6,8,31
2025-11-27,F01,D120,24,2,2,20
2025-11-27,F01,D130,20,3,3,18
2025-11-27,F01,D140,22,10,9,17
2025-11-27,F01,D150,18,2,2,15
2025-11-27,F01,D160,16,4,5,12
2025-11-27,F01,D170,20,4,4,14
2025-11-27,F01,D180,14,7,7,9
2025-11-27,F01,D190,18,0,0,18
2025-11-27,F01,D195,12,7,7,9
2025-11-27,F02,D210,28,7,7,25
2025-11-27,F02,D230,8,1,1,6
2025-11-27,F02,D270,10,6,6,7
2025-11-27,F03,D310,30,9,10,25
2025-11-27,F03,D320,16,1,0,15
2025-11-27,F03,D330,12,1,2,10
2025-11-27,F03,D340,14,2,2,11
2025-11-28,F01,D110,36,6,8,31
2025-11-28,F01,D111,32,7,7,31
2025-11-28,F01,D120,24,4,5,19
2025-11-28,F01,D130,20,7,7,18
2025-11-28,F01,D140,22,8,9,16
2025-11-28,F01,D150,18,2,1,16
2025-11-28,F01,D160,16,2,2,12
2025-11-28,F01,D170,20,6,7,13
2025-11-28,F01,D180,14,2,2,9
2025-11-28,F01,D190,18,0,1,17
2025-11-28,F01,D195,12,8,9,8
2025-11-28,F02,D210,28,4,6,23
2025-11-28,F02,D230,8,2,2,6
2025-11-28,F02,D270,10,2,2,7
2025-11-28,F03,D310,30,6,5,26
2025-11-28,F03,D320,16,3,4,14
2025-11-28,F03,D330,12,2,2,10
2025-11-28,F03,D340,14,7,8,10
2025-11-29,F01,D110,36,4,3,32
2025-11-29,F01,D111,32,8,8,31
2025-11-29,F01,D120,24,8,8,19
2025-11-29,F01,D130,20,5,4,19
2025-11-29,F01,D140,22,4,7,13
2025-11-29,F01,D150,18,2,3,15
2025-11-29,F01,D160,16,4,3,13
2025-11-29,F01,D170,20,4,5,12
2025-11-29,F01,D180,14,7,7,9
2025-11-29,F01,D190,18,1,1,17
2025-11-29,F01,D195,12,7,7,8
2025-11-29,F02,D210,28,10,11,22
2025-11-29,F02,D230,8,3,3,6
2025-11-29,F02,D270,10,2,3,6
2025-11-29,F03,D310,30,4,5,25
2025-11-29,F03,D320,16,3,5,12
2025-11-29,F03,D330,12,1,0,11
2025-11-29,F03,D340,14,2,4,8
2025-11-30,F01,D110,36,6,8,30
2025-11-30,F01,D111,32,6,7,30
2025-11-30,F01,D120,24,1,0,20
2025-11-30,F01,D130,20,6,7,18
2025-11-30,F01,D140,22,5,5,13
2025-11-30,F01,D150,18,2,1,16
2025-11-30,F01,D160,16,4,4,13
2025-11-30,F01,D170,20,6,6,12
2025-11-30,F01,D180,14,1,1,9
2025-11-30,F01,D190,18,4,4,17
2025-11-30,F01,D195,12,10,11,7
2025-11-30,F02,D210,28,4,5,21
2025-11-30,F02,D230,8,2,2,6
2025-11-30,F02,D270,10,4,4,6
2025-11-30,F03,D310,30,7,4,28
2025-11-30,F03,D320,16,1,0,13
2025-11-30,F03,D330,12,4,5,10
2025-11-30,F03,D340,14,4,4,8
2025-12-01,F01,D110,36,8,8,30
2025-12-01,F01,D111,32,9,6,33
2025-12-01,F01,D120,24,3,2,21
2025-12-01,F01,D130,20,4,2,20
2025-12-01,F01,D140,22,7,3,17
2025-12-01,F01,D150,18,1,1,16
2025-12-01,F01,D160,16,4,3,14
2025-12-01,F01,D170,20,5,3,14
2025-12-01,F01,D180,14,6,4,11
2025-12-01,F01,D190,18,3,4,16
2025-12-01,F01,D195,12,7,6,8
2025-12-01,F02,D210,28,7,3,25
2025-12-01,F02,D230,8,1,0,7
2025-12-01,F02,D270,10,1,1,6
2025-12-01,F03,D310,30,4,3,29
2025-12-01,F03,D320,16,3,2,14
2025-12-01,F03,D330,12,4,4,10
2025-12-01,F03,D340,14,2,1,9
2025-12-02,F01,D110,36,5,5,30
2025-12-02,F01,D111,32,11,13,31
2025-12-02,F01,D120,24,4,4,21
2025-12-02,F01,D130,20,4,4,20
2025-12-02,F01,D140,22,7,6,18
2025-12-02,F01,D150,18,5,5,16
2025-12-02,F01,D160,16,2,2,14
2025-12-02,F01,D170,20,5,5,14
2025-12-02,F01,D180,14,5,5,11
2025-12-02,F01,D190,18,2,2,16
2025-12-02,F01,D195,12,16,15,9
2025-12-02,F02,D210,28,8,6,27
2025-12-02,F02,D230,8,3,4,6
2025-12-02,F02,D270,10,2,3,5
2025-12-02,F03,D310,30,6,6,29
2025-12-02,F03,D320,16,4,4,14
2025-12-02,F03,D330,12,2,3,9
2025-12-02,F03,D340,14,9,8,10
2025-12-03,F01,D110,36,12,13,29
2025-12-03,F01,D111,32,4,5,30
2025-12-03,F01,D120,24,7,7,21
2025-12-03,F01,D130,20,7,7,20
2025-12-03,F01,D140,22,7,8,17
2025-12-03,F01,D150,18,5,6,15
2025-12-03,F01,D160,16,6,6,14
2025-12-03,F01,D170,20,2,3,13
2025-12-03,F01,D180,14,4,5,10
2025-12-03,F01,D190,18,1,0,17
2025-12-03,F01,D195,12,10,11,8
2025-12-03,F02,D210,28,7,6,28
2025-12-03,F02,D230,8,3,3,6
2025-12-03,F02,D270,10,0,0,5
2025-12-03,F03,D310,30,5,5,29
2025-12-03,F03,D320,16,6,6,14
2025-12-03,F03,D330,12,1,0,10
2025-12-03,F03,D340,14,6,5,11
2025-12-04,F01,D110,36,4,3,30
2025-12-04,F01,D111,32,8,7,31
2025-12-04,F01,D120,24,9,8,22
2025-12-04,F01,D130,20,5,6,19
2025-12-04,F01,D140,22,8,7,18
2025-12-04,F01,D150,18,4,4,15
2025-12-04,F01,D160,16,3,4,13
2025-12-04,F01,D170,20,6,5,14
2025-12-04,F01,D180,14,5,5,10
2025-12-04,F01,D190,18,5,5,17
2025-12-04,F01,D195,12,5,4,9
2025-12-04,F02,D210,28,4,6,26
2025-12-04,F02,D230,8,0,0,6
2025-12-04,F02,D270,10,1,0,6
2025-12-04,F03,D310,30,9,9,29
2025-12-04,F03,D320,16,7,7,14
2025-12-04,F03,D330,12,2,2,10
2025-12-04,F03,D340,14,1,1,11
2025-12-05,F01,D110,36,7,5,32
2025-12-05,F01,D111,32,10,11,30
2025-12-05,F01,D120,24,6,7,21
2025-12-05,F01,D130,20,6,7,18
2025-12-05,F01,D140,22,4,5,17
2025-12-05,F01,D150,18,4,4,15
2025-12-05,F01,D160,16,5,5,13
2025-12-05,F01,D170,20,4,5,13
2025-12-05,F01,D180,14,4,4,10
2025-12-05,F01,D190,18,2,2,17
2025-12-05,F01,D195,12,9,9,9
2025-12-05,F02,D210,28,10,10,26
2025-12-05,F02,D230,8,3,3,6
2025-12-05,F02,D270,10,3,4,5
2025-12-05,F03,D310,30,10,12,27
2025-12-05,F03,D320,16,0,0,14
2025-12-05,F03,D330,12,3,3,10
2025-12-05,F03,D340,14,5,6,10
2025-12-06,F01,D110,36,5,5,32
2025-12-06,F01,D111,32,4,6,28
2025-12-06,F01,D120,24,9,9,21
2025-12-06,F01,D130,20,4,5,17
2025-12-06,F01,D140,22,2,6,13
2025-12-06,F01,D150,18,1,1,15
2025-12-06,F01,D160,16,1,2,12
2025-12-06,F01,D170,20,3,3,13
2025-12-06,F01,D180,14,4,4,10
2025-12-06,F01,D190,18,4,4,17
2025-12-06,F01,D195,12,7,7,9
2025-12-06,F02,D210,28,9,8,27
2025-12-06,F02,D230,8,2,2,6
2025-12-06,F02,D270,10,2,2,5
2025-12-06,F03,D310,30,1,2,26
2025-12-06,F03,D320,16,5,5,14
2025-12-06,F03,D330,12,0,1,9
2025-12-06,F03,D340,14,0,2,8
2025-12-07,F01,D110,36,6,6,32
2025-12-07,F01,D111,32,6,5,29
2025-12-07,F01,D120,24,5,6,20
2025-12-07,F01,D130,20,6,6,17
2025-12-07,F01,D140,22,8,8,13
2025-12-07,F01,D150,18,2,3,14
2025-12-07,F01,D160,16,4,4,12
2025-12-07,F01,D170,20,9,9,13
2025-12-07,F01,D180,14,5,4,11
2025-12-07,F01,D190,18,1,2,16
2025-12-07,F01,D195,12,10,10,9
2025-12-07,F02,D210,28,7,9,25
2025-12-07,F02,D230,8,0,0,6
2025-12-07,F02,D270,10,3,3,5
2025-12-07,F03,D310,30,3,2,27
2025-12-07,F03,D320,16,2,4,12
2025-12-07,F03,D330,12,1,1,9
2025-12-07,F03,D340,14,7,7,8
2025-12-08,F01,D110,36,12,11,33
2025-12-08,F01,D111,32,8,7,30
2025-12-08,F01,D120,24,7,5,22
2025-12-08,F01,D130,20,4,5,16
2025-12-08,F01,D140,22,6,4,15
2025-12-08,F01,D150,18,3,3,14
2025-12-08,F01,D160,16,2,2,12
2025-12-08,F01,D170,20,4,3,14
2025-12-08,F01,D180,14,4,4,11
2025-12-08,F01,D190,18,1,1,16
2025-12-08,F01,D195,12,9,8,10
2025-12-08,F02,D210,28,5,5,25
2025-12-08,F02,D230,8,2,2,6
2025-12-08,F02,D270,10,0,0,5
2025-12-08,F03,D310,30,10,8,29
2025-12-08,F03,D320,16,3,2,13
2025-12-08,F03,D330,12,3,2,10
2025-12-08,F03,D340,14,2,0,10
2025-12-09,F01,D110,36,7,7,33
2025-12-09,F01,D111,32,10,9,31
2025-12-09,F01,D120,24,6,7,21
2025-12-09,F01,D130,20,4,5,15
2025-12-09,F01,D140,22,10,7,18
2025-12-09,F01,D150,18,6,4,16
2025-12-09,F01,D160,16,3,2,13
2025-12-09,F01,D170,20,4,5,13
2025-12-09,F01,D180,14,3,3,11
2025-12-09,F01,D190,18,1,1,16
2025-12-09,F01,D195,12,10,10,10
2025-12-09,F02,D210,28,3,2,26
2025-12-09,F02,D230,8,3,3,6
2025-12-09,F02,D270,10,3,3,5
2025-12-09,F03,D310,30,9,11,27
2025-12-09,F03,D320,16,3,2,14
2025-12-09,F03,D330,12,6,6,10
2025-12-09,F03,D340,14,5,4,11
2025-12-10,F01,D110,36,13,12,34
2025-12-10,F01,D111,32,9,11,29
2025-12-10,F01,D120,24,5,5,21
2025-12-10,F01,D130,20,5,4,16
2025-12-10,F01,D140,22,4,4,18
2025-12-10,F01,D150,18,6,8,14
2025-12-10,F01,D160,16,3,3,13
2025-12-10,F01,D170,20,5,6,12
2025-12-10,F01,D180,14,0,0,11
2025-12-10,F01,D190,18,1,0,17
2025-12-10,F01,D195,12,10,11,9
2025-12-10,F02,D210,28,8,7,27
2025-12-10,F02,D230,8,1,1,6
2025-12-10,F02,D270,10,2,2,5
2025-12-10,F03,D310,30,5,5,27
2025-12-10,F03,D320,16,6,6,14
2025-12-10,F03,D330,12,3,2,11
2025-12-10,F03,D340,14,6,6,11
2025-12-11,F01,D110,36,8,8,34
2025-12-11,F01,D111,32,3,3,29
2025-12-11,F01,D120,24,5,5,21
2025-12-11,F01,D130,20,3,2,17
2025-12-11,F01,D140,22,13,12,19
2025-12-11,F01,D150,18,2,1,15
2025-12-11,F01,D160,16,6,6,13
2025-12-11,F01,D170,20,10,9,13
2025-12-11,F01,D180,14,1,2,10
2025-12-11,F01,D190,18,3,3,17
2025-12-11,F01,D195,12,8,8,9
2025-12-11,F02,D210,28,4,4,27
2025-12-11,F02,D230,8,1,0,7
2025-12-11,F02,D270,10,4,4,5
2025-12-11,F03,D310,30,5,4,28
2025-12-11,F03,D320,16,8,9,13
2025-12-11,F03,D330,12,6,6,11
2025-12-11,F03,D340,14,4,4,11
2025-12-12,F01,D110,36,4,6,32
2025-12-12,F01,D111,32,11,11,29
2025-12-12,F01,D120,24,6,7,20
2025-12-12,F01,D130,20,6,6,17
2025-12-12,F01,D140,22,4,5,18
2025-12-12,F01,D150,18,6,7,14
2025-12-12,F01,D160,16,3,2,14
2025-12-12,F01,D170,20,4,4,13
2025-12-12,F01,D180,14,4,3,11
2025-12-12,F01,D190,18,3,3,17
2025-12-12,F01,D195,12,9,9,9
2025-12-12,F02,D210,28,5,4,28
2025-12-12,F02,D230,8,2,3,6
2025-12-12,F02,D270,10,1,1,5
2025-12-12,F03,D310,30,2,2,28
2025-12-12,F03,D320,16,2,1,14
2025-12-12,F03,D330,12,3,4,10
2025-12-12,F03,D340,14,2,3,10
2025-12-13,F01,D110,36,6,8,30
2025-12-13,F01,D111,32,8,9,28
2025-12-13,F01,D120,24,9,10,19
2025-12-13,F01,D130,20,8,9,16
2025-12-13,F01,D140,22,9,13,14
2025-12-13,F01,D150,18,3,4,13
2025-12-13,F01,D160,16,2,2,14
2025-12-13,F01,D170,20,7,8,12
2025-12-13,F01,D180,14,1,1,11
2025-12-13,F01,D190,18,2,2,17
2025-12-13,F01,D195,12,9,10,8
2025-12-13,F02,D210,28,7,8,27
2025-12-13,F02,D230,8,2,2,6
2025-12-13,F02,D270,10,3,4,4
2025-12-13,F03,D310,30,6,6,28
2025-12-13,F03,D320,16,6,6,14
2025-12-13,F03,D330,12,4,4,10
2025-12-13,F03,D340,14,1,3,8
2025-12-14,F01,D110,36,3,3,30
2025-12-14,F01,D111,32,8,7,29
2025-12-14,F01,D120,24,2,2,19
2025-12-14,F01,D130,20,6,6,16
2025-12-14,F01,D140,22,2,2,14
2025-12-14,F01,D150,18,3,2,14
2025-12-14,F01,D160,16,0,0,14
2025-12-14,F01,D170,20,7,6,13
2025-12-14,F01,D180,14,2,3,10
2025-12-14,F01,D190,18,3,3,17
2025-12-14,F01,D195,12,6,6,8
2025-12-14,F02,D210,28,6,6,27
2025-12-14,F02,D230,8,0,0,6
2025-12-14,F02,D270,10,2,1,5
2025-12-14,F03,D310,30,6,7,27
2025-12-14,F03,D320,16,3,3,14
2025-12-14,F03,D330,12,4,3,11
2025-12-14,F03,D340,14,1,0,9
2025-12-15,F01,D110,36,6,7,29
2025-12-15,F01,D111,32,11,10,30
2025-12-15,F01,D120,24,10,8,21
2025-12-15,F01,D130,20,2,2,16
2025-12-15,F01,D140,22,3,1,16
2025-12-15,F01,D150,18,3,2,15
2025-12-15,F01,D160,16,3,4,13
2025-12-15,F01,D170,20,5,4,14
2025-12-15,F01,D180,14,1,0,11
2025-12-15,F01,D190,18,3,2,18
2025-12-15,F01,D195,12,4,3,9
2025-12-15,F02,D210,28,7,6,28
2025-12-15,F02,D230,8,3,2,7
2025-12-15,F02,D270,10,1,1,5
2025-12-15,F03,D310,30,13,13,27
2025-12-15,F03,D320,16,5,4,15
2025-12-15,F03,D330,12,5,5,11
2025-12-15,F03,D340,14,1,0,10
2025-12-16,F01,D110,36,8,4,33
2025-12-16,F01,D111,32,6,5,31
2025-12-16,F01,D120,24,3,3,21
2025-12-16,F01,D130,20,7,6,17
2025-12-16,F01,D140,22,8,6,18
2025-12-16,F01,D150,18,2,2,15
2025-12-16,F01,D160,16,5,5,13
2025-12-16,F01,D170,20,5,5,14
2025-12-16,F01,D180,14,4,3,12
2025-12-16,F01,D190,18,2,1,19
2025-12-16,F01,D195,12,13,13,9
2025-12-16,F02,D210,28,9,9,28
2025-12-16,F02,D230,8,4,4,7
2025-12-16,F02,D270,10,5,4,6
2025-12-16,F03,D310,30,12,11,28
2025-12-16,F03,D320,16,5,5,15
2025-12-16,F03,D330,12,6,7,10
2025-12-16,F03,D340,14,2,0,12
2025-12-17,F01,D110,36,5,5,33
2025-12-17,F01,D111,32,3,3,31
2025-12-17,F01,D120,24,6,7,20
2025-12-17,F01,D130,20,2,1,18
2025-12-17,F01,D140,22,12,11,19
2025-12-17,F01,D150,18,2,2,15
2025-12-17,F01,D160,16,5,5,13
2025-12-17,F01,D170,20,4,4,14
2025-12-17,F01,D180,14,3,4,11
2025-12-17,F01,D190,18,3,4,18
2025-12-17,F01,D195,12,8,8,9
2025-12-17,F02,D210,28,10,9,29
2025-12-17,F02,D230,8,3,3,7
2025-12-17,F02,D270,10,1,1,6
2025-12-17,F03,D310,30,9,8,29
2025-12-17,F03,D320,16,4,4,15
2025-12-17,F03,D330,12,3,3,10
2025-12-17,F03,D340,14,3,3,12
2025-12-18,F01,D110,36,5,2,36
2025-12-18,F01,D111,32,10,12,29
2025-12-18,F01,D120,24,5,5,20
2025-12-18,F01,D130,20,0,0,18
2025-12-18,F01,D140,22,4,4,19
2025-12-18,F01,D150,18,1,2,14
2025-12-18,F01,D160,16,2,3,12
2025-12-18,F01,D170,20,3,3,14
2025-12-18,F01,D180,14,4,3,12
2025-12-18,F01,D190,18,2,2,18
2025-12-18,F01,D195,12,13,12,10
2025-12-18,F02,D210,28,6,8,27
2025-12-18,F02,D230,8,2,2,7
2025-12-18,F02,D270,10,6,6,6
2025-12-18,F03,D310,30,9,8,30
2025-12-18,F03,D320,16,3,3,15
2025-12-18,F03,D330,12,2,2,10
2025-12-18,F03,D340,14,5,6,11
2025-12-19,F01,D110,36,11,11,36
2025-12-19,F01,D111,32,10,10,29
2025-12-19,F01,D120,24,4,4,20
2025-12-19,F01,D130,20,6,5,19
2025-12-19,F01,D140,22,5,7,17
2025-12-19,F01,D150,18,4,4,14
2025-12-19,F01,D160,16,5,5,12
2025-12-19,F01,D170,20,3,3,14
2025-12-19,F01,D180,14,1,0,13
2025-12-19,F01,D190,18,3,3,18
2025-12-19,F01,D195,12,9,10,9
2025-12-19,F02,D210,28,6,5,28
2025-12-19,F02,D230,8,3,3,7
2025-12-19,F02,D270,10,5,6,5
2025-12-19,F03,D310,30,8,8,30
2025-12-19,F03,D320,16,0,0,15
2025-12-19,F03,D330,12,3,3,10
2025-12-19,F03,D340,14,6,6,11
2025-12-20,F01,D110,36,10,11,35
2025-12-20,F01,D111,32,5,7,27
2025-12-20,F01,D120,24,6,7,19
2025-12-20,F01,D130,20,10,9,20
2025-12-20,F01,D140,22,5,8,14
2025-12-20,F01,D150,18,3,2,15
2025-12-20,F01,D160,16,5,4,13
2025-12-20,F01,D170,20,1,2,13
2025-12-20,F01,D180,14,6,6,13
2025-12-20,F01,D190,18,0,0,18
2025-12-20,F01,D195,12,9,9,9
2025-12-20,F02,D210,28,7,9,26
2025-12-20,F02,D230,8,0,0,7
2025-12-20,F02,D270,10,1,2,4
2025-12-20,F03,D310,30,5,6,29
2025-12-20,F03,D320,16,3,4,14
2025-12-20,F03,D330,12,4,4,10
2025-12-20,F03,D340,14,5,6,10
2025-12-21,F01,D110,36,3,1,37
2025-12-21,F01,D111,32,7,6,28
2025-12-21,F01,D120,24,6,6,19
2025-12-21,F01,D130,20,8,8,20
2025-12-21,F01,D140,22,8,7,15
2025-12-21,F01,D150,18,3,4,14
2025-12-21,F01,D160,16,2,2,13
2025-12-21,F01,D170,20,5,4,14
2025-12-21,F01,D180,14,4,4,13
2025-12-21,F01,D190,18,0,0,18
2025-12-21,F01,D195,12,9,10,8
2025-12-21,F02,D210,28,8,9,25
2025-12-21,F02,D230,8,3,3,7
2025-12-21,F02,D270,10,4,4,4
2025-12-21,F03,D310,30,8,8,29
2025-12-21,F03,D320,16,1,3,12
2025-12-21,F03,D330,12,3,3,10
2025-12-21,F03,D340,14,3,4,9
2025-12-22,F01,D110,36,7,8,36
2025-12-22,F01,D111,32,9,8,29
2025-12-22,F01,D120,24,6,6,19
2025-12-22,F01,D130,20,5,5,20
2025-12-22,F01,D140,22,4,1,18
2025-12-22,F01,D150,18,1,0,15
2025-12-22,F01,D160,16,4,4,13
2025-12-22,F01,D170,20,2,2,14
2025-12-22,F01,D180,14,5,5,13
2025-12-22,F01,D190,18,2,2,18
2025-12-22,F01,D195,12,12,11,9
2025-12-22,F02,D210,28,5,5,25
2025-12-22,F02,D230,8,1,2,6
2025-12-22,F02,D270,10,1,1,4
2025-12-22,F03,D310,30,7,8,28
2025-12-22,F03,D320,16,3,3,12
2025-12-22,F03,D330,12,1,1,10
2025-12-22,F03,D340,14,7,6,10
2025-12-23,F01,D110,36,9,8,37
2025-12-23,F01,D111,32,6,6,29
2025-12-23,F01,D120,24,8,7,20
2025-12-23,F01,D130,20,3,3,20
2025-12-23,F01,D140,22,7,7,18
2025-12-23,F01,D150,18,1,2,14
2025-12-23,F01,D160,16,4,4,13
2025-12-23,F01,D170,20,6,5,15
2025-12-23,F01,D180,14,6,7,12
2025-12-23,F01,D190,18,2,3,17
2025-12-23,F01,D195,12,5,5,9
2025-12-23,F02,D210,28,11,11,25
2025-12-23,F02,D230,8,0,0,6
2025-12-23,F02,D270,10,1,0,5
2025-12-23,F03,D310,30,7,6,29
2025-12-23,F03,D320,16,4,3,13
2025-12-23,F03,D330,12,2,3,9
2025-12-23,F03,D340,14,4,3,11
2025-12-24,F01,D110,36,7,7,37
2025-12-24,F01,D111,32,1,2,28
2025-12-24,F01,D120,24,4,4,20
2025-12-24,F01,D130,20,6,7,19
2025-12-24,F01,D140,22,4,4,18
2025-12-24,F01,D150,18,2,1,15
2025-12-24,F01,D160,16,3,4,12
2025-12-24,F01,D170,20,9,10,14
2025-12-24,F01,D180,14,0,1,11
2025-12-24,F01,D190,18,2,3,16
2025-12-24,F01,D195,12,14,13,10
2025-12-24,F02,D210,28,9,8,26
2025-12-24,F02,D230,8,2,1,7
2025-12-24,F02,D270,10,0,0,5
2025-12-24,F03,D310,30,5,5,29
2025-12-24,F03,D320,16,1,1,13
2025-12-24,F03,D330,12,4,4,9
2025-12-24,F03,D340,14,7,7,11
2025-12-25,F01,D110,36,6,8,35
2025-12-25,F01,D111,32,6,7,27
2025-12-25,F01,D120,24,5,5,20
2025-12-25,F01,D130,20,7,7,19
2025-12-25,F01,D140,22,9,8,19
2025-12-25,F01,D150,18,4,4,15
2025-12-25,F01,D160,16,2,2,12
2025-12-25,F01,D170,20,8,7,15
2025-12-25,F01,D180,14,7,6,12
2025-12-25,F01,D190,18,3,2,17
2025-12-25,F01,D195,12,8,8,10
2025-12-25,F02,D210,28,5,5,26
2025-12-25,F02,D230,8,3,3,7
2025-12-25,F02,D270,10,0,0,5
2025-12-25,F03,D310,30,5,7,27
2025-12-25,F03,D320,16,5,5,13
2025-12-25,F03,D330,12,3,3,9
2025-12-25,F03,D340,14,3,2,12
2025-12-26,F01,D110,36,7,9,33
2025-12-26,F01,D111,32,1,0,28
2025-12-26,F01,D120,24,2,2,20
2025-12-26,F01,D130,20,8,8,19
2025-12-26,F01,D140,22,6,9,16
2025-12-26,F01,D150,18,1,1,15
2025-12-26,F01,D160,16,2,3,11
2025-12-26,F01,D170,20,6,8,13
2025-12-26,F01,D180,14,7,7,12
2025-12-26,F01,D190,18,1,2,16
2025-12-26,F01,D195,12,11,11,10
2025-12-26,F02,D210,28,9,10,25
2025-12-26,F02,D230,8,0,0,7
2025-12-26,F02,D270,10,1,0,6
2025-12-26,F03,D310,30,11,13,25
2025-12-26,F03,D320,16,3,4,12
2025-12-26,F03,D330,12,1,0,10
2025-12-26,F03,D340,14,5,6,11
2025-12-27,F01,D110,36,10,12,31
2025-12-27,F01,D111,32,6,5,29
2025-12-27,F01,D120,24,7,7,20
2025-12-27,F01,D130,20,3,3,19
2025-12-27,F01,D140,22,7,10,13
2025-12-27,F01,D150,18,5,5,15
2025-12-27,F01,D160,16,4,4,11
2025-12-27,F01,D170,20,5,7,11
2025-12-27,F01,D180,14,10,11,11
2025-12-27,F01,D190,18,2,3,15
2025-12-27,F01,D195,12,8,9,9
2025-12-27,F02,D210,28,7,7,25
2025-12-27,F02,D230,8,2,2,7
2025-12-27,F02,D270,10,3,4,5
2025-12-27,F03,D310,30,8,7,26
2025-12-27,F03,D320,16,3,2,13
2025-12-27,F03,D330,12,4,4,10
2025-12-27,F03,D340,14,2,4,9
2025-12-28,F01,D110,36,8,8,31
2025-12-28,F01,D111,32,8,9,28
2025-12-28,F01,D120,24,3,2,21
2025-12-28,F01,D130,20,6,6,19
2025-12-28,F01,D140,22,8,7,14
2025-12-28,F01,D150,18,5,6,14
2025-12-28,F01,D160,16,7,7,11
2025-12-28,F01,D170,20,5,4,12
2025-12-28,F01,D180,14,1,2,10
2025-12-28,F01,D190,18,1,1,15
2025-12-28,F01,D195,12,6,6,9
2025-12-28,F02,D210,28,6,5,26
2025-12-28,F02,D230,8,5,6,6
2025-12-28,F02,D270,10,5,4,6
2025-12-28,F03,D310,30,7,8,25
2025-12-28,F03,D320,16,3,3,13
2025-12-28,F03,D330,12,3,2,11
2025-12-28,F03,D340,14,0,0,9
2025-12-29,F01,D110,36,5,3,33
2025-12-29,F01,D111,32,6,5,29
2025-12-29,F01,D120,24,9,9,21
2025-12-29,F01,D130,20,11,11,19
2025-12-29,F01,D140,22,9,8,15
2025-12-29,F01,D150,18,3,3,14
2025-12-29,F01,D160,16,2,2,11
2025-12-29,F01,D170,20,6,6,12
2025-12-29,F01,D180,14,6,5,11
2025-12-29,F01,D190,18,3,2,16
2025-12-29,F01,D195,12,11,11,9
2025-12-29,F02,D210,28,5,5,26
2025-12-29,F02,D230,8,2,1,7
2025-12-29,F02,D270,10,4,4,6
2025-12-29,F03,D310,30,8,6,27
2025-12-29,F03,D320,16,6,6,13
2025-12-29,F03,D330,12,3,3,11
2025-12-29,F03,D340,14,3,3,9
2025-12-30,F01,D110,36,8,7,34
2025-12-30,F01,D111,32,8,8,29
2025-12-30,F01,D120,24,5,4,22
2025-12-30,F01,D130,20,5,6,18
2025-12-30,F01,D140,22,8,6,17
2025-12-30,F01,D150,18,6,6,14
2025-12-30,F01,D160,16,4,4,11
2025-12-30,F01,D170,20,4,4,12
2025-12-30,F01,D180,14,4,4,11
2025-12-30,F01,D190,18,4,3,17
2025-12-30,F01,D195,12,9,9,9
2025-12-30,F02,D210,28,9,8,27
2025-12-30,F02,D230,8,1,1,7
2025-12-30,F02,D270,10,4,4,6
2025-12-30,F03,D310,30,9,9,27
2025-12-30,F03,D320,16,3,3,13
2025-12-30,F03,D330,12,3,3,11
2025-12-30,F03,D340,14,2,0,11
2025-12-31,F01,D110,36,7,8,33
2025-12-31,F01,D111,32,3,3,29
2025-12-31,F01,D120,24,5,4,23
2025-12-31,F01,D130,20,9,9,18
2025-12-31,F01,D140,22,10,11,16
2025-12-31,F01,D150,18,1,1,14
2025-12-31,F01,D160,16,0,0,11
2025-12-31,F01,D170,20,5,4,13
2025-12-31,F01,D180,14,6,6,11
2025-12-31,F01,D190,18,3,3,17
2025-12-31,F01,D195,12,17,16,10
2025-12-31,F02,D210,28,9,9,27
2025-12-31,F02,D230,8,0,0,7
2025-12-31,F02,D270,10,1,0,7
2025-12-31,F03,D310,30,9,8,28
2025-12-31,F03,D320,16,6,6,13
2025-12-31,F03,D330,12,4,4,11
2025-12-31,F03,D340,14,2,1,12
