PatientID,MRN,FirstName,LastName,Sex,DOB,City,State,ZIP,Phone,Email,PreferredLanguage,PrimaryPayerID,PCPProviderID,HeightIn,WeightLb,ChronicConditions,RegistrationDate,DeceasedDate
PT10001,08293181,Edward,Abbott,M,1978-07-07,Bluestone,OH,45502,(555) 875-0698,edward.abbott94@example.com,English,PY03,PRV1130,69.5,184.7,HTN;DM,2010-11-02,
PT10002,00897724,Brenda,Peterson,F,1943-02-23,Granite Springs,OH,45750,(555) 373-1790,,Mandarin,PY01,,61.8,180.4,HTN;DM,2023-12-29,
PT10003,09970254,Christian,Cruz,M,1947-10-18,Ashby Falls,OH,45610,(555) 853-8470,christian.cruz12@example.com,Vietnamese,PY02,PRV1131,70.7,184.9,HTN;HF,2019-09-08,
PT10004,07139825,George,Hamilton,M,1994-12-28,Bluestone,OH,45503,(555) 327-5166,george.hamilton90@example.com,English,PY04,PRV1128,69.8,218.2,,2023-08-11,
PT10005,02312589,Albert,Romero,M,1928-11-21,Oak Glen,OH,45730,(555) 963-5969,,English,PY01,PRV1136,70.4,197.9,HTN,2023-12-13,
PT10006,05707071,Alexis,Yilmaz,F,1948-03-27,Lakeview Heights,OH,45510,(555) 779-1083,,English,PY01,PRV1130,58.0,142.9,,2009-05-09,
PT10007,03029934,Carol,Chavez,F,1970-10-08,Lakeview Heights,OH,45510,(555) 981-0131,carol.chavez85@example.com,English,PY05,PRV1127,61.4,133.8,HTN,2008-07-15,
PT10008,04700089,Arthur,Clark,M,1951-10-20,Riverbend,OH,45545,(555) 518-1637,,Arabic,PY02,PRV1139,66.9,187.1,,2021-01-23,
PT10009,06171140,Wei,Miller,M,1978-05-26,Oak Glen,OH,45730,(555) 729-4132,,English,PY04,,71.9,228.9,ETOH,2019-08-08,
PT10010,00158711,Gloria,Hill,F,1999-07-11,Oak Glen,OH,45730,(555) 300-6504,,English,PY05,PRV1127,61.4,197.4,,2024-02-11,
PT10011,09871480,Russell,Sullivan,M,1946-12-05,Bluestone,OH,45503,(555) 470-5202,russell.sullivan51@example.com,English,PY01,PRV1134,73.6,227.5,HTN;CKD;OA,2014-11-03,
PT10012,07078263,Theresa,Cruz,F,1993-03-23,Bluestone,OH,45501,(555) 393-0161,theresa.cruz77@example.com,English,PY06,PRV1126,63.6,207.5,,2015-08-04,
PT10013,00324447,Brian,Andrews,M,1950-08-16,Oak Glen,OH,45730,(555) 585-0021,brian.andrews93@example.com,English,PY02,PRV1133,70.7,195.9,HTN,2024-06-05,2025-03-20
PT10014,02589502,Walter,Hudson,M,2013-07-16,Bluestone,OH,45503,(555) 916-0820,,English,PY03,,54.7,86.3,,2018-09-05,
PT10015,02570260,Judith,Walker,F,1993-11-14,Bluestone,OH,45502,(555) 404-7258,judith.walker43@example.com,English,PY05,,61.0,135.8,,2024-06-25,
PT10016,07426502,Danielle,Kennedy,F,2002-08-05,Granite Springs,OH,45750,(555) 476-8447,danielle.kennedy84@example.com,English,PY04,PRV1126,63.1,118.5,,2014-11-12,
PT10017,00965645,Albert,Ramos,M,2025-10-13,Bluestone,OH,45503,(555) 288-5776,,Spanish,PY03,PRV1104,19.4,9.2,,2024-03-16,
PT10018,02774533,Nicholas,Hansen,M,1993-12-24,Lakeview Heights,OH,45510,(555) 864-8575,nicholas.hansen3@example.com,Arabic,PY06,,68.1,200.7,,2015-10-11,
PT10019,04236785,Steven,Clark,M,2013-11-03,Riverbend,OH,45545,(555) 871-3637,,English,PY04,PRV1105,51.1,70.1,ASTHMA,2023-08-03,
PT10020,00326186,Wayne,Freeman,M,1956-09-02,Granite Springs,OH,45750,(555) 449-3334,,English,PY01,PRV1126,68.7,306.9,,2023-07-05,
PT10021,09635756,Emily,Alexander,F,1973-07-04,Bluestone,OH,45501,(555) 721-2029,emily.alexander38@example.com,English,PY06,PRV1131,67.4,177.6,OA,2016-09-14,
PT10022,04683061,Austin,Lindqvist,M,1967-07-09,Ashby Falls,OH,45610,(555) 592-9434,austin.lindqvist96@example.com,English,PY06,,72.6,231.3,,2018-10-02,
PT10023,09440135,Alexis,Wright,F,1992-03-30,Bluestone,OH,45501,(555) 445-0654,alexis.wright39@example.com,English,PY03,PRV1125,61.3,121.3,,2024-08-18,
PT10024,07685936,Priya,Sandoval,F,1965-07-27,Bluestone,OH,45503,(555) 481-8733,,English,PY06,PRV1127,62.9,221.3,HTN;HF,2015-04-11,
PT10025,02854098,Ana,Cox,F,1968-02-28,Cedar Ridge,OH,45720,(555) 408-1898,ana.cox52@example.com,English,PY03,PRV1133,67.4,204.9,,2020-11-09,
PT10026,06109281,Janice,Peters,F,1998-01-20,Lakeview Heights,OH,45510,(555) 294-0043,janice.peters55@example.com,English,PY07,PRV1134,66.5,239.6,,2013-02-19,
PT10027,04383389,Andrea,Green,F,1993-03-14,Lakeview Heights,OH,45510,(555) 463-4236,andrea.green40@example.com,English,PY03,PRV1132,63.2,93.8,ASTHMA,2020-07-25,
PT10028,06030962,Ryan,Munoz,M,2014-03-15,Bluestone,OH,45501,(555) 824-9974,,English,PY04,PRV1108,46.8,65.9,,2023-03-27,
PT10029,02482556,Omar,Kim,M,1956-10-18,Cedar Ridge,OH,45720,(555) 755-9188,omar.kim28@example.com,English,PY02,PRV1126,67.7,240.6,,2020-02-14,
PT10030,09030950,Sarah,Thomas,F,1960-07-11,Pine Hollow,OH,45640,(555) 549-4055,,English,PY01,,63.5,99.0,HTN;DM;OA,2019-01-23,
PT10031,05797014,Ana,Petrov,F,1948-02-18,Bluestone,OH,45503,(555) 516-8754,ana.petrov28@example.com,English,PY04,PRV1140,63.6,167.8,HTN;PSYCH,2023-08-31,
PT10032,03929231,Amber,White,F,1996-06-24,Cedar Ridge,OH,45720,(555) 556-3833,amber.white81@example.com,English,PY03,PRV1124,66.4,211.6,,2024-07-10,
PT10033,06040014,Bradley,Wright,M,1963-11-07,Millbrook,OH,45530,(555) 941-0190,,English,PY03,PRV1124,66.7,189.0,ASTHMA,2020-09-08,
PT10034,01542628,Ruth,Stephens,F,1942-03-26,Cedar Ridge,OH,45720,(555) 950-5408,ruth.stephens42@example.com,English,PY01,PRV1132,62.1,120.4,HTN;SEIZURE,2012-09-29,
PT10035,09174321,Doris,Bailey,F,2004-12-29,Riverbend,OH,45545,(555) 226-8764,,English,PY06,,64.3,104.3,ASTHMA,2013-10-26,
PT10036,03624414,Mia,Foster,F,1975-12-29,Bluestone,OH,45503,(555) 382-8064,mia.foster11@example.com,English,PY06,PRV1126,64.1,136.4,,2019-10-02,
PT10037,01744632,Joseph,Hayes,M,1930-12-18,Riverbend,OH,45545,(555) 738-5381,joseph.hayes58@example.com,English,PY02,PRV1136,67.1,213.7,HTN;COPD,2012-04-10,
PT10038,07466388,Terry,O'Brien,M,1988-01-04,Fairhaven,OH,45620,(555) 220-7977,terry.obrien54@example.com,English,PY03,PRV1124,69.6,166.5,,2020-12-29,
PT10039,06071518,Emma,Cunningham,F,2020-03-30,Lakeview Heights,OH,45510,(555) 497-6103,,English,PY03,PRV1106,32.7,33.8,,2021-04-27,
PT10040,01627410,Lucia,Carroll,F,1959-08-15,Bluestone,OH,45502,(555) 661-2143,,English,PY01,PRV1134,65.3,266.1,HTN,2016-02-23,
PT10041,04973347,Peter,Henderson,M,2016-05-26,Oak Glen,OH,45730,(555) 515-2846,,English,PY03,PRV1104,44.0,60.3,,2021-04-09,
PT10042,09762790,Emily,Washington,F,1935-11-16,Oak Glen,OH,45730,(555) 977-1394,,English,PY01,PRV1128,61.8,120.6,HF;COPD,2012-11-01,2024-02-18
PT10043,05335385,Lawrence,Ramos,M,1971-08-06,Cedar Ridge,OH,45720,(555) 700-3931,lawrence.ramos91@example.com,English,PY05,PRV1128,70.6,232.0,COPD;ETOH,2008-07-11,
PT10044,00645167,Melissa,Davis,F,1968-10-18,Pine Hollow,OH,45640,(555) 706-3116,melissa.davis19@example.com,English,PY04,PRV1127,65.3,177.5,ASTHMA,2023-03-23,
PT10045,02366329,Jerry,West,M,2000-04-17,Bluestone,OH,45501,(555) 254-1296,jerry.west87@example.com,English,PY04,PRV1124,67.8,190.7,PSYCH,2013-07-12,
PT10046,05637996,Victoria,Simpson,F,1972-02-19,Bluestone,OH,45502,(555) 912-4637,victoria.simpson73@example.com,English,PY07,PRV1131,64.9,209.6,ASTHMA,2015-08-28,
PT10047,02924318,Wayne,Bradley,M,2015-12-21,Granite Springs,OH,45750,(555) 413-6249,,English,PY03,PRV1104,44.5,54.6,,2021-11-20,
PT10048,03647016,Teresa,Boyd,F,2023-11-08,Ashby Falls,OH,45610,(555) 678-0264,,English,PY03,PRV1104,24.9,17.0,,2024-01-20,
PT10049,06527217,Danielle,Hicks,F,1977-04-23,Bluestone,OH,45501,(555) 592-7650,danielle.hicks91@example.com,English,PY06,,63.1,177.9,,2023-06-09,
PT10050,01987874,Patrick,Kim,M,1946-03-17,Cedar Ridge,OH,45720,(555) 438-2516,,English,PY04,PRV1137,72.3,177.1,HTN;OA,2011-02-05,
PT10051,03907779,Ronald,Lewis,M,2004-03-03,Bluestone,OH,45502,(555) 981-6872,,English,PY05,PRV1125,67.4,106.7,,2009-01-31,
PT10052,02278852,Angela,Nakamura,F,1968-01-05,Cedar Ridge,OH,45720,(555) 273-2695,angela.nakamura48@example.com,English,PY04,PRV1127,69.1,186.2,HTN,2012-01-29,
PT10053,06384916,Brian,Turner,M,1999-08-28,Cedar Ridge,OH,45720,(555) 717-8986,,English,PY04,PRV1129,67.0,157.1,,2022-12-31,
PT10054,09029537,Catherine,Adams,F,2004-12-12,Millbrook,OH,45530,(555) 293-7465,catherine.adams1@example.com,English,PY05,PRV1133,64.7,157.7,,2017-04-09,
PT10055,04174690,Evelyn,Lewis,F,1982-10-06,Bluestone,OH,45503,(555) 734-2951,,English,PY04,PRV1124,65.1,230.3,,2008-06-07,
PT10056,05428930,Lisa,Sanchez,F,2000-05-28,Oak Glen,OH,45730,(555) 200-2730,lisa.sanchez44@example.com,Spanish,PY07,PRV1140,59.6,106.3,ETOH,2013-07-18,
PT10057,05362138,Melissa,Hudson,F,1972-09-18,Bluestone,OH,45501,(555) 876-2890,,English,PY06,PRV1128,62.5,136.3,COPD,2014-08-19,
PT10058,07973621,Christina,Kim,F,1996-08-25,Bluestone,OH,45502,(555) 529-7071,christina.kim58@example.com,English,PY06,PRV1125,62.7,137.7,,2018-08-08,
PT10059,01927734,Natalie,Yilmaz,F,2002-05-19,Riverbend,OH,45545,(555) 967-1131,natalie.yilmaz89@example.com,English,PY05,PRV1139,61.7,174.9,,2008-12-03,
PT10060,05240385,Donna,Guzman,F,1975-06-15,Bluestone,OH,45501,(555) 675-9847,donna.guzman10@example.com,English,PY04,PRV1136,61.5,183.7,HTN,2010-09-08,
PT10061,03046263,Mateo,Johnston,M,1954-05-17,Cedar Ridge,OH,45720,(555) 984-1407,mateo.johnston17@example.com,English,PY01,PRV1140,68.0,303.7,HTN;ETOH,2013-11-23,
PT10062,05871556,Linh,Meyer,F,1945-05-24,Granite Springs,OH,45750,(555) 965-2854,linh.meyer71@example.com,English,PY01,PRV1125,59.9,143.2,HTN,2014-01-09,
PT10063,05788265,Andrea,Hawkins,F,1959-06-16,Oak Glen,OH,45730,(555) 471-3634,andrea.hawkins21@example.com,English,PY02,PRV1128,59.4,87.4,HTN;DM;COPD,2024-04-30,
PT10064,08932643,Natalie,Grant,F,1977-04-16,Bluestone,OH,45502,(555) 959-1391,natalie.grant52@example.com,English,PY06,PRV1134,63.2,132.7,,2023-10-09,
PT10065,01729555,James,Henry,M,1952-01-19,Bluestone,OH,45502,(555) 720-6063,james.henry98@example.com,English,PY01,PRV1137,68.4,229.9,HTN;PSYCH,2019-08-07,
PT10066,06971544,Hassan,Lopez,M,1988-07-23,Bluestone,OH,45501,(555) 945-4688,hassan.lopez28@example.com,English,PY04,PRV1140,69.4,197.4,,2014-02-01,
PT10067,04779592,Janice,Elliott,F,1949-10-16,Bluestone,OH,45503,(555) 406-1015,,Spanish,PY02,PRV1136,68.4,156.3,,2017-10-19,
PT10068,05725893,Luis,Reyes,M,1953-09-30,Bluestone,OH,45501,(555) 769-4402,luis.reyes6@example.com,English,PY01,,64.6,121.8,HTN;HF;PSYCH,2022-03-06,
PT10069,08458358,Jordan,Ramirez,M,1946-09-28,Cedar Ridge,OH,45720,(555) 532-3113,jordan.ramirez92@example.com,English,PY02,PRV1140,67.6,224.2,HF,2024-02-04,
PT10070,00750668,Carl,Elliott,M,1952-10-10,Bluestone,OH,45501,(555) 930-7559,carl.elliott19@example.com,Spanish,PY02,PRV1137,68.4,180.5,HTN;ETOH,2009-11-20,
PT10071,08812843,Lori,Perez,F,2001-09-15,Bluestone,OH,45501,(555) 510-5609,,English,PY06,PRV1129,64.6,157.5,,2012-04-22,
PT10072,08124000,Alice,Romero,F,2025-04-30,Bluestone,OH,45501,(555) 625-3341,,English,PY05,PRV1105,23.2,13.8,,2024-11-25,
PT10073,03449108,Isabella,Cruz,F,2004-10-19,Riverbend,OH,45545,(555) 372-4686,isabella.cruz16@example.com,English,PY01,PRV1137,67.5,160.1,,2009-04-27,
PT10074,08722173,Joseph,Aguilar,M,1960-08-02,Cedar Ridge,OH,45720,(555) 624-1551,joseph.aguilar93@example.com,English,PY02,PRV1138,70.9,266.7,CKD,2021-11-14,
PT10075,01882309,Albert,Gordon,M,1960-02-05,Lakeview Heights,OH,45510,(555) 874-1814,albert.gordon77@example.com,English,PY02,PRV1140,70.3,216.0,HTN;DM;ASTHMA,2013-12-20,
PT10076,09305159,Terry,Gonzalez,M,1952-06-07,Oak Glen,OH,45730,(555) 768-7263,,English,PY02,PRV1126,70.4,232.6,HTN;PSYCH,2024-01-07,
PT10077,00281981,Lucia,Contreras,F,1978-10-02,Riverbend,OH,45545,(555) 318-1763,lucia.contreras83@example.com,English,PY04,PRV1129,66.2,161.5,PSYCH,2015-06-22,
PT10078,09449854,Ashley,Burns,F,2020-02-08,Oak Glen,OH,45730,(555) 350-2427,,English,PY03,PRV1106,30.4,18.2,,2024-02-21,
PT10079,01139994,Scott,Mitchell,M,1972-04-24,Ashby Falls,OH,45610,(555) 542-5567,scott.mitchell24@example.com,English,PY06,PRV1124,67.9,179.1,,2011-01-31,
PT10080,08943314,Julie,Taylor,F,1978-02-28,Bluestone,OH,45502,(555) 715-8462,,English,PY03,PRV1128,67.0,119.2,PSYCH,2016-01-25,
PT10081,05895716,David,Fernandez,M,1954-07-28,Ashby Falls,OH,45610,(555) 213-1111,david.fernandez34@example.com,English,PY01,PRV1133,70.6,155.4,HTN;OA,2013-02-26,
PT10082,04601969,Carolyn,Garcia,F,1962-09-28,Fairhaven,OH,45620,(555) 238-1718,carolyn.garcia59@example.com,Mandarin,PY06,PRV1126,63.7,210.5,,2017-10-24,
PT10083,05683338,Virginia,Pierce,F,1975-08-13,Granite Springs,OH,45750,(555) 645-7604,virginia.pierce96@example.com,Spanish,PY06,PRV1136,61.5,156.4,ASTHMA,2015-10-25,
PT10084,05752459,Stephen,Ramos,M,1928-11-17,Bluestone,OH,45501,(555) 742-8502,,English,PY02,PRV1137,69.9,176.9,DM;AFIB,2020-09-29,
PT10085,06705511,Andrew,Hernandez,M,2003-07-22,Bluestone,OH,45502,(555) 510-9448,andrew.hernandez30@example.com,English,PY04,PRV1137,70.8,239.3,,2008-11-17,
PT10086,03851413,Nancy,Meyer,F,1960-11-03,Millbrook,OH,45530,(555) 202-6679,nancy.meyer30@example.com,Spanish,PY01,PRV1125,68.4,226.7,,2021-11-06,
PT10087,08948043,Nicole,Johnson,F,2018-04-30,Bluestone,OH,45503,(555) 826-7141,,English,PY05,PRV1108,37.3,38.8,,2023-08-21,
PT10088,07430462,Nicholas,Yilmaz,M,1950-07-13,Ashby Falls,OH,45610,(555) 665-4621,nicholas.yilmaz10@example.com,English,PY01,PRV1124,73.2,169.9,,2021-03-27,
PT10089,06449902,Mary,Carroll,F,1965-04-01,Bluestone,OH,45503,(555) 558-9734,,English,PY06,PRV1126,62.6,151.7,DM,2022-10-23,2025-06-09
PT10090,02971051,Camila,Wright,F,1956-09-18,Lakeview Heights,OH,45510,(555) 388-3269,,Vietnamese,PY03,PRV1140,68.9,123.9,DM,2022-08-26,
PT10091,04461134,Kayla,Boyd,F,1998-11-18,Bluestone,OH,45503,(555) 583-8893,,English,PY01,PRV1131,64.4,184.6,ASTHMA;PSYCH,2011-02-19,
PT10092,07830968,Harper,Pierce,F,1961-08-08,Bluestone,OH,45502,(555) 340-0868,harper.pierce77@example.com,English,PY05,PRV1124,63.7,185.4,HTN;DM,2022-05-09,
PT10093,01446475,Priya,Meyer,F,1932-01-02,Bluestone,OH,45502,(555) 401-8426,priya.meyer6@example.com,English,PY02,PRV1134,60.5,155.5,HTN;HF,2022-12-04,
PT10094,09750291,Janet,Hall,F,1957-12-24,Bluestone,OH,45502,(555) 241-4704,janet.hall72@example.com,English,PY01,PRV1125,66.5,150.6,CKD,2021-07-24,
PT10095,08001232,George,Jackson,M,1969-04-23,Riverbend,OH,45545,(555) 299-5778,george.jackson69@example.com,Spanish,PY04,PRV1129,73.3,205.5,HTN,2013-08-11,
PT10096,04307890,Elijah,Harris,M,1963-12-20,Bluestone,OH,45501,(555) 416-8448,,English,PY05,PRV1132,76.8,301.7,CANCER,2021-08-13,
PT10097,03415033,Ava,Garza,F,1950-06-05,Bluestone,OH,45501,(555) 704-5036,ava.garza75@example.com,English,PY01,PRV1126,63.2,135.2,PSYCH,2022-01-22,
PT10098,04427241,Michelle,Jones,F,1975-12-18,Pine Hollow,OH,45640,(555) 543-4414,,English,PY03,PRV1134,61.3,127.8,DM,2009-02-23,
PT10099,06280335,Helen,Gomez,F,1984-04-18,Bluestone,OH,45503,(555) 656-7770,helen.gomez14@example.com,English,PY04,PRV1127,60.7,86.5,,2009-07-25,
PT10100,02063417,Jeffrey,Hughes,M,1998-10-23,Bluestone,OH,45503,(555) 528-8561,,English,PY04,PRV1140,63.3,153.7,,2020-02-23,
PT10101,03669930,Mateo,Aguilar,M,1949-07-22,Cedar Ridge,OH,45720,(555) 331-4449,mateo.aguilar78@example.com,English,PY02,,59.0,143.0,HTN;COPD;AFIB;OA,2023-12-09,
PT10102,06050927,Bradley,Garza,M,1946-12-02,Bluestone,OH,45501,(555) 421-2934,,English,PY01,PRV1134,68.1,195.5,AFIB;CKD;PSYCH;OA,2023-06-02,2024-05-12
PT10103,01509591,Minh,Snyder,M,1959-07-04,Bluestone,OH,45501,(555) 297-5588,minh.snyder96@example.com,English,PY01,PRV1137,68.1,171.8,HTN,2024-02-01,
PT10104,09055529,Samuel,Pierce,M,1987-07-14,Granite Springs,OH,45750,(555) 268-4376,samuel.pierce7@example.com,English,PY03,PRV1139,71.5,233.4,DM;PSYCH,2024-01-01,
PT10105,04553336,Henry,Vasquez,M,2002-05-01,Bluestone,OH,45503,(555) 686-6591,henry.vasquez69@example.com,English,PY05,PRV1132,70.2,232.7,PSYCH,2018-07-01,
PT10106,07927796,Madison,Alvarado,F,1932-02-14,Lakeview Heights,OH,45510,(555) 905-0475,madison.alvarado87@example.com,English,PY02,PRV1133,59.3,185.3,,2013-07-26,
PT10107,02363916,Mason,Harrison,M,1999-07-27,Bluestone,OH,45501,(555) 880-3269,mason.harrison17@example.com,English,PY07,PRV1137,64.0,157.4,,2023-04-08,
PT10108,05208059,Nancy,Reyes,F,1998-03-09,Lakeview Heights,OH,45510,(555) 473-3569,nancy.reyes10@example.com,English,PY04,PRV1129,63.9,217.0,,2017-05-05,
PT10109,04552128,Marie,Hawkins,F,2001-02-19,Granite Springs,OH,45750,(555) 472-0186,,English,PY05,PRV1133,62.4,216.2,,2016-12-02,
PT10110,01785519,Edward,Castillo,M,1961-02-18,Cedar Ridge,OH,45720,(555) 861-5722,,English,PY06,PRV1128,70.0,217.0,,2021-10-13,
PT10111,04282707,Evelyn,Mason,F,2012-12-15,Riverbend,OH,45545,(555) 382-2219,,English,PY07,PRV1107,63.1,151.0,PSYCH,2019-03-26,
PT10112,01473420,Elizabeth,Bailey,F,1958-08-01,Lakeview Heights,OH,45510,(555) 713-3477,elizabeth.bailey48@example.com,Spanish,PY02,PRV1131,63.7,182.8,,2010-03-30,
PT10113,08688981,Jacqueline,Hawkins,F,1967-01-23,Lakeview Heights,OH,45510,(555) 508-7698,jacqueline.hawkins48@example.com,English,PY06,PRV1130,64.2,140.3,HTN;ETOH,2009-03-22,
PT10114,08638601,Dylan,Green,M,1968-10-29,Bluestone,OH,45502,(555) 612-3420,dylan.green88@example.com,English,PY03,PRV1126,68.5,212.9,,2016-12-11,
PT10115,09673832,Rosa,Ray,F,1995-01-12,Bluestone,OH,45503,(555) 845-9845,,English,PY06,PRV1135,64.4,251.1,,2023-10-14,
PT10116,04320480,Luis,Jones,M,1947-10-12,Bluestone,OH,45501,(555) 758-4438,luis.jones99@example.com,English,PY02,PRV1126,72.1,238.3,HTN;HF;COPD;OA,2023-09-04,
PT10117,09505281,Evelyn,Kowalski,F,2022-08-15,Bluestone,OH,45502,(555) 487-3062,,Spanish,PY04,PRV1104,26.3,17.9,,2023-08-20,
PT10118,00397290,Eric,Peterson,M,1948-01-12,Cedar Ridge,OH,45720,(555) 839-7372,,English,PY04,PRV1137,67.9,136.3,HTN,2022-02-08,
PT10119,01508745,Catherine,Harrison,F,1946-11-17,Bluestone,OH,45503,(555) 315-4437,,English,PY03,PRV1129,64.5,177.0,HTN;HF;OA,2017-09-21,
PT10120,01998299,Joseph,Contreras,M,1964-01-12,Granite Springs,OH,45750,(555) 205-1626,joseph.contreras19@example.com,English,PY05,PRV1134,67.9,149.6,HTN;COPD;PSYCH,2022-04-02,
PT10121,01192756,Anna,Alexander,F,1964-10-05,Ashby Falls,OH,45610,(555) 704-6071,,English,PY05,PRV1129,65.4,149.5,ASTHMA;OA,2018-10-06,
PT10122,03395010,Harold,West,M,2011-06-19,Ashby Falls,OH,45610,(555) 610-5980,,English,PY03,PRV1107,62.3,102.2,,2021-07-15,
PT10123,08308336,Sara,Scott,F,1967-10-16,Granite Springs,OH,45750,(555) 705-8610,sara.scott36@example.com,English,PY04,PRV1138,63.0,146.1,,2019-08-13,
PT10124,00888439,Mei,Dixon,F,2021-10-02,Ashby Falls,OH,45610,(555) 972-0520,,English,PY03,PRV1108,32.8,25.0,,2024-06-27,
PT10125,08390143,Grace,Clark,F,2003-01-27,Riverbend,OH,45545,(555) 661-0442,,English,PY01,PRV1138,69.0,203.0,,2022-08-06,
PT10126,04925303,Diana,Jackson,F,2002-03-25,Bluestone,OH,45501,(555) 247-2409,diana.jackson34@example.com,English,PY03,PRV1131,64.2,117.6,PSYCH,2024-02-16,
PT10127,02428409,Keith,Reynolds,M,1929-04-10,Bluestone,OH,45503,(555) 803-3225,keith.reynolds78@example.com,English,PY01,PRV1131,69.0,184.0,HF,2020-04-03,
PT10128,08149461,Evelyn,Price,F,2020-10-14,Ashby Falls,OH,45610,(555) 827-2489,,English,PY03,PRV1105,30.8,27.6,,2023-07-13,
PT10129,02291834,Amber,Williams,F,1977-08-22,Pine Hollow,OH,45640,(555) 225-5048,amber.williams49@example.com,English,PY05,PRV1127,70.1,181.2,HTN,2022-01-02,
PT10130,08690991,Maria,Romero,F,1952-08-31,Millbrook,OH,45530,(555) 280-1863,,English,PY02,PRV1137,63.7,124.3,HTN,2022-08-30,
PT10131,05272828,Alexander,Watson,M,1980-04-11,Bluestone,OH,45502,(555) 922-5718,alexander.watson98@example.com,English,PY05,PRV1137,64.3,234.2,DM,2011-06-12,
PT10132,06663463,Liam,Price,M,1953-08-18,Lakeview Heights,OH,45510,(555) 207-6973,liam.price39@example.com,English,PY01,,69.3,243.1,COPD,2024-11-27,
PT10133,00576034,Patricia,Green,F,1934-06-30,Bluestone,OH,45503,(555) 986-9428,patricia.green84@example.com,English,PY02,PRV1130,64.6,222.7,CANCER,2020-09-21,
PT10134,01646678,Patricia,Walker,F,1952-05-19,Bluestone,OH,45502,(555) 254-7667,patricia.walker82@example.com,English,PY02,PRV1132,65.3,205.3,DM,2012-07-31,
PT10135,07178765,Sophia,Diaz,F,1950-12-15,Fairhaven,OH,45620,(555) 364-7002,,English,PY03,PRV1133,59.4,159.0,DM;PSYCH,2018-02-24,
PT10136,06020756,Amina,Butler,F,1974-12-02,Bluestone,OH,45503,(555) 398-2220,amina.butler97@example.com,English,PY06,PRV1134,62.2,97.4,ETOH,2012-07-08,
PT10137,07153976,Jack,Stevens,M,2009-07-25,Millbrook,OH,45530,(555) 958-8816,jack.stevens19@example.com,English,PY03,,67.1,134.7,,2021-12-03,
PT10138,08175409,Judy,Owens,F,1975-03-08,Bluestone,OH,45501,(555) 298-8942,judy.owens96@example.com,English,PY03,PRV1136,67.8,289.7,PSYCH,2022-09-21,
PT10139,03193264,Brenda,Daniels,F,1993-06-29,Bluestone,OH,45502,(555) 520-2578,brenda.daniels3@example.com,English,PY05,PRV1132,61.9,166.2,,2024-02-05,
PT10140,04446447,Timothy,O'Brien,M,2024-04-15,Cedar Ridge,OH,45720,(555) 425-7629,,English,PY06,PRV1105,20.4,10.9,,2024-03-28,
PT10141,05197371,Katherine,Allen,F,1955-08-17,Fairhaven,OH,45620,(555) 948-5558,,Mandarin,PY01,PRV1134,65.2,139.6,COPD,2021-10-13,
PT10142,08713908,Julia,Stevens,F,1949-10-27,Bluestone,OH,45503,(555) 265-1793,,English,PY01,PRV1140,66.5,172.7,HTN;CKD;SEIZURE,2008-06-16,
PT10143,00903866,Bobby,Pierce,M,1982-05-23,Bluestone,OH,45501,(555) 951-4351,,English,PY01,PRV1131,69.2,204.7,DM,2011-05-24,
PT10144,02454067,Betty,Jones,F,1969-03-05,Bluestone,OH,45501,(555) 216-4750,,English,PY06,PRV1131,62.9,154.4,,2008-03-03,
PT10145,09255038,Bryan,Martinez,M,1986-12-04,Fairhaven,OH,45620,(555) 554-6210,bryan.martinez83@example.com,Arabic,PY04,PRV1129,73.7,188.8,,2025-02-25,
PT10146,00276506,Rachel,Ryan,F,1999-02-20,Ashby Falls,OH,45610,(555) 340-4686,rachel.ryan16@example.com,English,PY03,PRV1128,59.2,128.0,ASTHMA,2024-04-25,
PT10147,05303855,Lisa,Campbell,F,2020-08-08,Bluestone,OH,45503,(555) 952-9548,,English,PY06,PRV1105,34.2,30.2,,2021-04-26,
PT10148,03406318,Benjamin,Yilmaz,M,1943-09-23,Pine Hollow,OH,45640,(555) 256-5962,benjamin.yilmaz34@example.com,English,PY02,PRV1128,66.6,233.6,,2022-04-08,
PT10149,08518688,Robert,Peterson,M,1997-02-12,Bluestone,OH,45501,(555) 334-6487,robert.peterson65@example.com,English,PY05,PRV1133,70.8,168.8,,2016-02-19,
PT10150,02034264,Ronald,Allen,M,1976-04-09,Bluestone,OH,45501,(555) 628-9676,,Spanish,PY07,PRV1125,68.0,179.0,HTN,2020-05-16,
PT10151,05606995,Zachary,Moore,M,2020-07-07,Bluestone,OH,45503,(555) 918-2585,,English,PY06,PRV1106,32.6,27.3,,2024-05-23,
PT10152,03219873,Sharon,Alvarez,F,1971-05-12,Bluestone,OH,45501,(555) 223-5532,,English,PY06,PRV1131,65.4,205.0,,2022-03-04,
PT10153,03839877,Jacqueline,Mendez,F,1996-07-15,Bluestone,OH,45502,(555) 894-4722,jacqueline.mendez53@example.com,English,PY06,PRV1139,62.2,148.7,,2015-03-11,
PT10154,01316269,William,Miller,M,2015-01-25,Granite Springs,OH,45750,(555) 934-0768,,Spanish,PY03,PRV1104,47.1,51.0,,2024-12-11,
PT10155,00319618,Ahmed,Robertson,M,1963-11-25,Bluestone,OH,45502,(555) 547-7148,ahmed.robertson5@example.com,English,PY04,PRV1140,73.1,279.9,,2010-03-22,
PT10156,00952633,Henry,Garza,M,1992-09-02,Bluestone,OH,45501,(555) 250-0086,henry.garza30@example.com,Spanish,PY03,PRV1127,68.5,304.9,,2018-06-07,
PT10157,00392769,Thomas,Ortiz,M,1954-01-23,Bluestone,OH,45501,(555) 331-1539,thomas.ortiz31@example.com,English,PY01,PRV1140,74.0,212.9,HTN,2008-12-06,
PT10158,04019239,Douglas,King,M,2006-04-14,Bluestone,OH,45501,(555) 266-4443,douglas.king25@example.com,English,PY03,PRV1136,75.1,222.4,,2008-10-23,
PT10159,06103856,Randy,Davis,M,2022-02-27,Ashby Falls,OH,45610,(555) 552-8608,,English,PY03,,27.2,14.8,,2022-10-04,
PT10160,04174427,Susan,Hansen,F,1963-02-12,Ashby Falls,OH,45610,(555) 863-0761,,English,PY05,PRV1130,64.9,127.9,AFIB,2022-02-18,
PT10161,03592850,Mia,Brooks,F,2020-06-17,Millbrook,OH,45530,(555) 668-8349,,English,PY03,PRV1104,34.7,33.3,,2020-09-09,
PT10162,04428247,Dylan,Boyd,M,1977-03-16,Lakeview Heights,OH,45510,(555) 771-4724,dylan.boyd51@example.com,English,PY04,PRV1130,70.5,251.7,,2021-09-21,
PT10163,00236331,Jacqueline,Woods,F,1953-10-05,Bluestone,OH,45502,(555) 608-4064,jacqueline.woods62@example.com,English,PY04,PRV1125,63.6,219.3,HTN,2013-04-17,
PT10164,02947345,Amina,Ryan,F,1986-01-11,Granite Springs,OH,45750,(555) 242-5480,amina.ryan77@example.com,English,PY03,PRV1126,62.3,169.0,,2015-10-03,
PT10165,07888238,Jordan,Aguilar,M,1946-03-30,Ashby Falls,OH,45610,(555) 824-1659,jordan.aguilar9@example.com,English,PY02,,70.4,215.4,HTN,2012-10-08,
PT10166,02332190,Minh,Jordan,M,2006-07-24,Bluestone,OH,45501,(555) 610-0486,minh.jordan4@example.com,English,PY05,PRV1134,67.9,172.2,,2024-03-01,
PT10167,01444107,Aaliyah,Wood,F,1946-05-28,Lakeview Heights,OH,45510,(555) 746-2827,aaliyah.wood46@example.com,English,PY01,PRV1137,66.7,192.3,HTN;DM;COPD,2016-12-04,2024-02-26
PT10168,02322826,Mei,Petrov,F,1991-12-01,Bluestone,OH,45503,(555) 527-1160,mei.petrov46@example.com,English,PY05,PRV1124,65.4,161.7,,2011-05-24,
PT10169,03025967,Noah,Ray,M,1957-04-14,Ashby Falls,OH,45610,(555) 820-2578,,English,PY01,PRV1127,66.1,180.1,HTN,2023-07-25,
PT10170,01766771,Catherine,Crawford,F,1949-10-01,Bluestone,OH,45502,(555) 371-1198,catherine.crawford71@example.com,English,PY02,PRV1134,61.4,168.9,HTN;HF;COPD,2008-06-12,
PT10171,08454666,Justin,Rivera,M,1949-06-04,Oak Glen,OH,45730,(555) 636-9044,justin.rivera67@example.com,English,PY01,PRV1130,69.8,181.6,HTN;COPD;AFIB,2022-12-10,
PT10172,07999579,Ethan,Perez,M,1942-11-06,Bluestone,OH,45502,(555) 521-1074,ethan.perez10@example.com,English,PY01,PRV1134,71.1,192.2,HTN;DM,2012-08-28,
PT10173,03985229,Catherine,Edwards,F,1940-01-28,Bluestone,OH,45503,(555) 562-3136,catherine.edwards94@example.com,English,PY01,PRV1136,69.8,187.7,DM,2023-07-16,
PT10174,03514205,Scott,Russell,M,1951-12-26,Lakeview Heights,OH,45510,(555) 864-0236,scott.russell45@example.com,English,PY02,PRV1135,68.8,196.9,OA,2021-07-14,
PT10175,00789836,Linh,Munoz,F,2007-08-12,Ashby Falls,OH,45610,(555) 426-9521,linh.munoz46@example.com,English,PY04,,61.9,145.4,ASTHMA,2023-04-17,
PT10176,01358460,Carl,O'Brien,M,2009-02-07,Granite Springs,OH,45750,(555) 701-8677,carl.obrien92@example.com,English,PY03,PRV1106,70.3,178.2,,2016-02-13,
PT10177,08895382,Mark,Rivera,M,1958-03-25,Cedar Ridge,OH,45720,(555) 206-1869,mark.rivera24@example.com,English,PY02,PRV1140,71.9,140.7,HTN,2015-05-23,
PT10178,00846476,Austin,Wright,M,2016-10-20,Cedar Ridge,OH,45720,(555) 963-5346,,English,PY05,,45.2,63.8,,2016-11-06,
PT10179,07581282,Isabella,Woods,F,2019-04-05,Ashby Falls,OH,45610,(555) 949-2998,,English,PY05,PRV1106,37.1,35.9,,2019-06-15,
PT10180,04934207,Andrew,Torres,M,1930-12-10,Cedar Ridge,OH,45720,(555) 526-7791,,Somali,PY02,PRV1135,65.9,226.4,HTN;COPD,2017-09-26,
PT10181,08630211,Julie,Morales,F,1994-05-10,Cedar Ridge,OH,45720,(555) 477-8936,,English,PY04,PRV1135,66.0,227.6,,2015-01-17,
PT10182,09094783,Andrea,Ortiz,F,2025-01-15,Riverbend,OH,45545,(555) 578-7137,,English,PY03,PRV1105,19.1,6.9,,2024-02-13,
PT10183,03601518,Ronald,Cox,M,2005-06-07,Cedar Ridge,OH,45720,(555) 529-8330,,English,PY03,PRV1126,66.8,270.3,,2014-08-15,
PT10184,04439547,Rebecca,Meyer,F,1990-03-21,Bluestone,OH,45501,(555) 869-4100,,English,PY04,PRV1137,65.1,152.0,,2022-12-07,
PT10185,04316134,Joseph,Pierce,M,1958-05-29,Bluestone,OH,45503,(555) 621-7378,joseph.pierce74@example.com,English,PY01,PRV1135,72.5,213.1,AFIB,2021-01-20,
PT10186,05707288,Logan,Moore,M,1928-04-13,Bluestone,OH,45501,(555) 959-9920,logan.moore4@example.com,English,PY01,PRV1124,67.1,207.1,HTN;DM;OA,2016-11-06,
PT10187,08038549,John,Bailey,M,1950-11-14,Cedar Ridge,OH,45720,(555) 284-9533,john.bailey58@example.com,English,PY04,PRV1136,71.2,218.3,DM,2020-07-23,
PT10188,00896228,Amber,Lewis,F,1968-01-31,Ashby Falls,OH,45610,(555) 489-6254,amber.lewis92@example.com,English,PY03,,66.1,218.6,,2024-03-18,
PT10189,05279684,Jordan,Fox,M,1947-06-15,Bluestone,OH,45501,(555) 887-4770,jordan.fox18@example.com,Spanish,PY01,PRV1125,67.4,173.1,,2011-07-24,
PT10190,07405722,Wei,Burns,M,2003-01-11,Granite Springs,OH,45750,(555) 817-3440,wei.burns45@example.com,English,PY04,,70.6,194.8,,2012-10-02,
PT10191,05131975,Michael,Delgado,M,1952-12-08,Fairhaven,OH,45620,(555) 202-7579,,English,PY01,PRV1131,67.3,109.9,HTN,2015-01-02,
PT10192,00863078,Sharon,Jackson,F,1984-10-21,Bluestone,OH,45503,(555) 466-5175,sharon.jackson13@example.com,Spanish,PY06,PRV1131,67.0,196.5,HTN,2014-04-02,
PT10193,06432113,Sophia,Moore,F,2004-08-31,Fairhaven,OH,45620,(555) 876-4533,,English,PY07,PRV1140,67.6,107.3,,2016-01-25,
PT10194,06628048,Nancy,Clark,F,1991-11-16,Cedar Ridge,OH,45720,(555) 858-6413,nancy.clark98@example.com,English,PY06,,68.4,221.1,PSYCH,2015-04-20,
PT10195,03581682,Lori,Fox,F,1977-09-29,Riverbend,OH,45545,(555) 332-8474,lori.fox75@example.com,English,PY07,PRV1129,62.9,122.1,,2021-03-24,
PT10196,05005700,Jennifer,Yilmaz,F,1956-08-23,Riverbend,OH,45545,(555) 352-5581,jennifer.yilmaz45@example.com,English,PY02,PRV1140,61.8,181.4,CANCER,2010-08-17,
PT10197,08055947,Aaron,Simmons,M,2011-02-18,Bluestone,OH,45502,(555) 411-2205,,English,PY04,PRV1107,60.9,105.2,,2016-06-18,
PT10198,09182249,Judy,Kelley,F,1977-07-12,Granite Springs,OH,45750,(555) 985-5746,judy.kelley23@example.com,English,PY06,PRV1135,60.4,203.3,HTN,2012-12-15,
PT10199,02645632,William,Duncan,M,1981-08-06,Bluestone,OH,45501,(555) 486-0972,,English,PY03,PRV1135,74.7,211.0,,2024-03-03,
PT10200,04324932,Jeremy,Sullivan,M,1983-08-08,Millbrook,OH,45530,(555) 431-1956,jeremy.sullivan79@example.com,English,PY03,PRV1126,65.2,169.7,,2009-09-30,
PT10201,04676895,Jack,Wood,M,1956-05-29,Millbrook,OH,45530,(555) 580-3036,,English,PY02,,67.3,244.6,AFIB,2013-11-11,
PT10202,00488484,Frank,Stone,M,1960-11-10,Fairhaven,OH,45620,(555) 392-9849,frank.stone92@example.com,English,PY01,PRV1133,74.2,229.0,HTN;OA,2019-08-28,
PT10203,02651075,Gerald,Spencer,M,1981-06-30,Ashby Falls,OH,45610,(555) 805-6914,gerald.spencer79@example.com,English,PY04,,68.0,222.0,,2009-03-24,
PT10204,03411050,Andrew,Hawkins,M,1987-04-03,Bluestone,OH,45503,(555) 512-1788,,English,PY04,PRV1124,68.8,239.9,DM,2015-01-03,
PT10205,03728820,Christina,Duncan,F,1957-03-28,Bluestone,OH,45501,(555) 682-7935,,English,PY02,PRV1125,64.2,154.4,HTN;DM;ASTHMA,2019-08-23,
PT10206,08947278,Christian,Kim,M,2004-03-05,Lakeview Heights,OH,45510,(555) 714-8233,christian.kim52@example.com,English,PY03,PRV1128,68.6,160.9,,2014-05-15,
PT10207,07456876,Brittany,Matthews,F,2020-05-29,Fairhaven,OH,45620,(555) 790-3886,,Spanish,PY03,PRV1108,33.9,27.9,,2023-08-22,
PT10208,09507441,Roy,Rivera,M,2011-05-18,Pine Hollow,OH,45640,(555) 305-7867,,English,PY03,PRV1107,61.1,102.8,SEIZURE,2017-02-21,
PT10209,02364235,William,Hill,M,1976-04-14,Bluestone,OH,45502,(555) 608-2788,,Spanish,PY04,PRV1131,70.2,134.1,HTN,2023-03-04,
PT10210,05109561,Michelle,Scott,F,1973-02-05,Lakeview Heights,OH,45510,(555) 429-8146,michelle.scott71@example.com,English,PY03,PRV1135,63.9,202.0,,2010-04-24,
PT10211,06339784,Angela,Dunn,F,2000-05-30,Millbrook,OH,45530,(555) 345-8773,angela.dunn98@example.com,English,PY04,PRV1132,61.1,97.2,,2016-11-05,
PT10212,01901770,Gloria,Wright,F,2012-06-28,Lakeview Heights,OH,45510,(555) 568-4390,,English,PY06,PRV1104,64.1,113.4,PSYCH,2021-06-30,
PT10213,04919204,Lucas,Jimenez,M,1961-06-02,Lakeview Heights,OH,45510,(555) 330-4995,lucas.jimenez34@example.com,English,PY05,PRV1133,70.1,237.1,AFIB,2019-12-31,
PT10214,08629648,Michael,Vasquez,M,1990-10-17,Bluestone,OH,45501,(555) 523-7427,michael.vasquez38@example.com,English,PY05,PRV1131,72.3,226.6,,2020-12-21,
PT10215,02718484,Gerald,King,M,1975-04-22,Bluestone,OH,45501,(555) 608-5815,gerald.king55@example.com,Spanish,PY03,PRV1125,66.9,218.8,HTN;DM,2023-02-11,
PT10216,05508401,Sophia,Mason,F,2025-08-15,Bluestone,OH,45503,(555) 291-2248,,English,PY03,PRV1104,20.8,9.9,,2024-02-02,
PT10217,03913557,Eric,Kennedy,M,1938-07-23,Bluestone,OH,45503,(555) 854-8160,eric.kennedy25@example.com,English,PY01,PRV1136,72.9,182.1,DM;CKD,2019-05-24,
PT10218,04033627,Beverly,Aguilar,F,2001-10-08,Ashby Falls,OH,45610,(555) 701-8408,,English,PY03,PRV1133,62.5,197.5,,2013-05-31,
PT10219,03003084,Fatima,Ward,F,1964-12-24,Granite Springs,OH,45750,(555) 246-3457,,English,PY01,PRV1127,65.2,165.4,HTN;COPD;OA,2019-11-04,
PT10220,08390953,Mia,Cunningham,F,1965-03-02,Riverbend,OH,45545,(555) 966-4736,mia.cunningham8@example.com,Spanish,PY07,PRV1134,61.4,198.0,COPD,2016-02-19,
PT10221,03932399,Sandra,Hunter,F,1992-11-20,Bluestone,OH,45502,(555) 864-2077,sandra.hunter67@example.com,English,PY05,PRV1133,59.0,106.6,,2023-12-11,
PT10222,02680255,Wei,Adams,M,1998-11-17,Bluestone,OH,45501,(555) 946-0100,,English,PY07,PRV1139,65.6,135.3,ASTHMA,2024-01-19,
PT10223,08958365,Steven,Nichols,M,1985-04-28,Riverbend,OH,45545,(555) 803-4959,,Spanish,PY03,PRV1139,69.8,177.9,,2021-01-18,
PT10224,00890329,Alice,Foster,F,1989-04-27,Bluestone,OH,45502,(555) 702-9750,,English,PY04,PRV1140,68.6,254.6,ASTHMA,2013-02-02,
PT10225,02378999,Emily,Stephens,F,2010-09-12,Oak Glen,OH,45730,(555) 208-2743,,English,PY03,PRV1106,63.1,130.3,ASTHMA,2014-05-30,
PT10226,08459351,Evelyn,Dixon,F,1946-09-04,Bluestone,OH,45503,(555) 584-3853,evelyn.dixon75@example.com,English,PY04,PRV1132,63.8,130.3,ETOH,2009-01-08,
PT10227,08064958,Isabella,Murphy,F,1956-10-26,Ashby Falls,OH,45610,(555) 625-3724,isabella.murphy6@example.com,English,PY01,PRV1140,61.9,200.5,HTN,2015-03-27,
PT10228,09710134,Diana,Ryan,F,1979-11-08,Bluestone,OH,45501,(555) 729-5603,diana.ryan9@example.com,English,PY05,PRV1132,66.2,125.5,HTN;DM,2015-12-16,
PT10229,00259231,Stephanie,Mason,F,1930-05-02,Ashby Falls,OH,45610,(555) 879-9156,,English,PY01,PRV1128,58.2,141.3,HTN;DM,2024-03-13,
PT10230,03047975,Nathan,Moore,M,1960-03-19,Bluestone,OH,45501,(555) 326-7264,nathan.moore92@example.com,English,PY02,PRV1126,69.2,228.8,HTN;DM,2012-02-22,
PT10231,01993409,Susan,Warren,F,1956-04-28,Fairhaven,OH,45620,(555) 964-6753,susan.warren30@example.com,English,PY01,PRV1136,64.3,213.1,HTN;AFIB;OA,2010-07-03,
PT10232,03521479,Jean,Garza,F,2022-05-07,Bluestone,OH,45501,(555) 384-4062,,English,PY06,PRV1107,26.5,15.4,,2024-03-24,
PT10233,09554295,Mateo,Kennedy,M,1963-12-23,Bluestone,OH,45502,(555) 401-6618,mateo.kennedy63@example.com,English,PY06,PRV1131,64.2,178.6,,2019-11-07,
PT10234,06042637,Justin,Williams,M,1950-11-26,Bluestone,OH,45501,(555) 921-7819,,Vietnamese,PY02,PRV1125,72.1,174.3,HTN,2019-05-05,
PT10235,05981353,Gregory,Reynolds,M,1973-11-17,Bluestone,OH,45502,(555) 973-6630,gregory.reynolds40@example.com,English,PY04,PRV1125,74.6,204.7,ASTHMA;OA,2019-04-02,
PT10236,03766377,Natalie,Ortiz,F,2007-01-10,Granite Springs,OH,45750,(555) 343-9735,natalie.ortiz89@example.com,English,PY04,PRV1131,65.2,116.4,,2022-03-26,
PT10237,05176724,Samantha,Nelson,F,1932-05-22,Fairhaven,OH,45620,(555) 747-3864,samantha.nelson38@example.com,English,PY02,PRV1135,66.5,109.5,HTN;DM,2013-01-24,
PT10238,00369963,Katherine,Flores,F,1948-01-05,Lakeview Heights,OH,45510,(555) 751-0656,,English,PY01,,63.0,129.2,HTN;PSYCH;OA,2021-10-26,
PT10239,06414784,Gloria,Marshall,F,1981-03-09,Bluestone,OH,45502,(555) 970-1063,,English,PY04,PRV1124,65.7,175.0,HTN,2015-06-29,
PT10240,03515282,Abigail,Abdi,F,2016-01-06,Bluestone,OH,45501,(555) 964-0827,,English,PY03,PRV1105,44.6,65.1,,2020-08-12,
PT10241,09432855,Deborah,Crawford,F,1974-05-14,Riverbend,OH,45545,(555) 691-8299,deborah.crawford14@example.com,English,PY04,PRV1128,62.7,209.6,,2023-06-01,
PT10242,08555976,David,Alvarez,M,1955-10-27,Ashby Falls,OH,45610,(555) 434-4250,david.alvarez34@example.com,Spanish,PY01,PRV1128,67.5,162.7,HTN,2014-09-02,
PT10243,07224478,Donald,Alvarado,M,1973-09-15,Lakeview Heights,OH,45510,(555) 825-8997,donald.alvarado79@example.com,Spanish,PY04,PRV1139,67.9,186.4,DM,2023-07-08,
PT10244,03786321,Grace,Daniels,F,1988-06-08,Ashby Falls,OH,45610,(555) 244-1648,,English,PY07,PRV1132,68.3,225.4,,2024-01-20,
PT10245,07903441,Christina,Allen,F,1965-02-22,Bluestone,OH,45502,(555) 458-0591,christina.allen88@example.com,English,PY05,PRV1140,60.5,159.1,HTN,2024-01-20,
PT10246,06411556,Grace,Andrews,F,1969-10-16,Bluestone,OH,45501,(555) 984-5544,grace.andrews28@example.com,English,PY04,PRV1139,60.8,111.9,HTN,2020-10-31,
PT10247,06225060,Adam,Bennett,M,1937-08-03,Granite Springs,OH,45750,(555) 857-1732,adam.bennett94@example.com,English,PY02,PRV1132,70.5,210.2,HTN,2014-01-09,
PT10248,00057585,Brittany,Rivera,F,2012-04-09,Ashby Falls,OH,45610,(555) 251-7339,,English,PY04,PRV1108,62.6,133.0,,2024-12-15,
PT10249,07050767,Ann,Hunt,F,1948-07-13,Ashby Falls,OH,45610,(555) 383-7898,,English,PY01,PRV1127,62.0,116.0,HTN,2020-02-10,
PT10250,05121957,Jack,White,M,1998-10-03,Bluestone,OH,45502,(555) 258-4028,,English,PY01,PRV1132,65.9,184.7,,2024-11-10,
PT10251,06589913,Grace,Ellis,F,1949-04-04,Bluestone,OH,45501,(555) 987-1599,grace.ellis27@example.com,English,PY01,PRV1130,64.6,129.3,HTN;HF,2011-07-18,
PT10252,06209477,Margaret,Howard,F,1975-05-20,Cedar Ridge,OH,45720,(555) 962-4902,margaret.howard49@example.com,English,PY05,PRV1131,63.7,184.0,HTN;PSYCH;OA,2009-07-22,
PT10253,01664373,Harold,Woods,M,1960-05-26,Granite Springs,OH,45750,(555) 604-0798,,English,PY03,PRV1140,71.6,221.2,HTN,2018-02-26,
PT10254,02759594,Deborah,Hall,F,1998-08-14,Bluestone,OH,45501,(555) 471-7515,,English,PY06,PRV1135,64.9,156.2,,2023-09-26,
PT10255,08193961,Aaliyah,Ruiz,F,1953-11-28,Fairhaven,OH,45620,(555) 725-0233,aaliyah.ruiz39@example.com,English,PY02,,62.6,218.1,DM;CKD,2008-11-24,
PT10256,03057839,Brandon,Nguyen,M,2018-07-04,Millbrook,OH,45530,(555) 979-8588,,English,PY03,PRV1105,37.3,39.6,,2023-07-09,
PT10257,06080259,Susan,Munoz,F,1955-06-07,Lakeview Heights,OH,45510,(555) 654-4356,susan.munoz99@example.com,English,PY01,,64.2,151.3,HTN,2009-09-28,
PT10258,02345363,Dylan,Brooks,M,1957-10-05,Bluestone,OH,45501,(555) 352-2189,,English,PY02,PRV1125,64.1,207.7,HTN;DM;COPD,2015-02-17,
PT10259,09397419,Julia,Jackson,F,1936-06-18,Bluestone,OH,45502,(555) 648-4609,,English,PY01,PRV1128,65.9,159.7,AFIB,2012-12-14,
PT10260,08242252,Logan,Cox,M,1967-06-14,Bluestone,OH,45502,(555) 512-1261,logan.cox7@example.com,English,PY06,PRV1125,67.0,185.8,PSYCH,2020-11-03,
PT10261,03499421,Zachary,Haddad,M,2024-06-17,Lakeview Heights,OH,45510,(555) 829-8746,,Spanish,PY03,PRV1106,20.9,8.7,,2024-07-15,
PT10262,02048708,Tyler,Clark,M,1947-03-26,Bluestone,OH,45502,(555) 759-6254,tyler.clark65@example.com,English,PY02,PRV1137,70.7,213.7,HTN,2016-03-18,
PT10263,08795707,Willie,Gibson,M,2002-10-28,Lakeview Heights,OH,45510,(555) 737-7496,,English,PY07,PRV1136,73.9,206.6,PSYCH,2017-10-14,
PT10264,06291850,Diana,Robertson,F,1997-09-07,Riverbend,OH,45545,(555) 343-4458,,English,PY04,PRV1137,65.0,174.4,ASTHMA,2011-10-03,
PT10265,05608133,Andrew,Owens,M,2005-09-17,Pine Hollow,OH,45640,(555) 717-8287,,English,PY03,PRV1124,71.2,160.0,,2022-05-15,
PT10266,02376724,Brenda,Cooper,F,1994-07-25,Oak Glen,OH,45730,(555) 582-1047,,English,PY03,PRV1133,68.1,249.0,PSYCH,2014-02-07,
PT10267,01136344,Margaret,Lane,F,1959-01-02,Bluestone,OH,45502,(555) 272-5746,,Spanish,PY04,PRV1129,65.9,147.5,PSYCH,2016-05-22,
PT10268,04599840,Sara,Olson,F,2010-01-02,Bluestone,OH,45501,(555) 880-8112,,English,PY05,PRV1106,66.5,118.6,,2018-03-25,
PT10269,07645935,Mason,Ramirez,M,2011-11-30,Granite Springs,OH,45750,(555) 827-5705,,English,PY04,PRV1106,66.2,133.6,ASTHMA,2013-04-21,
PT10270,00314987,Susan,Chen,F,1954-12-28,Pine Hollow,OH,45640,(555) 439-6376,susan.chen81@example.com,English,PY02,PRV1129,60.4,103.8,HTN,2012-10-26,
PT10271,01695337,Lawrence,Ruiz,M,2001-10-15,Cedar Ridge,OH,45720,(555) 326-8844,,English,PY04,PRV1135,68.5,180.3,,2024-01-01,
PT10272,00443312,Judy,Hoffman,F,1949-12-27,Bluestone,OH,45503,(555) 795-8281,judy.hoffman41@example.com,Spanish,PY04,,64.0,206.0,DM,2021-01-23,
PT10273,06463852,Albert,Duncan,M,1981-03-06,Ashby Falls,OH,45610,(555) 493-7512,albert.duncan63@example.com,Spanish,PY07,PRV1139,76.2,225.6,,2016-02-07,
PT10274,07280278,Matthew,Stewart,M,1927-01-10,Bluestone,OH,45501,(555) 596-2524,,English,PY01,PRV1137,72.2,169.0,,2012-07-22,
PT10275,01217740,Julie,James,F,1962-10-04,Bluestone,OH,45502,(555) 250-0296,julie.james10@example.com,English,PY05,PRV1140,66.4,220.0,,2008-11-27,
PT10276,07580404,Alexis,Warren,F,1972-04-22,Millbrook,OH,45530,(555) 514-5379,alexis.warren94@example.com,Spanish,PY04,PRV1134,62.8,144.0,DM;ETOH,2021-12-28,2025-05-16
PT10277,01519894,Madison,Kennedy,F,1974-07-04,Bluestone,OH,45501,(555) 781-5289,madison.kennedy10@example.com,English,PY04,PRV1127,60.1,175.5,HTN,2023-02-24,
PT10278,00450585,Michael,Weaver,M,2019-11-05,Fairhaven,OH,45620,(555) 989-8673,,English,PY05,PRV1106,36.7,46.9,,2020-08-19,
PT10279,07701978,Lisa,Young,F,2023-04-01,Bluestone,OH,45502,(555) 527-7962,,English,PY04,PRV1108,23.4,11.6,,2024-02-13,
PT10280,02758864,Joan,Lee,F,1963-09-12,Bluestone,OH,45501,(555) 731-2249,joan.lee32@example.com,English,PY03,PRV1126,61.3,188.8,ETOH,2021-12-22,
PT10281,07174733,James,Lopez,M,1996-07-21,Riverbend,OH,45545,(555) 437-5639,,English,PY03,PRV1140,68.9,174.6,PSYCH,2019-03-03,
PT10282,00602770,Ahmed,Harrison,M,1987-09-04,Lakeview Heights,OH,45510,(555) 955-5539,,English,PY04,PRV1136,71.5,200.3,,2019-06-10,
PT10283,05340359,Amy,Gardner,F,1929-11-02,Lakeview Heights,OH,45510,(555) 497-0429,amy.gardner71@example.com,English,PY01,PRV1125,64.3,228.9,HTN,2023-11-08,2025-12-21
PT10284,07961173,Alexis,Sullivan,F,1974-09-07,Bluestone,OH,45502,(555) 355-2677,alexis.sullivan25@example.com,Spanish,PY03,PRV1127,63.5,200.5,DM,2021-05-23,
PT10285,02743488,Dorothy,Diaz,F,1960-10-05,Bluestone,OH,45501,(555) 586-5719,dorothy.diaz31@example.com,English,PY01,PRV1134,66.4,166.9,CKD;ASTHMA,2011-03-31,
PT10286,06088733,Linh,Phillips,F,2011-12-19,Cedar Ridge,OH,45720,(555) 611-9389,,English,PY04,PRV1106,63.0,129.9,,2015-01-03,
PT10287,01903151,Jean,Hansen,F,1980-12-23,Ashby Falls,OH,45610,(555) 420-1275,jean.hansen9@example.com,English,PY05,PRV1137,59.9,207.0,PSYCH,2013-04-07,
PT10288,02406591,Diane,Daniels,F,1955-10-31,Pine Hollow,OH,45640,(555) 820-1143,,English,PY01,PRV1136,62.6,141.3,,2014-07-30,
PT10289,04987955,Evelyn,Willis,F,2025-11-30,Bluestone,OH,45502,(555) 553-6445,,English,PY03,PRV1107,21.5,14.3,,2025-04-30,
PT10290,06288542,Lawrence,Campbell,M,1969-03-06,Fairhaven,OH,45620,(555) 462-5228,,English,PY07,,68.7,144.4,HTN,2020-01-31,
PT10291,04475827,Elizabeth,Campbell,F,1966-08-21,Lakeview Heights,OH,45510,(555) 486-9663,elizabeth.campbell47@example.com,English,PY05,PRV1136,65.9,177.7,,2022-10-02,
PT10292,03781965,Betty,Santos,F,2009-02-25,Bluestone,OH,45503,(555) 527-6275,betty.santos23@example.com,Spanish,PY04,PRV1107,64.3,151.6,,2024-05-28,
PT10293,02758080,Virginia,McDonald,F,1928-10-24,Ashby Falls,OH,45610,(555) 538-1027,virginia.mcdonald84@example.com,English,PY01,,65.7,131.0,DM,2017-05-20,
PT10294,07745714,Carlos,Gardner,M,2018-05-16,Cedar Ridge,OH,45720,(555) 591-3884,,English,PY05,,38.7,41.9,,2023-01-19,
PT10295,04673937,Barbara,James,F,1971-02-21,Lakeview Heights,OH,45510,(555) 901-7201,barbara.james4@example.com,English,PY03,PRV1138,66.1,235.6,DM,2018-10-03,2025-09-21
PT10296,06090552,Madison,Andrews,F,1967-08-23,Oak Glen,OH,45730,(555) 895-9192,,English,PY04,PRV1128,59.7,93.9,,2020-02-06,2024-01-19
PT10297,05831264,Beverly,Armstrong,F,1936-10-21,Bluestone,OH,45501,(555) 566-9399,beverly.armstrong76@example.com,English,PY02,PRV1128,60.6,135.3,HTN;COPD,2017-07-31,
PT10298,02581409,Susan,Chavez,F,1953-05-06,Cedar Ridge,OH,45720,(555) 578-9845,susan.chavez24@example.com,English,PY01,PRV1127,63.4,140.6,HTN,2024-06-01,
PT10299,00030828,Leila,Simpson,F,1966-07-02,Oak Glen,OH,45730,(555) 455-3938,leila.simpson41@example.com,English,PY06,PRV1126,62.4,195.1,DM,2022-08-10,
PT10300,09849286,Virginia,Campbell,F,1989-08-06,Riverbend,OH,45545,(555) 455-0735,virginia.campbell86@example.com,English,PY06,PRV1140,63.4,209.5,,2008-02-22,
PT10301,08793396,Fatima,Pena,F,1975-12-14,Ashby Falls,OH,45610,(555) 657-7520,,English,PY03,PRV1131,60.2,119.7,HTN,2017-07-15,
PT10302,04602138,Grace,Green,F,1996-07-15,Bluestone,OH,45501,(555) 947-4357,grace.green73@example.com,English,PY04,PRV1140,67.6,202.9,,2021-04-24,
PT10303,05003613,Sara,Ramos,F,1977-12-18,Lakeview Heights,OH,45510,(555) 875-0267,,Arabic,PY04,PRV1130,64.7,148.6,HTN,2022-04-02,
PT10304,00049359,Robert,Richards,M,1954-11-03,Riverbend,OH,45545,(555) 559-8984,robert.richards78@example.com,Spanish,PY01,PRV1127,69.8,268.8,HTN,2024-01-31,
PT10305,02457555,Carlos,Sanchez,M,1971-10-07,Bluestone,OH,45501,(555) 710-0781,carlos.sanchez84@example.com,English,PY03,PRV1131,69.1,202.9,,2015-01-03,
PT10306,04823186,Alice,Long,F,1958-06-09,Riverbend,OH,45545,(555) 379-8167,,Vietnamese,PY02,PRV1133,60.9,177.8,PSYCH,2017-01-15,
PT10307,08286290,Andrea,Marshall,F,1959-06-07,Pine Hollow,OH,45640,(555) 258-8124,,English,PY01,PRV1127,63.0,164.2,HTN;COPD;OA,2015-07-06,
PT10308,02217215,Grace,Chavez,F,1963-11-14,Bluestone,OH,45502,(555) 682-5793,grace.chavez22@example.com,English,PY03,PRV1137,65.2,182.5,,2019-12-02,
PT10309,08803845,Douglas,Spencer,M,1966-12-03,Millbrook,OH,45530,(555) 541-9357,douglas.spencer36@example.com,English,PY04,PRV1128,70.5,260.7,,2023-12-02,
PT10310,02605996,Wei,Kelly,M,2025-06-03,Bluestone,OH,45503,(555) 279-7652,,English,PY04,PRV1104,22.8,12.6,,2024-04-23,
PT10311,00621699,Elizabeth,Weaver,F,1981-12-27,Bluestone,OH,45503,(555) 319-2431,elizabeth.weaver84@example.com,Mandarin,PY03,PRV1124,63.6,193.7,,2024-08-05,
PT10312,06265337,Jean,Davis,F,1991-01-11,Bluestone,OH,45502,(555) 692-3169,,Spanish,PY05,PRV1129,67.4,137.5,,2019-08-26,
PT10313,08202657,Marilyn,Contreras,F,1967-01-09,Lakeview Heights,OH,45510,(555) 562-9374,,Russian,PY01,PRV1131,65.4,128.9,,2023-09-22,
PT10314,06336991,Emma,Moreno,F,1949-12-17,Bluestone,OH,45501,(555) 516-1335,emma.moreno83@example.com,English,PY02,PRV1126,64.4,136.8,HTN,2012-05-05,
PT10315,00046977,Amber,Andrews,F,1947-04-14,Cedar Ridge,OH,45720,(555) 634-4324,,English,PY02,PRV1124,65.9,217.4,,2013-10-15,
PT10316,08526555,Lucas,Campbell,M,1954-10-24,Pine Hollow,OH,45640,(555) 677-1681,lucas.campbell27@example.com,English,PY02,PRV1129,70.4,193.3,,2020-06-27,
PT10317,02695628,Helen,Johnson,F,1994-10-20,Bluestone,OH,45503,(555) 666-7948,helen.johnson86@example.com,English,PY05,PRV1132,63.6,162.4,DM;PSYCH,2010-06-07,
PT10318,07387038,Nicole,Schmidt,F,1990-09-23,Cedar Ridge,OH,45720,(555) 857-2054,nicole.schmidt64@example.com,English,PY06,PRV1126,62.8,183.2,DM,2008-06-27,
PT10319,08800568,Karen,Chavez,F,1933-10-20,Ashby Falls,OH,45610,(555) 249-7450,karen.chavez31@example.com,English,PY01,PRV1135,65.5,228.1,HTN;DM;COPD;CANCER,2021-02-26,
PT10320,08733200,Elizabeth,Simmons,F,1942-09-15,Pine Hollow,OH,45640,(555) 988-4808,elizabeth.simmons87@example.com,English,PY01,PRV1125,68.4,170.9,HTN;DM;PSYCH,2021-06-28,
PT10321,03558332,Brenda,Lopez,F,2022-07-20,Bluestone,OH,45503,(555) 653-2301,,Arabic,PY04,PRV1107,29.3,21.3,,2023-11-26,
PT10322,09111456,Nicole,Kennedy,F,1957-11-02,Riverbend,OH,45545,(555) 608-6152,nicole.kennedy11@example.com,English,PY01,PRV1135,66.2,134.6,DM;HF;ASTHMA;CANCER,2019-11-08,2024-11-10
PT10323,02932229,Martha,Dunn,F,2020-10-14,Oak Glen,OH,45730,(555) 614-5487,,English,PY03,PRV1104,30.3,19.2,,2022-02-12,
PT10324,07152988,Margaret,Silva,F,2010-05-06,Bluestone,OH,45502,(555) 386-4183,,English,PY03,PRV1108,68.5,144.1,,2012-02-27,
PT10325,03331295,Hannah,O'Brien,F,1937-09-17,Bluestone,OH,45503,(555) 404-2678,hannah.obrien46@example.com,English,PY01,PRV1126,66.5,164.6,HTN,2009-05-22,
PT10326,03035082,Sharon,Willis,F,1967-07-17,Ashby Falls,OH,45610,(555) 239-0815,,English,PY05,PRV1125,62.9,215.4,,2008-01-16,
PT10327,06898873,Lisa,Rose,F,1948-09-11,Bluestone,OH,45501,(555) 828-8940,lisa.rose47@example.com,English,PY04,PRV1127,62.5,152.4,HTN;HF,2023-09-10,
PT10328,00893002,Helen,Elliott,F,1973-03-04,Granite Springs,OH,45750,(555) 834-3931,helen.elliott87@example.com,Spanish,PY04,PRV1135,62.8,135.1,DM,2017-06-30,
PT10329,05547556,Gloria,Ford,F,1977-03-15,Bluestone,OH,45501,(555) 389-4675,,English,PY01,PRV1130,59.5,118.4,HTN,2021-05-04,
PT10330,00881367,Amy,Duncan,F,1972-03-19,Riverbend,OH,45545,(555) 435-1119,amy.duncan52@example.com,English,PY05,PRV1128,68.9,214.2,,2024-01-25,
PT10331,01715298,Olivia,Webb,F,1958-06-03,Lakeview Heights,OH,45510,(555) 800-9787,olivia.webb19@example.com,English,PY01,PRV1136,60.9,169.0,HTN,2018-11-30,
PT10332,05548316,Christian,Hughes,M,1952-01-23,Cedar Ridge,OH,45720,(555) 957-2011,christian.hughes56@example.com,Spanish,PY01,PRV1133,73.7,151.8,HTN;DM;AFIB,2018-04-16,
PT10333,09580128,Betty,Matthews,F,1947-02-09,Bluestone,OH,45503,(555) 315-1691,,Mandarin,PY01,PRV1134,66.6,189.6,HTN,2019-07-14,
PT10334,09516979,Roger,Snyder,M,1957-05-25,Bluestone,OH,45501,(555) 570-1063,roger.snyder41@example.com,English,PY02,PRV1129,65.2,199.8,HTN;ASTHMA,2009-11-22,
PT10335,06631093,Samantha,Santos,F,1955-05-30,Riverbend,OH,45545,(555) 335-2141,samantha.santos92@example.com,Somali,PY01,PRV1126,60.6,86.1,HTN;OA,2021-01-04,
PT10336,06955109,Amina,Bell,F,1941-09-21,Bluestone,OH,45503,(555) 395-3278,,English,PY01,PRV1138,67.9,213.3,HTN,2024-04-08,
PT10337,00876828,Kyle,Castro,M,1935-02-08,Oak Glen,OH,45730,(555) 989-3609,kyle.castro37@example.com,English,PY03,PRV1128,70.7,218.5,HTN;OA,2014-12-28,
PT10338,04854720,David,Graham,M,1948-10-28,Ashby Falls,OH,45610,(555) 258-4308,david.graham38@example.com,English,PY01,PRV1126,69.6,213.4,DM;COPD;CANCER,2023-02-27,
PT10339,09549904,Joe,Olson,M,1996-09-11,Bluestone,OH,45503,(555) 867-0697,,English,PY04,PRV1131,70.1,130.1,,2019-03-05,
PT10340,08602948,Paul,Kelly,M,2007-12-14,Pine Hollow,OH,45640,(555) 353-5255,,English,PY05,PRV1125,73.6,313.8,,2008-03-08,
PT10341,00639494,Betty,Robertson,F,1985-01-21,Bluestone,OH,45503,(555) 814-3199,betty.robertson75@example.com,English,PY04,PRV1132,64.1,183.0,HTN,2008-08-18,
PT10342,06078832,Kathleen,Richards,F,1978-08-19,Cedar Ridge,OH,45720,(555) 513-0291,,Spanish,PY05,PRV1140,60.9,156.8,,2021-08-09,
PT10343,05552424,Logan,James,M,1965-04-25,Riverbend,OH,45545,(555) 331-5049,logan.james87@example.com,Spanish,PY07,PRV1132,71.5,168.9,,2024-07-11,
PT10344,02252690,Susan,Knight,F,1969-09-10,Millbrook,OH,45530,(555) 632-9323,,English,PY04,PRV1132,63.7,160.9,,2017-07-29,
PT10345,05997002,Emily,Lindqvist,F,1933-08-13,Fairhaven,OH,45620,(555) 789-9151,emily.lindqvist51@example.com,English,PY01,PRV1135,63.5,144.2,AFIB,2019-09-18,
PT10346,09463933,Donald,Burns,M,1930-11-24,Bluestone,OH,45502,(555) 362-2609,,English,PY02,,73.8,195.5,HTN;AFIB;CKD,2023-06-26,
PT10347,09935129,Mei,Hernandez,F,1935-12-07,Bluestone,OH,45503,(555) 798-5148,mei.hernandez98@example.com,English,PY02,PRV1131,63.2,157.9,HTN;COPD;CANCER,2011-06-23,
PT10348,00010379,Leila,Moreno,F,1979-09-03,Oak Glen,OH,45730,(555) 257-5513,leila.moreno50@example.com,English,PY05,PRV1135,61.6,145.8,,2022-07-06,
PT10349,07763790,Abigail,Ramos,F,1964-09-27,Bluestone,OH,45503,(555) 696-2760,,English,PY03,PRV1136,66.1,197.3,,2020-03-20,
PT10350,02492694,Christine,Gonzales,F,2001-12-28,Bluestone,OH,45503,(555) 792-8468,,English,PY06,PRV1131,62.0,221.5,,2013-08-09,
PT10351,09027798,Bradley,Pierce,M,1926-08-28,Millbrook,OH,45530,(555) 763-0931,bradley.pierce73@example.com,English,PY01,PRV1137,68.2,149.5,HTN;AFIB,2015-01-17,
PT10352,02674886,Brittany,Reyes,F,1926-04-04,Ashby Falls,OH,45610,(555) 808-0043,,English,PY01,PRV1128,61.3,159.0,DM;HF;COPD,2017-07-19,2024-12-24
PT10353,09999578,Gabriel,Hudson,M,1933-05-03,Bluestone,OH,45503,(555) 329-5641,,English,PY01,PRV1124,70.8,247.7,HF,2020-01-15,
PT10354,05766438,Christian,Bradley,M,2005-08-01,Lakeview Heights,OH,45510,(555) 901-7787,,English,PY05,PRV1139,69.5,242.2,,2009-10-12,
PT10355,03026415,Lori,Clark,F,1995-05-04,Riverbend,OH,45545,(555) 308-1506,,English,PY03,,64.8,200.6,,2024-04-10,
PT10356,00376608,Nicole,Robertson,F,1960-04-22,Bluestone,OH,45503,(555) 598-8018,nicole.robertson69@example.com,English,PY01,PRV1127,67.5,242.3,HTN;CKD,2020-04-03,
PT10357,04700829,Jose,Castillo,M,1988-06-16,Cedar Ridge,OH,45720,(555) 579-7315,jose.castillo46@example.com,English,PY04,PRV1138,65.9,172.1,,2023-01-21,
PT10358,07177807,Jonathan,Cunningham,M,2021-08-14,Bluestone,OH,45501,(555) 798-0800,,English,PY03,PRV1105,28.2,18.4,,2024-08-03,
PT10359,08444701,Aaliyah,Hamilton,F,2021-12-13,Bluestone,OH,45501,(555) 731-1577,,English,PY06,PRV1104,32.0,26.0,,2021-12-23,
PT10360,00917213,Henry,Sandoval,M,1955-04-24,Bluestone,OH,45501,(555) 631-6945,henry.sandoval32@example.com,English,PY02,PRV1131,67.7,221.8,,2020-10-19,
PT10361,06395098,Cynthia,Ruiz,F,1978-01-12,Oak Glen,OH,45730,(555) 879-3680,cynthia.ruiz43@example.com,English,PY05,PRV1134,63.9,216.9,,2010-01-04,
PT10362,08846851,Peter,Cooper,M,1968-08-10,Bluestone,OH,45502,(555) 526-6111,peter.cooper99@example.com,English,PY03,PRV1127,70.0,216.9,,2023-04-24,
PT10363,06892433,Alexander,Roberts,M,2023-09-08,Oak Glen,OH,45730,(555) 585-3562,,English,PY04,PRV1108,28.2,19.9,,2023-10-16,
PT10364,01623862,Joyce,Collins,F,1958-09-04,Bluestone,OH,45501,(555) 457-5992,joyce.collins61@example.com,English,PY01,PRV1130,61.4,171.7,HTN;DM;AFIB,2015-12-05,
PT10365,05728292,Douglas,Woods,M,1995-03-30,Bluestone,OH,45502,(555) 268-6333,,English,PY05,PRV1131,70.6,220.2,,2012-01-10,
PT10366,08695005,Mason,Baker,M,1998-08-24,Millbrook,OH,45530,(555) 497-9481,,English,PY04,PRV1133,71.5,161.8,PSYCH;SEIZURE,2023-02-28,
PT10367,04736204,Walter,Riley,M,1939-03-22,Lakeview Heights,OH,45510,(555) 671-6780,walter.riley44@example.com,English,PY01,PRV1138,64.6,196.8,HTN,2010-06-10,
PT10368,08339434,Lisa,Fisher,F,1956-03-06,Lakeview Heights,OH,45510,(555) 354-4869,lisa.fisher37@example.com,English,PY02,PRV1139,67.4,206.9,HTN;SEIZURE,2023-05-31,
PT10369,03298101,Victoria,Hunt,F,1948-06-10,Ashby Falls,OH,45610,(555) 337-2268,victoria.hunt70@example.com,English,PY01,PRV1135,57.5,140.6,DM;OA,2019-05-23,
PT10370,00488396,Justin,Ryan,M,1960-09-17,Millbrook,OH,45530,(555) 269-1643,justin.ryan19@example.com,English,PY01,PRV1127,68.1,233.9,HTN;OA,2015-04-04,
PT10371,03542611,Philip,Simmons,M,1989-05-31,Bluestone,OH,45501,(555) 767-2572,,English,PY05,,67.2,195.3,,2013-07-09,
PT10372,02979992,Christopher,Henderson,M,1930-08-22,Lakeview Heights,OH,45510,(555) 443-5601,christopher.henderson19@example.com,English,PY01,PRV1126,66.1,201.2,HTN,2014-06-07,
PT10373,03933368,Shirley,Osei,F,1992-09-28,Bluestone,OH,45502,(555) 550-1357,shirley.osei40@example.com,English,PY05,PRV1136,65.3,178.3,,2019-02-03,
PT10374,03616124,Ava,Reynolds,F,1961-04-16,Lakeview Heights,OH,45510,(555) 482-7622,ava.reynolds57@example.com,Spanish,PY06,PRV1140,62.6,191.1,,2018-01-31,
PT10375,00731831,Terry,Romero,M,1956-07-19,Bluestone,OH,45503,(555) 281-2252,terry.romero45@example.com,English,PY01,PRV1140,65.6,171.5,COPD;CKD,2012-01-11,
PT10376,08459414,Robert,Murphy,M,1934-11-04,Bluestone,OH,45502,(555) 586-3805,robert.murphy95@example.com,Spanish,PY02,PRV1131,63.3,134.9,HTN,2021-11-27,
PT10377,09608379,Jessica,Foster,F,1992-02-16,Ashby Falls,OH,45610,(555) 889-2344,,English,PY03,PRV1134,62.9,180.7,,2019-01-08,
PT10378,04494376,Scott,Shaw,M,1953-06-19,Bluestone,OH,45503,(555) 978-0630,scott.shaw27@example.com,English,PY01,PRV1133,66.6,146.5,,2020-07-26,
PT10379,06833735,Isabella,Ray,F,1994-06-28,Bluestone,OH,45502,(555) 937-7350,,English,PY06,,62.1,168.5,,2023-01-09,
PT10380,09063665,Lucia,Sandoval,F,1988-09-30,Bluestone,OH,45502,(555) 544-5607,lucia.sandoval18@example.com,English,PY06,PRV1130,64.1,176.3,,2024-05-24,
PT10381,01427262,Natalie,Flores,F,1954-10-13,Oak Glen,OH,45730,(555) 480-6531,,English,PY02,PRV1134,65.3,209.9,HTN;OA,2022-08-05,2025-02-12
PT10382,09370273,Larry,Hernandez,M,2023-02-11,Cedar Ridge,OH,45720,(555) 705-5790,,Spanish,PY07,PRV1105,27.1,18.0,,2024-01-01,
PT10383,06196915,Kathryn,Ruiz,F,1943-10-08,Bluestone,OH,45501,(555) 433-0359,kathryn.ruiz4@example.com,English,PY02,PRV1129,64.9,240.5,DM;AFIB;OA,2015-07-02,
PT10384,04319243,Janice,Bryant,F,1948-11-23,Granite Springs,OH,45750,(555) 814-2657,janice.bryant37@example.com,English,PY03,PRV1127,64.4,212.9,HTN,2010-10-04,
PT10385,06188586,Dylan,Smith,M,1980-08-05,Pine Hollow,OH,45640,(555) 466-3923,dylan.smith38@example.com,Mandarin,PY06,PRV1127,68.8,225.8,HTN;PSYCH,2015-12-23,
PT10386,05206088,Ruth,Bailey,F,2022-01-16,Fairhaven,OH,45620,(555) 837-4471,,English,PY05,,24.9,13.3,,2023-09-30,
PT10387,06751212,Doris,Black,F,1934-02-19,Granite Springs,OH,45750,(555) 680-0490,,English,PY03,PRV1124,62.9,165.0,HF;AFIB,2018-06-01,
PT10388,08002972,Liam,Riley,M,1939-04-01,Bluestone,OH,45503,(555) 492-4370,liam.riley52@example.com,English,PY01,PRV1138,70.0,299.6,,2014-05-15,
PT10389,09378606,Sandra,Alvarez,F,1950-10-14,Cedar Ridge,OH,45720,(555) 257-2307,sandra.alvarez70@example.com,English,PY02,PRV1133,63.6,194.1,HTN;AFIB;OA,2019-07-18,
PT10390,07315735,Lori,Knight,F,1947-07-03,Millbrook,OH,45530,(555) 761-9743,lori.knight90@example.com,English,PY01,PRV1124,60.9,227.3,AFIB;OA,2020-05-09,
PT10391,09675592,Jason,Parker,M,1999-06-04,Lakeview Heights,OH,45510,(555) 883-4267,jason.parker93@example.com,English,PY05,PRV1133,65.0,219.7,,2015-05-06,
PT10392,01052980,Diane,Snyder,F,2003-06-20,Bluestone,OH,45501,(555) 230-2031,diane.snyder81@example.com,English,PY03,PRV1129,63.5,170.9,PSYCH;ETOH,2017-08-01,
PT10393,09963775,Leila,Robertson,F,1947-11-02,Bluestone,OH,45501,(555) 923-8242,,English,PY01,PRV1126,65.7,202.4,SEIZURE,2016-12-24,
PT10394,07298291,Heather,Schmidt,F,2005-11-15,Bluestone,OH,45503,(555) 624-4651,,English,PY03,PRV1132,60.2,168.6,,2024-10-26,
PT10395,03470651,Steven,Petrov,M,1950-05-31,Fairhaven,OH,45620,(555) 360-7665,steven.petrov50@example.com,English,PY02,PRV1137,68.8,197.0,HTN;DM;OA,2018-10-15,
PT10396,02413493,Jerry,Ward,M,1975-11-06,Bluestone,OH,45503,(555) 944-2251,jerry.ward69@example.com,English,PY04,PRV1138,71.6,185.0,,2022-01-23,
PT10397,00503245,Walter,Andrews,M,1993-10-30,Lakeview Heights,OH,45510,(555) 691-3156,,English,PY05,,71.9,182.9,,2023-11-15,
PT10398,08824491,Katherine,Gonzales,F,1950-10-22,Granite Springs,OH,45750,(555) 882-3340,katherine.gonzales81@example.com,English,PY01,PRV1130,63.5,188.8,DM;HF;ETOH;SEIZURE,2011-09-12,
PT10399,03718040,Julie,Peterson,F,1987-03-11,Bluestone,OH,45503,(555) 353-2100,,English,PY05,PRV1131,60.8,152.7,DM,2020-09-05,
PT10400,04148795,Olivia,Perkins,F,1951-08-04,Pine Hollow,OH,45640,(555) 553-9698,olivia.perkins99@example.com,English,PY02,PRV1131,64.9,183.2,CKD,2022-10-28,
PT10401,05402083,Randy,Adams,M,1999-08-03,Ashby Falls,OH,45610,(555) 652-7648,randy.adams77@example.com,English,PY03,PRV1127,70.5,228.9,ASTHMA,2019-10-14,
PT10402,02732461,Gabriel,Clark,M,1985-05-27,Bluestone,OH,45503,(555) 468-5859,gabriel.clark99@example.com,English,PY05,PRV1128,73.0,141.3,,2023-11-09,
PT10403,00625915,Tyler,Parker,M,1954-12-28,Pine Hollow,OH,45640,(555) 627-3779,tyler.parker54@example.com,English,PY01,PRV1132,67.1,255.6,DM;AFIB;CANCER,2022-09-01,
PT10404,00277257,Andrew,Alvarez,M,1982-10-03,Millbrook,OH,45530,(555) 632-1857,andrew.alvarez51@example.com,English,PY04,PRV1129,64.1,211.7,,2023-03-30,
PT10405,00566598,Mia,Salazar,F,1954-02-13,Bluestone,OH,45502,(555) 943-5908,mia.salazar38@example.com,English,PY02,PRV1140,65.8,221.1,CKD;PSYCH,2017-02-28,
PT10406,07454540,Dorothy,Chen,F,1984-01-09,Lakeview Heights,OH,45510,(555) 774-9017,dorothy.chen97@example.com,English,PY05,PRV1131,64.2,157.5,HTN,2013-08-19,
PT10407,07599085,Ann,Pierce,F,1930-10-30,Bluestone,OH,45501,(555) 439-0601,,English,PY01,PRV1133,65.2,173.5,HTN;CANCER,2020-05-29,
PT10408,00406003,Virginia,Watson,F,2004-02-20,Bluestone,OH,45501,(555) 747-3858,,English,PY03,PRV1138,64.7,218.1,PSYCH,2023-05-31,
PT10409,03584527,Grace,Bryant,F,1944-04-12,Lakeview Heights,OH,45510,(555) 934-5686,grace.bryant37@example.com,English,PY01,PRV1136,66.5,255.9,HTN;AFIB,2009-08-18,
PT10410,02133921,Marie,Brooks,F,1944-07-16,Bluestone,OH,45503,(555) 675-9241,marie.brooks71@example.com,English,PY01,PRV1135,67.0,146.1,HTN,2012-03-20,
PT10411,04307434,Heather,Perkins,F,1948-02-08,Cedar Ridge,OH,45720,(555) 232-0448,heather.perkins5@example.com,English,PY01,PRV1125,64.0,128.1,DM;CKD,2020-01-23,
PT10412,04645556,Aaliyah,Mendoza,F,1973-05-17,Bluestone,OH,45501,(555) 437-4469,,English,PY07,PRV1132,67.2,166.0,OA,2009-03-03,
PT10413,00254573,Janice,Miller,F,1977-11-30,Millbrook,OH,45530,(555) 870-1034,janice.miller49@example.com,English,PY07,PRV1137,67.8,134.6,HTN;COPD,2022-02-28,
PT10414,08300196,Mark,Jenkins,M,1995-06-11,Millbrook,OH,45530,(555) 261-8605,mark.jenkins87@example.com,English,PY05,PRV1133,68.7,188.0,,2014-12-19,
PT10415,06852091,Nicole,Marshall,F,2014-07-14,Bluestone,OH,45502,(555) 754-0098,,English,PY04,PRV1108,45.4,65.0,,2016-06-05,
PT10416,04372929,Justin,Wagner,M,1974-11-04,Bluestone,OH,45501,(555) 269-0189,justin.wagner51@example.com,English,PY07,PRV1135,66.5,131.1,,2023-05-10,
PT10417,03276712,Janice,Arnold,F,1956-07-19,Millbrook,OH,45530,(555) 921-3179,,English,PY02,PRV1125,60.3,216.3,COPD,2021-07-30,
PT10418,06763410,Zachary,Stephens,M,2024-05-16,Millbrook,OH,45530,(555) 972-1254,,Spanish,PY03,PRV1106,21.0,15.0,,2024-03-11,
PT10419,07279024,Janice,Haddad,F,1958-09-02,Bluestone,OH,45502,(555) 792-3460,,English,PY01,PRV1125,61.3,146.5,HTN;DM,2016-06-09,
PT10420,04811155,Roy,Osei,M,1961-03-22,Bluestone,OH,45503,(555) 597-3811,roy.osei61@example.com,English,PY05,PRV1140,68.9,168.6,DM;COPD,2009-01-12,
PT10421,04700853,Tyler,Johnston,M,1979-01-02,Lakeview Heights,OH,45510,(555) 765-8764,tyler.johnston59@example.com,English,PY05,PRV1135,63.7,194.4,,2009-06-25,
PT10422,00103427,Kenneth,Daniels,M,1946-10-11,Cedar Ridge,OH,45720,(555) 373-2969,kenneth.daniels49@example.com,English,PY01,PRV1131,69.3,289.8,HTN;DM,2021-07-12,
PT10423,08937253,Ava,Harrison,F,1953-05-25,Riverbend,OH,45545,(555) 397-5928,ava.harrison87@example.com,English,PY02,PRV1137,63.1,101.4,HTN;DM,2024-09-20,
PT10424,08163756,Olivia,Mendez,F,1999-07-21,Lakeview Heights,OH,45510,(555) 376-5508,olivia.mendez16@example.com,English,PY07,PRV1137,65.3,245.3,,2021-07-02,
PT10425,06118886,Samantha,Okafor,F,1970-09-12,Fairhaven,OH,45620,(555) 647-9345,,Spanish,PY07,PRV1134,63.4,233.6,HTN,2011-07-14,
PT10426,01031996,Gloria,Ortiz,F,1977-12-21,Bluestone,OH,45501,(555) 386-2532,gloria.ortiz18@example.com,English,PY03,PRV1129,62.9,153.6,PSYCH,2024-03-25,
PT10427,05957615,Jessica,West,F,2006-11-24,Lakeview Heights,OH,45510,(555) 295-5466,,Spanish,PY06,PRV1133,64.1,156.6,,2021-07-17,
PT10428,04170841,Frank,Bradley,M,1960-03-03,Bluestone,OH,45502,(555) 534-2634,frank.bradley71@example.com,English,PY01,PRV1124,76.1,276.5,OA,2017-05-27,
PT10429,04747553,Evelyn,Palmer,F,1949-07-27,Pine Hollow,OH,45640,(555) 740-2837,,English,PY02,PRV1138,62.6,177.3,DM;HF;COPD;OA,2013-10-05,
PT10430,07815740,Roy,Richardson,M,1995-04-03,Pine Hollow,OH,45640,(555) 634-0281,roy.richardson85@example.com,English,PY03,PRV1134,68.3,135.9,,2016-02-09,
PT10431,02067674,Nicole,Barnes,F,1957-02-20,Cedar Ridge,OH,45720,(555) 465-3198,nicole.barnes82@example.com,Arabic,PY01,PRV1139,63.2,170.0,HTN,2023-07-18,
PT10432,09847034,Amanda,Webb,F,1949-03-04,Lakeview Heights,OH,45510,(555) 392-8949,amanda.webb58@example.com,English,PY01,PRV1128,63.2,149.6,DM,2021-08-10,
PT10433,01381134,Terry,Hughes,M,1980-10-01,Millbrook,OH,45530,(555) 282-6369,terry.hughes62@example.com,English,PY05,PRV1140,66.4,168.7,HTN;ETOH,2012-12-30,
PT10434,03907009,Aaron,Yilmaz,M,1949-05-17,Pine Hollow,OH,45640,(555) 547-9682,,English,PY03,PRV1132,70.0,160.5,HTN,2023-12-02,
PT10435,06726641,Ruth,Scott,F,1974-03-16,Fairhaven,OH,45620,(555) 462-4335,ruth.scott72@example.com,English,PY05,PRV1129,64.6,179.6,DM,2013-08-10,
PT10436,00145898,Jordan,Fisher,M,1995-06-20,Millbrook,OH,45530,(555) 439-0726,jordan.fisher9@example.com,English,PY06,PRV1133,71.0,192.3,,2010-09-20,
PT10437,06164351,Angela,Gibson,F,1992-05-05,Bluestone,OH,45501,(555) 781-9217,,English,PY07,PRV1129,62.6,151.4,,2011-05-28,
PT10438,03646033,Douglas,Freeman,M,2002-11-05,Cedar Ridge,OH,45720,(555) 415-7685,,English,PY04,PRV1127,71.4,166.1,ASTHMA,2015-10-05,
PT10439,02411071,Arthur,Hart,M,2017-12-24,Pine Hollow,OH,45640,(555) 689-8243,,English,PY03,PRV1105,42.8,54.3,,2022-03-06,
PT10440,01789043,Michelle,Lee,F,1949-01-02,Bluestone,OH,45502,(555) 875-6581,,English,PY01,PRV1130,60.1,152.3,HF;AFIB,2015-05-19,
PT10441,02708582,Kenneth,Hunt,M,1958-03-11,Bluestone,OH,45501,(555) 419-4835,,Mandarin,PY02,PRV1137,66.2,239.2,HTN;CANCER,2014-05-28,2024-10-28
PT10442,07176352,Gloria,Kelley,F,1979-11-16,Bluestone,OH,45503,(555) 645-5292,gloria.kelley40@example.com,English,PY06,PRV1134,62.3,91.2,,2010-08-03,
PT10443,08334187,Katherine,Johnston,F,1957-12-18,Lakeview Heights,OH,45510,(555) 775-0310,katherine.johnston98@example.com,English,PY02,PRV1128,68.5,163.6,OA,2019-04-27,
PT10444,08425893,Elizabeth,Okafor,F,1953-07-11,Lakeview Heights,OH,45510,(555) 325-5690,elizabeth.okafor2@example.com,English,PY01,PRV1137,64.9,155.9,HTN;DM;COPD;CKD;OA,2023-10-12,
PT10445,09325587,Beverly,Rodriguez,F,1966-12-12,Millbrook,OH,45530,(555) 454-0170,beverly.rodriguez88@example.com,English,PY06,PRV1138,62.9,206.5,,2017-09-11,
PT10446,01293334,Isabella,Bryant,F,1978-03-27,Millbrook,OH,45530,(555) 331-1913,isabella.bryant30@example.com,English,PY07,PRV1128,60.6,160.4,,2021-05-31,
PT10447,06717213,Brian,Watson,M,2019-03-18,Bluestone,OH,45501,(555) 919-6850,,English,PY05,PRV1105,31.3,26.3,,2024-02-22,
PT10448,03678052,Victoria,Haddad,F,1975-02-25,Ashby Falls,OH,45610,(555) 941-2876,,English,PY06,PRV1125,67.6,232.6,,2012-09-24,
PT10449,04854785,Diane,Ellis,F,1967-06-08,Cedar Ridge,OH,45720,(555) 883-5272,diane.ellis16@example.com,English,PY05,PRV1131,61.4,155.9,DM,2009-12-23,
PT10450,06279242,Fatima,Wagner,F,1958-04-08,Millbrook,OH,45530,(555) 321-5332,fatima.wagner94@example.com,English,PY01,PRV1128,62.0,201.9,HTN;COPD,2017-10-18,
PT10451,05760460,Deborah,Reyes,F,1936-09-01,Oak Glen,OH,45730,(555) 441-6981,deborah.reyes74@example.com,English,PY02,PRV1140,63.9,236.4,HTN;COPD,2009-03-31,
PT10452,04435439,Karen,Crawford,F,1947-06-21,Bluestone,OH,45501,(555) 745-0396,,English,PY01,PRV1130,60.2,131.0,HTN;DM;COPD;CKD;ETOH,2016-05-24,
PT10453,01613372,Samuel,Bell,M,1977-01-15,Bluestone,OH,45502,(555) 361-5408,,English,PY03,PRV1135,67.1,203.1,PSYCH,2015-12-13,
PT10454,03251489,Daniel,Gonzales,M,1926-01-30,Bluestone,OH,45501,(555) 613-7739,,English,PY01,PRV1133,71.8,126.2,HTN;COPD,2009-11-01,
PT10455,03079859,Teresa,Reynolds,F,1971-08-22,Pine Hollow,OH,45640,(555) 872-5219,,English,PY05,PRV1132,62.6,157.4,HTN;OA,2023-03-28,
PT10456,04702454,Amina,Knight,F,1980-01-20,Ashby Falls,OH,45610,(555) 500-8604,amina.knight8@example.com,English,PY03,PRV1132,64.3,181.9,,2020-10-23,
PT10457,02946154,David,Yilmaz,M,2007-07-15,Millbrook,OH,45530,(555) 561-0898,david.yilmaz56@example.com,English,PY04,PRV1135,74.0,226.0,,2022-10-03,
PT10458,05400291,Kayla,Moreno,F,1987-07-31,Bluestone,OH,45501,(555) 486-2188,kayla.moreno58@example.com,English,PY04,PRV1125,64.4,146.4,,2013-07-09,
PT10459,04482309,Juan,Wallace,M,1970-07-28,Bluestone,OH,45501,(555) 987-0263,,English,PY03,PRV1124,71.0,202.5,HTN,2023-09-30,
PT10460,00685993,Evelyn,Hart,F,1965-03-30,Oak Glen,OH,45730,(555) 341-1673,evelyn.hart65@example.com,English,PY04,PRV1133,65.4,164.8,CKD,2017-01-29,
PT10461,08913588,Brian,Parker,M,1960-03-22,Oak Glen,OH,45730,(555) 850-8971,brian.parker84@example.com,English,PY01,PRV1134,68.4,191.4,ETOH,2014-08-11,
PT10462,09140043,Kelly,Alvarez,F,2015-01-19,Bluestone,OH,45502,(555) 503-6240,,Spanish,PY06,PRV1105,46.5,73.3,,2019-12-19,
PT10463,09504842,Donna,Owens,F,1941-01-24,Oak Glen,OH,45730,(555) 818-2862,,English,PY02,PRV1137,67.6,226.2,HTN;PSYCH,2020-06-24,
PT10464,03319123,Alexander,Santos,M,1979-04-08,Lakeview Heights,OH,45510,(555) 792-1910,alexander.santos1@example.com,English,PY05,PRV1125,71.2,248.6,,2018-08-02,
PT10465,07295772,Patrick,Peterson,M,1947-06-14,Bluestone,OH,45501,(555) 793-2985,patrick.peterson36@example.com,English,PY01,PRV1137,71.0,295.6,HTN;HF;AFIB;CKD,2008-12-03,
PT10466,06332404,Jordan,Cunningham,M,1926-11-09,Bluestone,OH,45503,(555) 708-9416,jordan.cunningham87@example.com,English,PY01,,76.0,248.0,DM;AFIB;OA,2023-10-04,
PT10467,03361133,Alan,Gray,M,1999-03-25,Bluestone,OH,45502,(555) 744-5970,alan.gray68@example.com,English,PY06,PRV1134,67.2,233.5,,2023-04-23,
PT10468,01334074,Rebecca,Robinson,F,1959-12-19,Bluestone,OH,45502,(555) 488-9927,rebecca.robinson50@example.com,English,PY01,PRV1138,68.0,195.6,DM;CKD,2024-04-04,
PT10469,05968604,Isabella,Sanchez,F,1960-07-18,Bluestone,OH,45502,(555) 321-4045,isabella.sanchez49@example.com,English,PY01,PRV1132,61.9,120.6,HTN,2019-05-29,
PT10470,04149152,Victoria,Walker,F,2023-06-02,Bluestone,OH,45503,(555) 846-1224,,English,PY03,PRV1108,25.2,15.9,,2024-01-08,
PT10471,04050955,Terry,Berry,M,1961-06-25,Granite Springs,OH,45750,(555) 466-0664,terry.berry55@example.com,English,PY05,PRV1126,67.6,168.5,HTN;COPD,2024-02-03,
PT10472,04147047,Matthew,Rodriguez,M,1955-05-16,Millbrook,OH,45530,(555) 490-4461,,English,PY01,PRV1136,66.4,126.1,HTN;HF;COPD,2021-09-26,
PT10473,02665576,Heather,Crawford,F,1954-06-18,Oak Glen,OH,45730,(555) 673-4554,,English,PY03,PRV1139,64.7,137.3,HTN;DM;CKD,2012-10-28,
PT10474,02719487,Samantha,Lane,F,1974-09-03,Ashby Falls,OH,45610,(555) 743-3735,,English,PY05,PRV1139,66.5,133.2,,2009-10-04,
PT10475,07315843,Christian,Henderson,M,1965-04-26,Cedar Ridge,OH,45720,(555) 346-5577,christian.henderson50@example.com,English,PY06,PRV1135,69.2,177.0,DM,2023-12-20,
PT10476,03919288,Barbara,Kelley,F,1973-07-16,Cedar Ridge,OH,45720,(555) 442-9310,,English,PY03,PRV1130,65.0,170.6,DM;ASTHMA,2020-02-04,
PT10477,00102284,Kimberly,Delgado,F,1981-12-12,Bluestone,OH,45501,(555) 535-9714,,Spanish,PY05,PRV1131,65.7,161.5,HTN,2023-06-21,
PT10478,00526040,Pamela,Berry,F,2014-10-26,Bluestone,OH,45501,(555) 850-8733,,English,PY03,PRV1105,50.2,75.4,,2019-09-18,
PT10479,00249233,Ashley,Munoz,F,2024-11-14,Bluestone,OH,45501,(555) 525-4285,,English,PY03,PRV1105,21.4,11.9,,2024-01-23,
PT10480,05545233,Albert,James,M,2023-07-27,Ashby Falls,OH,45610,(555) 922-6790,,English,PY03,PRV1106,25.8,17.6,,2023-12-29,
PT10481,03444596,Daniel,Coleman,M,1956-02-23,Pine Hollow,OH,45640,(555) 587-5781,daniel.coleman16@example.com,English,PY01,PRV1127,63.4,148.9,,2020-03-05,
PT10482,00305990,Lori,Cook,F,1959-05-24,Bluestone,OH,45503,(555) 654-1189,lori.cook75@example.com,English,PY02,PRV1139,61.2,185.2,,2024-09-12,
PT10483,08955996,Denise,Wells,F,1980-03-11,Lakeview Heights,OH,45510,(555) 765-6595,,Spanish,PY03,PRV1124,63.5,227.3,ASTHMA,2020-04-09,
PT10484,09843086,Jesse,Wright,M,1942-06-17,Bluestone,OH,45501,(555) 733-1855,,Mandarin,PY01,PRV1126,70.1,257.0,,2020-01-10,
PT10485,08577277,Danielle,Herrera,F,1964-03-14,Bluestone,OH,45503,(555) 816-8380,,English,PY06,PRV1129,67.4,238.7,HTN;OA,2010-06-16,
PT10486,00287682,Grace,Allen,F,1953-01-05,Bluestone,OH,45502,(555) 243-4673,grace.allen66@example.com,English,PY02,PRV1126,63.6,154.7,PSYCH,2014-10-10,
PT10487,06712251,Larry,Grant,M,1964-09-14,Bluestone,OH,45501,(555) 457-4975,larry.grant2@example.com,English,PY06,PRV1130,70.3,197.1,HTN,2009-11-16,
PT10488,06604124,Walter,Burns,M,1955-08-20,Bluestone,OH,45503,(555) 635-6025,walter.burns96@example.com,English,PY01,PRV1132,71.1,225.9,ASTHMA,2010-04-06,
PT10489,09862337,Austin,Abdi,M,1941-05-11,Bluestone,OH,45502,(555) 249-9825,,English,PY02,PRV1129,69.7,188.2,HTN;OA,2018-07-02,
PT10490,00627138,Mia,Osei,F,1989-09-15,Bluestone,OH,45503,(555) 527-8695,mia.osei13@example.com,English,PY07,PRV1140,61.4,117.1,,2013-01-18,
PT10491,03314840,Priya,Meyer,F,1967-05-25,Bluestone,OH,45501,(555) 647-7165,priya.meyer27@example.com,English,PY06,PRV1124,63.3,94.2,HTN,2021-11-22,
PT10492,05904753,Doris,Rogers,F,1931-07-09,Ashby Falls,OH,45610,(555) 442-4242,doris.rogers83@example.com,English,PY02,PRV1140,67.2,201.4,OA,2022-10-19,
PT10493,05695559,Robert,Nakamura,M,1971-07-14,Bluestone,OH,45502,(555) 402-2753,robert.nakamura86@example.com,English,PY05,,68.2,201.0,PSYCH,2023-08-07,
PT10494,09430567,Gerald,Kowalski,M,1953-06-08,Oak Glen,OH,45730,(555) 313-1594,gerald.kowalski70@example.com,English,PY01,PRV1130,70.0,119.8,,2023-02-28,
PT10495,09058040,Henry,Bennett,M,1926-12-22,Oak Glen,OH,45730,(555) 323-6003,henry.bennett25@example.com,English,PY01,PRV1135,66.5,232.5,HTN;CKD,2023-12-21,
PT10496,02903331,Ava,Cox,F,1951-06-27,Lakeview Heights,OH,45510,(555) 897-5434,ava.cox78@example.com,English,PY02,PRV1138,65.3,198.5,HTN;CANCER,2023-10-18,
PT10497,08108056,Paul,Kennedy,M,1948-01-12,Ashby Falls,OH,45610,(555) 437-2689,,English,PY02,PRV1132,64.0,166.1,HTN;HF,2014-01-06,
PT10498,03731552,Jeffrey,Gomez,M,1993-05-18,Cedar Ridge,OH,45720,(555) 567-4231,,English,PY04,,67.6,147.2,,2014-05-02,
PT10499,03805033,Jack,Grant,M,1946-07-26,Riverbend,OH,45545,(555) 847-1186,jack.grant12@example.com,English,PY01,PRV1128,68.1,174.0,HTN;DM;CANCER;PSYCH,2022-07-24,
PT10500,01955618,Julie,Hudson,F,1980-12-17,Ashby Falls,OH,45610,(555) 564-8996,julie.hudson25@example.com,English,PY05,PRV1127,64.0,150.5,HTN,2023-12-12,
PT10501,08308962,Julie,Okafor,F,2017-10-15,Bluestone,OH,45501,(555) 891-0943,,English,PY03,,39.7,39.2,,2018-02-13,
PT10502,09504346,Daniel,Wells,M,2006-07-29,Pine Hollow,OH,45640,(555) 468-2249,daniel.wells13@example.com,English,PY07,PRV1139,70.1,153.9,,2015-09-08,
PT10503,00108228,Cheryl,Sanchez,F,1990-03-06,Bluestone,OH,45502,(555) 303-7497,,English,PY03,PRV1125,65.3,203.6,DM;ASTHMA,2016-03-24,
PT10504,05207598,Luis,Ford,M,1952-06-24,Ashby Falls,OH,45610,(555) 791-9134,luis.ford14@example.com,English,PY01,PRV1139,65.1,169.3,HTN,2009-04-19,
PT10505,06122876,Justin,Weaver,M,1990-06-12,Bluestone,OH,45503,(555) 328-2250,justin.weaver6@example.com,Spanish,PY03,PRV1124,74.1,263.3,,2013-08-30,
PT10506,05346998,Larry,Roberts,M,2007-12-16,Cedar Ridge,OH,45720,(555) 324-5945,,English,PY05,PRV1125,67.5,164.4,,2020-05-16,
PT10507,05679128,Carol,Cruz,F,1948-08-12,Bluestone,OH,45503,(555) 326-5093,carol.cruz19@example.com,English,PY01,PRV1133,61.0,140.6,HTN;HF;AFIB,2014-05-05,
PT10508,05612642,Ivan,Washington,M,1957-09-11,Lakeview Heights,OH,45510,(555) 918-9236,ivan.washington54@example.com,English,PY02,PRV1135,70.7,236.1,HTN;COPD;OA,2022-07-17,
PT10509,00817750,Dennis,Henry,M,1983-11-10,Bluestone,OH,45503,(555) 272-1068,dennis.henry34@example.com,English,PY03,PRV1129,70.1,226.1,HTN,2011-01-22,
PT10510,07535176,Wei,Spencer,M,1980-02-13,Cedar Ridge,OH,45720,(555) 932-4835,,English,PY04,PRV1135,73.3,255.0,,2008-08-13,
PT10511,09620447,Shirley,Hart,F,1962-11-26,Bluestone,OH,45503,(555) 315-8591,shirley.hart85@example.com,English,PY06,PRV1137,66.8,124.9,DM,2021-08-10,
PT10512,06543348,Betty,Ramos,F,1970-02-15,Ashby Falls,OH,45610,(555) 669-0583,betty.ramos8@example.com,English,PY03,,62.9,249.4,HTN,2022-05-03,
PT10513,06695347,Ryan,Cooper,M,1972-06-21,Lakeview Heights,OH,45510,(555) 649-8745,,English,PY04,PRV1137,67.6,125.7,DM,2022-11-09,
PT10514,07378135,Melissa,Graham,F,1999-03-23,Bluestone,OH,45501,(555) 770-2635,melissa.graham31@example.com,English,PY05,,60.2,128.5,PSYCH,2013-09-24,
PT10515,00977034,Daniel,Long,M,1973-12-12,Bluestone,OH,45503,(555) 515-0035,daniel.long85@example.com,English,PY05,PRV1133,65.3,180.5,PSYCH,2013-11-23,
PT10516,08008810,Doris,Ramirez,F,1976-12-17,Bluestone,OH,45501,(555) 642-8517,doris.ramirez42@example.com,Mandarin,PY05,PRV1138,66.2,102.8,,2019-08-20,
PT10517,06540715,Kelly,Adams,F,1952-04-27,Millbrook,OH,45530,(555) 546-4486,kelly.adams62@example.com,Spanish,PY04,PRV1137,60.4,156.3,HTN;OA,2022-02-12,
PT10518,02801066,Jordan,Long,M,2005-07-15,Bluestone,OH,45503,(555) 474-3491,jordan.long99@example.com,English,PY03,PRV1133,70.6,161.6,,2016-08-22,
PT10519,06308421,Linh,Riley,F,1952-10-04,Granite Springs,OH,45750,(555) 285-5226,,English,PY02,PRV1136,69.7,195.3,HTN;DM,2016-06-12,
PT10520,08874861,Logan,Bell,M,1952-06-20,Lakeview Heights,OH,45510,(555) 455-1698,logan.bell97@example.com,English,PY02,PRV1130,67.2,157.9,HTN,2015-10-26,
PT10521,05378709,Christine,Carpenter,F,1963-03-01,Riverbend,OH,45545,(555) 582-3738,,English,PY05,PRV1135,65.0,144.1,,2017-09-01,
PT10522,00708364,Ana,Lopez,F,2008-09-01,Bluestone,OH,45503,(555) 562-0075,ana.lopez7@example.com,English,PY04,PRV1105,62.1,114.7,,2022-06-13,
PT10523,02838787,Doris,Abbott,F,1956-04-23,Oak Glen,OH,45730,(555) 788-8315,doris.abbott43@example.com,English,PY01,PRV1131,64.7,175.3,HTN;ASTHMA,2013-02-28,
PT10524,03125249,Cheryl,Murphy,F,1971-06-13,Ashby Falls,OH,45610,(555) 809-5444,cheryl.murphy58@example.com,English,PY05,PRV1131,62.2,148.2,,2020-06-23,
PT10525,07430394,Linda,Cox,F,1951-04-09,Bluestone,OH,45503,(555) 628-6645,linda.cox51@example.com,English,PY02,PRV1127,66.7,177.9,HTN,2013-09-03,
PT10526,05191940,Jack,Nichols,M,1939-03-14,Bluestone,OH,45502,(555) 201-1417,,English,PY02,PRV1124,69.3,286.5,,2021-12-01,
PT10527,00809024,Helen,Munoz,F,1950-06-21,Bluestone,OH,45502,(555) 490-4308,helen.munoz16@example.com,Arabic,PY02,PRV1135,63.5,172.1,HTN;HF;CANCER,2012-05-28,
PT10528,06828964,Susan,Murphy,F,1934-08-05,Bluestone,OH,45503,(555) 267-4188,,English,PY01,PRV1137,61.5,166.9,HTN,2025-05-13,
PT10529,03540232,Marilyn,Martinez,F,1936-06-10,Pine Hollow,OH,45640,(555) 594-8118,marilyn.martinez17@example.com,English,PY01,PRV1135,65.8,105.3,AFIB,2022-11-06,
PT10530,00190484,Anna,Stewart,F,1969-02-20,Lakeview Heights,OH,45510,(555) 987-9161,anna.stewart73@example.com,English,PY04,PRV1129,63.7,133.0,HF,2024-05-11,
PT10531,00859322,Russell,Daniels,M,1990-04-22,Fairhaven,OH,45620,(555) 758-5358,,Spanish,PY07,,76.2,309.5,,2023-05-23,
PT10532,08582059,Nancy,Pierce,F,2003-04-28,Cedar Ridge,OH,45720,(555) 989-5892,nancy.pierce18@example.com,English,PY04,PRV1137,66.6,240.4,,2012-10-05,
PT10533,04956846,Sophia,Sanchez,F,1955-11-14,Lakeview Heights,OH,45510,(555) 236-5203,sophia.sanchez49@example.com,English,PY02,PRV1128,61.2,161.0,ETOH,2010-01-27,
PT10534,08943129,Carl,Marshall,M,1976-01-04,Ashby Falls,OH,45610,(555) 577-5511,carl.marshall76@example.com,English,PY05,PRV1127,76.4,289.2,DM;CANCER,2017-05-07,
PT10535,05675136,Ethan,Watson,M,1951-07-20,Bluestone,OH,45501,(555) 978-3595,ethan.watson45@example.com,English,PY02,PRV1126,65.7,108.3,HTN;AFIB;CKD,2022-06-13,
PT10536,04618432,Billy,Wilson,M,1972-06-06,Pine Hollow,OH,45640,(555) 838-7549,,English,PY04,PRV1135,65.5,147.5,PSYCH;OA,2022-04-27,
PT10537,00310639,Omar,Gray,M,2001-05-17,Cedar Ridge,OH,45720,(555) 454-3861,omar.gray30@example.com,English,PY06,,74.4,237.1,,2015-10-12,
PT10538,02085633,Charles,Carroll,M,1995-01-25,Bluestone,OH,45502,(555) 559-2393,,English,PY05,PRV1140,69.4,164.4,,2016-02-03,
PT10539,02614452,Keith,Rice,M,2013-07-17,Millbrook,OH,45530,(555) 409-0299,,English,PY05,PRV1108,52.5,79.6,,2016-10-31,
PT10540,00388001,Heather,Parker,F,1961-09-22,Bluestone,OH,45503,(555) 260-4618,heather.parker52@example.com,English,PY05,PRV1127,61.6,201.7,CANCER,2022-11-27,
PT10541,02295051,Christopher,Rice,M,1947-06-09,Bluestone,OH,45501,(555) 892-1739,,English,PY01,PRV1124,65.9,178.6,HF,2023-06-08,2024-09-20
PT10542,09222361,Shirley,Osei,F,2005-11-26,Millbrook,OH,45530,(555) 528-9112,shirley.osei61@example.com,English,PY04,PRV1126,62.7,226.8,,2023-03-26,
PT10543,04398670,Mei,Bailey,F,1986-03-18,Ashby Falls,OH,45610,(555) 595-3257,mei.bailey1@example.com,Spanish,PY06,PRV1128,64.9,191.9,DM;PSYCH,2023-10-11,
PT10544,03505418,Janet,Lawrence,F,1995-03-31,Ashby Falls,OH,45610,(555) 406-4652,janet.lawrence26@example.com,Arabic,PY07,PRV1138,64.9,108.7,,2024-03-12,
PT10545,08180604,Olivia,Anderson,F,1980-06-08,Bluestone,OH,45503,(555) 413-6379,olivia.anderson49@example.com,Spanish,PY01,PRV1135,67.4,208.0,HTN,2015-08-11,
PT10546,00998147,Virginia,Stone,F,1976-03-23,Lakeview Heights,OH,45510,(555) 293-1493,virginia.stone80@example.com,English,PY03,PRV1135,66.0,215.3,,2013-10-22,
PT10547,02509377,Lauren,Knight,F,1990-12-01,Cedar Ridge,OH,45720,(555) 942-3789,lauren.knight69@example.com,English,PY04,PRV1125,60.7,158.9,,2011-05-06,
PT10548,05770148,Henry,Kelly,M,1947-09-02,Bluestone,OH,45501,(555) 819-5097,henry.kelly31@example.com,English,PY01,PRV1126,63.5,123.6,HTN,2017-07-13,
PT10549,09838400,Rachel,Moore,F,1943-10-09,Oak Glen,OH,45730,(555) 229-4342,,English,PY02,PRV1134,58.8,138.8,DM;HF,2009-09-15,
PT10550,02291463,Paul,Soto,M,1952-05-21,Cedar Ridge,OH,45720,(555) 487-3157,,English,PY01,PRV1135,66.0,133.5,HTN,2021-11-30,
PT10551,00202407,Karen,Wells,F,1961-10-29,Millbrook,OH,45530,(555) 441-0804,,English,PY06,PRV1140,59.4,182.2,DM,2009-04-25,
PT10552,02126768,Evelyn,Nichols,F,1956-10-19,Bluestone,OH,45501,(555) 523-2304,,English,PY01,PRV1131,62.7,167.6,AFIB,2009-09-11,
PT10553,00189416,Kayla,Collins,F,2021-06-15,Bluestone,OH,45501,(555) 617-0875,,English,PY06,PRV1104,31.7,26.7,,2022-12-31,
PT10554,02324869,Ralph,Jones,M,1963-05-04,Fairhaven,OH,45620,(555) 501-8400,ralph.jones77@example.com,English,PY04,,72.1,314.2,DM;HF;OA,2014-06-22,
PT10555,08628518,Mateo,Castro,M,1937-09-08,Bluestone,OH,45503,(555) 555-6495,mateo.castro2@example.com,English,PY02,PRV1126,74.4,239.9,HTN;DM;HF,2019-06-12,2025-11-24
PT10556,09888003,Alice,Johnson,F,1966-10-01,Millbrook,OH,45530,(555) 422-7429,alice.johnson50@example.com,English,PY03,PRV1130,65.3,192.1,,2023-03-17,
PT10557,08894252,Alexander,Bailey,M,1980-11-14,Fairhaven,OH,45620,(555) 545-6844,alexander.bailey41@example.com,English,PY05,PRV1126,69.2,136.9,HTN;DM,2023-10-12,
PT10558,04291969,John,Snyder,M,2001-03-24,Fairhaven,OH,45620,(555) 983-9552,john.snyder19@example.com,English,PY05,PRV1138,71.8,243.0,,2021-01-09,2024-01-05
PT10559,00678374,Joan,Ramos,F,1968-10-10,Millbrook,OH,45530,(555) 478-0563,joan.ramos28@example.com,English,PY03,PRV1136,66.3,172.7,HTN;OA,2012-12-24,
PT10560,01913022,Catherine,Hayes,F,1961-11-23,Millbrook,OH,45530,(555) 333-6242,,English,PY05,PRV1129,63.5,184.9,DM;ASTHMA;OA,2012-05-04,
PT10561,08069086,Billy,Cooper,M,1941-11-10,Bluestone,OH,45502,(555) 835-6841,,English,PY01,PRV1131,69.4,231.9,PSYCH,2012-06-23,
PT10562,05660503,Martha,Long,F,1998-10-24,Lakeview Heights,OH,45510,(555) 962-7587,martha.long16@example.com,English,PY05,PRV1124,68.3,204.0,ASTHMA,2022-11-05,
PT10563,09632434,Douglas,Mitchell,M,1974-05-20,Bluestone,OH,45502,(555) 642-0979,,English,PY03,PRV1134,66.1,229.1,,2018-09-16,2025-05-11
PT10564,06353343,Walter,Lane,M,2014-08-24,Bluestone,OH,45501,(555) 396-7030,,English,PY03,PRV1106,49.0,89.5,,2024-11-18,
PT10565,06445160,Billy,Pena,M,1964-03-11,Bluestone,OH,45501,(555) 988-3442,billy.pena30@example.com,English,PY04,PRV1130,71.5,208.5,HTN,2021-09-08,
PT10566,00207022,Priya,Abbott,F,1951-02-16,Bluestone,OH,45501,(555) 392-5138,priya.abbott23@example.com,English,PY01,PRV1125,65.3,209.0,HTN;DM,2015-08-25,
PT10567,01121091,Beverly,Nichols,F,1962-07-24,Pine Hollow,OH,45640,(555) 431-2881,beverly.nichols2@example.com,English,PY05,PRV1130,62.9,165.8,DM,2022-11-02,
PT10568,00903733,Michael,Shaw,M,1953-05-12,Ashby Falls,OH,45610,(555) 373-4984,,English,PY02,PRV1129,76.9,243.6,HTN;AFIB,2014-05-14,
PT10569,06360985,Leila,Grant,F,1933-12-05,Bluestone,OH,45501,(555) 886-2376,,English,PY01,PRV1129,57.5,151.8,HTN;DM;AFIB,2017-02-18,
PT10570,07463802,Melissa,Payne,F,1983-10-21,Pine Hollow,OH,45640,(555) 481-9898,melissa.payne3@example.com,English,PY03,PRV1139,64.0,272.5,,2020-06-08,
PT10571,08157930,Carol,Grant,F,1998-11-24,Bluestone,OH,45501,(555) 257-9405,carol.grant7@example.com,English,PY04,PRV1131,58.3,165.7,,2011-05-02,
PT10572,01140008,Logan,Marshall,M,1982-07-17,Bluestone,OH,45501,(555) 886-1984,logan.marshall67@example.com,English,PY05,PRV1138,69.4,271.6,HTN;PSYCH,2016-04-24,
PT10573,05833662,Kevin,Ross,M,1967-05-20,Bluestone,OH,45501,(555) 766-7102,kevin.ross1@example.com,English,PY05,PRV1134,67.1,200.1,,2019-09-09,
PT10574,03899218,Jean,Nakamura,F,2025-08-12,Fairhaven,OH,45620,(555) 487-0783,,English,PY03,PRV1104,21.4,8.1,,2024-11-14,
PT10575,03167620,Olivia,Herrera,F,1987-02-14,Pine Hollow,OH,45640,(555) 501-8203,olivia.herrera38@example.com,English,PY05,PRV1134,60.6,146.1,,2021-12-04,
PT10576,00145520,Kelly,Williams,F,1968-06-06,Bluestone,OH,45501,(555) 408-2180,kelly.williams12@example.com,English,PY06,PRV1136,64.9,180.3,,2019-03-15,
PT10577,09336798,Philip,Lawrence,M,2018-09-21,Oak Glen,OH,45730,(555) 451-5919,,English,PY03,PRV1105,36.8,37.9,,2023-05-07,
PT10578,05863489,Kathryn,Roberts,F,1945-11-12,Lakeview Heights,OH,45510,(555) 852-8865,kathryn.roberts81@example.com,English,PY01,PRV1132,61.9,200.6,CKD,2021-07-02,
PT10579,02538816,Megan,Ramirez,F,1963-01-17,Bluestone,OH,45502,(555) 592-3953,megan.ramirez97@example.com,English,PY04,PRV1137,63.6,94.9,,2022-01-04,
PT10580,08434121,Anthony,Ortiz,M,2025-04-16,Granite Springs,OH,45750,(555) 876-7238,,English,PY03,PRV1106,20.2,7.6,,2025-09-01,
PT10581,01497107,Luis,Murray,M,1934-11-19,Bluestone,OH,45501,(555) 343-7509,luis.murray5@example.com,English,PY02,,69.8,171.5,,2021-09-13,
PT10582,02172373,Janet,Perry,F,2009-05-08,Bluestone,OH,45501,(555) 401-2507,janet.perry93@example.com,English,PY04,PRV1105,61.5,113.4,,2009-11-28,
PT10583,00132463,Mason,Howard,M,1933-05-22,Millbrook,OH,45530,(555) 428-3925,mason.howard77@example.com,English,PY01,PRV1136,73.4,197.4,HTN;AFIB;CKD;OA,2010-08-17,
PT10584,05679304,Amanda,Garcia,F,1981-05-21,Bluestone,OH,45503,(555) 464-0808,amanda.garcia70@example.com,English,PY04,PRV1127,63.6,162.0,ASTHMA,2016-11-04,
PT10585,06975108,Adam,Murphy,M,2020-07-21,Bluestone,OH,45501,(555) 544-6302,,English,PY05,PRV1105,32.5,28.8,ASTHMA,2022-05-11,
PT10586,08359507,Logan,Knight,M,1941-03-01,Bluestone,OH,45502,(555) 368-3304,logan.knight59@example.com,English,PY01,,67.8,272.5,HTN;OA,2023-09-02,
PT10587,05468100,Billy,Simmons,M,1954-06-13,Bluestone,OH,45503,(555) 533-8158,billy.simmons40@example.com,English,PY04,,71.2,224.4,HTN,2011-12-19,
PT10588,02596735,Lucia,Thomas,F,1955-07-18,Ashby Falls,OH,45610,(555) 258-2142,lucia.thomas91@example.com,English,PY01,PRV1124,62.1,145.9,HTN;CKD;OA,2013-09-09,
PT10589,05957387,Philip,Contreras,M,1965-03-30,Oak Glen,OH,45730,(555) 577-3469,philip.contreras99@example.com,English,PY04,PRV1132,64.4,122.2,PSYCH,2008-10-29,
PT10590,08379113,Diego,Matthews,M,1978-06-13,Ashby Falls,OH,45610,(555) 662-9103,diego.matthews41@example.com,English,PY04,PRV1127,68.3,203.8,DM,2016-11-28,
PT10591,03705464,Jacob,Gordon,M,1949-07-27,Cedar Ridge,OH,45720,(555) 794-0470,jacob.gordon91@example.com,English,PY01,PRV1126,68.7,213.0,DM;COPD,2017-01-01,
PT10592,01189100,Rachel,Wood,F,1956-06-20,Lakeview Heights,OH,45510,(555) 347-5882,rachel.wood79@example.com,English,PY02,PRV1135,61.2,149.8,DM;COPD,2019-03-31,
PT10593,00337216,Jerry,Rivera,M,1959-07-27,Ashby Falls,OH,45610,(555) 560-6096,,Spanish,PY02,PRV1129,65.7,139.5,HTN;ETOH,2008-01-09,
PT10594,08790082,Betty,Bradley,F,1946-03-02,Millbrook,OH,45530,(555) 609-5392,betty.bradley8@example.com,English,PY01,PRV1124,58.4,144.8,HTN,2009-04-03,
PT10595,09389639,Wei,Davis,M,1943-02-09,Lakeview Heights,OH,45510,(555) 377-5186,,English,PY01,PRV1128,72.7,271.5,HTN;CKD,2016-08-12,
PT10596,05723240,Joe,Washington,M,1978-08-02,Bluestone,OH,45503,(555) 624-4843,joe.washington92@example.com,English,PY04,PRV1132,72.2,210.0,,2013-09-24,
PT10597,08967147,Janice,Rivera,F,1954-10-03,Bluestone,OH,45502,(555) 215-2910,janice.rivera6@example.com,English,PY01,PRV1130,66.6,209.7,HTN;HF;OA,2015-10-31,
PT10598,07811187,Lawrence,Herrera,M,1994-11-25,Bluestone,OH,45502,(555) 215-8117,,English,PY03,PRV1138,66.5,206.2,,2015-09-09,
PT10599,00007058,Arthur,Richardson,M,1950-06-01,Bluestone,OH,45501,(555) 836-5938,arthur.richardson58@example.com,English,PY02,PRV1139,72.1,192.6,,2018-01-18,
PT10600,06193564,Evelyn,Freeman,F,1969-01-03,Bluestone,OH,45502,(555) 724-0551,evelyn.freeman26@example.com,English,PY06,PRV1125,61.9,155.7,ASTHMA;PSYCH,2010-01-20,
PT10601,00349940,Grace,Holmes,F,1977-08-28,Bluestone,OH,45501,(555) 272-3096,grace.holmes44@example.com,English,PY05,PRV1129,64.0,177.8,HTN;DM;COPD,2019-12-23,
PT10602,04618425,Dennis,Cooper,M,1962-05-03,Bluestone,OH,45501,(555) 652-2199,,English,PY03,PRV1125,71.4,132.3,,2023-03-18,
PT10603,09251676,Mary,Howard,F,1960-05-24,Bluestone,OH,45503,(555) 366-5998,,Arabic,PY02,PRV1140,63.4,237.4,HTN;COPD;PSYCH,2015-04-19,
PT10604,00696630,Pamela,Lane,F,1971-07-12,Bluestone,OH,45501,(555) 494-6248,pamela.lane46@example.com,English,PY04,PRV1132,64.7,167.2,DM,2015-07-29,
PT10605,00304849,Sandra,Long,F,1939-03-09,Lakeview Heights,OH,45510,(555) 393-0745,,Russian,PY02,PRV1130,62.7,183.5,HTN;COPD;AFIB,2019-07-12,
PT10606,08854918,Ruth,Alvarez,F,1956-07-04,Oak Glen,OH,45730,(555) 454-5590,ruth.alvarez27@example.com,English,PY01,PRV1137,63.4,135.7,HTN;COPD,2017-07-12,
PT10607,03485280,Janice,Ortiz,F,1956-09-27,Oak Glen,OH,45730,(555) 406-6078,janice.ortiz86@example.com,English,PY03,PRV1139,66.3,199.4,HTN;COPD,2010-05-15,2025-08-24
PT10608,07270423,Sophia,Bailey,F,1960-08-08,Lakeview Heights,OH,45510,(555) 306-4041,sophia.bailey30@example.com,English,PY02,PRV1134,63.3,137.3,HTN;CANCER,2023-05-24,
PT10609,04389763,Jose,Osei,M,2001-10-10,Bluestone,OH,45502,(555) 416-0765,jose.osei45@example.com,English,PY04,PRV1127,71.5,324.6,,2013-09-21,
PT10610,00817163,Sandra,Hall,F,1989-05-16,Bluestone,OH,45501,(555) 450-8267,sandra.hall87@example.com,Arabic,PY04,PRV1132,62.9,150.0,,2022-10-27,
PT10611,04695579,Beverly,Evans,F,1981-07-25,Cedar Ridge,OH,45720,(555) 710-5098,,English,PY03,PRV1129,66.0,168.5,HTN,2024-01-04,
PT10612,09843613,Elizabeth,Armstrong,F,1956-08-23,Cedar Ridge,OH,45720,(555) 351-2470,,English,PY01,PRV1136,61.6,205.5,HTN,2024-03-25,
PT10613,08692879,Shirley,Smith,F,1968-10-07,Bluestone,OH,45501,(555) 881-5893,shirley.smith15@example.com,English,PY07,PRV1138,63.1,153.0,SEIZURE,2017-07-20,
PT10614,08005979,Gerald,Bell,M,2025-03-11,Bluestone,OH,45502,(555) 288-7259,,English,PY05,PRV1108,21.6,10.3,,2025-04-23,
PT10615,09496862,Bryan,Gray,M,1989-05-16,Bluestone,OH,45502,(555) 908-5337,bryan.gray98@example.com,English,PY07,PRV1133,69.1,179.5,,2014-05-18,
PT10616,00081003,Mei,Matthews,F,1932-05-02,Millbrook,OH,45530,(555) 441-5745,mei.matthews59@example.com,English,PY01,PRV1133,62.6,193.0,HTN,2024-04-10,
PT10617,06768949,Camila,Soto,F,1972-11-28,Fairhaven,OH,45620,(555) 460-4881,,English,PY03,PRV1137,63.2,164.0,,2024-11-26,
PT10618,06920985,Robert,Kowalski,M,1948-07-31,Bluestone,OH,45501,(555) 733-2948,robert.kowalski43@example.com,Mandarin,PY01,PRV1139,70.9,267.3,HTN;CKD;PSYCH,2008-04-22,
PT10619,05402213,Sandra,Stewart,F,1980-02-20,Bluestone,OH,45503,(555) 943-5119,,English,PY07,PRV1134,62.9,204.5,HTN,2016-12-04,
PT10620,07765900,Douglas,Davis,M,1965-03-30,Fairhaven,OH,45620,(555) 610-0673,,English,PY03,PRV1127,67.6,157.2,COPD;OA,2014-12-28,2025-11-09
PT10621,06474640,Gary,Chavez,M,2012-08-21,Bluestone,OH,45502,(555) 567-8886,,English,PY03,PRV1108,67.7,119.4,,2016-08-07,
PT10622,03874634,Virginia,Marshall,F,2001-12-26,Oak Glen,OH,45730,(555) 950-4604,virginia.marshall17@example.com,English,PY03,PRV1136,59.9,105.1,,2008-10-11,
PT10623,06464217,Emily,Matthews,F,2008-04-02,Bluestone,OH,45503,(555) 246-9427,emily.matthews77@example.com,English,PY04,PRV1106,64.5,115.2,,2009-12-28,
PT10624,01845696,Amina,Bryant,F,1947-06-21,Millbrook,OH,45530,(555) 856-4650,amina.bryant64@example.com,Somali,PY01,PRV1129,65.1,221.2,DM,2011-04-20,
PT10625,08321256,Austin,Young,M,1938-05-21,Lakeview Heights,OH,45510,(555) 222-9665,austin.young97@example.com,Mandarin,PY02,PRV1136,76.3,263.6,HTN,2020-09-30,
PT10626,00671631,Lucia,Davis,F,1931-04-03,Bluestone,OH,45503,(555) 490-0598,lucia.davis81@example.com,English,PY01,PRV1139,61.7,217.6,HTN;HF;CKD;CANCER,2010-05-21,
PT10627,03864801,Charlotte,Washington,F,1978-10-11,Cedar Ridge,OH,45720,(555) 958-6302,charlotte.washington76@example.com,English,PY07,PRV1140,65.2,199.4,DM,2024-02-10,
PT10628,02361554,Victoria,Patel,F,1946-01-06,Riverbend,OH,45545,(555) 925-4237,victoria.patel90@example.com,English,PY02,PRV1126,63.0,230.1,AFIB,2011-09-11,
PT10629,02523535,Gloria,Mitchell,F,2006-08-21,Cedar Ridge,OH,45720,(555) 554-4370,gloria.mitchell54@example.com,English,PY05,PRV1128,64.8,158.1,ASTHMA;PSYCH,2017-10-24,
PT10630,02490828,Gloria,Schmidt,F,1950-04-25,Riverbend,OH,45545,(555) 255-4231,gloria.schmidt76@example.com,English,PY01,PRV1126,59.6,136.6,HTN,2020-06-27,
PT10631,09239075,Timothy,Brown,M,1940-03-02,Bluestone,OH,45501,(555) 431-3783,,English,PY04,PRV1131,66.0,220.9,AFIB;CKD,2023-01-04,
PT10632,07843648,Jeremy,Lopez,M,2014-01-21,Cedar Ridge,OH,45720,(555) 553-9254,,English,PY05,PRV1108,50.4,64.8,SEIZURE,2024-03-31,
PT10633,06834275,Nicole,Cunningham,F,1930-11-26,Ashby Falls,OH,45610,(555) 760-1606,,Spanish,PY02,PRV1137,64.3,160.9,HTN;AFIB,2024-01-21,
PT10634,01401443,Terry,Delgado,M,1965-07-07,Riverbend,OH,45545,(555) 669-4081,,English,PY07,,67.7,143.0,CKD;PSYCH;OA,2015-10-30,
PT10635,08032779,Alan,Olson,M,1931-09-07,Lakeview Heights,OH,45510,(555) 814-5453,alan.olson78@example.com,English,PY02,PRV1128,64.4,187.1,HTN,2011-08-08,
PT10636,02890854,Sean,Washington,M,1995-08-28,Bluestone,OH,45502,(555) 868-7350,,English,PY04,PRV1127,73.1,186.8,,2013-09-12,
PT10637,03842543,Ronald,Romero,M,2024-09-25,Fairhaven,OH,45620,(555) 497-7584,,English,PY03,PRV1104,19.7,10.3,,2024-01-02,
PT10638,05042974,Jeffrey,Hughes,M,1963-02-19,Bluestone,OH,45503,(555) 487-8933,,English,PY03,PRV1124,70.2,242.4,HF,2024-03-13,
PT10639,04172582,Randy,Gardner,M,1999-12-29,Ashby Falls,OH,45610,(555) 544-9152,,English,PY06,PRV1124,68.0,229.2,,2020-12-21,
PT10640,08673376,Roy,Armstrong,M,1997-09-30,Bluestone,OH,45503,(555) 713-0625,,English,PY07,PRV1134,70.1,180.2,ASTHMA,2018-09-20,
PT10641,03225016,Austin,Mitchell,M,1984-09-27,Bluestone,OH,45503,(555) 224-4330,,English,PY05,PRV1131,68.5,221.1,DM;ASTHMA,2023-08-16,
PT10642,02782330,Beverly,Burns,F,1974-10-07,Bluestone,OH,45503,(555) 436-3746,,Mandarin,PY03,PRV1140,66.4,144.1,HTN,2017-12-23,
PT10643,09457046,Jordan,Willis,M,2014-04-13,Bluestone,OH,45503,(555) 248-0999,,English,PY04,PRV1104,48.7,68.7,,2019-02-13,
PT10644,04548469,Edward,Pierce,M,1939-10-26,Oak Glen,OH,45730,(555) 359-4947,edward.pierce76@example.com,English,PY01,PRV1125,62.9,178.9,DM;CANCER,2011-07-28,
PT10645,06169029,Alice,Parker,F,1972-02-07,Bluestone,OH,45502,(555) 443-1077,,Spanish,PY05,PRV1140,65.2,159.2,HTN;OA,2023-09-14,
PT10646,02292209,Jesse,Walker,M,1977-02-27,Bluestone,OH,45502,(555) 801-6122,jesse.walker20@example.com,English,PY05,PRV1133,65.1,125.3,,2011-10-22,
PT10647,05020365,Anna,Bennett,F,2013-09-14,Bluestone,OH,45501,(555) 929-3806,,Spanish,PY03,PRV1104,47.0,82.3,,2017-02-11,
PT10648,09297384,Marie,Jimenez,F,1977-05-02,Pine Hollow,OH,45640,(555) 725-4850,marie.jimenez66@example.com,English,PY07,PRV1128,64.2,189.9,HTN,2018-05-14,
PT10649,04222839,Jose,Robinson,M,1959-04-26,Millbrook,OH,45530,(555) 612-6437,,Mandarin,PY01,PRV1126,66.2,135.7,HTN,2024-12-24,
PT10650,04073706,Samuel,Duncan,M,1949-09-04,Cedar Ridge,OH,45720,(555) 654-2140,samuel.duncan91@example.com,English,PY02,PRV1131,73.3,212.7,CKD,2013-05-15,
PT10651,09626156,Gerald,Alexander,M,1977-07-10,Bluestone,OH,45502,(555) 586-2883,gerald.alexander41@example.com,English,PY03,PRV1132,68.2,220.5,,2017-07-16,
PT10652,03476187,Julia,Fisher,F,2023-07-06,Bluestone,OH,45502,(555) 392-5085,,Spanish,PY05,,26.2,17.9,,2024-04-01,
PT10653,04298973,Douglas,Vasquez,M,1943-09-20,Lakeview Heights,OH,45510,(555) 712-5261,douglas.vasquez63@example.com,English,PY01,PRV1139,71.3,276.1,HTN;DM,2012-02-21,
PT10654,04066925,Sharon,Payne,F,1970-04-20,Bluestone,OH,45503,(555) 724-2627,sharon.payne7@example.com,English,PY07,PRV1136,67.4,159.3,PSYCH,2016-09-24,
PT10655,06388262,Amanda,Myers,F,1936-05-21,Ashby Falls,OH,45610,(555) 514-8680,amanda.myers68@example.com,English,PY01,PRV1128,65.9,192.2,HTN;DM;HF;COPD,2023-05-28,2024-11-27
PT10656,08834132,Elizabeth,Fernandez,F,1973-07-21,Lakeview Heights,OH,45510,(555) 210-1998,elizabeth.fernandez69@example.com,English,PY06,,65.5,181.5,,2021-09-26,
PT10657,05163963,Gregory,Brown,M,1975-08-10,Bluestone,OH,45501,(555) 735-1581,gregory.brown9@example.com,English,PY03,PRV1125,66.7,178.2,HTN,2020-06-15,
PT10658,02686428,Jason,Lawrence,M,1978-03-31,Granite Springs,OH,45750,(555) 662-2837,jason.lawrence43@example.com,English,PY03,PRV1132,69.1,263.0,,2010-12-07,
PT10659,03150974,Sandra,Guzman,F,1984-09-28,Oak Glen,OH,45730,(555) 843-6344,sandra.guzman40@example.com,Spanish,PY03,PRV1135,65.2,167.6,,2024-03-10,
PT10660,03177432,Sandra,Mills,F,1987-04-09,Bluestone,OH,45503,(555) 397-3840,sandra.mills26@example.com,English,PY03,PRV1139,66.6,173.4,DM,2013-05-16,
PT10661,06303846,Linh,Butler,F,1929-03-04,Bluestone,OH,45501,(555) 258-6073,linh.butler53@example.com,English,PY02,PRV1135,63.1,159.0,HTN;COPD,2023-03-27,
PT10662,00162650,Cheryl,Hoffman,F,1937-12-31,Granite Springs,OH,45750,(555) 789-1873,cheryl.hoffman67@example.com,English,PY01,PRV1128,64.7,170.5,HTN;AFIB,2021-09-08,
PT10663,02603752,Eugene,Alvarez,M,1949-05-22,Oak Glen,OH,45730,(555) 298-7343,,English,PY02,PRV1126,71.5,217.0,DM,2014-02-23,
PT10664,03770713,Isabella,Boyd,F,1970-03-28,Bluestone,OH,45502,(555) 587-5137,isabella.boyd39@example.com,English,PY05,,64.5,120.7,,2015-01-01,
PT10665,07299187,Priya,Allen,F,2014-07-09,Ashby Falls,OH,45610,(555) 521-5817,,English,PY04,PRV1106,49.8,83.9,,2022-08-28,
PT10666,09769017,Omar,Tucker,M,1974-03-10,Bluestone,OH,45501,(555) 688-1047,,English,PY03,PRV1125,70.5,232.6,,2021-09-29,
PT10667,01121530,Pamela,Murphy,F,1971-05-15,Cedar Ridge,OH,45720,(555) 374-1879,pamela.murphy6@example.com,English,PY03,PRV1128,62.1,193.8,,2012-08-01,
PT10668,02461983,Lisa,Munoz,F,1951-09-07,Oak Glen,OH,45730,(555) 458-7232,lisa.munoz91@example.com,English,PY02,PRV1139,66.1,102.5,OA,2020-03-31,
PT10669,06511970,Tyler,Gardner,M,1941-09-05,Bluestone,OH,45502,(555) 910-0879,tyler.gardner15@example.com,English,PY01,PRV1135,69.8,163.1,HTN;DM;OA,2009-01-09,
PT10670,02918461,Fatima,Wright,F,1966-03-23,Fairhaven,OH,45620,(555) 518-9785,fatima.wright4@example.com,English,PY06,PRV1127,61.9,158.1,HTN;DM;PSYCH,2022-04-06,
PT10671,04393872,Sharon,Hernandez,F,1982-07-20,Bluestone,OH,45501,(555) 945-5169,sharon.hernandez35@example.com,English,PY07,PRV1133,67.8,182.3,,2012-12-05,
PT10672,06216094,Richard,Grant,M,1994-07-02,Fairhaven,OH,45620,(555) 765-9426,,English,PY04,PRV1136,72.1,294.2,,2009-06-13,
PT10673,05230993,Barbara,Gomez,F,1961-10-30,Oak Glen,OH,45730,(555) 649-1790,barbara.gomez25@example.com,Mandarin,PY05,PRV1136,62.2,158.1,HTN;DM,2009-10-27,
PT10674,00458769,Kayla,Fisher,F,1954-11-17,Ashby Falls,OH,45610,(555) 639-8023,kayla.fisher82@example.com,English,PY01,PRV1136,67.9,244.5,HTN,2018-02-07,2025-10-26
PT10675,05908693,Liam,Hicks,M,1989-03-26,Bluestone,OH,45502,(555) 805-1442,liam.hicks44@example.com,English,PY06,PRV1126,68.1,271.8,ASTHMA,2008-07-13,
PT10676,07188125,Sophia,Peterson,F,1955-03-30,Pine Hollow,OH,45640,(555) 655-8470,sophia.peterson13@example.com,English,PY01,PRV1127,60.3,101.4,OA,2024-04-11,
PT10677,01151324,Alice,Foster,F,1958-04-15,Bluestone,OH,45501,(555) 456-8723,alice.foster19@example.com,English,PY01,PRV1139,63.7,142.3,HTN;DM,2018-04-09,
PT10678,03249358,Wei,Stephens,M,1964-05-14,Lakeview Heights,OH,45510,(555) 735-8924,,English,PY04,PRV1138,73.5,237.4,,2014-06-03,
PT10679,09288184,Martha,Stone,F,1954-05-27,Bluestone,OH,45501,(555) 674-6749,martha.stone49@example.com,English,PY01,PRV1126,65.5,154.2,HTN;DM;HF,2020-10-27,
PT10680,03012328,Dennis,Okafor,M,1977-05-07,Lakeview Heights,OH,45510,(555) 653-7271,dennis.okafor55@example.com,English,PY05,PRV1136,76.4,243.9,DM,2020-01-07,
PT10681,03865072,Gregory,O'Brien,M,1927-09-23,Cedar Ridge,OH,45720,(555) 784-2821,gregory.obrien38@example.com,English,PY01,PRV1135,69.4,208.9,HTN;OA,2009-01-06,
PT10682,08788939,Abigail,Santos,F,1954-10-22,Bluestone,OH,45502,(555) 712-9289,abigail.santos25@example.com,English,PY02,PRV1127,64.9,163.2,CKD,2014-02-10,
PT10683,00334068,Jeremy,Schmidt,M,1970-11-26,Bluestone,OH,45502,(555) 203-1215,,English,PY06,PRV1136,65.8,200.7,HTN;DM;ASTHMA,2019-10-11,
PT10684,07846758,Tyler,Campbell,M,2005-03-20,Fairhaven,OH,45620,(555) 426-4415,tyler.campbell34@example.com,English,PY03,PRV1130,73.1,233.6,,2019-10-14,
PT10685,03481967,Isabella,Matthews,F,1949-05-05,Bluestone,OH,45503,(555) 343-5690,isabella.matthews33@example.com,English,PY04,PRV1138,63.0,184.0,HTN,2019-04-24,
PT10686,08669487,Jacob,Ramirez,M,1968-06-17,Granite Springs,OH,45750,(555) 775-8303,jacob.ramirez77@example.com,English,PY05,PRV1139,69.0,259.4,HTN;ASTHMA,2023-11-30,
PT10687,02227682,Marilyn,Howard,F,2016-03-10,Cedar Ridge,OH,45720,(555) 913-6636,,English,PY04,PRV1104,43.6,54.9,,2022-08-26,
PT10688,03585244,Denise,Ramos,F,1991-02-01,Pine Hollow,OH,45640,(555) 753-8264,,English,PY03,,62.1,142.8,,2022-12-07,
PT10689,09194813,Alexis,Nakamura,F,1985-04-27,Bluestone,OH,45501,(555) 816-0617,,English,PY03,PRV1134,63.6,198.4,,2016-04-21,
PT10690,07009866,Martha,Ferguson,F,1970-07-10,Bluestone,OH,45501,(555) 793-3561,martha.ferguson55@example.com,English,PY04,PRV1124,64.3,153.1,,2022-03-01,
PT10691,05295699,Jesse,Ross,M,1965-06-26,Riverbend,OH,45545,(555) 259-7785,jesse.ross80@example.com,English,PY04,PRV1128,69.6,159.9,AFIB;PSYCH,2013-04-26,
PT10692,06641719,Marilyn,Cole,F,2004-11-04,Bluestone,OH,45502,(555) 642-5772,marilyn.cole33@example.com,English,PY04,PRV1133,68.1,254.6,,2022-10-22,
PT10693,04861227,Linh,Ford,F,1942-06-24,Bluestone,OH,45502,(555) 612-4452,linh.ford99@example.com,Spanish,PY01,PRV1131,64.3,133.8,HTN,2011-11-19,
PT10694,04965710,Kelly,Smith,F,1991-03-08,Bluestone,OH,45503,(555) 901-0249,kelly.smith51@example.com,English,PY03,PRV1134,61.2,166.0,DM,2016-08-28,
PT10695,00633088,Nicholas,Foster,M,1987-02-04,Oak Glen,OH,45730,(555) 674-5840,nicholas.foster9@example.com,Spanish,PY03,PRV1137,67.1,250.1,,2017-12-28,
PT10696,00938538,Madison,Coleman,F,1956-01-12,Pine Hollow,OH,45640,(555) 875-7045,madison.coleman79@example.com,English,PY01,PRV1127,65.5,235.2,,2014-07-19,
PT10697,09733463,Linh,Barnes,F,1974-06-19,Millbrook,OH,45530,(555) 260-2751,linh.barnes49@example.com,English,PY07,PRV1134,65.6,211.6,PSYCH,2023-02-18,
PT10698,05882857,Carlos,Vargas,M,2002-04-21,Granite Springs,OH,45750,(555) 892-1482,carlos.vargas80@example.com,English,PY03,PRV1135,66.3,211.5,ETOH,2025-03-10,
PT10699,03074596,Abigail,Vargas,F,1953-01-10,Millbrook,OH,45530,(555) 512-7342,abigail.vargas60@example.com,English,PY01,PRV1131,67.3,154.7,DM;HF;CKD,2021-09-21,
PT10700,04865340,Nathan,Wagner,M,1944-09-10,Pine Hollow,OH,45640,(555) 781-6210,nathan.wagner30@example.com,English,PY04,PRV1128,72.4,219.0,,2018-04-26,
PT10701,04847201,Abigail,Aguilar,F,1998-02-08,Granite Springs,OH,45750,(555) 853-7579,,English,PY03,PRV1127,63.8,181.8,,2009-05-26,
PT10702,01609516,Sandra,Jenkins,F,1978-05-24,Bluestone,OH,45501,(555) 414-1982,sandra.jenkins58@example.com,English,PY04,PRV1140,65.2,190.4,HTN,2024-01-01,
PT10703,09878012,Eric,Watson,M,1950-09-28,Cedar Ridge,OH,45720,(555) 588-3981,eric.watson5@example.com,English,PY03,,71.8,186.2,,2021-12-11,
PT10704,00076448,Jack,Perkins,M,1993-08-07,Lakeview Heights,OH,45510,(555) 263-3965,jack.perkins53@example.com,Spanish,PY04,PRV1130,68.7,188.1,,2019-06-20,
PT10705,09008046,Tyler,Reyes,M,1994-02-18,Lakeview Heights,OH,45510,(555) 230-3074,tyler.reyes31@example.com,English,PY06,PRV1140,73.4,261.2,,2017-01-02,
PT10706,04207464,Virginia,Sandoval,F,1938-10-06,Lakeview Heights,OH,45510,(555) 923-2679,virginia.sandoval21@example.com,English,PY03,PRV1134,68.5,148.7,DM;CANCER;OA,2017-01-16,
PT10707,08681434,David,Bennett,M,1936-07-08,Oak Glen,OH,45730,(555) 318-4508,,English,PY02,PRV1134,70.7,171.9,HF,2020-03-25,
PT10708,01476310,Aaron,Brooks,M,2000-07-26,Millbrook,OH,45530,(555) 528-5386,aaron.brooks30@example.com,Vietnamese,PY05,PRV1138,67.8,191.9,,2017-11-13,
PT10709,07260113,Timothy,Jimenez,M,1979-01-24,Ashby Falls,OH,45610,(555) 363-2119,timothy.jimenez4@example.com,English,PY04,PRV1137,72.1,151.6,HTN,2013-03-09,
PT10710,06818060,Bruce,Mason,M,1983-06-28,Bluestone,OH,45501,(555) 433-2299,bruce.mason43@example.com,English,PY06,PRV1126,73.4,233.6,,2018-04-18,
PT10711,04982610,Michelle,Osei,F,1976-04-26,Pine Hollow,OH,45640,(555) 368-6319,michelle.osei75@example.com,English,PY03,,65.8,208.5,,2009-02-04,
PT10712,06834609,Philip,Freeman,M,1986-02-19,Riverbend,OH,45545,(555) 518-0539,,English,PY03,PRV1136,71.1,214.1,,2022-10-14,
PT10713,04199150,Danielle,Rodriguez,F,1967-05-10,Bluestone,OH,45501,(555) 372-1390,danielle.rodriguez71@example.com,English,PY03,PRV1133,67.9,215.4,,2018-08-04,
PT10714,06003077,Doris,Wells,F,1959-08-08,Bluestone,OH,45501,(555) 866-0546,doris.wells27@example.com,Spanish,PY01,PRV1124,64.4,133.5,DM,2018-04-04,
PT10715,08054428,Julie,Wagner,F,1967-01-18,Cedar Ridge,OH,45720,(555) 237-7072,julie.wagner88@example.com,English,PY03,PRV1127,65.4,177.2,,2023-03-18,
PT10716,00673173,Wayne,Price,M,1942-05-12,Bluestone,OH,45502,(555) 416-2743,wayne.price78@example.com,English,PY01,PRV1133,69.0,228.3,HTN,2021-04-26,
PT10717,08564108,Madison,Mendez,F,1966-10-28,Bluestone,OH,45502,(555) 416-7414,madison.mendez75@example.com,English,PY06,PRV1132,61.2,166.6,,2016-09-07,
PT10718,05777959,Bradley,Delgado,M,1957-06-17,Bluestone,OH,45501,(555) 303-7791,bradley.delgado24@example.com,Vietnamese,PY03,PRV1124,72.1,208.4,HTN;DM;HF,2017-02-21,
PT10719,09115553,Grace,Ellis,F,1973-07-23,Cedar Ridge,OH,45720,(555) 636-1977,,English,PY01,PRV1128,65.8,201.4,DM;ASTHMA;SEIZURE,2021-06-16,
PT10720,08643303,George,Olson,M,1966-11-04,Bluestone,OH,45503,(555) 641-1667,george.olson45@example.com,English,PY06,PRV1131,68.9,111.9,COPD,2022-11-01,
PT10721,09890379,Janet,Wright,F,1956-02-01,Cedar Ridge,OH,45720,(555) 505-8116,,English,PY01,PRV1136,61.7,173.9,HTN;OA,2020-09-30,
PT10722,06382803,Omar,James,M,1979-09-11,Fairhaven,OH,45620,(555) 807-4861,omar.james70@example.com,English,PY04,PRV1126,70.0,232.4,,2023-10-11,
PT10723,09304669,Nicole,Marshall,F,1997-05-14,Pine Hollow,OH,45640,(555) 284-5367,nicole.marshall65@example.com,English,PY07,PRV1130,63.4,190.5,,2013-08-11,
PT10724,04938178,Ethan,Bailey,M,1965-12-15,Lakeview Heights,OH,45510,(555) 859-0939,ethan.bailey7@example.com,English,PY05,PRV1137,68.3,198.9,DM,2024-07-12,
PT10725,02353502,Jeremy,Palmer,M,2021-08-02,Bluestone,OH,45502,(555) 943-1980,,English,PY03,PRV1107,32.3,30.5,,2024-09-23,
PT10726,02531372,Jack,Abdi,M,1967-10-22,Bluestone,OH,45502,(555) 439-9741,jack.abdi32@example.com,Spanish,PY04,PRV1129,70.4,202.6,ETOH,2015-09-30,
PT10727,00304820,Theresa,Moreno,F,1944-01-18,Bluestone,OH,45501,(555) 719-9311,,English,PY01,PRV1127,61.1,148.7,HF,2023-02-28,
PT10728,09686638,Beverly,Alvarez,F,2013-11-19,Bluestone,OH,45501,(555) 985-5423,,English,PY04,PRV1107,52.8,97.2,,2022-12-18,
PT10729,04381658,Omar,Cruz,M,1987-04-12,Bluestone,OH,45501,(555) 642-0195,omar.cruz65@example.com,Spanish,PY03,PRV1129,67.0,198.4,,2010-04-14,
PT10730,08158051,Wei,Nguyen,M,2017-02-28,Fairhaven,OH,45620,(555) 957-9262,,English,PY05,PRV1107,40.0,32.4,,2019-04-18,
PT10731,00221610,Billy,Brooks,M,1978-04-30,Ashby Falls,OH,45610,(555) 794-9236,billy.brooks98@example.com,English,PY06,PRV1127,68.5,184.2,,2008-02-03,
PT10732,03509357,Alexander,Brown,M,1926-08-16,Bluestone,OH,45501,(555) 341-8118,alexander.brown95@example.com,English,PY02,PRV1140,72.0,246.7,AFIB,2017-10-05,
PT10733,03768576,Kimberly,Foster,F,1951-11-24,Millbrook,OH,45530,(555) 489-2321,kimberly.foster38@example.com,English,PY01,PRV1128,63.9,118.9,HTN;COPD;PSYCH,2017-07-02,
PT10734,07749514,Carl,Henderson,M,1980-09-18,Bluestone,OH,45503,(555) 217-0719,,English,PY05,PRV1131,69.9,243.5,,2009-10-13,
PT10735,02245456,Betty,Marshall,F,1953-07-17,Ashby Falls,OH,45610,(555) 885-0923,,English,PY04,PRV1126,65.4,123.2,HTN,2023-11-24,
PT10736,03667226,Jean,Fernandez,F,1970-08-06,Cedar Ridge,OH,45720,(555) 655-1241,,English,PY04,PRV1130,61.7,186.6,,2018-11-06,
PT10737,00037088,Kimberly,Mendez,F,1948-12-14,Bluestone,OH,45503,(555) 270-2108,kimberly.mendez62@example.com,Spanish,PY01,PRV1136,58.8,175.7,HTN,2020-07-19,
PT10738,02672120,Emily,Mitchell,F,1967-12-07,Ashby Falls,OH,45610,(555) 626-9736,emily.mitchell35@example.com,English,PY03,PRV1133,56.3,74.5,HF,2015-03-28,
PT10739,03253424,Nicole,Mason,F,1977-02-12,Ashby Falls,OH,45610,(555) 429-1996,,English,PY03,PRV1125,69.1,241.3,HTN;DM;PSYCH,2009-02-10,
PT10740,08065658,Mei,Martin,F,1962-12-26,Bluestone,OH,45502,(555) 908-3527,,English,PY04,,66.2,146.9,HF;CKD;ETOH,2023-08-06,2025-09-28
PT10741,00031249,Virginia,Lewis,F,1948-01-22,Bluestone,OH,45502,(555) 968-8857,,English,PY01,PRV1138,64.1,212.9,,2014-06-29,
PT10742,07405552,Amina,Jones,F,1959-12-31,Riverbend,OH,45545,(555) 634-5494,amina.jones13@example.com,English,PY02,PRV1129,62.4,183.8,CKD,2024-01-24,
PT10743,05415450,Shirley,Jimenez,F,1954-05-07,Fairhaven,OH,45620,(555) 437-8252,shirley.jimenez63@example.com,English,PY02,PRV1130,63.6,199.8,HTN;CANCER,2016-08-23,
PT10744,02776247,Wayne,Fisher,M,1975-11-08,Bluestone,OH,45501,(555) 326-7097,wayne.fisher81@example.com,English,PY03,PRV1131,65.9,234.4,PSYCH;ETOH;SEIZURE,2015-12-31,
PT10745,06732493,Cheryl,Nichols,F,2016-12-22,Cedar Ridge,OH,45720,(555) 892-8232,,English,PY04,PRV1106,46.1,57.2,,2023-05-18,
PT10746,08873851,Robert,Jimenez,M,1953-03-25,Bluestone,OH,45501,(555) 774-7731,robert.jimenez46@example.com,English,PY04,PRV1127,71.9,207.7,,2024-04-24,
PT10747,01617985,Brandon,Burns,M,1966-09-23,Bluestone,OH,45502,(555) 545-5128,,Spanish,PY03,PRV1140,69.8,246.2,,2014-07-01,
PT10748,05737497,Alan,Freeman,M,1959-07-30,Cedar Ridge,OH,45720,(555) 825-1498,alan.freeman67@example.com,English,PY02,PRV1134,69.2,212.6,COPD,2023-03-07,
PT10749,05355579,Larry,Santos,M,1957-08-15,Cedar Ridge,OH,45720,(555) 312-7593,larry.santos7@example.com,English,PY01,PRV1126,71.2,329.8,HTN,2022-07-23,
PT10750,03893697,Kyle,Boyd,M,1944-02-16,Oak Glen,OH,45730,(555) 752-0579,,English,PY01,PRV1126,65.1,212.4,HTN;CKD;CANCER,2023-08-25,
PT10751,09882697,Sarah,Harris,F,1965-04-27,Pine Hollow,OH,45640,(555) 805-4695,sarah.harris12@example.com,English,PY05,,67.2,194.1,HTN,2022-10-29,
PT10752,07477991,Helen,Jones,F,2023-11-13,Fairhaven,OH,45620,(555) 860-3844,,English,PY03,PRV1104,24.4,12.0,,2024-03-29,
PT10753,06012633,Ahmed,Bryant,M,1972-04-07,Bluestone,OH,45502,(555) 959-8860,ahmed.bryant66@example.com,English,PY04,PRV1134,64.5,176.8,HTN,2017-12-04,
PT10754,06868533,Dorothy,Gordon,F,2017-09-17,Riverbend,OH,45545,(555) 248-7527,,English,PY03,PRV1105,38.8,38.0,,2018-05-13,
PT10755,06061489,Alan,Reynolds,M,1968-03-31,Cedar Ridge,OH,45720,(555) 310-1596,alan.reynolds93@example.com,English,PY04,PRV1134,68.5,169.5,HTN;COPD,2016-03-17,
PT10756,01097381,David,Mason,M,1963-07-31,Cedar Ridge,OH,45720,(555) 767-4207,david.mason37@example.com,English,PY06,PRV1135,67.8,107.9,,2023-11-03,
PT10757,08007133,Gregory,Wright,M,1951-08-04,Pine Hollow,OH,45640,(555) 327-5212,,English,PY04,PRV1133,65.8,131.3,HTN,2019-08-10,
PT10758,07861473,Kelly,Graham,F,1981-12-25,Bluestone,OH,45502,(555) 887-1239,kelly.graham65@example.com,English,PY05,PRV1134,64.5,177.9,HTN,2015-04-15,
PT10759,05533083,Joe,Mills,M,2025-03-25,Lakeview Heights,OH,45510,(555) 787-3043,,English,PY04,PRV1105,19.8,9.4,,2025-04-14,
PT10760,03874942,Margaret,Grant,F,1928-05-28,Bluestone,OH,45501,(555) 526-1094,margaret.grant23@example.com,English,PY01,PRV1130,61.0,129.4,HTN;DM,2010-08-13,
PT10761,01534821,Sharon,Woods,F,1954-04-01,Bluestone,OH,45502,(555) 603-5634,sharon.woods2@example.com,English,PY02,PRV1128,66.1,169.3,HTN,2015-08-15,
PT10762,00780447,Juan,Elliott,M,1985-09-28,Bluestone,OH,45501,(555) 453-9960,juan.elliott23@example.com,English,PY04,PRV1129,67.7,195.9,,2008-12-04,
PT10763,02955134,Angela,Butler,F,1955-07-21,Pine Hollow,OH,45640,(555) 575-0204,angela.butler50@example.com,English,PY01,PRV1130,64.7,180.1,HTN,2010-06-23,
PT10764,01387085,Marie,Berry,F,1981-04-01,Bluestone,OH,45501,(555) 910-4513,marie.berry71@example.com,English,PY06,PRV1136,62.7,132.7,HTN,2019-10-13,
PT10765,07326911,Luis,Mills,M,1950-05-06,Bluestone,OH,45501,(555) 691-9845,luis.mills36@example.com,English,PY02,PRV1125,64.6,170.1,HTN,2015-02-06,
PT10766,06678639,Jesse,Carter,M,1967-06-26,Bluestone,OH,45503,(555) 907-8248,jesse.carter72@example.com,English,PY07,PRV1132,73.7,143.5,HTN;CKD,2017-02-11,
PT10767,09455333,Harper,Carter,F,1974-01-14,Pine Hollow,OH,45640,(555) 493-0709,,English,PY04,PRV1131,67.2,149.4,HTN,2019-03-02,
PT10768,06695970,Jeremy,Garza,M,1978-12-17,Fairhaven,OH,45620,(555) 553-1664,jeremy.garza79@example.com,English,PY05,PRV1127,73.1,297.7,HTN;PSYCH,2023-11-27,
PT10769,03057660,Linh,Sullivan,F,1933-02-07,Riverbend,OH,45545,(555) 918-1425,,English,PY01,PRV1134,69.3,148.8,HTN;DM;AFIB,2008-11-19,
PT10770,00732489,Matthew,Marshall,M,1986-01-19,Cedar Ridge,OH,45720,(555) 738-9923,matthew.marshall17@example.com,English,PY04,PRV1132,70.7,215.1,,2014-05-13,
PT10771,03775684,Samuel,Alexander,M,1980-07-25,Bluestone,OH,45501,(555) 352-4821,,English,PY06,PRV1134,68.9,124.4,HTN,2015-11-15,
PT10772,03772618,Billy,Richards,M,1932-08-20,Ashby Falls,OH,45610,(555) 885-1454,,English,PY02,PRV1137,68.6,159.3,HTN;CKD,2018-04-12,
PT10773,05790765,Tyler,Flores,M,1948-07-23,Bluestone,OH,45503,(555) 674-5110,tyler.flores8@example.com,English,PY02,PRV1138,73.3,159.3,HTN;COPD;AFIB,2024-11-04,
PT10774,05670269,Sara,Simmons,F,1957-12-31,Oak Glen,OH,45730,(555) 614-4818,,English,PY01,PRV1124,63.3,121.8,HTN,2008-01-28,
PT10775,02797139,Theresa,Chavez,F,1963-05-07,Bluestone,OH,45502,(555) 534-5581,theresa.chavez28@example.com,English,PY04,PRV1136,63.0,174.1,,2016-10-13,
PT10776,05540551,Juan,Sanchez,M,1964-12-04,Riverbend,OH,45545,(555) 327-5233,,English,PY03,PRV1126,69.9,125.6,,2023-01-10,
PT10777,08247600,Paul,Cruz,M,1958-04-11,Riverbend,OH,45545,(555) 987-8128,,English,PY01,PRV1137,68.5,222.6,HTN,2023-09-08,
PT10778,02720778,Nancy,McDonald,F,1983-09-27,Bluestone,OH,45501,(555) 431-3060,nancy.mcdonald18@example.com,English,PY05,,66.1,133.0,,2014-01-28,
PT10779,09684121,Scott,Green,M,1973-07-19,Bluestone,OH,45503,(555) 965-2316,scott.green62@example.com,English,PY06,PRV1130,67.7,236.8,HTN,2022-02-02,
PT10780,02568644,Amanda,Riley,F,1946-04-29,Bluestone,OH,45501,(555) 600-7155,amanda.riley50@example.com,English,PY02,PRV1127,62.9,174.3,HTN;CKD,2009-08-30,
PT10781,09565904,Harper,Ellis,F,1961-11-02,Fairhaven,OH,45620,(555) 859-1213,,English,PY05,PRV1124,68.0,218.3,HTN;ETOH,2023-12-22,
PT10782,09127341,James,Ferguson,M,2000-11-28,Bluestone,OH,45501,(555) 567-0587,james.ferguson11@example.com,English,PY05,PRV1130,69.3,229.8,,2025-11-19,
PT10783,07171958,Denise,Perez,F,1935-09-01,Bluestone,OH,45502,(555) 545-4970,,English,PY02,PRV1135,61.5,212.8,CKD;OA,2023-02-24,
PT10784,05404334,Daniel,Vargas,M,1935-10-18,Bluestone,OH,45503,(555) 520-7003,daniel.vargas97@example.com,English,PY02,PRV1124,66.0,162.5,HF,2013-04-20,
PT10785,02508925,Bradley,Arnold,M,1981-09-07,Bluestone,OH,45502,(555) 975-3701,bradley.arnold93@example.com,English,PY04,PRV1134,69.9,191.7,,2010-09-09,
PT10786,00794829,Justin,Jackson,M,1974-02-02,Cedar Ridge,OH,45720,(555) 905-7881,justin.jackson31@example.com,English,PY07,PRV1131,68.7,226.5,ASTHMA,2021-03-29,
PT10787,09624367,Gabriel,Hoffman,M,1985-07-22,Ashby Falls,OH,45610,(555) 323-6899,gabriel.hoffman28@example.com,English,PY03,PRV1125,67.4,125.1,,2008-09-12,
PT10788,02577529,John,Dixon,M,1972-11-13,Granite Springs,OH,45750,(555) 819-4090,,Spanish,PY04,PRV1128,71.1,205.5,HTN,2020-10-28,
PT10789,05678455,Pamela,Bailey,F,1949-08-16,Oak Glen,OH,45730,(555) 331-3029,,English,PY01,PRV1128,59.4,131.6,HTN;DM;AFIB,2023-11-23,
PT10790,05125140,Abigail,O'Brien,F,2014-05-27,Bluestone,OH,45502,(555) 699-2384,,English,PY03,PRV1105,48.2,64.8,,2019-11-02,
PT10791,09847781,Theresa,Richardson,F,1997-09-19,Millbrook,OH,45530,(555) 497-8671,,English,PY06,PRV1139,65.1,133.7,PSYCH,2024-02-16,
PT10792,05957424,Nicole,Petrov,F,1979-02-07,Millbrook,OH,45530,(555) 435-1842,nicole.petrov17@example.com,English,PY06,PRV1130,62.8,187.5,,2014-09-27,
PT10793,02645617,Lauren,Wells,F,2002-02-12,Granite Springs,OH,45750,(555) 439-3217,lauren.wells68@example.com,English,PY06,PRV1126,60.7,109.1,,2016-03-19,
PT10794,08353579,Elijah,Bailey,M,1957-08-12,Bluestone,OH,45501,(555) 810-0193,,English,PY02,PRV1135,68.3,318.3,DM;CKD,2024-01-21,
PT10795,07276397,Wayne,Cook,M,1961-05-27,Fairhaven,OH,45620,(555) 566-4758,,Spanish,PY05,PRV1124,78.1,223.6,HTN,2022-02-27,
PT10796,08248013,Roy,Baker,M,1958-10-27,Ashby Falls,OH,45610,(555) 806-8961,roy.baker25@example.com,English,PY01,PRV1138,65.8,207.0,HTN,2020-07-15,
PT10797,01589690,Willie,Nguyen,M,1963-08-22,Bluestone,OH,45502,(555) 821-2419,,English,PY03,PRV1133,72.6,309.3,COPD,2010-07-22,
PT10798,08991493,Linda,Watson,F,1980-04-20,Bluestone,OH,45501,(555) 462-2624,,English,PY06,PRV1127,67.3,234.2,,2023-04-13,
PT10799,03224531,Emma,Peterson,F,1975-05-04,Bluestone,OH,45502,(555) 244-0001,,Spanish,PY04,PRV1132,66.4,149.5,CKD;SEIZURE,2012-03-11,
PT10800,01853998,Jack,Johnston,M,2023-09-14,Cedar Ridge,OH,45720,(555) 486-4327,,English,PY04,PRV1108,23.7,16.6,,2023-11-20,
PT10801,01839103,Eric,Richards,M,1975-03-26,Oak Glen,OH,45730,(555) 595-9555,,English,PY06,PRV1128,69.8,180.2,HTN;OA,2014-09-14,
PT10802,03889532,Sarah,Richardson,F,1936-08-20,Bluestone,OH,45501,(555) 458-6308,,English,PY02,PRV1126,67.8,153.4,HTN;AFIB,2019-01-09,
PT10803,07829841,Cynthia,Butler,F,2003-11-14,Bluestone,OH,45501,(555) 317-5404,cynthia.butler37@example.com,English,PY07,PRV1125,63.2,186.2,SEIZURE,2015-11-18,
PT10804,04604747,Diego,Jenkins,M,1969-09-04,Cedar Ridge,OH,45720,(555) 524-2855,diego.jenkins93@example.com,Spanish,PY04,PRV1128,67.6,198.7,PSYCH,2020-05-23,
PT10805,05247808,Kyle,Palmer,M,1946-09-25,Cedar Ridge,OH,45720,(555) 888-7567,kyle.palmer15@example.com,English,PY01,PRV1139,70.2,185.4,HTN;CANCER,2014-12-02,
PT10806,08523812,Madison,O'Brien,F,2014-06-11,Bluestone,OH,45502,(555) 285-4455,,English,PY03,PRV1106,45.9,52.2,,2023-03-28,
PT10807,02320176,Douglas,Duncan,M,1982-07-27,Bluestone,OH,45501,(555) 598-6868,douglas.duncan92@example.com,Somali,PY05,PRV1134,71.0,201.2,DM,2019-10-13,
PT10808,02110671,Ethan,Kim,M,1931-05-23,Ashby Falls,OH,45610,(555) 964-8131,ethan.kim24@example.com,Spanish,PY01,PRV1137,66.0,128.6,HTN,2022-10-29,
PT10809,04379109,Brian,Black,M,1983-06-19,Riverbend,OH,45545,(555) 300-9393,brian.black20@example.com,English,PY03,PRV1130,65.5,171.9,DM,2019-05-22,
PT10810,07382310,Lawrence,Peters,M,1986-07-23,Bluestone,OH,45502,(555) 477-3400,lawrence.peters59@example.com,English,PY05,PRV1136,73.2,287.5,,2012-07-21,
PT10811,04912359,Kyle,Porter,M,1964-09-13,Pine Hollow,OH,45640,(555) 651-6965,,English,PY05,PRV1132,68.1,108.7,,2009-07-29,
PT10812,05513604,Carol,Carpenter,F,1967-09-14,Ashby Falls,OH,45610,(555) 280-8408,carol.carpenter10@example.com,English,PY06,PRV1134,66.3,185.0,,2009-10-05,
PT10813,08031240,Omar,Johnson,M,1981-02-04,Bluestone,OH,45503,(555) 590-3416,omar.johnson81@example.com,English,PY05,PRV1129,66.7,205.9,,2014-10-15,
PT10814,00875876,Judith,Edwards,F,1979-11-25,Cedar Ridge,OH,45720,(555) 273-8893,,English,PY06,PRV1124,67.4,203.2,ASTHMA,2018-11-18,
PT10815,01837246,Pamela,Allen,F,1933-06-19,Oak Glen,OH,45730,(555) 492-0583,,English,PY01,PRV1135,62.9,165.0,HF,2018-05-13,
PT10816,06111672,Timothy,Tucker,M,2015-05-21,Bluestone,OH,45501,(555) 584-2550,,English,PY06,PRV1106,43.7,55.0,ASTHMA,2022-05-28,
PT10817,09495790,Debra,Vazquez,F,1993-07-10,Fairhaven,OH,45620,(555) 247-1987,debra.vazquez89@example.com,English,PY03,PRV1126,64.1,98.2,,2024-01-05,
PT10818,04417553,Jennifer,Flores,F,1953-06-05,Ashby Falls,OH,45610,(555) 732-1708,jennifer.flores6@example.com,English,PY01,PRV1131,65.3,221.4,AFIB;CKD,2008-03-30,
PT10819,00634216,Kyle,Parker,M,1992-10-04,Fairhaven,OH,45620,(555) 524-8823,,English,PY04,PRV1127,68.6,162.6,,2021-07-19,
PT10820,07686800,Arthur,Stevens,M,1958-06-01,Bluestone,OH,45502,(555) 287-6798,arthur.stevens54@example.com,English,PY02,PRV1128,67.9,224.7,ETOH,2022-11-25,
PT10821,02682506,Maria,Guzman,F,1974-03-18,Bluestone,OH,45501,(555) 552-3789,maria.guzman5@example.com,Arabic,PY04,PRV1135,60.2,159.7,HTN;PSYCH;ETOH,2021-05-18,
PT10822,00874160,Lisa,Medina,F,1959-07-06,Bluestone,OH,45503,(555) 485-2910,,Spanish,PY01,PRV1133,63.3,140.4,HTN;DM,2021-12-27,
PT10823,02538694,Theresa,Woods,F,1968-09-29,Bluestone,OH,45502,(555) 735-5370,theresa.woods82@example.com,English,PY05,PRV1125,62.1,170.3,HTN,2015-12-10,
PT10824,06160144,Jerry,Rivera,M,1982-07-26,Bluestone,OH,45501,(555) 454-8750,,English,PY03,PRV1126,72.5,123.4,HTN,2019-12-15,
PT10825,09751011,Patrick,Nichols,M,1926-05-04,Cedar Ridge,OH,45720,(555) 620-5937,patrick.nichols16@example.com,English,PY01,PRV1139,70.5,196.3,HTN,2016-11-05,
PT10826,07874135,Lauren,Pena,F,1948-09-10,Bluestone,OH,45502,(555) 878-7590,,English,PY01,PRV1138,66.1,139.6,HTN;HF,2016-06-13,
PT10827,08964061,Alice,Simmons,F,1946-02-20,Bluestone,OH,45501,(555) 550-9537,,English,PY01,PRV1124,67.1,224.1,HTN;DM;HF,2020-08-08,
PT10828,07721597,Katherine,Ramos,F,2000-08-01,Fairhaven,OH,45620,(555) 351-2713,katherine.ramos49@example.com,English,PY05,PRV1138,63.3,231.4,,2009-02-11,
PT10829,04854918,Justin,Roberts,M,1973-08-19,Bluestone,OH,45502,(555) 219-2381,,English,PY04,PRV1134,69.4,247.6,HTN,2010-08-02,
PT10830,03176314,Sandra,Jenkins,F,1984-02-01,Ashby Falls,OH,45610,(555) 892-2018,sandra.jenkins86@example.com,English,PY05,PRV1129,65.1,180.7,HTN;PSYCH,2014-07-25,
PT10831,09073194,William,Burns,M,1977-07-04,Bluestone,OH,45501,(555) 926-6205,william.burns62@example.com,English,PY03,PRV1138,74.6,205.1,,2024-01-28,
PT10832,00656311,Lucia,Rogers,F,1965-05-19,Bluestone,OH,45502,(555) 790-2748,,English,PY04,PRV1140,62.7,187.6,HTN,2008-05-03,
PT10833,00508191,Harold,Munoz,M,1961-11-03,Ashby Falls,OH,45610,(555) 735-3281,harold.munoz31@example.com,English,PY03,PRV1127,71.3,242.6,HTN,2017-08-20,
PT10834,08959529,Marie,Pena,F,1962-12-06,Bluestone,OH,45501,(555) 829-8894,marie.pena74@example.com,English,PY06,PRV1137,59.2,183.6,HTN,2010-09-02,
PT10835,03774176,Rosa,Olson,F,1984-02-15,Lakeview Heights,OH,45510,(555) 440-2096,rosa.olson36@example.com,English,PY06,PRV1127,62.1,139.9,DM,2023-08-04,
PT10836,01825933,George,Aguilar,M,1995-01-11,Bluestone,OH,45503,(555) 519-1314,george.aguilar9@example.com,English,PY05,PRV1133,66.6,193.4,DM,2011-08-03,
PT10837,00022048,Ava,Salazar,F,1969-07-05,Riverbend,OH,45545,(555) 387-9253,ava.salazar3@example.com,English,PY03,PRV1135,64.3,193.2,HF,2020-07-08,
PT10838,06230506,Jason,Mitchell,M,1992-09-23,Bluestone,OH,45501,(555) 577-8333,jason.mitchell8@example.com,English,PY06,PRV1135,66.5,222.7,,2024-08-21,
PT10839,06422658,Kelly,Alvarado,F,1986-07-20,Ashby Falls,OH,45610,(555) 714-8392,,English,PY05,PRV1133,63.2,150.1,,2016-12-04,
PT10840,00966057,Isabella,Fox,F,1960-07-29,Oak Glen,OH,45730,(555) 433-4828,isabella.fox92@example.com,English,PY01,PRV1133,63.1,202.8,HTN,2016-04-21,
PT10841,03180318,Amber,Coleman,F,1956-10-08,Lakeview Heights,OH,45510,(555) 375-0389,amber.coleman31@example.com,English,PY01,PRV1126,64.9,228.1,HTN;AFIB;OA,2017-07-30,
PT10842,05294738,Megan,Gardner,F,1968-10-09,Bluestone,OH,45502,(555) 739-0513,megan.gardner68@example.com,Spanish,PY03,PRV1128,65.1,165.4,HTN;CKD,2016-09-09,
PT10843,03382992,Cheryl,Parker,F,1961-01-12,Bluestone,OH,45501,(555) 433-4134,cheryl.parker45@example.com,English,PY07,PRV1137,68.8,227.6,ASTHMA,2020-05-11,
PT10844,02598248,Janet,Perkins,F,2019-02-02,Oak Glen,OH,45730,(555) 705-5193,,English,PY04,PRV1107,32.8,27.3,,2023-07-12,
PT10845,04857958,Danielle,James,F,2010-05-13,Riverbend,OH,45545,(555) 657-1264,,English,PY04,PRV1108,64.5,133.4,,2015-07-05,
PT10846,01996311,Bradley,Ferguson,M,1973-01-17,Cedar Ridge,OH,45720,(555) 325-2697,bradley.ferguson29@example.com,English,PY07,PRV1128,72.6,266.5,HTN;ASTHMA,2018-07-02,2024-03-18
PT10847,00493805,Angela,Hunter,F,1956-08-01,Millbrook,OH,45530,(555) 219-8032,angela.hunter90@example.com,English,PY02,PRV1127,65.3,196.3,CANCER,2021-05-08,
PT10848,09241713,Raymond,Riley,M,2007-09-16,Bluestone,OH,45501,(555) 966-2747,,Spanish,PY04,PRV1136,72.3,263.0,ASTHMA,2019-10-08,
PT10849,03456372,Scott,Watson,M,2006-03-18,Bluestone,OH,45503,(555) 581-6568,scott.watson81@example.com,English,PY04,PRV1132,69.9,206.6,,2019-03-10,
PT10850,00421058,Mei,Ross,F,1987-03-29,Millbrook,OH,45530,(555) 247-7185,,English,PY04,PRV1139,64.4,133.2,,2012-10-15,
PT10851,01524371,John,Graham,M,1969-02-03,Bluestone,OH,45502,(555) 851-8407,john.graham83@example.com,English,PY06,PRV1132,70.9,247.1,,2012-08-17,
PT10852,07526669,Benjamin,Castro,M,1964-08-25,Bluestone,OH,45501,(555) 707-3618,,English,PY04,PRV1130,71.8,248.1,,2008-08-27,
PT10853,06212165,Andrea,Hernandez,F,1983-07-01,Millbrook,OH,45530,(555) 219-0267,andrea.hernandez39@example.com,English,PY04,PRV1139,64.2,230.3,,2011-08-10,
PT10854,03835135,Arthur,Cook,M,2007-12-24,Bluestone,OH,45501,(555) 419-1223,,English,PY05,PRV1138,70.7,214.5,,2023-10-12,
PT10855,06708870,Amanda,Flores,F,1955-08-11,Cedar Ridge,OH,45720,(555) 614-4913,amanda.flores63@example.com,English,PY01,PRV1125,65.2,221.1,HTN;COPD,2023-01-30,
PT10856,03738040,Diane,Gomez,F,1949-06-29,Fairhaven,OH,45620,(555) 214-2191,,English,PY01,PRV1127,59.7,92.9,,2013-11-20,
PT10857,03674614,Mei,Dunn,F,1940-10-19,Bluestone,OH,45503,(555) 784-6076,mei.dunn98@example.com,English,PY01,PRV1135,59.1,181.2,CANCER,2019-05-08,
PT10858,00713771,Joshua,Gordon,M,1991-11-26,Bluestone,OH,45503,(555) 348-8066,,English,PY07,PRV1139,67.5,176.3,,2022-12-13,
PT10859,00447450,Nicholas,Washington,M,1963-06-13,Lakeview Heights,OH,45510,(555) 753-4042,nicholas.washington41@example.com,English,PY07,PRV1134,69.0,256.0,AFIB;CKD,2015-01-01,
PT10860,05461258,Cynthia,Stephens,F,1952-06-11,Bluestone,OH,45501,(555) 427-4037,cynthia.stephens26@example.com,Spanish,PY02,PRV1140,57.7,109.7,,2012-04-16,
PT10861,04745501,Laura,Carpenter,F,1979-09-17,Ashby Falls,OH,45610,(555) 662-0803,,English,PY06,PRV1134,63.0,210.5,HTN;DM,2012-05-14,
PT10862,04821664,Judith,Lane,F,1957-10-25,Bluestone,OH,45501,(555) 819-0045,judith.lane40@example.com,English,PY01,PRV1138,62.3,190.9,ASTHMA;OA,2015-05-09,
PT10863,06412607,Patrick,Thomas,M,1970-05-27,Bluestone,OH,45501,(555) 800-4483,,English,PY04,PRV1139,64.7,140.3,HTN;HF;ASTHMA,2016-05-12,
PT10864,09401951,Nicole,Hughes,F,2000-05-28,Cedar Ridge,OH,45720,(555) 750-0648,nicole.hughes79@example.com,English,PY03,PRV1126,63.1,177.6,PSYCH,2023-01-15,
PT10865,02502874,Grace,Hawkins,F,1928-12-26,Fairhaven,OH,45620,(555) 910-8987,grace.hawkins26@example.com,English,PY01,PRV1125,60.1,104.2,HTN;CANCER,2020-05-21,
PT10866,08280091,Scott,Ramirez,M,2002-05-15,Granite Springs,OH,45750,(555) 968-1992,,English,PY05,PRV1140,72.1,252.3,,2024-04-11,
PT10867,03997010,Paul,Jones,M,2020-03-27,Bluestone,OH,45503,(555) 746-9129,,English,PY04,PRV1107,34.3,26.6,,2024-01-25,
PT10868,07480467,James,Diaz,M,1998-04-21,Ashby Falls,OH,45610,(555) 242-0557,james.diaz26@example.com,English,PY04,PRV1128,61.6,143.7,,2023-01-20,
PT10869,04928437,Julia,Rodriguez,F,1950-09-25,Bluestone,OH,45501,(555) 953-9449,,English,PY03,,63.3,221.0,HTN,2021-11-19,
PT10870,04373050,Adam,Sullivan,M,1956-01-05,Bluestone,OH,45501,(555) 442-9903,adam.sullivan41@example.com,English,PY02,PRV1124,65.1,172.5,HTN;OA,2019-12-17,
PT10871,01815939,Dorothy,Price,F,1972-12-29,Bluestone,OH,45502,(555) 240-3332,,English,PY04,,63.2,148.9,HTN;DM,2008-11-09,
PT10872,08702707,Priya,Bennett,F,1968-06-13,Lakeview Heights,OH,45510,(555) 335-5281,priya.bennett59@example.com,English,PY04,PRV1136,66.3,224.0,OA,2021-06-12,
PT10873,05491349,Billy,Perkins,M,1953-10-01,Millbrook,OH,45530,(555) 430-4027,billy.perkins17@example.com,English,PY01,PRV1135,77.5,209.8,HTN,2021-09-20,
PT10874,03180796,Alexis,Roberts,F,1944-02-25,Bluestone,OH,45502,(555) 956-8099,,English,PY01,PRV1133,64.0,171.5,,2017-03-21,
PT10875,06202654,Katherine,Nguyen,F,1952-10-15,Bluestone,OH,45502,(555) 655-4669,katherine.nguyen57@example.com,English,PY02,PRV1124,63.3,129.8,HTN,2011-06-11,
PT10876,06533564,Alexis,Gordon,F,1971-09-02,Ashby Falls,OH,45610,(555) 409-7949,alexis.gordon44@example.com,English,PY03,PRV1137,67.4,260.0,HTN,2011-05-18,
PT10877,05524601,Ann,Perez,F,1971-06-03,Riverbend,OH,45545,(555) 848-5754,ann.perez26@example.com,English,PY03,PRV1126,61.1,169.2,,2023-02-04,
PT10878,08580997,Megan,Gonzalez,F,1981-10-03,Fairhaven,OH,45620,(555) 430-8922,megan.gonzalez16@example.com,English,PY01,PRV1124,62.1,178.6,HTN;DM,2016-05-16,
PT10879,00690143,Nathan,Chavez,M,1948-01-08,Ashby Falls,OH,45610,(555) 454-2826,,English,PY01,PRV1138,71.1,206.1,HTN;DM;PSYCH;OA,2008-03-23,
PT10880,07235484,Harper,Freeman,F,2010-11-21,Bluestone,OH,45501,(555) 232-3148,,English,PY07,PRV1107,66.4,161.8,ASTHMA,2014-10-04,
PT10881,02355164,Liam,Martinez,M,1962-04-11,Oak Glen,OH,45730,(555) 549-7534,,English,PY05,PRV1135,62.9,185.5,HTN;CKD,2017-03-24,
PT10882,03004786,Albert,Lane,M,1996-05-31,Bluestone,OH,45502,(555) 371-5023,,English,PY04,PRV1137,73.9,151.3,,2023-11-08,
PT10883,04228668,Ann,Cruz,F,1970-08-31,Cedar Ridge,OH,45720,(555) 497-0389,,English,PY05,PRV1125,60.1,136.9,HTN,2021-03-22,
PT10884,04129208,Sean,Allen,M,1948-02-04,Cedar Ridge,OH,45720,(555) 649-3701,sean.allen28@example.com,English,PY02,PRV1125,68.0,130.3,HF;OA,2024-02-12,
PT10885,07134019,Helen,Richards,F,1970-09-18,Bluestone,OH,45501,(555) 292-4923,helen.richards34@example.com,English,PY06,PRV1130,66.4,212.4,,2023-09-28,
PT10886,08146755,Victoria,Armstrong,F,1955-10-28,Cedar Ridge,OH,45720,(555) 387-5399,,English,PY02,PRV1132,62.0,146.4,DM;COPD;AFIB,2022-01-20,
PT10887,05398210,Jason,Lawrence,M,1973-08-19,Bluestone,OH,45501,(555) 368-8862,,English,PY06,PRV1132,67.4,183.0,,2016-09-04,
PT10888,02241332,Ava,Freeman,F,1974-04-14,Ashby Falls,OH,45610,(555) 595-9019,ava.freeman31@example.com,English,PY04,PRV1137,61.9,134.1,HTN,2009-10-15,
PT10889,04868617,Roy,Aguilar,M,1969-08-25,Fairhaven,OH,45620,(555) 378-4932,,English,PY06,PRV1136,68.9,185.9,,2024-09-19,
PT10890,05132014,Aaliyah,Hernandez,F,1973-01-30,Bluestone,OH,45501,(555) 357-4334,aaliyah.hernandez29@example.com,Mandarin,PY05,PRV1132,65.5,165.8,,2009-01-25,
PT10891,01591310,Lauren,Ellis,F,1957-06-15,Cedar Ridge,OH,45720,(555) 645-8145,lauren.ellis44@example.com,English,PY01,PRV1137,66.6,220.2,HTN;PSYCH,2018-01-11,
PT10892,04950776,Samuel,Wright,M,2002-10-03,Bluestone,OH,45502,(555) 247-5297,,English,PY04,PRV1133,75.4,286.9,,2018-01-08,
PT10893,09847114,Judy,Morales,F,1965-05-22,Oak Glen,OH,45730,(555) 279-6653,,English,PY03,PRV1131,63.9,208.6,HTN;AFIB;CKD;ETOH,2021-03-02,
PT10894,04257142,Juan,Moreno,M,1961-11-09,Bluestone,OH,45501,(555) 615-9051,juan.moreno7@example.com,English,PY03,PRV1129,69.3,185.5,HTN;AFIB,2024-09-14,
PT10895,02877422,Aaliyah,Bradley,F,1951-07-29,Lakeview Heights,OH,45510,(555) 515-5315,aaliyah.bradley27@example.com,English,PY02,PRV1138,60.3,178.0,HTN;DM,2021-01-29,
PT10896,00137411,Amina,Wells,F,2019-05-25,Bluestone,OH,45501,(555) 270-0319,,English,PY03,PRV1105,36.7,31.6,,2022-09-19,
PT10897,07753673,Danielle,Kowalski,F,1980-11-24,Bluestone,OH,45503,(555) 663-4581,danielle.kowalski25@example.com,English,PY01,PRV1139,64.8,158.0,PSYCH,2022-11-07,
PT10898,07147868,Mia,Abbott,F,1960-07-12,Fairhaven,OH,45620,(555) 595-9099,mia.abbott37@example.com,English,PY01,,63.0,182.8,,2014-11-17,
PT10899,04102121,Paul,Bryant,M,1951-01-15,Bluestone,OH,45503,(555) 395-0031,paul.bryant62@example.com,English,PY01,PRV1138,68.4,174.6,HTN,2013-04-27,
PT10900,09572943,Aaliyah,Ortiz,F,1953-06-24,Pine Hollow,OH,45640,(555) 842-9227,,English,PY02,,61.0,182.8,HTN,2024-06-05,
PT10901,02797373,Logan,Chavez,M,1946-12-02,Bluestone,OH,45503,(555) 723-6736,,English,PY01,PRV1129,70.7,174.3,HTN;DM;COPD;CKD,2010-06-09,
PT10902,07956364,Elizabeth,Sanchez,F,1960-12-05,Bluestone,OH,45501,(555) 297-0315,elizabeth.sanchez31@example.com,English,PY03,PRV1131,65.5,174.2,HTN;CANCER,2024-05-06,
PT10903,07182837,Ronald,Gutierrez,M,1983-04-17,Bluestone,OH,45501,(555) 862-6740,ronald.gutierrez18@example.com,English,PY03,PRV1136,68.2,174.9,HTN;DM,2010-07-28,
PT10904,01169845,Frank,Romero,M,1932-04-04,Oak Glen,OH,45730,(555) 256-5059,,English,PY02,PRV1127,68.9,157.7,HTN,2021-02-27,
PT10905,00437433,Sean,Holmes,M,1970-02-06,Bluestone,OH,45503,(555) 615-3596,sean.holmes52@example.com,English,PY07,PRV1134,70.4,116.2,CKD,2019-03-25,
PT10906,03090607,Natalie,Tucker,F,1955-05-24,Granite Springs,OH,45750,(555) 838-5634,natalie.tucker49@example.com,English,PY04,PRV1125,61.0,177.7,HTN;DM,2013-01-24,
PT10907,06530332,Wei,Rogers,M,2000-10-05,Bluestone,OH,45501,(555) 585-7520,wei.rogers94@example.com,English,PY07,PRV1138,70.7,212.7,ASTHMA,2024-02-21,
PT10908,05841378,Bobby,Jimenez,M,1988-10-28,Millbrook,OH,45530,(555) 252-4718,,English,PY06,PRV1139,73.1,239.0,,2020-08-07,
PT10909,06444684,George,Reyes,M,2021-09-26,Bluestone,OH,45502,(555) 743-8583,,English,PY04,PRV1107,31.6,25.7,,2022-06-09,
PT10910,09115882,Donna,Hayes,F,1989-06-12,Ashby Falls,OH,45610,(555) 485-9966,donna.hayes57@example.com,English,PY05,PRV1131,66.3,215.1,PSYCH,2012-06-02,
PT10911,06100410,Carlos,Rice,M,1958-10-31,Bluestone,OH,45502,(555) 638-8094,carlos.rice49@example.com,English,PY02,PRV1131,70.8,166.9,,2012-12-05,
PT10912,03800736,Eugene,Shaw,M,1966-01-31,Bluestone,OH,45501,(555) 765-8513,,Spanish,PY04,PRV1128,69.3,234.3,HTN;HF;ETOH,2011-05-09,
PT10913,08611289,Karen,Henry,F,1950-11-28,Bluestone,OH,45502,(555) 367-5039,karen.henry79@example.com,English,PY01,PRV1138,66.8,201.5,HTN;DM;HF;PSYCH,2024-01-23,
PT10914,09669918,Lisa,Brown,F,1947-06-04,Bluestone,OH,45501,(555) 527-6075,lisa.brown7@example.com,English,PY01,PRV1134,62.9,181.6,DM,2017-08-31,
PT10915,00580028,Cheryl,Clark,F,1962-08-14,Lakeview Heights,OH,45510,(555) 773-3679,,English,PY06,PRV1129,58.0,84.9,DM;HF,2018-12-30,
PT10916,04189973,Charlotte,Brooks,F,1955-01-14,Bluestone,OH,45502,(555) 969-2826,charlotte.brooks43@example.com,English,PY01,PRV1140,66.8,173.8,COPD,2012-08-26,
PT10917,04775854,Douglas,Sanders,M,1980-05-16,Ashby Falls,OH,45610,(555) 836-0031,douglas.sanders31@example.com,English,PY01,PRV1124,64.3,127.5,ETOH,2014-10-11,
PT10918,04509217,Elizabeth,Payne,F,1993-10-14,Ashby Falls,OH,45610,(555) 819-9618,,English,PY04,,63.8,200.7,,2008-12-30,
PT10919,05081953,Amy,Perez,F,1961-03-20,Fairhaven,OH,45620,(555) 222-6408,,English,PY04,PRV1129,61.0,154.0,HTN;DM,2021-04-13,
PT10920,07994937,Eugene,Johnson,M,1946-09-27,Bluestone,OH,45503,(555) 617-0016,eugene.johnson41@example.com,English,PY01,PRV1125,70.0,175.7,,2008-03-21,
PT10921,08646131,Pamela,Carpenter,F,2006-05-22,Bluestone,OH,45501,(555) 243-3858,pamela.carpenter77@example.com,English,PY04,PRV1134,59.1,178.0,,2023-11-02,
PT10922,02220222,Michael,Evans,M,1989-10-09,Bluestone,OH,45503,(555) 474-5572,michael.evans48@example.com,English,PY06,,74.3,252.6,,2023-03-04,
PT10923,09029497,Michael,Stewart,M,1946-03-12,Ashby Falls,OH,45610,(555) 320-4247,,English,PY01,PRV1131,72.1,292.9,COPD,2022-11-09,
PT10924,00393190,Carlos,Edwards,M,1947-02-04,Ashby Falls,OH,45610,(555) 216-9007,carlos.edwards84@example.com,English,PY02,PRV1124,68.3,205.8,ETOH,2010-12-18,
PT10925,01106302,Diego,Lindqvist,M,1990-02-26,Pine Hollow,OH,45640,(555) 341-6996,diego.lindqvist82@example.com,English,PY03,PRV1137,67.2,191.5,,2023-04-21,
PT10926,09037139,Bradley,Morris,M,1964-05-26,Oak Glen,OH,45730,(555) 430-2866,bradley.morris75@example.com,English,PY01,PRV1136,68.2,142.0,COPD;ETOH,2023-08-29,2024-04-27
PT10927,09778676,Wayne,Campbell,M,1956-08-21,Bluestone,OH,45501,(555) 659-5346,wayne.campbell67@example.com,English,PY01,PRV1130,73.9,243.2,,2017-12-05,2024-06-21
PT10928,04400054,Donna,Henderson,F,1995-04-14,Millbrook,OH,45530,(555) 740-3947,,English,PY04,PRV1127,64.3,140.3,,2024-10-04,
PT10929,04502233,Omar,Anderson,M,2023-10-09,Bluestone,OH,45502,(555) 852-6686,,English,PY07,PRV1108,28.6,23.7,,2024-07-31,
PT10930,07447204,Amina,Perez,F,2002-05-30,Fairhaven,OH,45620,(555) 261-6230,,English,PY04,PRV1140,62.3,196.1,,2013-02-28,
PT10931,08816328,Sophia,Parker,F,1930-09-24,Bluestone,OH,45502,(555) 955-9580,sophia.parker73@example.com,English,PY02,PRV1128,65.6,228.2,DM,2014-05-15,
PT10932,01381922,Logan,Washington,M,1982-09-23,Bluestone,OH,45501,(555) 625-3369,,English,PY05,PRV1134,70.5,144.9,HTN,2022-02-03,
PT10933,08814014,Brittany,Baker,F,2003-09-20,Cedar Ridge,OH,45720,(555) 644-2788,,Spanish,PY05,PRV1127,63.8,157.8,,2014-09-05,
PT10934,02096704,Joan,Yilmaz,F,1988-01-12,Pine Hollow,OH,45640,(555) 508-6275,,English,PY07,PRV1131,64.1,226.9,,2023-11-07,
PT10935,07560765,Brittany,Perry,F,2004-01-14,Riverbend,OH,45545,(555) 869-0608,brittany.perry15@example.com,Spanish,PY07,PRV1135,61.0,149.6,,2011-04-08,
PT10936,03342515,Dorothy,Mendoza,F,1996-05-31,Lakeview Heights,OH,45510,(555) 694-7160,dorothy.mendoza11@example.com,English,PY05,PRV1125,62.9,118.2,,2010-09-08,
PT10937,01869762,Amber,Stone,F,1947-09-07,Bluestone,OH,45501,(555) 627-0353,amber.stone77@example.com,English,PY02,PRV1139,66.7,181.5,AFIB,2021-05-16,
PT10938,03402940,Mark,Perkins,M,1972-12-30,Bluestone,OH,45502,(555) 813-0981,mark.perkins62@example.com,English,PY06,PRV1125,68.3,250.6,,2022-05-21,
PT10939,02413265,Julie,Romero,F,1931-07-09,Bluestone,OH,45501,(555) 326-4867,,Spanish,PY01,PRV1125,62.8,214.6,HTN,2021-01-28,2025-01-25
PT10940,00019823,Jeffrey,Thompson,M,2025-05-07,Granite Springs,OH,45750,(555) 271-7707,,English,PY03,PRV1104,20.9,10.8,,2025-07-19,
PT10941,06492058,Megan,Cruz,F,1960-09-29,Bluestone,OH,45502,(555) 378-8669,megan.cruz29@example.com,English,PY01,PRV1136,60.6,154.9,HTN;DM,2019-08-08,
PT10942,05470973,Scott,Stone,M,1980-03-06,Bluestone,OH,45502,(555) 962-3980,,English,PY04,,67.6,107.4,,2024-04-07,
PT10943,09916888,Jesse,Gomez,M,1955-08-24,Oak Glen,OH,45730,(555) 377-5217,jesse.gomez79@example.com,English,PY02,PRV1129,65.3,168.9,HTN;ASTHMA;CANCER,2015-05-29,
PT10944,02595019,Ruth,Martin,F,2017-01-02,Pine Hollow,OH,45640,(555) 984-0781,,English,PY03,PRV1107,41.8,45.2,,2024-01-14,
PT10945,03086706,Ethan,Adams,M,1958-01-11,Bluestone,OH,45501,(555) 872-1332,ethan.adams50@example.com,English,PY01,PRV1126,58.9,174.6,HTN;COPD,2023-03-23,
PT10946,01055212,Robert,Henry,M,1994-05-14,Bluestone,OH,45501,(555) 364-3568,robert.henry6@example.com,English,PY03,PRV1140,70.1,212.1,,2021-10-02,
PT10947,04674754,Leila,Jones,F,1950-07-24,Riverbend,OH,45545,(555) 678-7468,,English,PY02,PRV1125,61.6,131.7,DM;CKD;PSYCH,2021-11-11,
PT10948,01525765,Diane,Freeman,F,1965-10-12,Bluestone,OH,45501,(555) 416-4238,diane.freeman91@example.com,Spanish,PY03,,68.7,164.3,HTN;AFIB,2010-03-21,
PT10949,09063912,Jesse,Andrews,M,1960-02-16,Cedar Ridge,OH,45720,(555) 813-4142,jesse.andrews97@example.com,Arabic,PY01,PRV1132,73.7,212.0,ETOH,2012-09-01,
PT10950,07168238,Billy,Flores,M,2022-07-12,Bluestone,OH,45501,(555) 433-4942,,English,PY03,PRV1107,28.7,20.1,,2023-11-28,
PT10951,07621293,Steven,Adams,M,1961-09-30,Riverbend,OH,45545,(555) 970-9776,,English,PY03,PRV1124,69.3,174.3,HTN;ASTHMA,2021-10-05,
PT10952,02581523,Roy,Stone,M,1976-09-20,Pine Hollow,OH,45640,(555) 584-9884,roy.stone18@example.com,English,PY03,PRV1139,71.0,197.3,,2012-01-07,
PT10953,03554806,Catherine,Coleman,F,1988-12-02,Fairhaven,OH,45620,(555) 368-9432,,English,PY04,PRV1140,67.9,130.5,,2015-05-30,
PT10954,02670154,Sara,Smith,F,2010-03-25,Riverbend,OH,45545,(555) 426-0953,,English,PY03,PRV1106,67.3,148.8,,2024-07-17,
PT10955,06637346,Virginia,Chavez,F,2000-01-18,Ashby Falls,OH,45610,(555) 436-5280,virginia.chavez76@example.com,English,PY06,PRV1126,65.9,121.3,,2022-11-22,
PT10956,03467658,Lawrence,Ortiz,M,1967-02-04,Granite Springs,OH,45750,(555) 817-5549,,Spanish,PY04,PRV1133,70.8,212.7,HTN;DM,2018-03-16,
PT10957,07637772,Cynthia,Moreno,F,1927-01-25,Bluestone,OH,45502,(555) 620-9110,,English,PY01,PRV1140,59.2,212.0,HTN,2023-11-06,
PT10958,05851826,Keith,Dixon,M,1978-11-08,Bluestone,OH,45502,(555) 568-1045,,English,PY07,PRV1134,67.7,214.4,DM,2023-03-09,
PT10959,01052207,Evelyn,Ortiz,F,1991-06-21,Cedar Ridge,OH,45720,(555) 753-6884,,English,PY06,PRV1133,56.9,163.6,,2023-05-05,
PT10960,02723089,Harold,Herrera,M,2019-09-14,Bluestone,OH,45501,(555) 310-8491,,English,PY04,PRV1106,36.3,40.4,,2023-10-09,
PT10961,00578015,Kathryn,Hudson,F,2022-11-25,Lakeview Heights,OH,45510,(555) 437-7384,,English,PY06,PRV1107,29.3,19.1,,2023-01-31,
PT10962,07791351,Noah,Gonzales,M,2007-04-07,Ashby Falls,OH,45610,(555) 294-2970,noah.gonzales35@example.com,English,PY04,PRV1126,77.0,298.5,,2017-11-09,
PT10963,03924175,Rosa,Mason,F,1978-04-05,Bluestone,OH,45501,(555) 272-2175,rosa.mason19@example.com,English,PY05,,66.4,210.5,,2015-05-22,
PT10964,00929510,Christopher,West,M,1927-01-27,Ashby Falls,OH,45610,(555) 775-2325,christopher.west95@example.com,English,PY01,PRV1132,72.7,169.2,DM,2020-01-16,
PT10965,09837298,Billy,Mendez,M,1950-07-15,Millbrook,OH,45530,(555) 382-0053,billy.mendez87@example.com,English,PY02,PRV1139,64.7,190.8,HTN;COPD;CKD,2012-07-05,
PT10966,04223530,George,Gomez,M,1965-01-19,Granite Springs,OH,45750,(555) 332-6194,george.gomez71@example.com,English,PY04,PRV1134,64.5,97.5,COPD;OA,2017-03-09,
PT10967,03068729,Brian,Vargas,M,1936-01-07,Bluestone,OH,45501,(555) 290-4227,,English,PY02,PRV1139,65.4,171.5,AFIB,2020-04-09,
PT10968,07427300,Patricia,Novak,F,1948-06-27,Cedar Ridge,OH,45720,(555) 871-2848,patricia.novak58@example.com,English,PY01,PRV1129,64.3,112.6,,2008-09-22,
PT10969,08094078,Theresa,Delgado,F,1968-02-19,Cedar Ridge,OH,45720,(555) 848-9005,theresa.delgado83@example.com,English,PY03,PRV1124,62.9,196.4,HTN;CKD;PSYCH,2010-03-07,
PT10970,02940557,Denise,Cox,F,1973-11-30,Bluestone,OH,45502,(555) 909-4892,denise.cox33@example.com,English,PY04,PRV1132,63.2,185.6,,2021-01-12,
PT10971,07777758,Arthur,Sullivan,M,1978-09-30,Oak Glen,OH,45730,(555) 381-7658,arthur.sullivan37@example.com,English,PY04,PRV1135,69.2,194.9,HTN;DM,2015-05-03,
PT10972,05507439,Priya,Alexander,F,1994-06-23,Bluestone,OH,45501,(555) 547-1490,,English,PY05,,65.0,186.8,,2023-03-23,
PT10973,06196463,Diego,Novak,M,2009-02-26,Lakeview Heights,OH,45510,(555) 400-0532,,English,PY03,PRV1105,64.4,125.8,PSYCH,2014-04-04,
PT10974,03413145,Sarah,Edwards,F,1947-09-10,Bluestone,OH,45503,(555) 435-2500,sarah.edwards36@example.com,English,PY01,PRV1137,66.1,266.8,HTN;CKD;CANCER,2021-09-11,
PT10975,05593395,Kyle,Willis,M,1933-12-14,Bluestone,OH,45502,(555) 565-8271,,English,PY02,PRV1124,70.4,210.2,HTN;DM,2017-10-31,
PT10976,03838330,Ivan,Hunter,M,1996-12-13,Oak Glen,OH,45730,(555) 741-0301,,English,PY04,PRV1125,65.9,156.4,,2015-12-22,
PT10977,09090898,Jerry,Holmes,M,1989-06-23,Fairhaven,OH,45620,(555) 544-9275,,English,PY04,,71.5,211.1,,2011-03-14,
PT10978,06940531,Russell,Hunter,M,1962-09-26,Bluestone,OH,45503,(555) 520-3195,russell.hunter93@example.com,English,PY05,PRV1133,67.5,163.1,,2012-07-04,
PT10979,04354423,Evelyn,Hill,F,1985-02-21,Cedar Ridge,OH,45720,(555) 303-2019,,English,PY04,PRV1133,65.2,137.0,,2013-03-05,
PT10980,04904052,Bradley,Petrov,M,2009-06-28,Oak Glen,OH,45730,(555) 293-5732,bradley.petrov51@example.com,English,PY05,PRV1108,60.8,122.4,,2013-06-03,
PT10981,03022834,Benjamin,Miller,M,1941-05-02,Cedar Ridge,OH,45720,(555) 257-6939,benjamin.miller59@example.com,English,PY01,PRV1137,70.8,171.5,HTN,2024-03-03,
PT10982,05095669,Susan,Jones,F,1968-09-14,Bluestone,OH,45503,(555) 617-3686,susan.jones36@example.com,English,PY04,PRV1124,66.1,157.2,,2010-09-02,
PT10983,03898797,Ava,Hernandez,F,1972-06-29,Bluestone,OH,45501,(555) 442-0718,,English,PY05,PRV1128,61.8,96.8,,2018-10-13,
PT10984,00655081,Melissa,White,F,1957-10-21,Bluestone,OH,45502,(555) 744-9020,melissa.white74@example.com,Spanish,PY02,PRV1126,62.2,222.8,HTN,2023-05-27,
PT10985,04281564,Omar,Ellis,M,1980-11-09,Bluestone,OH,45503,(555) 646-2714,omar.ellis80@example.com,English,PY03,PRV1135,73.5,254.0,ETOH,2019-12-02,
PT10986,06193512,Minh,Hicks,M,1966-05-04,Cedar Ridge,OH,45720,(555) 857-9191,minh.hicks4@example.com,English,PY07,PRV1136,70.0,251.0,DM;ETOH,2024-04-14,
PT10987,09570458,Fatima,Kim,F,1944-10-23,Bluestone,OH,45502,(555) 212-3840,,English,PY01,PRV1124,67.7,167.9,HTN;PSYCH,2020-01-18,2025-06-19
PT10988,02954710,Mia,Mills,F,1953-08-26,Riverbend,OH,45545,(555) 742-8993,mia.mills21@example.com,English,PY01,PRV1136,61.5,148.2,HTN;OA,2011-01-11,
PT10989,01113416,Philip,Gardner,M,1956-09-13,Riverbend,OH,45545,(555) 762-6593,philip.gardner75@example.com,English,PY02,PRV1131,72.3,262.3,,2022-06-16,
PT10990,01623947,Diana,Fisher,F,1978-08-09,Bluestone,OH,45501,(555) 537-6607,,English,PY03,PRV1139,63.3,98.1,,2009-08-20,
PT10991,00258622,Rosa,Petrov,F,1972-05-19,Riverbend,OH,45545,(555) 389-0685,rosa.petrov78@example.com,English,PY03,PRV1126,60.2,160.0,ASTHMA,2020-07-22,
PT10992,02015185,Brandon,Santos,M,1988-02-06,Cedar Ridge,OH,45720,(555) 263-4633,,English,PY03,PRV1137,65.6,171.2,,2023-12-06,
PT10993,05789836,Samuel,Wright,M,2010-01-25,Cedar Ridge,OH,45720,(555) 212-6803,,English,PY06,PRV1107,63.4,140.4,,2017-02-02,
PT10994,00440415,Edward,Hunter,M,2022-02-24,Riverbend,OH,45545,(555) 684-2598,,English,PY03,PRV1108,28.1,16.8,SEIZURE,2023-11-07,
PT10995,06555774,Thomas,James,M,1991-01-21,Pine Hollow,OH,45640,(555) 761-3460,thomas.james37@example.com,English,PY06,PRV1127,69.9,184.0,,2020-12-08,
PT10996,03194613,Nicholas,Willis,M,1955-08-31,Riverbend,OH,45545,(555) 963-4633,nicholas.willis76@example.com,Somali,PY04,PRV1131,70.1,244.7,HTN,2024-03-29,
PT10997,03751797,Theresa,Kim,F,1987-03-07,Bluestone,OH,45503,(555) 339-5928,theresa.kim82@example.com,English,PY03,PRV1134,63.7,96.4,,2022-02-15,
PT10998,04032343,Melissa,Parker,F,2007-09-17,Granite Springs,OH,45750,(555) 384-9311,melissa.parker11@example.com,Somali,PY06,PRV1125,69.4,159.4,PSYCH,2019-12-30,
PT10999,06783815,Joseph,Berry,M,1985-02-10,Bluestone,OH,45503,(555) 912-2656,,English,PY04,PRV1126,68.1,260.6,PSYCH,2023-10-20,
PT11000,00381216,Diego,Spencer,M,1974-08-29,Riverbend,OH,45545,(555) 902-0837,diego.spencer4@example.com,English,PY05,PRV1131,70.2,200.0,HTN;ETOH,2012-01-13,
PT11001,06450934,Cheryl,Carpenter,F,1966-07-26,Ashby Falls,OH,45610,(555) 314-2363,cheryl.carpenter42@example.com,English,PY05,PRV1138,65.1,160.7,HTN,2021-11-17,2025-05-03
PT11002,05995202,Logan,Johnson,M,1978-03-26,Ashby Falls,OH,45610,(555) 573-4027,logan.johnson15@example.com,Spanish,PY07,PRV1127,67.7,206.7,HTN;PSYCH,2017-11-21,
PT11003,09088150,Dorothy,Hughes,F,2022-05-04,Fairhaven,OH,45620,(555) 339-1374,,English,PY03,PRV1106,30.1,16.2,,2022-08-26,
PT11004,03313218,Jonathan,Gordon,M,1947-04-23,Ashby Falls,OH,45610,(555) 615-0368,,English,PY02,PRV1129,73.9,199.4,,2020-10-05,
PT11005,04911072,Dorothy,Nelson,F,2014-12-05,Bluestone,OH,45501,(555) 266-3029,,Arabic,PY05,PRV1106,50.2,71.5,,2023-07-20,
PT11006,01905449,Betty,James,F,2002-04-09,Ashby Falls,OH,45610,(555) 942-9221,betty.james66@example.com,English,PY03,PRV1128,67.7,133.3,,2019-05-23,
PT11007,00831478,Cheryl,Perez,F,1982-07-20,Ashby Falls,OH,45610,(555) 546-2893,cheryl.perez42@example.com,English,PY04,PRV1125,64.2,199.4,HTN,2015-03-25,
PT11008,09760165,Denise,Johnson,F,1991-05-13,Bluestone,OH,45501,(555) 379-4544,denise.johnson31@example.com,English,PY03,PRV1140,66.0,156.5,,2013-02-12,
PT11009,03951513,Margaret,Cooper,F,1954-07-08,Lakeview Heights,OH,45510,(555) 555-7119,,English,PY01,PRV1128,65.4,222.4,OA,2023-06-06,2024-04-11
PT11010,04913753,Walter,Hawkins,M,1957-05-10,Ashby Falls,OH,45610,(555) 779-6084,,English,PY04,PRV1132,71.4,186.7,COPD,2023-12-05,2025-08-25
PT11011,03942686,Ava,Novak,F,1952-03-14,Bluestone,OH,45501,(555) 646-6727,ava.novak91@example.com,English,PY01,PRV1134,66.4,124.9,HTN;AFIB,2016-01-01,
PT11012,08266896,Scott,Hall,M,2009-09-11,Bluestone,OH,45501,(555) 519-8988,scott.hall86@example.com,English,PY07,PRV1107,65.8,156.2,,2017-04-02,
PT11013,02759751,Ahmed,Stephens,M,1974-01-29,Bluestone,OH,45502,(555) 978-5745,,English,PY03,PRV1129,69.6,193.2,DM,2017-01-08,
PT11014,00354283,Kelly,Holmes,F,1948-08-08,Riverbend,OH,45545,(555) 983-1084,,Spanish,PY02,PRV1133,63.8,165.3,HTN,2021-01-08,2025-08-30
PT11015,09831196,James,Cole,M,1986-07-23,Bluestone,OH,45501,(555) 498-1904,james.cole23@example.com,English,PY05,PRV1124,68.4,193.8,,2016-02-28,
PT11016,08120728,Hannah,Gonzales,F,1963-11-02,Bluestone,OH,45502,(555) 439-6418,hannah.gonzales33@example.com,English,PY04,PRV1125,66.0,119.4,PSYCH,2024-02-28,
PT11017,03592634,Jerry,Phillips,M,1961-11-27,Ashby Falls,OH,45610,(555) 425-3048,jerry.phillips81@example.com,English,PY05,PRV1124,71.0,155.0,PSYCH,2011-11-23,
PT11018,03813628,Anthony,Bennett,M,1961-06-08,Ashby Falls,OH,45610,(555) 844-4045,anthony.bennett28@example.com,Spanish,PY07,PRV1129,73.6,173.6,ETOH,2018-09-25,
PT11019,05343884,Kenneth,Hunter,M,1961-01-27,Bluestone,OH,45501,(555) 321-6982,kenneth.hunter72@example.com,English,PY05,PRV1137,63.0,140.4,,2012-01-25,
PT11020,05345285,Danielle,Perkins,F,2008-02-24,Bluestone,OH,45502,(555) 571-4302,,Spanish,PY03,PRV1106,62.8,127.8,PSYCH,2011-02-22,
PT11021,03325142,Jeffrey,Ruiz,M,1979-12-08,Ashby Falls,OH,45610,(555) 941-1375,jeffrey.ruiz60@example.com,English,PY04,PRV1126,73.1,241.2,COPD;ASTHMA,2019-10-08,
PT11022,01773470,Alexis,Wood,F,1930-05-04,Oak Glen,OH,45730,(555) 742-2482,alexis.wood31@example.com,English,PY01,PRV1136,65.1,207.1,HTN;DM,2023-11-17,
PT11023,00369392,Ethan,Payne,M,1952-04-08,Ashby Falls,OH,45610,(555) 584-4576,ethan.payne30@example.com,English,PY01,PRV1128,71.1,235.2,HTN,2008-07-10,
PT11024,05192241,Jacob,Nguyen,M,1967-02-17,Riverbend,OH,45545,(555) 704-2601,jacob.nguyen35@example.com,English,PY05,,66.1,191.2,HTN;CKD;ETOH,2016-11-29,
PT11025,07368421,Olivia,Barnes,F,1996-12-20,Millbrook,OH,45530,(555) 936-1944,olivia.barnes3@example.com,English,PY06,PRV1127,68.6,194.4,,2022-08-12,
PT11026,03152659,Abigail,Castillo,F,1930-12-15,Bluestone,OH,45502,(555) 692-0967,abigail.castillo25@example.com,English,PY01,PRV1133,61.9,147.4,HTN;DM,2023-01-03,
PT11027,06620723,Ivan,Brooks,M,2008-02-05,Oak Glen,OH,45730,(555) 342-9273,ivan.brooks6@example.com,English,PY03,PRV1106,65.7,126.3,,2016-02-04,
PT11028,00020524,Jason,Tran,M,1983-02-23,Bluestone,OH,45503,(555) 310-9198,,Mandarin,PY07,PRV1136,71.1,319.7,,2022-05-27,
PT11029,07720362,Joan,Palmer,F,1966-03-28,Bluestone,OH,45501,(555) 758-7886,,English,PY05,,62.8,158.1,OA,2011-06-29,2025-05-03
PT11030,02296817,Rosa,Burns,F,1996-05-13,Bluestone,OH,45503,(555) 451-1844,rosa.burns8@example.com,English,PY05,PRV1132,64.1,162.5,,2017-06-09,
PT11031,01991736,Betty,Dunn,F,1989-11-01,Bluestone,OH,45502,(555) 450-3232,betty.dunn73@example.com,English,PY01,PRV1130,60.0,172.3,SEIZURE,2018-10-10,
PT11032,08920730,Thomas,Matthews,M,2018-12-13,Bluestone,OH,45502,(555) 530-9211,,English,PY03,PRV1106,39.1,38.8,,2023-11-03,
PT11033,02181935,Willie,Schmidt,M,1968-08-27,Bluestone,OH,45502,(555) 416-9409,,English,PY03,PRV1138,65.8,154.9,COPD,2022-04-01,2024-09-03
PT11034,03501778,Patricia,Torres,F,1957-06-11,Lakeview Heights,OH,45510,(555) 904-2584,patricia.torres70@example.com,English,PY04,PRV1130,65.1,173.3,ASTHMA;PSYCH,2008-03-08,
PT11035,09023273,Grace,Harris,F,1973-08-16,Bluestone,OH,45503,(555) 585-0384,grace.harris71@example.com,English,PY03,PRV1130,63.0,135.4,,2018-09-21,
PT11036,01120239,Mark,Hicks,M,2011-01-10,Bluestone,OH,45501,(555) 496-8250,,English,PY06,PRV1105,64.3,127.5,PSYCH,2024-09-15,
PT11037,04086068,Lucas,O'Brien,M,1953-10-02,Ashby Falls,OH,45610,(555) 890-9972,,English,PY02,PRV1128,74.9,152.4,CKD,2024-01-30,2025-09-11
PT11038,02091910,Diana,Taylor,F,1968-04-01,Lakeview Heights,OH,45510,(555) 453-4781,,English,PY03,PRV1138,66.3,185.0,DM,2018-10-18,
PT11039,01395656,Frank,Mason,M,2005-01-19,Oak Glen,OH,45730,(555) 526-6499,frank.mason85@example.com,English,PY04,PRV1126,71.9,162.7,,2023-10-21,
PT11040,02666800,Cynthia,Ramirez,F,1939-04-25,Bluestone,OH,45502,(555) 924-6807,,English,PY02,PRV1127,67.6,202.0,HTN,2012-11-06,
PT11041,04477263,Ashley,Soto,F,1947-09-20,Cedar Ridge,OH,45720,(555) 684-9713,,English,PY02,PRV1129,63.9,212.4,DM;HF,2011-02-02,
PT11042,09888960,Mateo,Anderson,M,2007-06-01,Bluestone,OH,45503,(555) 753-2785,mateo.anderson75@example.com,English,PY04,PRV1140,66.3,174.1,,2020-03-06,
PT11043,06009040,Kathryn,Fisher,F,2005-12-01,Riverbend,OH,45545,(555) 601-8120,kathryn.fisher14@example.com,English,PY04,PRV1140,66.0,171.7,,2009-07-19,
PT11044,05737819,Victoria,Haddad,F,1996-09-19,Ashby Falls,OH,45610,(555) 460-3595,victoria.haddad72@example.com,English,PY04,PRV1138,65.5,175.5,,2022-07-04,
PT11045,02032360,Nancy,Cox,F,2011-11-25,Bluestone,OH,45502,(555) 955-0796,,English,PY04,PRV1104,60.8,120.0,,2015-09-12,
PT11046,09707022,Theresa,Brown,F,1954-02-15,Fairhaven,OH,45620,(555) 921-1221,theresa.brown11@example.com,English,PY02,PRV1130,62.0,181.4,HTN;COPD,2019-09-17,2025-03-29
PT11047,00050339,Rebecca,Thomas,F,1970-08-21,Bluestone,OH,45501,(555) 255-1437,rebecca.thomas72@example.com,English,PY04,PRV1137,61.2,164.6,,2020-01-22,
PT11048,09182588,Amina,Crawford,F,1996-02-04,Bluestone,OH,45503,(555) 802-3659,,English,PY05,PRV1127,63.2,177.0,,2010-11-04,
PT11049,09482389,Susan,Robertson,F,1988-11-17,Riverbend,OH,45545,(555) 826-5383,susan.robertson44@example.com,English,PY06,PRV1131,62.8,161.3,,2023-11-11,
PT11050,02973301,Gabriel,Porter,M,1974-02-24,Pine Hollow,OH,45640,(555) 449-9479,gabriel.porter50@example.com,English,PY06,PRV1124,68.9,303.7,OA,2018-09-09,
PT11051,08444488,Jacqueline,Allen,F,2025-07-26,Bluestone,OH,45502,(555) 789-8886,,English,PY03,PRV1108,19,8.3,,2024-09-26,
PT11052,07243332,Gerald,Cunningham,M,2012-06-27,Lakeview Heights,OH,45510,(555) 766-6851,,English,PY05,PRV1107,67.0,127.6,,2021-09-05,
PT11053,05522011,Donna,Mason,F,1974-10-07,Ashby Falls,OH,45610,(555) 621-5959,donna.mason66@example.com,English,PY07,PRV1136,62.1,153.3,HTN,2012-08-21,
PT11054,06231418,Gary,West,M,2021-05-03,Bluestone,OH,45502,(555) 461-8108,,Somali,PY04,PRV1105,32.1,29.5,,2021-07-01,
PT11055,04226864,Luis,Reynolds,M,1942-07-19,Bluestone,OH,45502,(555) 356-9127,luis.reynolds23@example.com,English,PY01,PRV1126,66.0,240.8,HF;CKD,2010-05-13,
PT11056,02574309,Philip,Reynolds,M,2024-05-27,Fairhaven,OH,45620,(555) 771-4073,,English,PY04,PRV1104,23.2,13.5,,2024-02-01,
PT11057,08965047,Natalie,Andrews,F,1984-05-12,Ashby Falls,OH,45610,(555) 537-2250,natalie.andrews99@example.com,English,PY04,PRV1126,62.5,166.0,HTN,2014-11-03,
PT11058,07583281,Diego,Long,M,1950-04-25,Bluestone,OH,45501,(555) 221-0202,,English,PY02,PRV1134,66.8,190.7,HTN;COPD,2019-02-01,2025-03-10
PT11059,00514577,Amanda,Mills,F,1929-09-28,Bluestone,OH,45501,(555) 524-3846,,English,PY04,PRV1127,67.9,210.1,,2011-02-21,
PT11060,06185539,Isabella,Shaw,F,2009-07-01,Bluestone,OH,45502,(555) 272-3567,isabella.shaw89@example.com,English,PY05,PRV1106,56.3,95.6,,2013-06-23,
PT11061,07859875,Sara,Petrov,F,1980-03-02,Bluestone,OH,45501,(555) 615-6647,sara.petrov93@example.com,Spanish,PY06,PRV1136,67.3,155.6,PSYCH;ETOH,2021-09-27,
PT11062,05896729,Alexander,Okafor,M,1977-09-18,Pine Hollow,OH,45640,(555) 848-9376,alexander.okafor55@example.com,English,PY04,PRV1127,63.8,162.3,ETOH,2022-08-09,
PT11063,04419427,Carol,Harris,F,2004-06-02,Pine Hollow,OH,45640,(555) 255-9515,,English,PY03,PRV1129,62.4,185.2,,2019-12-08,
PT11064,07219071,Diana,Garcia,F,1936-06-03,Bluestone,OH,45502,(555) 681-0859,,Somali,PY04,PRV1128,60.6,115.8,HTN;COPD;AFIB;CKD,2012-05-12,
PT11065,09386135,Donald,Cook,M,1966-10-20,Bluestone,OH,45503,(555) 417-6986,donald.cook95@example.com,Spanish,PY04,,69.3,165.2,,2022-04-19,
PT11066,02003462,Virginia,O'Brien,F,1940-10-20,Bluestone,OH,45501,(555) 972-5277,virginia.obrien12@example.com,English,PY01,PRV1134,66.8,178.6,HTN;OA,2023-02-28,
PT11067,05755401,Bryan,Ortiz,M,1931-05-26,Bluestone,OH,45503,(555) 955-1988,bryan.ortiz2@example.com,English,PY02,PRV1131,70.1,164.9,HTN,2013-01-03,
PT11068,04858860,Thomas,Alexander,M,1977-09-04,Granite Springs,OH,45750,(555) 343-5127,thomas.alexander40@example.com,English,PY04,PRV1139,67.8,130.2,PSYCH,2018-07-19,
PT11069,02245920,Madison,Jimenez,F,1961-02-24,Bluestone,OH,45503,(555) 273-5468,,English,PY05,PRV1124,65.0,170.8,HTN;OA,2012-03-22,
PT11070,00257551,Amber,Harris,F,1953-06-21,Ashby Falls,OH,45610,(555) 676-0544,,English,PY04,PRV1129,65.0,132.9,OA,2019-06-10,
PT11071,02766291,Noah,Evans,M,1939-08-09,Bluestone,OH,45503,(555) 548-9903,noah.evans8@example.com,Spanish,PY02,PRV1124,71.1,136.3,HTN;DM,2012-08-05,
PT11072,09887818,Sean,Ramos,M,1976-10-16,Lakeview Heights,OH,45510,(555) 898-3028,sean.ramos84@example.com,English,PY06,PRV1130,73.4,179.8,,2024-01-16,
PT11073,07290072,Justin,Smith,M,1947-04-03,Lakeview Heights,OH,45510,(555) 527-9717,,English,PY01,PRV1138,69.6,196.9,HTN;DM,2021-04-19,
PT11074,03594697,Gary,Butler,M,1974-07-15,Lakeview Heights,OH,45510,(555) 320-7658,gary.butler7@example.com,English,PY07,PRV1138,66.1,210.9,HTN,2010-10-30,
PT11075,01576348,Jacqueline,Fisher,F,1981-08-06,Bluestone,OH,45503,(555) 936-6714,,English,PY05,,65.5,195.7,,2011-08-06,
PT11076,09403250,Jean,Hayes,F,1985-12-12,Riverbend,OH,45545,(555) 540-7612,jean.hayes40@example.com,English,PY06,PRV1138,63.9,129.1,HTN,2024-11-06,
PT11077,06692890,Diane,Harris,F,1958-05-05,Bluestone,OH,45502,(555) 408-5603,,English,PY03,PRV1126,65.6,170.4,,2024-07-21,
PT11078,02832336,Charlotte,Cruz,F,1969-02-06,Ashby Falls,OH,45610,(555) 390-8642,charlotte.cruz91@example.com,English,PY07,PRV1129,63.4,185.6,,2008-05-17,
PT11079,02626580,Lauren,Fox,F,1939-07-10,Bluestone,OH,45501,(555) 324-7179,lauren.fox20@example.com,English,PY01,,65.8,158.9,COPD,2008-03-23,
PT11080,05301015,Priya,Andrews,F,1926-02-06,Bluestone,OH,45501,(555) 276-8176,priya.andrews54@example.com,English,PY01,,63.6,119.7,HTN,2014-11-13,
PT11081,00294709,Robert,Nguyen,M,1971-08-26,Bluestone,OH,45502,(555) 407-9385,robert.nguyen6@example.com,English,PY03,PRV1125,65.1,220.5,,2023-11-09,
PT11082,03715284,Kevin,Harrison,M,1997-05-23,Bluestone,OH,45502,(555) 720-4455,kevin.harrison94@example.com,English,PY01,PRV1135,73.8,194.8,,2024-03-06,
PT11083,06929261,Patricia,Chen,F,1984-08-30,Riverbend,OH,45545,(555) 849-9849,patricia.chen5@example.com,English,PY03,PRV1132,62.5,195.7,HTN,2024-02-29,
PT11084,01121560,Donald,Johnston,M,1948-04-12,Bluestone,OH,45501,(555) 244-5987,,English,PY02,PRV1131,66.1,130.2,DM,2023-08-18,
PT11085,08946258,Pamela,Thomas,F,1930-02-03,Bluestone,OH,45501,(555) 752-8346,pamela.thomas35@example.com,English,PY03,PRV1136,66.1,194.9,HTN,2008-07-04,
PT11086,00479090,Katherine,Silva,F,2014-11-27,Bluestone,OH,45501,(555) 236-5290,,English,PY05,PRV1105,51.2,77.8,,2023-06-05,
PT11087,00179317,Lawrence,Cole,M,1971-07-04,Riverbend,OH,45545,(555) 476-1579,lawrence.cole84@example.com,Mandarin,PY05,PRV1139,72.3,166.6,HTN,2019-07-15,
PT11088,07740106,Walter,Parker,M,1966-08-15,Pine Hollow,OH,45640,(555) 658-7079,walter.parker33@example.com,English,PY04,PRV1130,69.0,247.9,DM,2024-06-04,
PT11089,09176065,Randy,Parker,M,1954-07-04,Bluestone,OH,45501,(555) 537-2446,,English,PY01,PRV1126,68.7,251.1,SEIZURE,2013-11-25,
PT11090,04615575,Christina,Wells,F,1970-07-18,Bluestone,OH,45501,(555) 710-2156,christina.wells41@example.com,Spanish,PY04,PRV1126,62.3,132.8,OA,2015-12-29,
PT11091,01442377,Eugene,Miller,M,1955-05-31,Millbrook,OH,45530,(555) 846-5445,eugene.miller7@example.com,English,PY01,PRV1126,71.0,156.3,CKD,2020-04-19,
PT11092,04861977,William,Martin,M,2019-03-07,Riverbend,OH,45545,(555) 698-7665,,English,PY04,,32.3,18.9,,2019-06-06,
PT11093,09835655,Alexander,Nguyen,M,1948-04-12,Fairhaven,OH,45620,(555) 826-7392,,English,PY02,PRV1138,65.1,189.2,DM;AFIB,2023-11-29,
PT11094,06468659,Ralph,Rice,M,2013-10-28,Pine Hollow,OH,45640,(555) 606-8026,,English,PY06,PRV1104,47.7,74.2,,2017-08-08,
PT11095,03676402,Lawrence,Evans,M,1977-03-23,Bluestone,OH,45503,(555) 359-2778,lawrence.evans7@example.com,English,PY06,,68.2,159.1,,2023-09-30,
PT11096,01944499,Alexander,Ortiz,M,1945-04-18,Bluestone,OH,45502,(555) 283-8029,alexander.ortiz1@example.com,English,PY01,,70.1,197.1,HTN;AFIB;SEIZURE,2018-09-10,
PT11097,00864664,Randy,Long,M,2012-11-20,Pine Hollow,OH,45640,(555) 492-6782,,English,PY05,PRV1105,65.3,127.5,,2015-04-13,
PT11098,00584372,Wei,Vargas,M,1993-08-26,Pine Hollow,OH,45640,(555) 802-3772,wei.vargas15@example.com,English,PY06,,70.8,170.5,,2024-01-10,
PT11099,03144566,Lisa,Rice,F,2006-10-18,Oak Glen,OH,45730,(555) 307-0108,lisa.rice32@example.com,English,PY04,PRV1133,59.7,167.9,,2015-03-14,
PT11100,02466640,Bradley,Dixon,M,1979-09-13,Cedar Ridge,OH,45720,(555) 694-8378,bradley.dixon99@example.com,English,PY03,PRV1140,73.5,244.1,,2023-03-02,
PT11101,02985735,Lawrence,West,M,1952-07-27,Cedar Ridge,OH,45720,(555) 886-0000,lawrence.west75@example.com,English,PY01,PRV1140,73.8,220.9,HTN;DM;HF;COPD,2009-09-12,
PT11102,01983869,Donald,Pierce,M,1982-02-15,Bluestone,OH,45502,(555) 530-0421,donald.pierce84@example.com,English,PY04,PRV1136,74.8,148.6,ASTHMA,2013-05-31,
PT11103,04878375,Martha,Watson,F,1973-01-16,Bluestone,OH,45501,(555) 214-3335,martha.watson12@example.com,English,PY04,PRV1134,66.4,188.4,,2014-08-06,
PT11104,09184498,Elizabeth,Anderson,F,1959-02-02,Granite Springs,OH,45750,(555) 317-9683,elizabeth.anderson82@example.com,English,PY01,PRV1130,59.0,141.6,HTN;OA,2022-05-05,
PT11105,06046241,Denise,Powell,F,1952-08-21,Fairhaven,OH,45620,(555) 985-7247,,English,PY02,PRV1129,65.1,152.6,HTN;COPD,2019-07-18,
PT11106,07651284,Marie,Wright,F,1952-05-06,Ashby Falls,OH,45610,(555) 403-5310,,Spanish,PY01,PRV1129,65.2,270.0,HTN,2022-04-30,
PT11107,02746953,Noah,Lane,M,1991-02-10,Lakeview Heights,OH,45510,(555) 335-3815,noah.lane74@example.com,English,PY04,PRV1132,70.6,187.4,,2020-10-21,
PT11108,08489190,Linh,Contreras,F,1935-01-25,Riverbend,OH,45545,(555) 687-3660,linh.contreras14@example.com,English,PY01,PRV1131,66.9,192.3,HTN;DM;HF,2024-02-07,2024-08-20
PT11109,08501398,Alice,McDonald,F,1966-07-23,Bluestone,OH,45502,(555) 441-9987,alice.mcdonald64@example.com,English,PY07,PRV1135,63.0,146.0,HTN;CKD,2018-01-03,
PT11110,08307991,Ivan,Cole,M,1979-07-27,Bluestone,OH,45501,(555) 653-4539,,English,PY04,PRV1132,69.7,154.5,,2022-10-16,
PT11111,07694816,Lucia,Novak,F,1956-06-29,Bluestone,OH,45501,(555) 385-1895,,English,PY01,PRV1135,64.8,180.9,AFIB,2016-10-01,
PT11112,05271904,Larry,Kennedy,M,1995-03-24,Bluestone,OH,45501,(555) 645-4182,,English,PY06,PRV1136,69.5,215.7,PSYCH,2024-03-24,
PT11113,04008982,Patrick,Armstrong,M,2025-03-08,Riverbend,OH,45545,(555) 657-0552,,English,PY04,PRV1104,19,6.9,,2025-02-21,
PT11114,00932927,Sandra,Fox,F,1974-06-19,Cedar Ridge,OH,45720,(555) 374-4760,sandra.fox42@example.com,English,PY06,PRV1135,65.8,164.2,,2014-11-19,
PT11115,03101451,Kenneth,Daniels,M,1949-06-15,Riverbend,OH,45545,(555) 583-0773,kenneth.daniels48@example.com,English,PY02,PRV1140,72.3,205.6,HTN;DM,2017-07-17,
PT11116,03275465,Gregory,Patterson,M,1979-12-07,Ashby Falls,OH,45610,(555) 645-5435,,English,PY03,PRV1139,66.4,148.5,,2019-01-16,
PT11117,00416175,Deborah,Black,F,2001-11-02,Bluestone,OH,45502,(555) 682-3232,deborah.black74@example.com,English,PY01,PRV1129,61.2,135.2,,2017-08-30,
PT11118,02014365,Jonathan,Daniels,M,1927-05-21,Granite Springs,OH,45750,(555) 466-4269,jonathan.daniels88@example.com,English,PY02,,69.8,191.1,,2024-11-01,
PT11119,01891144,Leila,Hansen,F,1983-07-09,Cedar Ridge,OH,45720,(555) 672-6754,leila.hansen92@example.com,English,PY04,PRV1127,61.4,131.3,,2021-03-03,
PT11120,04887094,Jesse,Walker,M,2019-06-21,Bluestone,OH,45502,(555) 696-9600,,English,PY05,PRV1108,36.1,35.3,,2023-02-21,
PT11121,07349363,Liam,Richards,M,1959-03-27,Ashby Falls,OH,45610,(555) 294-8989,liam.richards85@example.com,English,PY01,PRV1140,69.5,184.1,HTN;DM,2018-12-31,
PT11122,01641893,Wayne,Ramos,M,1982-04-02,Oak Glen,OH,45730,(555) 426-5080,,English,PY06,PRV1125,71.4,119.5,HTN,2009-06-16,
PT11123,04683135,Carolyn,Perkins,F,2016-08-26,Bluestone,OH,45501,(555) 431-1385,,English,PY03,PRV1105,42.2,48.2,,2021-03-29,
PT11124,01844361,Sean,Wallace,M,1967-02-21,Granite Springs,OH,45750,(555) 498-7691,,English,PY05,PRV1129,67.4,166.5,PSYCH,2017-01-27,
PT11125,01907329,Carlos,Hansen,M,1938-12-31,Millbrook,OH,45530,(555) 282-1225,carlos.hansen39@example.com,English,PY02,,67.6,195.6,HTN;CANCER,2021-08-07,
PT11126,04477786,Victoria,Martinez,F,1973-08-31,Lakeview Heights,OH,45510,(555) 451-5441,,English,PY06,PRV1134,67.9,192.7,,2024-01-21,
PT11127,09158414,Andrea,Wells,F,2001-07-16,Ashby Falls,OH,45610,(555) 449-4988,andrea.wells35@example.com,English,PY04,PRV1129,63.5,195.4,PSYCH,2015-07-07,
PT11128,06992853,Nancy,Pierce,F,2007-10-08,Cedar Ridge,OH,45720,(555) 516-9142,,English,PY04,PRV1129,62.9,177.0,,2019-10-29,
PT11129,06231990,Cheryl,Johnson,F,2010-08-02,Fairhaven,OH,45620,(555) 768-9064,,English,PY03,PRV1106,58.4,100.1,,2013-07-01,
PT11130,07614529,Maria,Grant,F,1958-12-18,Riverbend,OH,45545,(555) 722-0679,,English,PY02,PRV1133,65.5,228.7,DM,2023-11-28,
PT11131,03704670,Diana,Garcia,F,1968-11-08,Bluestone,OH,45503,(555) 785-3934,,English,PY07,PRV1126,64.3,218.7,HTN;HF,2021-05-26,
PT11132,04037132,Rosa,Carroll,F,2016-07-16,Bluestone,OH,45503,(555) 529-4327,,Mandarin,PY03,PRV1107,42.5,60.2,,2017-06-06,
PT11133,05737865,Kathryn,Anderson,F,1963-11-17,Ashby Falls,OH,45610,(555) 518-9645,kathryn.anderson42@example.com,English,PY03,PRV1124,65.1,168.9,HTN,2023-07-25,
PT11134,03340138,Margaret,Meyer,F,1978-09-26,Lakeview Heights,OH,45510,(555) 955-8225,,English,PY04,PRV1136,67.2,204.8,,2023-04-07,
PT11135,05842384,Russell,Matthews,M,1958-05-18,Bluestone,OH,45503,(555) 485-8162,,English,PY02,PRV1131,68.3,138.9,HTN;CKD;PSYCH;OA,2012-03-25,
PT11136,08229643,Kyle,Spencer,M,1945-11-09,Cedar Ridge,OH,45720,(555) 662-0533,kyle.spencer30@example.com,English,PY03,PRV1136,67.9,181.3,,2021-05-05,
PT11137,04532292,Judith,King,F,2000-12-09,Lakeview Heights,OH,45510,(555) 450-4677,judith.king49@example.com,English,PY05,PRV1134,62.7,156.0,,2017-08-26,
PT11138,05327848,Natalie,Fernandez,F,1961-04-28,Cedar Ridge,OH,45720,(555) 476-9690,,English,PY06,PRV1137,65.8,162.2,HF;ASTHMA;CANCER,2012-06-01,
PT11139,05263526,Bobby,Castillo,M,1973-05-18,Fairhaven,OH,45620,(555) 606-0070,bobby.castillo98@example.com,English,PY04,PRV1128,73.5,251.1,ETOH,2014-07-15,
PT11140,07060250,Kenneth,Baker,M,1990-09-06,Cedar Ridge,OH,45720,(555) 663-8376,kenneth.baker69@example.com,English,PY03,PRV1128,75.8,262.2,ASTHMA,2015-08-07,
PT11141,02043169,Victoria,Mitchell,F,1946-05-05,Oak Glen,OH,45730,(555) 783-5228,victoria.mitchell91@example.com,English,PY02,PRV1127,65.2,158.1,,2020-06-05,
PT11142,03471039,Russell,Schmidt,M,1996-01-22,Bluestone,OH,45502,(555) 742-8022,russell.schmidt72@example.com,Arabic,PY04,PRV1134,72.0,199.4,,2010-09-22,
PT11143,09078221,Patrick,Robinson,M,1966-06-06,Granite Springs,OH,45750,(555) 495-3366,patrick.robinson42@example.com,English,PY03,PRV1135,66.6,245.2,,2014-11-14,
PT11144,09181706,Harper,Kelley,F,2021-05-03,Bluestone,OH,45501,(555) 200-4153,,English,PY05,PRV1105,29.4,21.5,,2022-03-29,
PT11145,05506683,Michael,Scott,M,1995-08-07,Ashby Falls,OH,45610,(555) 398-2146,michael.scott29@example.com,English,PY05,PRV1139,69.1,163.8,,2012-09-08,
PT11146,03007822,Anthony,Andrews,M,1982-06-08,Ashby Falls,OH,45610,(555) 947-1521,anthony.andrews73@example.com,English,PY04,PRV1132,68.3,226.1,PSYCH,2019-03-18,
PT11147,08937234,Michelle,Delgado,F,1957-03-23,Riverbend,OH,45545,(555) 828-8914,,Spanish,PY01,PRV1135,60.7,139.6,HTN,2018-11-20,
PT11148,04856945,Michael,Baker,M,2009-10-20,Bluestone,OH,45501,(555) 327-9274,michael.baker58@example.com,Somali,PY05,PRV1105,66.2,122.4,PSYCH,2020-05-07,
PT11149,05063278,Kenneth,Sanchez,M,1977-09-05,Cedar Ridge,OH,45720,(555) 586-1210,kenneth.sanchez80@example.com,English,PY05,PRV1128,68.3,176.6,,2021-10-24,
PT11150,01431484,Mateo,Burns,M,2001-08-07,Fairhaven,OH,45620,(555) 285-0151,,English,PY05,PRV1138,69.5,273.8,,2025-07-02,
PT11151,00410845,Aaliyah,Hunt,F,1937-03-01,Bluestone,OH,45502,(555) 503-4228,,English,PY04,,61.2,170.0,,2024-05-26,
PT11152,03897539,Jordan,Hart,M,1969-09-14,Granite Springs,OH,45750,(555) 648-6784,jordan.hart74@example.com,English,PY03,PRV1138,65.7,202.8,HTN,2018-07-16,
PT11153,05463881,Peter,Kim,M,2018-01-17,Bluestone,OH,45502,(555) 896-6841,,English,PY05,PRV1107,38.0,45.9,,2022-03-02,
PT11154,02485107,Tyler,Rose,M,1948-06-27,Millbrook,OH,45530,(555) 854-2810,tyler.rose98@example.com,English,PY02,PRV1130,69.1,199.2,DM,2022-02-02,
PT11155,06517887,Keith,Wilson,M,1973-09-16,Bluestone,OH,45501,(555) 837-5149,keith.wilson64@example.com,English,PY05,PRV1124,71.4,196.9,HTN;DM;PSYCH,2014-07-30,
PT11156,05081878,Roger,Nakamura,M,1972-12-25,Bluestone,OH,45501,(555) 641-5721,roger.nakamura13@example.com,English,PY05,PRV1130,68.1,183.1,HTN;PSYCH,2021-06-11,
PT11157,08451924,Kevin,Mason,M,1965-10-08,Bluestone,OH,45503,(555) 441-0961,kevin.mason38@example.com,English,PY06,PRV1128,68.4,153.0,,2018-10-03,
PT11158,02152900,Benjamin,Vasquez,M,1970-02-02,Fairhaven,OH,45620,(555) 426-8777,,English,PY04,PRV1132,65.8,165.4,PSYCH,2017-12-25,
PT11159,03415511,Jessica,Jenkins,F,1979-11-03,Ashby Falls,OH,45610,(555) 496-6054,jessica.jenkins1@example.com,English,PY03,PRV1131,62.9,157.7,,2023-09-10,
PT11160,03533189,Evelyn,Holmes,F,1937-03-23,Millbrook,OH,45530,(555) 914-2417,evelyn.holmes18@example.com,English,PY02,PRV1139,63.2,185.4,,2017-07-28,
PT11161,09686600,Logan,Martinez,M,1941-06-04,Ashby Falls,OH,45610,(555) 299-6665,logan.martinez21@example.com,English,PY01,,70.4,190.3,HTN;AFIB,2019-11-23,
PT11162,06491761,Elijah,Martin,M,2015-02-13,Riverbend,OH,45545,(555) 270-6966,,Spanish,PY04,PRV1108,46.9,65.4,,2020-10-12,
PT11163,01135796,Sandra,Tran,F,1953-11-11,Bluestone,OH,45502,(555) 459-3376,,English,PY01,PRV1133,64.4,204.0,HTN,2008-10-04,
PT11164,06523104,Ruth,Ryan,F,2016-12-16,Riverbend,OH,45545,(555) 417-9950,,English,PY03,PRV1105,47.2,52.3,,2020-02-20,
PT11165,00021081,Heather,Gonzalez,F,1974-01-07,Millbrook,OH,45530,(555) 323-6370,,English,PY05,PRV1128,61.6,167.0,HTN,2020-02-11,
PT11166,06337958,Amanda,Alvarado,F,1971-02-14,Lakeview Heights,OH,45510,(555) 509-4625,amanda.alvarado93@example.com,English,PY04,PRV1130,64.6,177.4,,2021-12-23,
PT11167,01072713,Dorothy,Moreno,F,1932-08-04,Ashby Falls,OH,45610,(555) 726-8141,dorothy.moreno86@example.com,English,PY02,PRV1139,64.5,97.5,HTN;DM;COPD,2012-05-03,2025-03-07
PT11168,08597215,Christian,Morgan,M,1963-04-24,Cedar Ridge,OH,45720,(555) 576-9844,christian.morgan49@example.com,English,PY01,PRV1135,71.9,212.4,HTN,2022-06-03,
PT11169,01409653,Kimberly,Gordon,F,1997-05-09,Cedar Ridge,OH,45720,(555) 604-4990,kimberly.gordon69@example.com,English,PY03,PRV1139,62.9,174.0,PSYCH,2011-06-24,
PT11170,05551326,Austin,Russell,M,1978-10-17,Millbrook,OH,45530,(555) 528-8555,,English,PY05,PRV1134,68.0,142.6,,2013-12-25,
PT11171,02714150,Tyler,Snyder,M,1955-01-26,Bluestone,OH,45501,(555) 879-2409,tyler.snyder51@example.com,English,PY01,PRV1140,68.2,225.2,HTN;COPD;OA,2019-11-10,
PT11172,00307528,Brenda,Dixon,F,1988-03-15,Bluestone,OH,45503,(555) 717-5656,brenda.dixon82@example.com,Spanish,PY04,PRV1137,64.5,146.9,DM,2016-04-14,
PT11173,08047775,Debra,Castillo,F,1979-07-22,Fairhaven,OH,45620,(555) 232-1683,debra.castillo71@example.com,English,PY07,PRV1131,65.7,161.6,HTN,2019-04-04,
PT11174,04615001,Kathleen,Mitchell,F,2003-09-10,Riverbend,OH,45545,(555) 331-5128,kathleen.mitchell13@example.com,English,PY03,PRV1131,66.7,189.0,,2017-06-19,
PT11175,00704066,Julia,Snyder,F,1976-05-27,Millbrook,OH,45530,(555) 448-2268,julia.snyder74@example.com,English,PY05,PRV1129,68.3,137.7,,2015-07-22,
PT11176,08501992,Katherine,Lewis,F,1952-06-05,Bluestone,OH,45501,(555) 451-4073,katherine.lewis14@example.com,English,PY01,PRV1138,68.7,173.9,DM;PSYCH,2014-04-20,2025-01-01
PT11177,05792923,Mark,Owens,M,1958-12-30,Lakeview Heights,OH,45510,(555) 645-4551,mark.owens17@example.com,English,PY02,PRV1125,69.0,256.7,,2020-12-14,
PT11178,02715043,Martha,Lane,F,1996-10-17,Bluestone,OH,45502,(555) 980-2662,martha.lane74@example.com,English,PY05,PRV1129,61.4,185.4,,2018-11-30,
PT11179,03709143,Susan,Aguilar,F,1968-11-04,Lakeview Heights,OH,45510,(555) 810-8073,susan.aguilar36@example.com,English,PY07,PRV1134,64.3,146.5,HTN,2014-07-04,
PT11180,01181223,Wayne,Davis,M,1998-01-23,Cedar Ridge,OH,45720,(555) 957-4066,wayne.davis40@example.com,English,PY04,PRV1128,65.9,166.7,PSYCH,2015-07-23,
PT11181,04486032,Willie,Morales,M,1989-05-12,Cedar Ridge,OH,45720,(555) 692-6389,willie.morales7@example.com,English,PY06,PRV1128,68.1,239.5,,2014-10-20,
PT11182,05411565,Olivia,Wells,F,1986-05-10,Ashby Falls,OH,45610,(555) 460-4883,olivia.wells51@example.com,English,PY07,,64.4,97.3,,2015-09-02,
PT11183,06874671,Deborah,Russell,F,1946-07-16,Bluestone,OH,45501,(555) 945-1433,deborah.russell37@example.com,English,PY03,PRV1124,67.3,209.6,HTN;AFIB,2022-03-26,
PT11184,00887342,Kenneth,Myers,M,1993-05-22,Ashby Falls,OH,45610,(555) 364-1293,,English,PY07,PRV1133,68.3,149.1,PSYCH,2020-03-21,
PT11185,00226379,Thomas,Ward,M,2022-08-10,Bluestone,OH,45502,(555) 834-3835,,English,PY06,PRV1105,25.6,15.8,,2022-09-16,
PT11186,06460395,Maria,Jones,F,1927-04-30,Bluestone,OH,45501,(555) 362-6097,maria.jones91@example.com,English,PY02,PRV1130,60.6,155.4,DM;OA,2009-01-05,
PT11187,07229333,Gloria,Yilmaz,F,1966-06-07,Bluestone,OH,45501,(555) 676-8473,gloria.yilmaz66@example.com,English,PY03,PRV1137,62.0,149.8,PSYCH,2021-12-22,
PT11188,00282980,Gabriel,Harris,M,1949-04-22,Oak Glen,OH,45730,(555) 716-7320,gabriel.harris82@example.com,English,PY01,PRV1134,66.5,201.2,HTN;DM;OA,2023-02-15,
PT11189,06383522,Ethan,Anderson,M,2004-08-31,Riverbend,OH,45545,(555) 979-4394,ethan.anderson43@example.com,English,PY04,PRV1139,72.2,230.1,,2014-08-15,
PT11190,01186401,Larry,Kim,M,1982-06-04,Cedar Ridge,OH,45720,(555) 548-2355,,English,PY03,PRV1129,65.1,226.3,,2020-01-25,2025-07-11
PT11191,00750032,Evelyn,Vargas,F,1979-09-26,Riverbend,OH,45545,(555) 705-3988,,English,PY04,PRV1134,63.5,250.7,DM;ASTHMA,2019-10-04,
PT11192,00599467,Dylan,Stewart,M,1964-11-18,Ashby Falls,OH,45610,(555) 713-8774,,English,PY03,PRV1135,67.4,191.0,HTN,2020-08-08,
PT11193,01771739,Deborah,Carter,F,1953-07-12,Riverbend,OH,45545,(555) 444-4038,deborah.carter15@example.com,English,PY01,PRV1135,63.0,169.1,,2023-08-28,
PT11194,02723009,Sandra,Kelly,F,1932-01-31,Granite Springs,OH,45750,(555) 523-6150,sandra.kelly50@example.com,English,PY01,PRV1137,67.9,210.5,HTN;AFIB,2008-01-29,
PT11195,02082726,Donna,Vargas,F,1956-10-03,Bluestone,OH,45501,(555) 709-2214,donna.vargas62@example.com,English,PY01,PRV1129,68.1,215.3,HF;COPD,2023-12-13,
PT11196,04279299,Joan,Knight,F,2011-11-25,Ashby Falls,OH,45610,(555) 289-1831,,English,PY05,PRV1108,59.9,122.5,,2023-03-07,
PT11197,04944835,Charles,Perkins,M,1956-10-23,Lakeview Heights,OH,45510,(555) 721-7218,,Russian,PY01,PRV1128,63.6,173.9,HTN,2013-08-03,
PT11198,06137776,Samantha,Mendez,F,2015-11-28,Granite Springs,OH,45750,(555) 750-7515,,English,PY03,PRV1106,45.1,56.5,,2022-01-07,
PT11199,06528666,Carl,Arnold,M,1973-01-21,Millbrook,OH,45530,(555) 713-9376,carl.arnold57@example.com,English,PY06,PRV1124,74.5,130.3,HTN;CKD;PSYCH,2017-04-16,
PT11200,09548678,Carolyn,Graham,F,1978-09-12,Cedar Ridge,OH,45720,(555) 244-7879,,Spanish,PY03,PRV1128,63.0,200.5,COPD,2013-08-13,
PT11201,09034351,Keith,Patel,M,1970-10-21,Millbrook,OH,45530,(555) 306-0328,keith.patel15@example.com,English,PY05,PRV1140,72.2,254.0,DM,2021-09-13,
PT11202,01535390,Ahmed,Osei,M,1973-04-15,Pine Hollow,OH,45640,(555) 264-2314,ahmed.osei36@example.com,English,PY04,PRV1133,68.1,143.0,,2024-05-17,
PT11203,02259376,Elizabeth,Petrov,F,1937-11-09,Bluestone,OH,45501,(555) 571-2204,elizabeth.petrov52@example.com,English,PY01,PRV1129,66.0,259.7,,2010-05-10,
PT11204,05629462,Aaron,Ryan,M,1948-11-08,Oak Glen,OH,45730,(555) 244-8356,,English,PY02,,70.1,126.5,HF;CKD,2017-10-06,
PT11205,07423452,Bradley,Ramirez,M,1996-04-03,Bluestone,OH,45502,(555) 498-6409,,English,PY03,PRV1124,73.1,178.7,,2019-01-19,
PT11206,08005967,Christine,Castillo,F,1983-12-28,Bluestone,OH,45502,(555) 892-5305,christine.castillo31@example.com,English,PY05,PRV1132,65.8,190.5,PSYCH,2017-01-23,
PT11207,08200417,Madison,Chavez,F,1941-05-28,Ashby Falls,OH,45610,(555) 478-8201,madison.chavez50@example.com,English,PY01,PRV1138,64.6,159.0,HTN,2018-09-06,
PT11208,05094809,Elizabeth,Gomez,F,1970-10-26,Millbrook,OH,45530,(555) 701-2318,elizabeth.gomez76@example.com,English,PY03,PRV1139,68.4,233.4,HTN;CANCER,2008-05-14,
PT11209,06495745,Hassan,Hill,M,1935-05-20,Bluestone,OH,45502,(555) 889-7914,hassan.hill50@example.com,English,PY01,PRV1139,67.4,238.8,HTN;DM;HF,2014-09-14,
PT11210,03356367,Keith,Graham,M,2001-12-07,Cedar Ridge,OH,45720,(555) 347-4302,keith.graham23@example.com,English,PY03,PRV1129,70.7,198.2,PSYCH,2010-12-12,
PT11211,08554017,Bruce,Morgan,M,1945-09-29,Bluestone,OH,45501,(555) 339-1617,bruce.morgan9@example.com,English,PY02,PRV1129,71.8,149.8,,2023-12-02,
PT11212,04052366,Anthony,Shaw,M,1966-08-08,Bluestone,OH,45502,(555) 687-9490,anthony.shaw56@example.com,English,PY06,PRV1138,70.2,184.9,,2017-12-03,
PT11213,02102591,Brittany,Cruz,F,2022-10-08,Lakeview Heights,OH,45510,(555) 622-2318,,English,PY03,PRV1107,28.2,23.4,,2023-08-01,
PT11214,01117203,Robert,Cooper,M,1981-05-01,Cedar Ridge,OH,45720,(555) 541-1911,,English,PY05,PRV1134,69.6,188.0,HTN,2020-04-13,
PT11215,05700982,Sara,Thompson,F,2006-01-18,Millbrook,OH,45530,(555) 706-9963,sara.thompson24@example.com,English,PY03,PRV1133,63.8,176.4,,2019-05-13,
PT11216,06140573,Bradley,Perez,M,1952-04-02,Bluestone,OH,45501,(555) 681-9896,bradley.perez17@example.com,English,PY01,PRV1125,70.0,194.4,HTN;DM;CANCER,2010-05-25,
PT11217,00237752,Barbara,Riley,F,1983-09-15,Bluestone,OH,45501,(555) 750-2072,barbara.riley8@example.com,English,PY05,,64.1,167.1,,2018-05-19,
PT11218,09999804,Ronald,Ray,M,1949-10-28,Ashby Falls,OH,45610,(555) 290-2994,ronald.ray68@example.com,English,PY04,PRV1133,72.0,192.9,HTN;AFIB,2013-03-29,
PT11219,07403992,Russell,Tran,M,1969-08-27,Lakeview Heights,OH,45510,(555) 794-8931,russell.tran13@example.com,English,PY05,PRV1127,67.7,202.1,DM,2016-05-05,
PT11220,01877775,Lori,Carroll,F,1970-03-30,Fairhaven,OH,45620,(555) 228-5285,lori.carroll2@example.com,English,PY05,PRV1140,67.9,232.7,HF;COPD,2016-11-26,
PT11221,00097214,Scott,Gray,M,1956-08-22,Millbrook,OH,45530,(555) 532-7171,,English,PY02,PRV1124,74.6,178.7,HTN,2023-12-16,
PT11222,01941487,Julie,Martinez,F,1938-09-09,Ashby Falls,OH,45610,(555) 370-3297,julie.martinez24@example.com,English,PY04,PRV1130,57.1,76.4,HTN;AFIB,2021-06-24,
PT11223,00834718,Patrick,Haddad,M,2013-06-09,Bluestone,OH,45501,(555) 580-3488,,Somali,PY03,PRV1108,51.8,62.4,,2017-11-28,
PT11224,03101786,Kenneth,Ramirez,M,1947-11-05,Granite Springs,OH,45750,(555) 980-9495,,English,PY01,PRV1124,71.2,119.1,HTN;COPD,2011-10-25,
PT11225,04635403,Charlotte,Thompson,F,1972-03-22,Ashby Falls,OH,45610,(555) 852-8105,charlotte.thompson97@example.com,English,PY06,PRV1137,64.2,173.5,,2024-02-26,
PT11226,08204914,Kelly,Edwards,F,1979-08-02,Granite Springs,OH,45750,(555) 619-3833,,English,PY03,PRV1140,64.1,196.6,,2011-11-26,
PT11227,05886528,Jean,Willis,F,2017-10-28,Riverbend,OH,45545,(555) 988-3377,,English,PY04,PRV1107,41.2,63.8,,2024-08-30,
PT11228,06440965,Linda,Palmer,F,1955-10-30,Fairhaven,OH,45620,(555) 794-4450,linda.palmer28@example.com,English,PY02,PRV1134,62.0,161.6,HTN;ASTHMA,2021-07-02,
PT11229,00740008,Stephen,Nichols,M,1953-04-09,Bluestone,OH,45503,(555) 641-6282,stephen.nichols80@example.com,Spanish,PY01,PRV1139,67.3,208.4,HTN,2021-11-06,
PT11230,04850335,Mason,Contreras,M,1971-01-06,Ashby Falls,OH,45610,(555) 505-2212,mason.contreras11@example.com,English,PY06,,72.2,215.9,ETOH,2016-03-20,
PT11231,04637611,Stephen,Butler,M,1990-06-06,Oak Glen,OH,45730,(555) 772-0949,stephen.butler46@example.com,English,PY04,PRV1137,65.3,175.5,,2013-01-24,
PT11232,02263997,Janet,Jenkins,F,1946-09-21,Bluestone,OH,45502,(555) 292-4281,janet.jenkins44@example.com,English,PY03,PRV1131,60.4,124.4,HTN;DM;PSYCH,2012-05-10,
PT11233,08127089,Gary,Grant,M,1954-11-04,Bluestone,OH,45502,(555) 627-3811,gary.grant58@example.com,English,PY04,PRV1124,71.0,177.8,HTN;DM;CKD,2024-01-02,
PT11234,00417955,Douglas,Santos,M,1977-01-17,Bluestone,OH,45502,(555) 760-1226,douglas.santos1@example.com,English,PY05,PRV1130,72.3,219.1,,2017-12-04,
PT11235,02448265,Lisa,Hughes,F,1959-03-13,Millbrook,OH,45530,(555) 709-7509,,English,PY01,PRV1126,62.2,189.7,HTN,2022-02-18,
PT11236,07796114,Barbara,Vasquez,F,2012-03-15,Granite Springs,OH,45750,(555) 406-2138,,English,PY03,PRV1105,66.7,149.2,,2022-06-27,
PT11237,03220518,Noah,Foster,M,1955-06-12,Riverbend,OH,45545,(555) 497-5280,noah.foster44@example.com,English,PY02,,71.0,231.8,DM,2015-07-13,
PT11238,01554119,Albert,Smith,M,2006-04-04,Ashby Falls,OH,45610,(555) 686-6841,,English,PY06,PRV1125,69.6,204.7,,2024-03-21,
PT11239,04778692,Betty,Ruiz,F,1969-04-17,Millbrook,OH,45530,(555) 503-3286,betty.ruiz86@example.com,English,PY03,PRV1137,68.3,238.4,HTN,2024-07-14,
PT11240,07958044,Jessica,Holmes,F,1981-03-31,Cedar Ridge,OH,45720,(555) 983-1092,jessica.holmes71@example.com,English,PY05,PRV1126,62.9,143.5,,2023-05-08,
PT11241,06265245,Katherine,Alexander,F,2011-05-28,Lakeview Heights,OH,45510,(555) 804-2550,,English,PY07,PRV1108,59.6,103.9,,2017-10-08,
PT11242,02166473,Raymond,Vazquez,M,1978-12-20,Granite Springs,OH,45750,(555) 902-2296,raymond.vazquez97@example.com,English,PY04,PRV1125,67.1,177.3,DM;COPD;ETOH,2013-12-10,
PT11243,03974106,Harper,Munoz,F,2001-01-22,Oak Glen,OH,45730,(555) 325-3963,harper.munoz95@example.com,Spanish,PY07,PRV1140,66.3,240.5,,2019-07-07,
PT11244,05050956,Julie,Stevens,F,2024-10-28,Millbrook,OH,45530,(555) 631-1395,,English,PY03,PRV1107,21.4,11.5,,2024-03-09,
PT11245,08187667,Gabriel,Wallace,M,2022-03-31,Fairhaven,OH,45620,(555) 248-7114,,English,PY03,PRV1107,26.6,16.6,,2023-07-06,
PT11246,06265842,Willie,Petrov,M,2004-07-29,Bluestone,OH,45502,(555) 818-2001,,Arabic,PY05,PRV1140,66.7,155.2,,2011-05-27,
PT11247,08012025,Ryan,Daniels,M,2022-04-22,Oak Glen,OH,45730,(555) 697-4800,,English,PY04,PRV1106,27.5,21.2,,2024-03-07,
PT11248,01507990,Brittany,Wood,F,1981-01-08,Bluestone,OH,45503,(555) 380-5195,brittany.wood40@example.com,English,PY06,PRV1128,60.7,180.9,DM,2010-02-20,
PT11249,09018959,Gerald,Vazquez,M,1987-07-05,Pine Hollow,OH,45640,(555) 842-5686,,English,PY06,PRV1136,67.7,224.8,ASTHMA,2009-06-12,
PT11250,09494380,Adam,Cook,M,2011-09-29,Lakeview Heights,OH,45510,(555) 392-8121,,English,PY03,PRV1108,66.4,152.4,,2023-03-14,
PT11251,01228163,Eugene,Howard,M,2006-04-30,Bluestone,OH,45503,(555) 773-3779,eugene.howard15@example.com,English,PY06,PRV1136,67.7,213.2,,2023-03-26,
PT11252,02149653,Aaliyah,West,F,1944-05-03,Cedar Ridge,OH,45720,(555) 456-4378,aaliyah.west72@example.com,English,PY01,PRV1139,67.3,194.5,DM,2019-06-10,
PT11253,04488731,Jesse,Cruz,M,1956-02-11,Granite Springs,OH,45750,(555) 639-9117,,English,PY01,,73.2,344.4,HTN;DM,2023-10-06,
PT11254,06301796,Wei,Rose,M,1977-06-09,Cedar Ridge,OH,45720,(555) 398-1752,wei.rose45@example.com,English,PY06,PRV1126,68.0,268.9,,2023-10-17,
PT11255,04420511,Walter,Harrison,M,1980-11-16,Ashby Falls,OH,45610,(555) 249-0704,,Spanish,PY04,PRV1135,67.0,166.8,,2018-04-20,
PT11256,09576896,Barbara,Cruz,F,1968-09-29,Riverbend,OH,45545,(555) 791-8252,,English,PY04,PRV1140,67.2,188.9,,2020-07-23,
PT11257,09963288,Lawrence,Wood,M,1984-07-10,Ashby Falls,OH,45610,(555) 768-6796,,Spanish,PY05,PRV1138,69.0,183.4,HTN,2015-01-26,
PT11258,09777755,Rachel,Martinez,F,1968-12-02,Bluestone,OH,45502,(555) 860-8062,rachel.martinez15@example.com,English,PY03,,61.9,132.4,HTN,2012-03-25,
PT11259,03922231,Timothy,Tucker,M,1933-04-17,Lakeview Heights,OH,45510,(555) 623-2524,timothy.tucker43@example.com,English,PY01,PRV1130,70.3,115.9,HTN;DM;AFIB;SEIZURE,2023-04-02,
PT11260,03241400,Jacob,Gonzalez,M,1979-09-10,Cedar Ridge,OH,45720,(555) 284-6716,jacob.gonzalez94@example.com,English,PY03,,65.4,205.7,HTN,2023-07-20,
PT11261,02442247,Joseph,Wright,M,1957-10-17,Pine Hollow,OH,45640,(555) 521-2292,joseph.wright7@example.com,English,PY01,,67.3,251.7,HTN;OA,2016-07-23,
PT11262,00875616,Frank,Miller,M,1969-03-19,Ashby Falls,OH,45610,(555) 883-2712,,Spanish,PY04,PRV1130,65.3,161.1,DM,2010-06-21,
PT11263,01766794,Donna,Morgan,F,1978-11-20,Riverbend,OH,45545,(555) 235-0378,,English,PY04,PRV1136,70.7,146.3,PSYCH,2014-02-09,
PT11264,02762891,Henry,Meyer,M,1964-04-01,Cedar Ridge,OH,45720,(555) 415-3362,henry.meyer29@example.com,English,PY03,PRV1135,70.1,226.8,OA,2021-06-19,
PT11265,08489808,Tyler,Davis,M,1962-10-24,Cedar Ridge,OH,45720,(555) 306-5628,,English,PY06,PRV1137,69.0,198.7,AFIB,2014-03-26,
PT11266,04482920,Charlotte,Murray,F,1988-10-30,Bluestone,OH,45502,(555) 492-3184,charlotte.murray3@example.com,English,PY03,PRV1137,61.7,197.0,,2010-12-24,
PT11267,08186382,Ava,Hansen,F,1968-02-01,Bluestone,OH,45501,(555) 972-6697,ava.hansen31@example.com,English,PY05,PRV1125,64.5,150.2,PSYCH,2019-05-09,
PT11268,04781850,Gregory,Boyd,M,1952-10-01,Bluestone,OH,45502,(555) 773-3297,gregory.boyd75@example.com,English,PY02,PRV1130,74.5,257.7,HTN;DM;CKD,2022-08-18,
PT11269,04914285,Julie,Cook,F,1976-10-04,Riverbend,OH,45545,(555) 343-3401,julie.cook51@example.com,English,PY06,PRV1137,67.5,162.2,HTN,2023-03-10,
PT11270,04749021,Rosa,Hayes,F,1949-05-17,Bluestone,OH,45501,(555) 684-4482,,Mandarin,PY01,PRV1140,59.3,165.0,AFIB;CKD,2021-06-06,
PT11271,09522533,Peter,Morgan,M,2011-02-13,Ashby Falls,OH,45610,(555) 648-9519,,English,PY03,PRV1108,66.8,119.6,,2023-06-29,
PT11272,07852152,Catherine,Perez,F,2021-07-04,Bluestone,OH,45502,(555) 303-1860,,Vietnamese,PY03,PRV1104,25.8,18.1,,2022-09-08,
PT11273,06994245,Nicholas,Simpson,M,1938-12-01,Bluestone,OH,45503,(555) 879-5537,nicholas.simpson43@example.com,Vietnamese,PY01,PRV1124,75.0,230.7,HTN;AFIB,2012-10-08,
PT11274,00914485,Debra,Long,F,1935-09-28,Cedar Ridge,OH,45720,(555) 279-3996,debra.long43@example.com,English,PY01,PRV1135,61.5,194.7,AFIB,2022-03-24,
PT11275,08639295,Alexis,Brown,F,1993-07-05,Bluestone,OH,45503,(555) 339-8621,alexis.brown53@example.com,English,PY01,PRV1132,65.3,204.6,,2010-12-31,
PT11276,08061381,Bryan,Kelley,M,1927-05-22,Bluestone,OH,45502,(555) 587-0991,bryan.kelley49@example.com,English,PY01,PRV1127,74.8,233.0,HTN;HF;OA,2023-06-28,
PT11277,05965511,Patricia,Graham,F,1931-09-04,Bluestone,OH,45501,(555) 461-2366,,English,PY02,PRV1138,61.6,134.1,AFIB,2023-12-10,
PT11278,05741964,Debra,Okafor,F,1951-09-20,Bluestone,OH,45502,(555) 471-6603,,English,PY02,PRV1133,63.3,149.1,HTN;CKD;PSYCH,2016-04-19,
PT11279,00402291,Aaliyah,Davis,F,1966-04-28,Bluestone,OH,45501,(555) 874-8133,,English,PY03,PRV1132,60.9,132.0,,2018-12-08,
PT11280,09247987,Roger,Santos,M,1948-02-26,Ashby Falls,OH,45610,(555) 399-9193,roger.santos61@example.com,Spanish,PY02,PRV1124,69.1,162.9,HTN;DM,2023-09-04,
PT11281,02691785,Ava,Rogers,F,1955-11-12,Lakeview Heights,OH,45510,(555) 527-8400,ava.rogers44@example.com,English,PY01,PRV1134,61.9,169.0,HTN;ASTHMA,2013-05-14,
PT11282,01512014,Rosa,Lopez,F,1945-09-05,Cedar Ridge,OH,45720,(555) 550-5753,rosa.lopez32@example.com,English,PY01,PRV1135,62.0,158.3,COPD;OA,2021-01-14,
PT11283,06985858,Joyce,Brown,F,1957-05-22,Bluestone,OH,45502,(555) 988-6382,joyce.brown10@example.com,English,PY02,PRV1138,62.7,157.1,HTN,2010-03-22,
PT11284,09799860,Beverly,Pena,F,1998-10-12,Bluestone,OH,45502,(555) 661-1943,,English,PY04,PRV1124,66.7,269.4,,2011-10-16,
PT11285,06939942,Andrew,Matthews,M,1990-06-15,Bluestone,OH,45501,(555) 288-6650,andrew.matthews10@example.com,English,PY03,PRV1130,71.9,295.7,CANCER;PSYCH,2008-12-03,
PT11286,05674151,Austin,Ross,M,2016-05-25,Lakeview Heights,OH,45510,(555) 404-1996,,English,PY03,PRV1105,43.3,45.8,,2016-07-10,
PT11287,02978891,Ryan,Simmons,M,1966-11-14,Bluestone,OH,45501,(555) 526-4398,ryan.simmons41@example.com,Spanish,PY06,PRV1138,75.6,278.7,DM;ASTHMA,2022-09-09,
PT11288,03842293,Martha,Mason,F,2009-04-08,Cedar Ridge,OH,45720,(555) 764-7712,martha.mason13@example.com,English,PY03,PRV1104,67.8,131.3,PSYCH,2010-05-08,
PT11289,01776457,Nicole,Carroll,F,1972-12-25,Cedar Ridge,OH,45720,(555) 696-5742,nicole.carroll92@example.com,English,PY07,PRV1126,62.9,171.6,,2015-06-24,
PT11290,00170278,Bradley,Payne,M,1931-05-10,Cedar Ridge,OH,45720,(555) 302-1863,bradley.payne20@example.com,Spanish,PY01,PRV1133,69.4,217.4,,2021-05-31,
PT11291,03323786,Carol,Porter,F,1958-06-18,Bluestone,OH,45501,(555) 690-3530,,English,PY01,PRV1128,64.9,205.9,,2023-03-05,
PT11292,04084149,Justin,Hoffman,M,1942-02-15,Bluestone,OH,45503,(555) 598-4634,justin.hoffman85@example.com,English,PY01,PRV1129,65.1,191.1,DM,2022-04-14,
PT11293,07979112,Olivia,Hill,F,1984-01-11,Millbrook,OH,45530,(555) 714-9485,olivia.hill53@example.com,English,PY03,PRV1133,69.2,179.7,HTN,2008-09-27,
PT11294,05043967,Gloria,Weaver,F,2010-06-06,Bluestone,OH,45501,(555) 500-2138,,English,PY03,,64.8,145.3,,2012-09-08,
PT11295,01099453,Henry,Sanders,M,1980-04-05,Bluestone,OH,45502,(555) 946-7499,henry.sanders85@example.com,English,PY04,PRV1131,71.9,202.9,PSYCH,2016-12-30,
PT11296,03510957,Kathryn,Robertson,F,2017-03-16,Bluestone,OH,45503,(555) 283-8749,,English,PY05,PRV1107,40.6,38.7,,2020-06-02,
PT11297,00800481,Debra,Romero,F,1998-07-15,Cedar Ridge,OH,45720,(555) 609-7203,debra.romero32@example.com,English,PY06,PRV1133,61.8,172.2,,2010-10-01,
PT11298,03299670,Ronald,Stephens,M,1930-04-03,Bluestone,OH,45501,(555) 570-9594,ronald.stephens45@example.com,Spanish,PY02,PRV1128,68.3,238.2,HTN;HF;COPD,2014-08-03,
PT11299,04641650,Mary,Jones,F,2014-08-21,Bluestone,OH,45502,(555) 467-2515,,English,PY06,PRV1108,47.7,62.9,,2016-04-25,
PT11300,01021155,Paul,Peterson,M,1972-08-31,Riverbend,OH,45545,(555) 938-8626,paul.peterson54@example.com,English,PY04,PRV1136,71.4,194.2,HTN;ETOH,2021-07-29,
PT11301,00033133,Ahmed,Hughes,M,1954-10-11,Oak Glen,OH,45730,(555) 598-0859,,English,PY04,PRV1124,66.6,154.7,HTN,2021-07-17,
PT11302,08274442,Lori,Santos,F,1984-05-11,Bluestone,OH,45503,(555) 759-6027,lori.santos22@example.com,English,PY05,PRV1139,65.3,146.6,HTN,2010-12-09,
PT11303,05309507,Joe,Hill,M,1964-08-29,Cedar Ridge,OH,45720,(555) 730-4945,,English,PY03,PRV1136,71.6,149.8,,2024-07-06,
PT11304,07629465,Virginia,Warren,F,1956-04-29,Lakeview Heights,OH,45510,(555) 802-8633,virginia.warren33@example.com,English,PY02,PRV1134,65.1,197.8,,2017-11-02,
PT11305,05706474,Sharon,Edwards,F,1945-01-10,Bluestone,OH,45502,(555) 551-8080,sharon.edwards41@example.com,English,PY01,PRV1132,67.5,213.9,DM,2024-08-05,
PT11306,00899678,Bradley,Bell,M,1963-12-18,Bluestone,OH,45502,(555) 645-1771,bradley.bell48@example.com,English,PY03,PRV1131,76.0,268.9,,2011-08-14,
PT11307,09287327,Jacqueline,Ward,F,1975-12-18,Riverbend,OH,45545,(555) 347-3290,jacqueline.ward38@example.com,English,PY05,PRV1126,66.3,167.3,,2020-10-28,
PT11308,07358430,Diana,Warren,F,1984-10-09,Oak Glen,OH,45730,(555) 667-0563,diana.warren87@example.com,English,PY04,PRV1125,60.1,123.8,DM,2020-08-16,
PT11309,00586801,Patricia,Lawrence,F,1987-04-09,Bluestone,OH,45502,(555) 648-0400,patricia.lawrence30@example.com,English,PY03,PRV1134,65.0,151.7,,2015-03-20,
PT11310,01518534,Albert,Hernandez,M,1956-05-07,Oak Glen,OH,45730,(555) 506-0873,,English,PY01,PRV1129,66.3,229.5,DM,2018-01-06,
PT11311,02378253,Eric,Gomez,M,1933-08-23,Ashby Falls,OH,45610,(555) 666-8340,,English,PY01,PRV1125,67.9,184.4,HTN;DM;COPD,2021-12-03,
PT11312,05206917,Margaret,Miller,F,2002-03-04,Cedar Ridge,OH,45720,(555) 697-3225,margaret.miller61@example.com,English,PY05,PRV1125,59.9,98.2,,2008-07-07,
PT11313,03034463,Charles,Hudson,M,2003-12-08,Riverbend,OH,45545,(555) 676-7404,charles.hudson48@example.com,English,PY03,PRV1133,65.4,139.4,ASTHMA,2023-05-11,
PT11314,03299304,Judy,Gardner,F,1977-01-21,Pine Hollow,OH,45640,(555) 924-3296,,English,PY04,PRV1134,61.2,149.9,HTN,2025-01-27,
PT11315,09922214,Evelyn,Lee,F,1984-02-10,Cedar Ridge,OH,45720,(555) 596-3713,evelyn.lee18@example.com,English,PY01,PRV1133,61.1,161.5,HTN,2020-11-15,
PT11316,00201928,Emily,Ellis,F,1986-07-09,Lakeview Heights,OH,45510,(555) 277-2910,emily.ellis23@example.com,English,PY03,,62.7,158.9,,2023-06-22,
PT11317,05209520,Aaliyah,Contreras,F,2001-10-06,Cedar Ridge,OH,45720,(555) 927-3158,aaliyah.contreras52@example.com,English,PY07,PRV1139,62.8,212.6,PSYCH,2012-07-27,
PT11318,03778039,Andrew,Kennedy,M,2015-08-14,Bluestone,OH,45503,(555) 962-5639,,Spanish,PY04,PRV1108,47.7,67.0,,2021-12-07,
PT11319,01772030,Mark,Johnston,M,1956-05-04,Ashby Falls,OH,45610,(555) 531-4151,,English,PY02,PRV1133,70.7,218.3,HTN,2009-09-18,
PT11320,03830790,Sarah,Evans,F,1950-11-17,Bluestone,OH,45502,(555) 866-5133,sarah.evans82@example.com,English,PY01,PRV1128,60.4,107.1,HTN;CANCER,2012-12-07,
PT11321,07193023,Emily,Smith,F,1964-01-27,Oak Glen,OH,45730,(555) 489-4464,emily.smith7@example.com,English,PY03,PRV1135,67.5,216.6,,2017-09-28,
PT11322,09775391,Lawrence,Jackson,M,1966-05-28,Bluestone,OH,45502,(555) 335-3421,lawrence.jackson38@example.com,English,PY04,PRV1135,71.6,274.8,COPD,2013-10-07,
PT11323,02118595,Nancy,Jackson,F,1991-10-02,Lakeview Heights,OH,45510,(555) 744-9931,nancy.jackson45@example.com,English,PY06,PRV1124,64.1,179.8,,2011-05-01,
PT11324,05188155,Lucas,Lawrence,M,1981-11-10,Bluestone,OH,45502,(555) 294-2702,lucas.lawrence70@example.com,English,PY03,PRV1130,67.1,254.3,,2015-01-29,
PT11325,07344502,Randy,Simpson,M,1988-12-17,Bluestone,OH,45502,(555) 563-5881,randy.simpson56@example.com,Russian,PY05,PRV1135,72.3,156.7,,2020-12-06,
PT11326,08520187,Kimberly,Ray,F,1950-08-05,Ashby Falls,OH,45610,(555) 265-8569,kimberly.ray4@example.com,English,PY01,PRV1124,62.1,126.3,HTN;HF,2013-08-07,
PT11327,00221050,Kayla,Washington,F,1959-12-27,Cedar Ridge,OH,45720,(555) 841-2091,,English,PY01,PRV1124,62.8,165.9,ASTHMA,2020-02-05,2025-02-01
PT11328,08651844,Eugene,Wright,M,1958-03-14,Riverbend,OH,45545,(555) 430-0695,,English,PY01,PRV1140,70.7,158.6,,2017-10-07,
PT11329,00887732,Margaret,Simpson,F,1955-11-20,Fairhaven,OH,45620,(555) 359-4433,margaret.simpson69@example.com,English,PY01,PRV1126,60.0,113.1,DM,2022-09-02,
PT11330,09500146,Juan,Richardson,M,1986-09-11,Bluestone,OH,45502,(555) 675-2886,juan.richardson22@example.com,English,PY04,PRV1140,72.8,238.8,ETOH,2008-01-17,
PT11331,02776516,Dylan,Moore,M,1948-04-19,Bluestone,OH,45502,(555) 557-9326,dylan.moore75@example.com,English,PY01,PRV1140,71.0,166.0,HTN;AFIB;PSYCH,2017-03-11,
PT11332,00253537,James,West,M,1976-04-26,Bluestone,OH,45501,(555) 768-8951,,English,PY04,PRV1138,71.6,230.6,,2024-01-22,
PT11333,04651140,Aaron,Delgado,M,1947-05-28,Bluestone,OH,45502,(555) 817-0029,aaron.delgado62@example.com,English,PY01,PRV1125,71.8,195.0,PSYCH,2016-07-27,
PT11334,04834277,Russell,Hart,M,1963-09-29,Fairhaven,OH,45620,(555) 369-3139,russell.hart34@example.com,English,PY07,PRV1128,59.6,83.3,,2013-12-23,
PT11335,03788695,Larry,Richardson,M,1963-12-28,Bluestone,OH,45502,(555) 438-4657,,English,PY03,PRV1137,69.3,204.0,HTN,2008-01-15,
PT11336,02896748,Carlos,Webb,M,1969-11-21,Pine Hollow,OH,45640,(555) 486-0784,carlos.webb22@example.com,English,PY06,PRV1140,67.0,159.2,HF,2015-07-17,
PT11337,04656745,Matthew,Daniels,M,1995-12-03,Cedar Ridge,OH,45720,(555) 359-0042,,English,PY03,PRV1137,71.0,220.1,ASTHMA,2023-11-13,
PT11338,08047002,Matthew,Barnes,M,2006-08-01,Lakeview Heights,OH,45510,(555) 366-0337,matthew.barnes39@example.com,English,PY04,PRV1125,67.6,225.7,ASTHMA,2013-11-03,
PT11339,07562134,Raymond,Perkins,M,1998-04-24,Cedar Ridge,OH,45720,(555) 309-0149,raymond.perkins12@example.com,English,PY04,PRV1138,69.6,163.0,PSYCH,2018-05-31,
PT11340,06822407,Willie,Hoffman,M,1985-08-10,Bluestone,OH,45503,(555) 467-9523,willie.hoffman77@example.com,English,PY05,PRV1129,71.7,189.9,,2010-12-01,
PT11341,04165445,Walter,Robertson,M,1967-02-18,Cedar Ridge,OH,45720,(555) 717-0401,walter.robertson92@example.com,English,PY04,PRV1140,62.7,102.7,ASTHMA;ETOH,2010-02-19,
PT11342,07780560,Anna,Castro,F,2005-06-14,Bluestone,OH,45502,(555) 498-6674,anna.castro95@example.com,English,PY03,PRV1140,64.1,158.9,,2008-02-28,
PT11343,03530632,Philip,Stewart,M,1962-05-09,Riverbend,OH,45545,(555) 591-4482,philip.stewart16@example.com,English,PY06,PRV1138,67.1,243.5,CANCER,2017-03-07,
PT11344,03812845,Anthony,Davis,M,1971-08-24,Lakeview Heights,OH,45510,(555) 444-4170,anthony.davis87@example.com,English,PY03,PRV1127,69.4,276.9,,2009-09-11,
PT11345,00146137,Wayne,Olson,M,2005-02-07,Lakeview Heights,OH,45510,(555) 558-9320,wayne.olson19@example.com,English,PY04,,69.6,176.8,,2016-09-07,
PT11346,06790437,Amy,Cox,F,1953-12-31,Lakeview Heights,OH,45510,(555) 470-6739,,English,PY01,PRV1140,59.1,120.7,,2012-06-01,
PT11347,07847872,Alan,King,M,2019-01-21,Oak Glen,OH,45730,(555) 747-2711,,English,PY03,PRV1107,35.0,36.1,,2021-10-16,
PT11348,03656865,Anthony,Miller,M,1997-06-20,Granite Springs,OH,45750,(555) 882-3911,anthony.miller28@example.com,English,PY05,PRV1129,69.9,253.7,,2014-08-04,
PT11349,04645694,Gary,Perkins,M,1947-07-18,Bluestone,OH,45502,(555) 630-7383,,English,PY01,PRV1132,71.1,188.8,HTN;DM,2023-08-05,
PT11350,02495145,Larry,Berry,M,1966-04-14,Lakeview Heights,OH,45510,(555) 405-4877,larry.berry13@example.com,English,PY03,PRV1137,69.9,268.7,HTN,2022-12-13,
PT11351,02155823,Richard,Howard,M,1972-04-06,Millbrook,OH,45530,(555) 662-4572,,English,PY07,PRV1133,68.2,182.2,,2023-03-31,
PT11352,08014512,Terry,Johnson,M,1990-12-01,Granite Springs,OH,45750,(555) 339-2170,terry.johnson14@example.com,English,PY05,PRV1132,75.8,289.0,DM,2013-08-23,
PT11353,05963121,Billy,Hunt,M,1970-01-02,Bluestone,OH,45503,(555) 779-8942,billy.hunt14@example.com,English,PY06,PRV1127,67.9,242.4,,2011-01-07,
PT11354,08287114,Philip,Holmes,M,1949-03-09,Millbrook,OH,45530,(555) 210-7749,philip.holmes54@example.com,Vietnamese,PY01,PRV1125,67.9,198.3,DM,2023-06-10,
PT11355,04966811,Terry,Wilson,M,1978-11-10,Fairhaven,OH,45620,(555) 230-2016,terry.wilson98@example.com,English,PY01,PRV1128,64.4,165.5,,2020-07-28,
PT11356,06586202,Noah,Grant,M,1975-09-28,Bluestone,OH,45502,(555) 652-8924,,Spanish,PY05,PRV1138,64.6,216.1,DM,2023-11-20,
PT11357,09011173,Martha,Mitchell,F,1968-01-03,Bluestone,OH,45502,(555) 772-7958,,Spanish,PY06,,58.6,167.1,OA,2013-08-21,
PT11358,07771396,Brenda,Haddad,F,1979-04-29,Bluestone,OH,45501,(555) 829-8708,brenda.haddad56@example.com,English,PY06,PRV1136,63.5,238.1,HTN,2023-11-01,
PT11359,00148926,Joe,Johnston,M,1970-12-19,Ashby Falls,OH,45610,(555) 817-8096,joe.johnston12@example.com,English,PY04,PRV1128,67.7,169.0,CKD,2021-12-24,
PT11360,04172549,Grace,Black,F,1996-08-08,Bluestone,OH,45501,(555) 617-8470,grace.black13@example.com,English,PY05,PRV1131,60.3,164.0,,2023-01-03,
PT11361,05982016,Jean,Elliott,F,1946-02-10,Ashby Falls,OH,45610,(555) 906-1905,jean.elliott45@example.com,English,PY01,PRV1126,59.8,185.1,HTN;CKD;PSYCH,2011-02-16,
PT11362,06854891,Adam,Williams,M,1967-05-11,Bluestone,OH,45503,(555) 794-3609,adam.williams55@example.com,English,PY05,PRV1140,70.9,176.6,HTN,2008-01-05,
PT11363,06148968,Steven,Grant,M,1972-08-04,Oak Glen,OH,45730,(555) 641-0700,steven.grant48@example.com,English,PY05,PRV1131,69.8,151.5,ASTHMA,2021-01-03,
PT11364,07827391,Jose,Butler,M,1989-10-04,Millbrook,OH,45530,(555) 324-0978,jose.butler60@example.com,Spanish,PY05,PRV1124,64.4,183.2,,2022-01-31,
PT11365,06047168,Martha,Vasquez,F,1976-02-09,Bluestone,OH,45502,(555) 596-4199,martha.vasquez79@example.com,English,PY04,PRV1132,68.5,204.0,,2024-10-14,
PT11366,09327390,Kenneth,Carter,M,2020-09-09,Bluestone,OH,45501,(555) 436-2423,,English,PY04,PRV1105,35.6,27.0,,2021-12-12,
PT11367,00930091,Cheryl,Perez,F,2005-07-22,Oak Glen,OH,45730,(555) 750-2431,,English,PY04,,66.0,225.0,,2022-01-26,
PT11368,01782532,Elijah,Mason,M,1972-11-03,Bluestone,OH,45501,(555) 817-4028,elijah.mason24@example.com,Vietnamese,PY04,PRV1127,63.9,196.5,HTN;CKD;OA,2020-10-23,
PT11369,05744479,Emily,Jackson,F,1966-10-04,Riverbend,OH,45545,(555) 210-6504,,English,PY05,PRV1129,61.2,169.8,,2013-03-07,
PT11370,09389248,Brittany,Patel,F,1951-01-07,Lakeview Heights,OH,45510,(555) 814-0506,brittany.patel58@example.com,Spanish,PY02,PRV1126,62.0,123.2,DM;OA,2023-02-03,
PT11371,03411891,George,Ortiz,M,1952-08-08,Granite Springs,OH,45750,(555) 809-6810,george.ortiz81@example.com,Spanish,PY01,PRV1128,67.5,161.4,CKD;ETOH,2024-03-28,
PT11372,08464966,Walter,Wells,M,1948-11-29,Granite Springs,OH,45750,(555) 669-9257,walter.wells87@example.com,English,PY02,PRV1133,71.3,128.6,HTN,2014-07-15,
PT11373,08920807,Billy,Reyes,M,1934-11-18,Cedar Ridge,OH,45720,(555) 591-9183,billy.reyes21@example.com,English,PY01,PRV1138,64.2,285.9,,2008-07-25,
PT11374,09104274,Douglas,Phillips,M,1940-05-04,Millbrook,OH,45530,(555) 441-9154,,Spanish,PY01,PRV1130,72.7,194.6,COPD,2022-07-14,
PT11375,01636791,Aaliyah,Washington,F,1950-03-30,Cedar Ridge,OH,45720,(555) 584-6354,aaliyah.washington49@example.com,English,PY01,PRV1131,62.7,92.2,,2023-08-24,
PT11376,08991252,Ana,Andrews,F,1944-01-18,Pine Hollow,OH,45640,(555) 352-5413,ana.andrews76@example.com,English,PY01,PRV1125,70.1,231.1,HTN;COPD,2012-06-19,
PT11377,01821742,Debra,Perez,F,1995-10-27,Bluestone,OH,45501,(555) 323-3619,,English,PY03,PRV1125,60.1,207.2,,2021-05-28,
PT11378,02061016,Wayne,Marshall,M,2009-08-11,Riverbend,OH,45545,(555) 268-0946,wayne.marshall24@example.com,Spanish,PY03,PRV1104,64.5,172.0,,2020-08-16,
PT11379,01020543,Evelyn,Thompson,F,1975-01-11,Ashby Falls,OH,45610,(555) 986-5089,evelyn.thompson72@example.com,English,PY04,PRV1132,68.1,209.8,,2021-12-02,
PT11380,00478029,Arthur,Freeman,M,1928-07-17,Granite Springs,OH,45750,(555) 268-5068,,English,PY01,PRV1136,64.5,152.7,HTN,2021-02-08,
PT11381,03378406,Judy,Howard,F,1978-01-17,Cedar Ridge,OH,45720,(555) 764-5040,judy.howard90@example.com,English,PY04,PRV1124,65.7,183.9,,2023-11-05,
PT11382,08711200,Rachel,Davis,F,1960-03-19,Fairhaven,OH,45620,(555) 378-2223,,English,PY01,PRV1138,61.4,160.0,HTN,2008-08-28,
PT11383,09038224,Amina,Roberts,F,2011-08-06,Lakeview Heights,OH,45510,(555) 464-5340,,English,PY05,PRV1108,66.4,99.9,ASTHMA,2020-02-27,
PT11384,04479207,Mark,Hoffman,M,2010-06-14,Bluestone,OH,45502,(555) 358-3052,,English,PY03,PRV1105,65.2,123.2,,2017-03-06,
PT11385,08946657,Angela,Gutierrez,F,1979-03-30,Bluestone,OH,45502,(555) 684-6835,,English,PY07,PRV1135,65.1,240.7,,2014-05-09,
PT11386,01918074,Justin,Lewis,M,1975-10-28,Bluestone,OH,45501,(555) 837-9187,justin.lewis28@example.com,English,PY06,PRV1135,69.0,139.6,SEIZURE,2024-03-28,
PT11387,06237421,Christian,Novak,M,1994-08-06,Ashby Falls,OH,45610,(555) 252-1723,christian.novak59@example.com,English,PY03,PRV1133,69.2,253.9,,2015-10-14,
PT11388,02418227,Evelyn,Harris,F,1996-02-28,Bluestone,OH,45501,(555) 280-4669,,English,PY04,PRV1126,64.8,162.4,PSYCH,2024-10-07,
PT11389,06836490,Susan,Ryan,F,2020-09-10,Millbrook,OH,45530,(555) 300-5624,,English,PY04,PRV1108,32.4,28.4,,2021-04-10,
PT11390,07463154,Jessica,Morales,F,1986-07-11,Bluestone,OH,45503,(555) 709-7459,jessica.morales14@example.com,English,PY01,PRV1127,65.4,214.2,DM;PSYCH,2023-01-29,
PT11391,07410867,Mia,Lewis,F,2002-05-13,Cedar Ridge,OH,45720,(555) 721-6136,mia.lewis44@example.com,English,PY05,PRV1138,59.0,166.6,,2014-02-01,
PT11392,09895538,Arthur,Robertson,M,2006-11-05,Ashby Falls,OH,45610,(555) 278-1982,,English,PY05,PRV1128,69.5,273.7,SEIZURE,2010-09-01,
PT11393,09322247,Amber,Kelley,F,1984-02-13,Bluestone,OH,45501,(555) 433-8761,amber.kelley33@example.com,Spanish,PY06,PRV1130,61.5,127.4,ETOH,2019-09-01,
PT11394,03738743,Deborah,Osei,F,1957-07-18,Granite Springs,OH,45750,(555) 257-2648,deborah.osei46@example.com,English,PY02,PRV1134,64.2,245.3,HTN,2015-12-11,2025-03-21
PT11395,08710159,Shirley,Roberts,F,1991-03-08,Bluestone,OH,45502,(555) 513-3271,,Arabic,PY03,PRV1129,66.4,181.8,DM,2013-09-11,
PT11396,08687183,Zachary,Simpson,M,1972-01-16,Bluestone,OH,45501,(555) 591-8490,,English,PY04,PRV1125,65.3,122.8,,2015-04-21,
PT11397,02690345,Shirley,Willis,F,1979-06-03,Riverbend,OH,45545,(555) 594-8109,shirley.willis24@example.com,English,PY03,PRV1137,60.9,100.3,,2015-05-24,
PT11398,06585899,Wayne,Chen,M,1973-04-07,Fairhaven,OH,45620,(555) 886-4405,,Spanish,PY04,,71.2,188.1,OA,2019-08-01,
PT11399,07366697,Eugene,Simpson,M,1955-08-28,Bluestone,OH,45502,(555) 404-5649,eugene.simpson35@example.com,English,PY01,PRV1137,72.9,169.0,PSYCH,2015-07-27,
PT11400,03838702,Ann,Ward,F,1981-02-27,Bluestone,OH,45501,(555) 550-3521,ann.ward58@example.com,English,PY03,PRV1127,61.7,140.8,,2019-03-16,
PT11401,05710754,Marilyn,Myers,F,1971-02-27,Granite Springs,OH,45750,(555) 417-6676,,English,PY04,PRV1139,62.3,193.2,DM;PSYCH,2023-09-01,
PT11402,01575626,Andrew,Cooper,M,1929-05-12,Bluestone,OH,45503,(555) 419-9965,andrew.cooper9@example.com,Somali,PY04,PRV1138,69.4,113.0,CANCER,2011-06-15,2024-01-17
PT11403,08829971,Jean,Simmons,F,1966-06-25,Cedar Ridge,OH,45720,(555) 667-5704,jean.simmons78@example.com,Arabic,PY03,PRV1134,62.4,91.4,HTN,2018-11-09,
PT11404,07988482,Stephen,Hall,M,1957-01-01,Bluestone,OH,45501,(555) 261-4349,,English,PY01,PRV1127,64.8,198.9,HTN,2022-09-27,
PT11405,05283020,Kelly,Crawford,F,1986-03-29,Bluestone,OH,45501,(555) 378-7916,kelly.crawford35@example.com,English,PY06,PRV1132,62.7,151.7,,2014-07-31,
PT11406,05815332,Gregory,Lewis,M,1940-01-21,Ashby Falls,OH,45610,(555) 945-5069,gregory.lewis76@example.com,English,PY02,PRV1136,73.8,145.4,DM,2023-11-13,
PT11407,02479454,Donna,Mason,F,1994-12-27,Bluestone,OH,45502,(555) 349-2316,donna.mason53@example.com,English,PY05,PRV1127,62.4,104.7,PSYCH,2022-01-10,
PT11408,03167355,Evelyn,Myers,F,2023-01-06,Cedar Ridge,OH,45720,(555) 937-3469,,English,PY03,PRV1105,25.6,13.7,,2023-11-30,
PT11409,00746283,Karen,Andrews,F,2001-09-04,Oak Glen,OH,45730,(555) 294-5490,karen.andrews95@example.com,English,PY03,PRV1137,65.3,133.7,,2017-02-20,
PT11410,02336790,Noah,Foster,M,2015-11-27,Riverbend,OH,45545,(555) 926-2236,,English,PY05,PRV1107,48.2,54.0,,2023-05-16,
PT11411,09953124,Scott,Weaver,M,1970-02-11,Bluestone,OH,45501,(555) 529-5878,,English,PY04,PRV1140,68.3,249.4,HTN;OA,2021-04-07,
PT11412,05257926,Kimberly,Bryant,F,1946-07-29,Bluestone,OH,45501,(555) 326-7636,kimberly.bryant9@example.com,English,PY01,PRV1135,65.4,152.5,DM;COPD;PSYCH,2014-05-02,
PT11413,02697663,Terry,Dunn,M,1966-06-06,Ashby Falls,OH,45610,(555) 528-2551,terry.dunn95@example.com,English,PY03,PRV1129,71.7,180.2,OA,2011-07-16,
PT11414,08351023,Mark,Patel,M,1995-09-20,Millbrook,OH,45530,(555) 450-0732,mark.patel67@example.com,English,PY05,PRV1135,72.7,240.8,DM,2015-01-30,
PT11415,03114406,Dylan,Bell,M,1971-08-13,Cedar Ridge,OH,45720,(555) 613-7477,dylan.bell72@example.com,English,PY07,PRV1131,71.6,189.1,,2024-02-18,
PT11416,03540862,Olivia,Hill,F,1971-06-20,Ashby Falls,OH,45610,(555) 226-4598,,English,PY03,PRV1125,67.7,167.7,,2013-09-04,
PT11417,05804632,Eric,Gutierrez,M,1997-03-10,Granite Springs,OH,45750,(555) 753-8198,eric.gutierrez47@example.com,English,PY01,PRV1132,67.8,171.8,,2019-07-11,
PT11418,09576337,Gregory,Ray,M,1973-11-23,Bluestone,OH,45501,(555) 364-4569,,Spanish,PY04,PRV1135,66.3,185.8,ASTHMA;PSYCH,2023-07-26,
PT11419,07117776,Willie,Aguilar,M,2012-07-13,Ashby Falls,OH,45610,(555) 858-9976,,English,PY06,PRV1107,65.2,123.8,ASTHMA;PSYCH,2015-03-05,
PT11420,09093811,Douglas,Boyd,M,1928-02-18,Granite Springs,OH,45750,(555) 722-8468,,English,PY02,PRV1134,66.6,178.4,HTN;DM,2025-01-05,
PT11421,07070962,Sara,Bailey,F,1983-03-08,Granite Springs,OH,45750,(555) 533-7192,,Spanish,PY05,PRV1139,65.1,190.4,HTN,2023-08-15,
PT11422,00657522,Teresa,Payne,F,1973-03-13,Lakeview Heights,OH,45510,(555) 483-0492,teresa.payne84@example.com,English,PY06,PRV1127,60.6,131.3,COPD,2022-05-25,
PT11423,06117435,Jason,Lewis,M,1995-07-10,Bluestone,OH,45502,(555) 292-7187,jason.lewis57@example.com,English,PY05,PRV1124,69.3,210.4,,2014-10-25,
PT11424,07641208,Ashley,Kennedy,F,1945-08-29,Bluestone,OH,45501,(555) 831-0774,ashley.kennedy42@example.com,English,PY02,PRV1124,62.3,126.4,HTN;COPD,2010-02-23,
PT11425,03353591,Carolyn,Salazar,F,1986-08-06,Bluestone,OH,45502,(555) 952-6612,carolyn.salazar14@example.com,English,PY03,PRV1138,63.2,148.3,,2014-01-03,
PT11426,03273662,Deborah,Griffin,F,1971-06-20,Bluestone,OH,45502,(555) 828-8177,,English,PY04,PRV1139,68.0,159.4,CANCER,2012-05-31,
PT11427,03977200,Judith,Ryan,F,1955-02-11,Granite Springs,OH,45750,(555) 331-5116,judith.ryan99@example.com,English,PY02,PRV1127,66.6,201.1,COPD,2022-12-17,
PT11428,03511978,Amina,Delgado,F,1956-06-06,Bluestone,OH,45501,(555) 385-6136,amina.delgado80@example.com,English,PY01,PRV1126,60.4,177.5,HTN;PSYCH,2020-07-22,
PT11429,08047793,Michelle,Young,F,1979-09-11,Bluestone,OH,45502,(555) 201-9167,michelle.young65@example.com,English,PY04,PRV1132,56.0,159.5,HTN,2016-09-01,
PT11430,00240113,Robert,Lee,M,1978-03-27,Bluestone,OH,45503,(555) 405-4073,robert.lee98@example.com,English,PY04,PRV1138,69.3,142.5,HTN,2018-12-13,
PT11431,05870940,Edward,Gray,M,1990-08-24,Bluestone,OH,45503,(555) 457-9375,,English,PY06,PRV1139,65.8,190.3,,2012-11-24,
PT11432,05241747,Rebecca,Kelley,F,1928-07-27,Bluestone,OH,45501,(555) 573-2352,rebecca.kelley33@example.com,English,PY01,PRV1132,66.0,143.7,HF,2018-09-10,
PT11433,06261018,Carl,Hernandez,M,1936-01-21,Oak Glen,OH,45730,(555) 479-3664,carl.hernandez91@example.com,Mandarin,PY01,PRV1135,68.1,237.2,HTN,2014-10-25,
PT11434,07087563,Samuel,Adams,M,1984-04-13,Bluestone,OH,45501,(555) 560-5184,samuel.adams1@example.com,English,PY04,PRV1126,64.0,171.5,,2023-06-08,
PT11435,04685745,Robert,Munoz,M,1958-04-15,Bluestone,OH,45503,(555) 406-5805,robert.munoz68@example.com,English,PY01,PRV1135,70.3,116.0,HTN;CKD;ETOH,2011-03-03,
PT11436,07756622,Julie,Wood,F,1959-08-01,Bluestone,OH,45501,(555) 531-9370,,English,PY02,PRV1139,60.8,181.5,DM,2023-04-27,
PT11437,04379870,Pamela,Salazar,F,1957-08-15,Granite Springs,OH,45750,(555) 230-4528,pamela.salazar15@example.com,English,PY02,PRV1136,62.9,186.0,HTN;DM;COPD,2017-10-13,2025-06-28
PT11438,06219115,Harper,Gutierrez,F,1961-09-14,Bluestone,OH,45501,(555) 436-3618,harper.gutierrez46@example.com,English,PY03,PRV1124,63.9,192.9,HTN;OA,2016-04-24,
PT11439,09580834,Grace,Morris,F,2019-04-07,Cedar Ridge,OH,45720,(555) 505-5350,,English,PY03,PRV1104,34.5,30.0,,2022-06-27,
PT11440,02109984,Brittany,Gordon,F,2015-10-28,Bluestone,OH,45502,(555) 848-2588,,English,PY03,PRV1108,45.2,65.7,,2023-08-24,
PT11441,05633680,Nancy,Garcia,F,2019-09-02,Millbrook,OH,45530,(555) 337-8000,,English,PY07,PRV1104,34.4,32.9,,2022-04-24,
PT11442,07623292,Liam,Vazquez,M,1971-11-05,Bluestone,OH,45501,(555) 900-2901,liam.vazquez95@example.com,Spanish,PY04,PRV1137,71.2,209.2,OA,2024-01-02,
PT11443,07728090,Ethan,Ray,M,1972-05-25,Oak Glen,OH,45730,(555) 678-6498,ethan.ray59@example.com,English,PY03,,64.7,124.4,HTN;PSYCH;SEIZURE,2024-02-12,
PT11444,07795564,Amber,Henry,F,1961-03-13,Millbrook,OH,45530,(555) 264-6775,,English,PY03,PRV1138,66.8,201.9,HTN,2020-12-09,
PT11445,04670782,Elizabeth,Adams,F,1980-08-12,Oak Glen,OH,45730,(555) 349-4162,elizabeth.adams53@example.com,English,PY03,PRV1124,64.5,172.2,,2022-02-20,
PT11446,00538785,Rebecca,Vasquez,F,1984-04-16,Cedar Ridge,OH,45720,(555) 253-6990,rebecca.vasquez29@example.com,English,PY03,PRV1139,63.8,155.0,,2015-11-03,
PT11447,06546392,Virginia,Hamilton,F,2004-10-25,Cedar Ridge,OH,45720,(555) 346-0206,virginia.hamilton23@example.com,English,PY06,PRV1130,64.3,136.4,,2022-11-03,
PT11448,08675114,Sandra,Jenkins,F,1989-09-26,Lakeview Heights,OH,45510,(555) 505-6271,,Spanish,PY01,PRV1125,63.1,153.4,PSYCH,2022-07-04,
PT11449,09260781,Samantha,Clark,F,1944-09-22,Bluestone,OH,45501,(555) 576-6399,,English,PY01,,66.4,177.0,COPD,2017-03-19,
PT11450,02902393,Aaron,Willis,M,1998-05-13,Bluestone,OH,45502,(555) 982-9731,aaron.willis82@example.com,English,PY07,PRV1133,67.1,189.3,,2019-07-11,
PT11451,08178540,Omar,Howard,M,2010-04-28,Millbrook,OH,45530,(555) 365-5622,,English,PY03,PRV1108,60.7,125.7,,2021-08-07,
PT11452,03000421,Betty,Chen,F,1988-08-22,Cedar Ridge,OH,45720,(555) 594-2770,betty.chen75@example.com,English,PY04,PRV1134,64.2,182.3,,2023-05-19,
PT11453,04650336,Cheryl,Cooper,F,1979-07-29,Bluestone,OH,45502,(555) 640-8003,cheryl.cooper13@example.com,English,PY03,PRV1125,65.6,178.3,ASTHMA,2023-10-16,
PT11454,06141853,Nancy,Meyer,F,1931-11-19,Bluestone,OH,45503,(555) 971-3628,nancy.meyer26@example.com,English,PY02,PRV1125,65.7,189.6,,2017-05-01,
PT11455,06151915,Donald,Peters,M,1952-04-30,Lakeview Heights,OH,45510,(555) 318-7527,donald.peters9@example.com,English,PY02,PRV1131,72.1,198.7,,2024-10-07,
PT11456,07696381,Bobby,Osei,M,1979-05-30,Granite Springs,OH,45750,(555) 606-5500,bobby.osei76@example.com,English,PY05,PRV1136,69.8,258.6,,2022-08-16,
PT11457,07207582,Adam,Mason,M,1964-04-28,Bluestone,OH,45501,(555) 746-2301,adam.mason17@example.com,English,PY07,PRV1131,67.1,227.5,ASTHMA,2020-10-25,
PT11458,04341482,Liam,Hall,M,1948-01-07,Bluestone,OH,45501,(555) 707-3337,liam.hall99@example.com,Spanish,PY01,PRV1136,73.5,275.2,HTN,2022-06-12,
PT11459,05323497,Luis,Wagner,M,2001-09-10,Fairhaven,OH,45620,(555) 697-0306,luis.wagner37@example.com,English,PY06,PRV1126,71.1,208.3,,2010-04-01,
PT11460,05953834,Donna,Tucker,F,2012-07-14,Bluestone,OH,45502,(555) 543-6052,,English,PY05,PRV1107,63.8,127.4,PSYCH,2018-09-01,
PT11461,06097718,Amy,Hansen,F,1979-01-16,Riverbend,OH,45545,(555) 403-4611,amy.hansen11@example.com,English,PY03,PRV1132,69.2,213.8,HTN;ASTHMA,2021-04-26,
PT11462,00315054,Natalie,Clark,F,1987-11-19,Bluestone,OH,45502,(555) 852-1853,natalie.clark1@example.com,Mandarin,PY04,PRV1132,63.8,178.8,PSYCH,2008-11-12,
PT11463,06456737,Isabella,Long,F,1994-04-22,Bluestone,OH,45502,(555) 895-0524,,English,PY03,PRV1139,63.2,270.9,,2018-12-26,
PT11464,09917671,Ruth,Rogers,F,1979-03-22,Bluestone,OH,45501,(555) 727-8494,ruth.rogers16@example.com,English,PY06,PRV1131,58.8,118.7,ASTHMA;SEIZURE,2022-07-09,
PT11465,00253629,Linh,Nakamura,F,1997-05-05,Lakeview Heights,OH,45510,(555) 317-8459,linh.nakamura64@example.com,English,PY04,PRV1124,64.1,178.8,,2019-01-04,
PT11466,00430435,Catherine,Cunningham,F,2020-11-05,Cedar Ridge,OH,45720,(555) 208-6060,,English,PY06,PRV1106,36.0,39.9,,2022-09-26,
PT11467,07422003,Timothy,Nguyen,M,1988-06-07,Ashby Falls,OH,45610,(555) 863-0329,timothy.nguyen2@example.com,English,PY05,PRV1134,66.5,156.9,DM;PSYCH,2023-05-21,
PT11468,00913990,Donald,West,M,1979-04-15,Fairhaven,OH,45620,(555) 327-5891,donald.west31@example.com,English,PY07,PRV1139,71.6,238.8,,2011-12-24,
PT11469,01743663,Minh,Robinson,M,1956-03-27,Millbrook,OH,45530,(555) 655-8900,minh.robinson9@example.com,English,PY04,PRV1138,69.5,220.8,HTN;OA,2022-12-11,
PT11470,09613063,Mia,Martin,F,1954-01-18,Cedar Ridge,OH,45720,(555) 674-4170,mia.martin81@example.com,English,PY01,PRV1132,65.1,194.7,HTN,2008-09-13,
PT11471,04896097,Mark,Fernandez,M,1951-03-06,Bluestone,OH,45501,(555) 545-4292,mark.fernandez22@example.com,Arabic,PY01,PRV1126,75.4,167.4,,2016-06-06,
PT11472,02505329,Pamela,Martin,F,1948-01-04,Millbrook,OH,45530,(555) 751-9967,,English,PY01,PRV1130,62.4,172.5,,2021-08-26,
PT11473,06412541,Randy,Vazquez,M,1991-12-24,Cedar Ridge,OH,45720,(555) 661-2671,,English,PY07,PRV1138,72.3,244.8,,2017-11-05,
PT11474,04106471,Dylan,Ray,M,2007-09-23,Bluestone,OH,45502,(555) 238-1165,dylan.ray92@example.com,English,PY06,PRV1126,69.2,198.3,,2018-12-16,
PT11475,09245840,Stephanie,Price,F,1947-11-16,Bluestone,OH,45501,(555) 495-0224,stephanie.price71@example.com,English,PY01,PRV1130,68.0,173.2,HTN,2017-03-05,
PT11476,03861228,Andrea,Collins,F,1979-10-02,Lakeview Heights,OH,45510,(555) 234-7134,andrea.collins45@example.com,English,PY07,PRV1138,68.7,182.3,,2011-05-29,
PT11477,00657480,Emma,Parker,F,2015-12-14,Cedar Ridge,OH,45720,(555) 815-1735,,English,PY03,PRV1108,42.7,47.0,,2023-02-25,
PT11478,08999738,Jennifer,Green,F,1990-10-28,Bluestone,OH,45502,(555) 384-7420,,English,PY05,PRV1138,62.1,117.2,ASTHMA;PSYCH,2022-04-30,
PT11479,03054607,Thomas,Rose,M,1927-06-29,Bluestone,OH,45501,(555) 692-2787,,English,PY02,PRV1137,73.4,226.9,HTN;COPD;OA,2019-09-18,
PT11480,05149120,Sophia,Ortiz,F,1986-03-23,Pine Hollow,OH,45640,(555) 340-7949,sophia.ortiz76@example.com,Spanish,PY04,PRV1129,65.5,158.3,DM,2012-10-12,
PT11481,03183818,Elizabeth,Johnston,F,1979-01-18,Pine Hollow,OH,45640,(555) 408-3229,,English,PY04,PRV1130,69.5,223.2,DM,2012-09-03,
PT11482,05927600,Margaret,Murray,F,1993-12-28,Bluestone,OH,45501,(555) 841-8432,,English,PY05,PRV1134,66.4,138.8,,2022-05-30,
PT11483,06341293,Frances,Robinson,F,2012-03-10,Riverbend,OH,45545,(555) 550-7027,,English,PY04,PRV1104,68.6,140.5,,2023-02-16,
PT11484,00898820,Joe,Wells,M,1993-06-21,Pine Hollow,OH,45640,(555) 573-7055,,English,PY03,PRV1127,72.3,172.2,,2012-04-11,
PT11485,02796277,Jason,Armstrong,M,2020-04-08,Cedar Ridge,OH,45720,(555) 567-2559,,English,PY05,PRV1107,33.5,24.8,,2020-11-10,
PT11486,03553710,Albert,Barnes,M,2003-06-02,Bluestone,OH,45503,(555) 319-1823,albert.barnes17@example.com,English,PY03,PRV1136,72.1,190.7,,2024-01-15,
PT11487,03385668,Billy,Andrews,M,1980-07-09,Bluestone,OH,45502,(555) 752-9095,billy.andrews73@example.com,English,PY03,PRV1135,73.5,251.3,,2017-02-19,
PT11488,09241204,Samuel,Gutierrez,M,1973-07-22,Ashby Falls,OH,45610,(555) 374-7859,samuel.gutierrez7@example.com,English,PY07,PRV1135,68.1,177.3,HTN;PSYCH,2022-10-08,
PT11489,02220363,Wayne,Hill,M,1948-08-17,Riverbend,OH,45545,(555) 435-1905,,English,PY02,PRV1129,69.6,113.5,HTN;DM,2017-07-08,
PT11490,06504749,Anthony,Barnes,M,1983-10-16,Bluestone,OH,45501,(555) 456-3769,anthony.barnes24@example.com,English,PY03,,69.8,155.2,,2022-05-16,
PT11491,06790131,Pamela,Okafor,F,1977-02-18,Bluestone,OH,45503,(555) 979-9400,,English,PY04,PRV1125,65.5,159.4,,2023-10-14,
PT11492,09398475,Emily,Lindqvist,F,1945-12-15,Cedar Ridge,OH,45720,(555) 466-9556,,English,PY02,PRV1139,64.3,129.4,HTN,2016-05-27,
PT11493,06280319,Donna,Mitchell,F,1939-07-09,Bluestone,OH,45502,(555) 444-7228,donna.mitchell41@example.com,English,PY02,PRV1132,64.8,165.0,HTN;OA,2017-10-26,
PT11494,04032239,Lucia,Gordon,F,1941-01-08,Cedar Ridge,OH,45720,(555) 711-3186,lucia.gordon66@example.com,English,PY02,PRV1128,61.5,164.9,HTN,2019-08-16,
PT11495,07887804,Lori,Cruz,F,1927-04-14,Pine Hollow,OH,45640,(555) 912-4431,lori.cruz12@example.com,English,PY02,PRV1131,70.4,165.0,HTN,2019-03-09,2024-11-21
PT11496,04922671,Minh,Olson,M,1952-04-12,Cedar Ridge,OH,45720,(555) 427-2805,minh.olson99@example.com,English,PY01,PRV1131,71.7,284.8,,2023-07-26,
PT11497,09755840,Brian,Garza,M,1951-08-10,Fairhaven,OH,45620,(555) 711-2450,,English,PY04,PRV1134,72.4,263.7,HTN,2024-05-16,
PT11498,01482606,Luis,Wilson,M,1989-06-29,Ashby Falls,OH,45610,(555) 439-9161,,English,PY05,PRV1137,72.8,191.9,,2009-06-03,
PT11499,07296710,Jose,Knight,M,1999-03-31,Fairhaven,OH,45620,(555) 509-6290,jose.knight75@example.com,English,PY04,PRV1139,69.3,123.3,ETOH,2015-06-23,
PT11500,00891992,Aaliyah,Owens,F,1946-05-08,Lakeview Heights,OH,45510,(555) 481-6797,aaliyah.owens80@example.com,English,PY01,PRV1132,63.1,150.9,COPD,2022-09-08,
PT11501,01159880,Ann,Palmer,F,2006-05-18,Ashby Falls,OH,45610,(555) 731-9753,ann.palmer25@example.com,English,PY05,PRV1134,61.3,174.8,,2022-06-26,
PT11502,07718208,Ruth,Kelley,F,2009-04-04,Bluestone,OH,45502,(555) 603-0867,ruth.kelley71@example.com,English,PY03,PRV1107,63.5,121.9,ASTHMA,2024-09-18,
PT11503,03196340,Nicole,Clark,F,1934-08-27,Bluestone,OH,45501,(555) 550-6251,nicole.clark19@example.com,English,PY02,PRV1138,65.3,192.3,,2024-05-17,
PT11504,01530483,Sharon,Olson,F,1947-02-22,Bluestone,OH,45501,(555) 288-3629,sharon.olson93@example.com,English,PY01,PRV1132,64.2,158.7,HTN,2011-04-09,
PT11505,03068609,Sean,Ray,M,1996-06-09,Bluestone,OH,45502,(555) 856-7720,sean.ray47@example.com,English,PY04,PRV1140,68.5,257.2,,2011-07-31,
PT11506,02661487,Marilyn,Cole,F,1948-09-13,Ashby Falls,OH,45610,(555) 226-0021,,English,PY01,PRV1129,66.8,189.6,HTN;COPD,2008-04-27,
PT11507,09200852,Bradley,Graham,M,1988-06-07,Bluestone,OH,45503,(555) 576-2491,bradley.graham68@example.com,English,PY04,PRV1135,64.7,201.1,,2023-09-03,
PT11508,04009956,Pamela,Stone,F,1970-08-09,Lakeview Heights,OH,45510,(555) 221-5419,,English,PY05,PRV1140,62.3,165.8,HTN,2018-04-24,
PT11509,03126786,Richard,Reed,M,1955-12-04,Bluestone,OH,45501,(555) 469-6538,richard.reed76@example.com,English,PY01,PRV1135,69.3,173.4,HTN,2014-02-02,
PT11510,03579515,Joseph,Reed,M,1982-09-15,Bluestone,OH,45502,(555) 709-7899,joseph.reed10@example.com,English,PY03,PRV1137,69.6,216.8,,2020-11-02,
PT11511,05908881,Austin,Parker,M,1979-05-19,Bluestone,OH,45501,(555) 809-3946,austin.parker73@example.com,English,PY03,,71.1,302.8,HTN,2009-02-23,2024-08-11
PT11512,02339365,Heather,Mason,F,2006-04-17,Ashby Falls,OH,45610,(555) 316-7230,heather.mason79@example.com,English,PY05,PRV1125,61.0,145.2,,2019-12-18,
PT11513,03394273,Samantha,Ward,F,1999-04-19,Bluestone,OH,45501,(555) 465-9432,,English,PY03,PRV1131,62.2,193.8,,2021-07-18,
PT11514,09920868,Omar,West,M,1932-07-11,Oak Glen,OH,45730,(555) 979-2883,omar.west10@example.com,English,PY01,PRV1125,67.2,154.4,HTN,2008-06-26,
PT11515,09625200,Stephen,Hunter,M,1994-10-23,Bluestone,OH,45501,(555) 206-5179,stephen.hunter5@example.com,English,PY04,PRV1133,72.8,208.8,,2019-12-21,
PT11516,03687913,Samantha,Munoz,F,1995-05-01,Ashby Falls,OH,45610,(555) 244-8527,samantha.munoz4@example.com,English,PY04,PRV1126,66.7,145.4,,2022-04-16,
PT11517,00644741,Luis,Jones,M,1957-03-04,Bluestone,OH,45501,(555) 335-7796,luis.jones53@example.com,English,PY04,PRV1139,68.3,239.8,HTN;ASTHMA;OA,2024-02-01,2024-10-27
PT11518,01204240,Gary,Robinson,M,1974-01-22,Oak Glen,OH,45730,(555) 912-9672,gary.robinson18@example.com,English,PY04,PRV1126,73.3,324.7,DM;CKD,2020-02-27,
PT11519,04039847,Lauren,Gardner,F,2010-11-09,Bluestone,OH,45502,(555) 510-0427,,English,PY04,,64.6,134.6,,2017-10-09,
PT11520,00654281,Austin,Butler,M,1971-04-04,Bluestone,OH,45502,(555) 896-0666,,English,PY03,PRV1138,68.5,152.1,HTN,2014-12-29,
PT11521,07191027,Amanda,Pena,F,1980-04-27,Lakeview Heights,OH,45510,(555) 857-4033,amanda.pena78@example.com,English,PY06,,66.8,176.9,HTN,2009-09-06,
PT11522,04742894,Shirley,Diaz,F,1970-07-31,Cedar Ridge,OH,45720,(555) 906-5314,shirley.diaz82@example.com,English,PY04,PRV1140,66.9,192.9,,2019-06-22,
PT11523,08363847,Mia,Lopez,F,1964-03-06,Oak Glen,OH,45730,(555) 364-3020,mia.lopez54@example.com,English,PY04,PRV1132,63.0,148.4,HTN,2023-11-09,
PT11524,04898418,Laura,Sandoval,F,1976-04-20,Granite Springs,OH,45750,(555) 426-8644,laura.sandoval90@example.com,English,PY03,,64.7,234.8,HTN,2008-09-03,
PT11525,09526009,Timothy,Moreno,M,1974-05-31,Bluestone,OH,45502,(555) 476-5619,timothy.moreno72@example.com,English,PY05,PRV1139,69.1,265.1,,2021-04-12,
PT11526,04776420,Terry,Jenkins,M,1976-01-08,Lakeview Heights,OH,45510,(555) 309-4260,,English,PY04,PRV1129,68.9,173.4,,2010-07-10,
PT11527,09031721,Logan,Nguyen,M,1946-05-16,Millbrook,OH,45530,(555) 398-8650,logan.nguyen69@example.com,Vietnamese,PY01,PRV1134,71.8,120.9,,2025-02-01,
PT11528,07475245,Theresa,Matthews,F,1963-12-19,Bluestone,OH,45502,(555) 785-7973,theresa.matthews86@example.com,English,PY06,,64.3,152.5,HTN,2019-03-19,
PT11529,03161705,Jacob,Sullivan,M,1948-05-07,Oak Glen,OH,45730,(555) 340-6498,jacob.sullivan43@example.com,English,PY04,PRV1139,71.9,203.4,HTN;DM;AFIB,2022-08-03,
PT11530,00494127,Carolyn,Robertson,F,1984-09-15,Ashby Falls,OH,45610,(555) 761-2126,carolyn.robertson89@example.com,English,PY03,PRV1131,59.4,141.4,,2025-01-25,
PT11531,07068423,Christina,Richardson,F,1937-07-10,Fairhaven,OH,45620,(555) 276-5556,christina.richardson75@example.com,English,PY01,PRV1131,67.9,229.5,HTN,2021-06-05,
PT11532,03380009,Zachary,Knight,M,1934-12-25,Bluestone,OH,45503,(555) 922-7627,zachary.knight87@example.com,English,PY01,PRV1130,69.9,204.7,HF;AFIB,2018-03-18,
PT11533,03800127,Paul,Riley,M,1971-01-26,Riverbend,OH,45545,(555) 835-0802,paul.riley31@example.com,English,PY04,PRV1128,71.3,256.3,OA,2014-07-03,
PT11534,03646690,Keith,Holmes,M,1969-05-25,Cedar Ridge,OH,45720,(555) 814-1961,,English,PY04,PRV1132,63.3,163.5,OA,2009-07-08,
PT11535,01741459,Patrick,Hughes,M,1981-04-02,Granite Springs,OH,45750,(555) 348-0770,patrick.hughes85@example.com,English,PY05,PRV1128,67.2,205.3,,2018-01-26,
PT11536,04979796,Jonathan,Haddad,M,2002-03-31,Bluestone,OH,45501,(555) 468-7891,jonathan.haddad30@example.com,English,PY03,,66.6,188.0,,2015-11-06,
PT11537,07427840,Ruth,Porter,F,1983-11-02,Bluestone,OH,45502,(555) 982-2285,ruth.porter85@example.com,English,PY05,PRV1125,60.5,105.8,HTN,2015-10-12,
PT11538,07547770,Roger,Murray,M,1981-08-21,Oak Glen,OH,45730,(555) 718-6415,,English,PY05,PRV1136,65.3,189.4,,2023-01-17,
PT11539,08002718,Ashley,Rogers,F,1956-01-21,Fairhaven,OH,45620,(555) 908-9945,ashley.rogers14@example.com,English,PY03,PRV1134,63.1,163.9,,2011-03-02,
PT11540,05496809,Brandon,Wilson,M,1933-07-22,Ashby Falls,OH,45610,(555) 302-8698,brandon.wilson58@example.com,English,PY02,PRV1130,69.2,182.6,HTN;DM,2024-02-16,
PT11541,01419499,Anna,Tran,F,1929-12-27,Ashby Falls,OH,45610,(555) 983-8667,anna.tran88@example.com,English,PY01,PRV1138,63.7,173.1,HTN;HF;AFIB,2009-01-18,
PT11542,06861489,Christine,Rose,F,1933-08-08,Cedar Ridge,OH,45720,(555) 228-4478,christine.rose13@example.com,English,PY02,,61.7,171.9,HF;CKD;OA,2023-06-10,
PT11543,02588593,Jacqueline,Watson,F,2011-01-13,Millbrook,OH,45530,(555) 769-3679,,English,PY03,PRV1104,60.9,127.8,,2024-02-20,
PT11544,02455918,Lauren,Hart,F,2023-02-25,Oak Glen,OH,45730,(555) 395-0840,,English,PY05,PRV1105,22.3,10.6,,2023-03-01,
PT11545,05844865,Donna,Watson,F,1926-10-01,Oak Glen,OH,45730,(555) 216-9102,donna.watson21@example.com,English,PY01,PRV1129,62.0,146.6,HTN;COPD,2020-07-19,
PT11546,03823051,Gerald,Lewis,M,1959-09-21,Bluestone,OH,45502,(555) 291-9812,gerald.lewis63@example.com,English,PY02,PRV1129,68.3,185.4,OA,2010-09-29,
PT11547,09350725,Robert,Adams,M,1973-09-08,Bluestone,OH,45503,(555) 359-9542,robert.adams21@example.com,English,PY06,PRV1126,73.8,184.9,HTN,2012-12-05,
PT11548,09521694,Rosa,Kowalski,F,1992-08-21,Granite Springs,OH,45750,(555) 318-4500,,English,PY05,PRV1134,62.9,104.4,,2024-01-14,
PT11549,04901701,Natalie,Rivera,F,1957-08-24,Ashby Falls,OH,45610,(555) 309-3919,natalie.rivera31@example.com,English,PY02,PRV1127,61.9,159.4,HF;PSYCH,2023-05-07,
PT11550,00316532,Martha,Silva,F,1965-01-10,Bluestone,OH,45501,(555) 462-0241,martha.silva13@example.com,Spanish,PY07,,64.0,180.1,CKD,2021-03-01,
PT11551,08734597,Ronald,Adams,M,1957-11-04,Millbrook,OH,45530,(555) 543-3945,ronald.adams64@example.com,English,PY02,PRV1138,67.0,170.3,HTN,2015-08-12,2025-01-24
PT11552,07913710,Lawrence,Bryant,M,2004-07-27,Pine Hollow,OH,45640,(555) 924-1272,lawrence.bryant4@example.com,English,PY05,PRV1124,71.6,244.7,ASTHMA,2010-11-29,
PT11553,00983539,Mason,Gomez,M,1997-12-05,Bluestone,OH,45503,(555) 208-1803,mason.gomez8@example.com,Spanish,PY05,PRV1135,67.4,189.1,,2023-10-07,
PT11554,01496304,Megan,Romero,F,1978-01-11,Bluestone,OH,45502,(555) 491-1641,megan.romero30@example.com,English,PY03,PRV1134,67.4,189.8,,2020-09-19,
PT11555,08832981,Daniel,Cole,M,2005-02-12,Ashby Falls,OH,45610,(555) 491-5290,daniel.cole91@example.com,English,PY04,PRV1138,66.4,155.5,,2009-12-07,
PT11556,07317665,Lucas,Kim,M,2014-08-16,Bluestone,OH,45502,(555) 417-7829,,English,PY04,PRV1106,49.8,77.7,,2017-10-11,
PT11557,02167059,Daniel,Wood,M,2000-07-24,Lakeview Heights,OH,45510,(555) 865-4524,daniel.wood28@example.com,English,PY05,PRV1129,72.4,229.5,ETOH,2008-11-01,
PT11558,09777177,Amy,Davis,F,1980-04-21,Bluestone,OH,45502,(555) 665-9275,amy.davis46@example.com,English,PY04,PRV1130,67.5,253.9,,2010-12-29,
PT11559,02127165,Arthur,Rose,M,1981-08-05,Ashby Falls,OH,45610,(555) 479-8377,arthur.rose54@example.com,English,PY03,PRV1128,68.5,227.9,HTN;DM,2019-10-24,
PT11560,05628143,Theresa,Anderson,F,1972-04-17,Bluestone,OH,45501,(555) 865-3243,theresa.anderson74@example.com,English,PY04,,65.3,161.1,DM,2023-09-16,
PT11561,05174774,Lori,Alvarado,F,1955-10-15,Bluestone,OH,45503,(555) 201-0096,lori.alvarado64@example.com,English,PY02,PRV1137,70.3,175.9,HTN;DM;OA,2014-10-21,
PT11562,00968808,Martha,Wood,F,1967-01-16,Bluestone,OH,45503,(555) 339-7118,martha.wood84@example.com,English,PY01,PRV1128,65.8,141.1,ASTHMA;ETOH,2022-11-20,
PT11563,06346143,Betty,Delgado,F,1969-07-16,Bluestone,OH,45502,(555) 670-5268,,English,PY04,PRV1131,63.2,208.9,OA,2009-02-24,
PT11564,02037831,Laura,Ryan,F,1951-06-19,Oak Glen,OH,45730,(555) 933-0415,,English,PY01,PRV1135,63.9,137.6,HTN;DM;CKD;SEIZURE,2017-11-25,
PT11565,05384927,Evelyn,Kennedy,F,1958-07-12,Bluestone,OH,45502,(555) 378-0676,evelyn.kennedy46@example.com,Arabic,PY02,,58.5,111.5,PSYCH,2021-08-27,
PT11566,02736989,Mateo,Marshall,M,1943-05-25,Bluestone,OH,45501,(555) 421-4164,mateo.marshall51@example.com,English,PY02,PRV1139,72.1,232.8,AFIB,2009-07-11,
PT11567,08318766,Lucas,Peters,M,1990-12-07,Millbrook,OH,45530,(555) 829-2225,lucas.peters92@example.com,English,PY06,PRV1140,66.7,204.2,,2020-07-17,
PT11568,02736646,Ivan,Peterson,M,1973-10-15,Bluestone,OH,45501,(555) 675-4687,,English,PY07,PRV1133,64.6,191.6,HTN;OA,2017-07-03,
PT11569,06232547,Alexis,West,F,1972-03-07,Millbrook,OH,45530,(555) 916-7731,alexis.west24@example.com,English,PY04,PRV1129,64.2,155.0,,2014-02-25,
PT11570,03348870,Roger,Price,M,1966-06-15,Bluestone,OH,45501,(555) 950-0920,roger.price11@example.com,English,PY04,,64.9,138.2,HTN;DM;ASTHMA,2011-01-16,
PT11571,03791825,Megan,Vargas,F,1966-03-30,Bluestone,OH,45502,(555) 700-6450,megan.vargas59@example.com,English,PY05,PRV1132,64.8,159.8,HTN;CANCER,2010-05-11,
PT11572,01307941,Sarah,Rivera,F,1962-04-25,Riverbend,OH,45545,(555) 860-5219,,English,PY04,,69.6,179.3,,2023-06-25,
PT11573,04191496,Victoria,Jimenez,F,1933-04-16,Bluestone,OH,45502,(555) 348-0613,,English,PY01,PRV1125,66.5,176.5,HTN;DM,2023-12-14,
PT11574,01747261,Martha,Hunt,F,1977-01-07,Bluestone,OH,45502,(555) 443-7935,martha.hunt57@example.com,English,PY05,PRV1138,64.3,163.2,,2024-10-31,
PT11575,06423422,Luis,Hunt,M,1962-01-21,Bluestone,OH,45503,(555) 824-1880,luis.hunt17@example.com,English,PY03,PRV1132,70.6,262.4,CKD,2024-05-29,
PT11576,04905870,Jeremy,Hernandez,M,1969-02-01,Riverbend,OH,45545,(555) 368-9988,,Spanish,PY03,PRV1136,68.8,233.2,HTN;ASTHMA,2021-10-06,
PT11577,04067069,Mei,Snyder,F,1995-10-04,Fairhaven,OH,45620,(555) 554-1355,mei.snyder40@example.com,English,PY07,PRV1127,65.5,221.3,DM,2024-06-25,
PT11578,05975418,Christina,Guzman,F,1951-04-16,Fairhaven,OH,45620,(555) 334-9688,christina.guzman50@example.com,English,PY02,PRV1139,63.0,93.0,HTN,2008-09-25,
PT11579,04792059,Emily,Porter,F,1981-08-30,Lakeview Heights,OH,45510,(555) 385-9940,emily.porter1@example.com,Spanish,PY07,PRV1125,61.9,185.4,,2024-02-29,
PT11580,04542132,Amber,Robinson,F,1941-08-21,Cedar Ridge,OH,45720,(555) 836-5590,amber.robinson15@example.com,English,PY01,PRV1129,66.2,197.6,HTN;DM,2023-09-07,
PT11581,04528839,Arthur,Coleman,M,1947-08-21,Cedar Ridge,OH,45720,(555) 646-6268,arthur.coleman63@example.com,English,PY01,PRV1140,70.8,272.4,HF;AFIB,2014-04-18,
PT11582,08722396,Eric,Peters,M,1939-04-17,Cedar Ridge,OH,45720,(555) 406-5683,eric.peters49@example.com,English,PY02,PRV1135,68.8,211.7,HTN;OA,2019-12-31,
PT11583,01355097,Ivan,Tran,M,2019-01-26,Riverbend,OH,45545,(555) 308-1652,,English,PY03,PRV1104,36.3,38.9,,2019-12-02,
PT11584,09046505,Carlos,Gomez,M,2007-08-15,Bluestone,OH,45502,(555) 239-0921,,English,PY04,PRV1125,62.8,200.5,,2022-07-18,
PT11585,06529249,Benjamin,Moreno,M,2008-12-20,Bluestone,OH,45501,(555) 257-5340,benjamin.moreno63@example.com,English,PY05,,65.5,142.9,,2014-11-03,
PT11586,01774656,Bradley,Warren,M,1975-12-18,Bluestone,OH,45501,(555) 625-8757,,English,PY05,PRV1131,69.4,169.4,CKD;OA,2023-11-28,
PT11587,09917074,Juan,Moreno,M,2025-12-25,Pine Hollow,OH,45640,(555) 749-2279,,English,PY03,PRV1107,20.2,8.5,,2024-06-08,
PT11588,09104644,Anthony,Lewis,M,1967-03-26,Ashby Falls,OH,45610,(555) 377-6403,anthony.lewis14@example.com,English,PY05,PRV1137,68.2,197.2,,2023-08-31,
PT11589,09018966,Nathan,Morgan,M,1938-11-13,Bluestone,OH,45501,(555) 508-0404,nathan.morgan2@example.com,English,PY02,,71.5,216.8,HTN;CKD,2019-06-11,
PT11590,09610906,Zachary,Bell,M,1985-08-14,Lakeview Heights,OH,45510,(555) 315-2092,zachary.bell15@example.com,Spanish,PY04,PRV1136,68.3,190.2,,2024-06-06,
PT11591,05578839,Randy,Stewart,M,2006-08-13,Granite Springs,OH,45750,(555) 228-5054,randy.stewart19@example.com,English,PY06,PRV1125,69.4,211.0,,2015-12-19,
PT11592,07517519,Nicholas,McDonald,M,1949-02-18,Fairhaven,OH,45620,(555) 888-9309,,Arabic,PY01,,69.1,253.1,HTN;SEIZURE,2017-09-11,
PT11593,06683570,Larry,Alvarado,M,1980-02-29,Bluestone,OH,45501,(555) 427-8601,larry.alvarado95@example.com,English,PY05,PRV1132,70.5,272.6,ASTHMA,2025-03-27,
PT11594,02589128,Dorothy,Torres,F,1960-08-31,Bluestone,OH,45503,(555) 240-0753,dorothy.torres41@example.com,English,PY01,PRV1136,60.8,137.0,HTN;CANCER,2020-05-14,
PT11595,09463107,Betty,Vargas,F,1996-03-24,Bluestone,OH,45503,(555) 386-9767,,English,PY03,PRV1139,68.5,264.6,,2020-05-07,
PT11596,00536759,Evelyn,Alvarado,F,1965-01-01,Pine Hollow,OH,45640,(555) 548-2842,evelyn.alvarado49@example.com,English,PY04,,68.1,220.8,SEIZURE,2020-04-16,
PT11597,06306068,Alan,Vasquez,M,2009-02-05,Granite Springs,OH,45750,(555) 475-3971,alan.vasquez24@example.com,English,PY03,PRV1105,63.5,123.0,,2019-09-11,
PT11598,06313694,Minh,Perez,M,1965-12-08,Bluestone,OH,45502,(555) 251-1887,minh.perez9@example.com,English,PY04,PRV1138,68.6,235.7,HTN,2020-07-31,
PT11599,08037553,Amina,Russell,F,2002-10-13,Bluestone,OH,45501,(555) 738-9748,,English,PY01,PRV1139,67.1,136.9,,2020-08-13,
PT11600,01293074,Fatima,Cox,F,1941-09-16,Bluestone,OH,45502,(555) 505-7621,fatima.cox90@example.com,English,PY03,PRV1124,67.3,213.1,COPD;AFIB;CANCER,2011-05-25,
PT11601,08186615,Kevin,Martin,M,1959-02-06,Ashby Falls,OH,45610,(555) 909-7877,kevin.martin3@example.com,English,PY01,PRV1132,71.0,186.7,ASTHMA,2021-12-03,
PT11602,02676243,Stephen,Romero,M,2003-10-29,Bluestone,OH,45503,(555) 359-8139,stephen.romero17@example.com,English,PY05,PRV1139,66.6,217.8,,2016-09-02,
PT11603,09177941,Mei,Myers,F,1934-11-17,Lakeview Heights,OH,45510,(555) 591-3655,,English,PY03,PRV1133,64.5,176.2,HTN,2013-01-19,
PT11604,02336829,Grace,Russell,F,1994-01-24,Bluestone,OH,45501,(555) 666-9869,,English,PY06,PRV1127,61.0,107.8,DM,2024-08-23,
PT11605,06758225,Elijah,Lewis,M,1986-04-24,Cedar Ridge,OH,45720,(555) 560-9953,elijah.lewis60@example.com,English,PY04,PRV1129,69.1,225.2,,2010-09-13,
PT11606,06659208,Richard,Scott,M,1971-04-11,Lakeview Heights,OH,45510,(555) 873-9689,,English,PY04,,67.6,196.5,HTN,2019-11-11,
PT11607,02474243,Rosa,Adams,F,1960-05-17,Bluestone,OH,45502,(555) 536-8712,rosa.adams1@example.com,English,PY01,PRV1133,64.4,106.7,,2013-08-01,
PT11608,05848438,Scott,Schmidt,M,1978-09-02,Bluestone,OH,45503,(555) 871-2305,scott.schmidt93@example.com,English,PY04,PRV1130,67.5,210.1,,2012-03-22,
PT11609,05651576,Leila,Woods,F,1949-01-06,Bluestone,OH,45503,(555) 255-2846,,English,PY02,PRV1128,67.2,215.4,,2022-06-28,
PT11610,02151985,Tyler,Wallace,M,1971-12-14,Bluestone,OH,45501,(555) 749-8906,tyler.wallace39@example.com,English,PY03,PRV1131,68.1,184.8,HTN,2014-10-17,
PT11611,05344695,Nancy,Flores,F,2006-07-12,Millbrook,OH,45530,(555) 537-3866,nancy.flores36@example.com,English,PY06,PRV1134,64.3,174.8,,2023-11-23,
PT11612,07692925,Jose,Martin,M,1960-07-28,Bluestone,OH,45503,(555) 387-4585,jose.martin81@example.com,English,PY02,PRV1129,68.5,211.1,HTN,2014-09-20,
PT11613,09094247,Arthur,Duncan,M,2007-10-28,Bluestone,OH,45502,(555) 853-4349,arthur.duncan5@example.com,English,PY03,PRV1129,65.4,169.3,,2015-12-27,
PT11614,04997166,Julie,Jenkins,F,1982-03-11,Lakeview Heights,OH,45510,(555) 278-6419,,English,PY07,PRV1137,67.3,163.0,DM,2010-08-22,
PT11615,07765833,Donna,Garza,F,2020-04-11,Cedar Ridge,OH,45720,(555) 233-5856,,English,PY06,PRV1106,33.0,28.6,,2023-06-27,
PT11616,04774700,Ryan,Adams,M,1938-02-13,Bluestone,OH,45501,(555) 809-2480,ryan.adams50@example.com,English,PY03,PRV1128,66.0,149.9,HTN;COPD;CKD,2023-10-08,
PT11617,00253672,Teresa,Hayes,F,1983-07-15,Granite Springs,OH,45750,(555) 209-3022,teresa.hayes3@example.com,English,PY06,PRV1125,63.8,115.4,,2023-12-10,
PT11618,08118822,Sara,Perkins,F,1932-01-03,Granite Springs,OH,45750,(555) 713-8008,,English,PY01,PRV1138,69.2,260.4,DM,2020-10-24,
PT11619,03064107,Christian,Davis,M,1936-10-04,Bluestone,OH,45503,(555) 880-2314,christian.davis73@example.com,English,PY01,PRV1135,69.3,171.0,HTN;OA,2010-02-23,
PT11620,07620006,Michelle,Okafor,F,1958-11-26,Bluestone,OH,45501,(555) 364-2921,,Spanish,PY01,PRV1136,60.9,143.5,ETOH,2019-09-27,
PT11621,09870017,Heather,Fox,F,2013-04-15,Bluestone,OH,45501,(555) 295-9159,,English,PY04,PRV1105,51.1,87.3,,2024-02-17,
PT11622,06479453,Madison,Bell,F,1958-03-11,Riverbend,OH,45545,(555) 380-4562,madison.bell29@example.com,English,PY01,PRV1125,68.5,233.0,HTN;DM,2018-05-20,
PT11623,00953384,Wayne,Edwards,M,1949-11-12,Bluestone,OH,45501,(555) 763-7751,wayne.edwards47@example.com,Somali,PY01,,67.2,136.9,AFIB;PSYCH;OA,2023-11-27,
PT11624,02525993,Martha,Woods,F,1969-07-14,Bluestone,OH,45502,(555) 879-9279,,English,PY03,PRV1140,64.7,127.7,HTN;DM;HF,2023-11-17,
PT11625,05824615,Samantha,Soto,F,1996-05-04,Bluestone,OH,45503,(555) 226-1539,samantha.soto79@example.com,English,PY03,PRV1124,60.9,202.7,,2024-09-08,
PT11626,03874098,Richard,Allen,M,1991-10-28,Lakeview Heights,OH,45510,(555) 903-1889,,English,PY04,PRV1125,70.4,245.9,,2020-01-22,
PT11627,05771100,Judith,Salazar,F,1992-10-31,Bluestone,OH,45503,(555) 275-2727,,English,PY04,PRV1135,66.9,210.6,,2023-05-22,
PT11628,02333225,Danielle,Hoffman,F,1946-12-02,Bluestone,OH,45502,(555) 891-3714,danielle.hoffman76@example.com,English,PY02,,60.7,214.3,HTN;DM,2020-10-06,
PT11629,09998104,Isabella,Ellis,F,1972-01-11,Bluestone,OH,45502,(555) 662-2668,isabella.ellis98@example.com,English,PY06,PRV1125,60.6,186.2,,2013-08-01,
PT11630,01270698,Ann,Riley,F,2017-04-15,Bluestone,OH,45502,(555) 502-9896,,Spanish,PY03,PRV1104,40.3,41.7,,2024-02-22,
PT11631,03566615,Nicholas,Martinez,M,1977-03-25,Bluestone,OH,45502,(555) 869-2066,nicholas.martinez17@example.com,English,PY05,PRV1134,67.1,189.6,PSYCH,2011-08-28,
PT11632,01949266,Ralph,Woods,M,1989-06-04,Bluestone,OH,45502,(555) 382-5952,ralph.woods39@example.com,English,PY03,PRV1135,69.2,206.9,DM;PSYCH,2008-02-28,
PT11633,06199239,James,Carpenter,M,1979-08-06,Bluestone,OH,45503,(555) 509-3479,james.carpenter35@example.com,English,PY06,PRV1125,63.5,124.4,,2017-05-09,
PT11634,02576195,Frank,Silva,M,1955-11-04,Bluestone,OH,45501,(555) 869-5605,frank.silva99@example.com,English,PY01,PRV1131,69.5,168.9,ETOH,2010-03-23,
PT11635,08601670,Walter,Gibson,M,1995-07-31,Cedar Ridge,OH,45720,(555) 937-6122,walter.gibson57@example.com,English,PY07,PRV1125,67.4,228.2,,2022-05-04,
PT11636,06887911,Abigail,Harrison,F,1954-11-06,Ashby Falls,OH,45610,(555) 647-3895,abigail.harrison6@example.com,Spanish,PY01,PRV1139,66.9,165.7,HTN;HF,2023-03-04,
PT11637,02934188,Judy,Sullivan,F,2008-01-20,Bluestone,OH,45502,(555) 546-7319,judy.sullivan10@example.com,English,PY03,PRV1104,63.8,134.0,ASTHMA,2019-04-20,
PT11638,08557938,Christina,Adams,F,1935-10-12,Pine Hollow,OH,45640,(555) 856-5032,christina.adams36@example.com,English,PY04,PRV1136,63.5,174.4,HTN,2021-01-27,
PT11639,06456574,Catherine,Vazquez,F,1980-07-28,Millbrook,OH,45530,(555) 231-5664,,English,PY06,PRV1134,64.1,173.4,HTN,2019-12-27,
PT11640,07402217,Ralph,Powell,M,2018-09-28,Oak Glen,OH,45730,(555) 831-2630,,English,PY03,PRV1106,37.6,35.3,,2023-10-17,
PT11641,00771624,Natalie,Sandoval,F,1965-06-16,Cedar Ridge,OH,45720,(555) 928-8267,natalie.sandoval55@example.com,English,PY06,PRV1126,68.2,126.1,PSYCH,2015-11-29,
PT11642,01635760,Abigail,Dixon,F,1928-10-27,Lakeview Heights,OH,45510,(555) 738-3840,abigail.dixon37@example.com,English,PY02,PRV1129,67.6,140.4,DM;COPD,2011-02-05,
PT11643,04275087,Charlotte,Nakamura,F,1979-05-04,Millbrook,OH,45530,(555) 697-4141,charlotte.nakamura34@example.com,English,PY05,PRV1140,63.5,130.6,DM,2023-12-10,
PT11644,06868136,Michelle,Kowalski,F,1963-07-28,Bluestone,OH,45502,(555) 467-1923,michelle.kowalski44@example.com,Spanish,PY06,PRV1135,66.2,202.2,HTN,2019-09-26,
PT11645,00582285,Jeremy,Edwards,M,1963-09-17,Lakeview Heights,OH,45510,(555) 832-3489,jeremy.edwards72@example.com,English,PY04,PRV1136,73.5,166.4,HTN;ASTHMA;PSYCH,2015-08-14,
PT11646,07378568,Rosa,Hall,F,1991-01-24,Millbrook,OH,45530,(555) 794-3205,rosa.hall1@example.com,English,PY04,PRV1140,62.4,171.8,ASTHMA,2023-04-07,
PT11647,02279688,Ahmed,Snyder,M,1956-03-28,Pine Hollow,OH,45640,(555) 621-0975,ahmed.snyder59@example.com,Spanish,PY01,PRV1127,69.2,207.0,HTN;DM,2009-03-03,
PT11648,03792735,Roger,Palmer,M,1994-04-21,Bluestone,OH,45502,(555) 935-3611,roger.palmer96@example.com,English,PY05,PRV1132,66.8,181.4,PSYCH,2019-01-08,
PT11649,09142388,Nancy,Moore,F,2002-11-21,Bluestone,OH,45501,(555) 581-8162,,English,PY04,PRV1124,60.0,186.4,,2017-12-18,
PT11650,02629200,Nicole,Jenkins,F,2011-10-14,Bluestone,OH,45502,(555) 831-2134,,English,PY03,PRV1104,61.8,89.9,,2017-01-16,
PT11651,06185103,Megan,Hudson,F,1998-03-09,Riverbend,OH,45545,(555) 222-1998,megan.hudson20@example.com,English,PY06,PRV1124,63.7,145.1,,2016-02-24,
PT11652,01585955,Ivan,Lindqvist,M,1963-06-21,Bluestone,OH,45501,(555) 676-9581,ivan.lindqvist72@example.com,English,PY06,PRV1129,70.1,250.7,,2015-05-29,
PT11653,03637228,Raymond,Daniels,M,1950-10-03,Bluestone,OH,45503,(555) 947-3061,raymond.daniels97@example.com,English,PY01,PRV1129,67.2,232.0,DM,2012-10-03,
PT11654,00215441,Barbara,Peters,F,2010-12-31,Bluestone,OH,45501,(555) 208-0202,,English,PY04,PRV1104,63.8,120.6,ASTHMA,2023-12-26,
PT11655,06823723,Victoria,Allen,F,1964-03-10,Cedar Ridge,OH,45720,(555) 987-1452,victoria.allen15@example.com,English,PY06,PRV1135,64.2,247.6,PSYCH,2023-08-07,
PT11656,03943763,Bryan,Alvarado,M,1964-05-03,Bluestone,OH,45501,(555) 535-0694,bryan.alvarado93@example.com,Spanish,PY07,,68.5,208.1,,2021-10-29,
PT11657,08181353,Michael,Ryan,M,1984-07-30,Fairhaven,OH,45620,(555) 447-0056,michael.ryan72@example.com,English,PY06,PRV1137,69.8,276.1,HTN,2010-05-26,
PT11658,04170581,Larry,Wallace,M,1985-02-08,Oak Glen,OH,45730,(555) 620-5192,larry.wallace70@example.com,English,PY03,PRV1133,69.2,292.3,,2008-06-27,
PT11659,01189282,Ann,King,F,1966-03-07,Cedar Ridge,OH,45720,(555) 613-8415,ann.king83@example.com,English,PY03,PRV1137,64.7,143.1,,2010-11-07,
PT11660,07903141,Julie,Guzman,F,1953-07-08,Bluestone,OH,45502,(555) 610-3899,julie.guzman32@example.com,English,PY01,PRV1126,64.6,201.6,HTN;COPD,2024-10-18,
PT11661,04874681,Aaliyah,Webb,F,2000-07-22,Ashby Falls,OH,45610,(555) 845-7525,aaliyah.webb5@example.com,English,PY04,PRV1139,62.0,217.7,ASTHMA;PSYCH,2009-10-05,
PT11662,03824102,Joan,Reynolds,F,1965-08-31,Granite Springs,OH,45750,(555) 460-4131,joan.reynolds26@example.com,English,PY04,PRV1138,62.9,202.5,DM,2011-12-17,
PT11663,02403048,Stephanie,Nguyen,F,1978-01-12,Granite Springs,OH,45750,(555) 773-5938,stephanie.nguyen7@example.com,English,PY03,PRV1136,61.6,193.6,,2021-03-10,
PT11664,09012782,Megan,Evans,F,1983-01-15,Bluestone,OH,45502,(555) 765-2910,megan.evans38@example.com,English,PY03,PRV1135,64.9,169.6,ETOH,2023-10-01,
PT11665,07028172,Danielle,Carter,F,1985-08-14,Riverbend,OH,45545,(555) 226-6141,,English,PY06,PRV1131,62.3,188.1,,2015-05-12,
PT11666,05260496,Angela,Miller,F,1950-04-07,Millbrook,OH,45530,(555) 911-0359,,English,PY02,PRV1126,68.9,311.7,COPD;AFIB;OA,2011-05-30,
PT11667,04245786,Ruth,Murphy,F,2025-10-27,Riverbend,OH,45545,(555) 886-7276,,English,PY03,PRV1105,21.1,10.0,,2025-09-05,
PT11668,00239800,Rachel,Taylor,F,1975-05-05,Bluestone,OH,45502,(555) 507-7115,rachel.taylor99@example.com,English,PY04,PRV1138,61.6,224.1,HTN;COPD;PSYCH,2008-03-04,
PT11669,00335176,Timothy,Morgan,M,1981-05-09,Ashby Falls,OH,45610,(555) 642-5860,,English,PY03,PRV1130,72.4,239.2,PSYCH,2025-02-10,
PT11670,05243187,Christina,Petrov,F,1995-10-08,Pine Hollow,OH,45640,(555) 763-4647,christina.petrov80@example.com,English,PY05,PRV1135,62.5,163.9,,2024-07-01,
PT11671,05411942,Ava,Santos,F,2024-04-26,Bluestone,OH,45501,(555) 315-3723,,English,PY03,PRV1107,21.2,9.3,,2024-06-07,
PT11672,03150925,Mason,Reynolds,M,1968-09-07,Ashby Falls,OH,45610,(555) 258-8504,,English,PY05,PRV1129,72.4,196.6,DM;ASTHMA,2010-08-01,
PT11673,02744266,Scott,Meyer,M,1939-03-05,Lakeview Heights,OH,45510,(555) 966-8645,scott.meyer12@example.com,English,PY01,PRV1138,66.4,266.3,HTN;OA,2010-01-21,
PT11674,07135631,Deborah,Jackson,F,1988-05-23,Lakeview Heights,OH,45510,(555) 824-3642,deborah.jackson46@example.com,English,PY05,PRV1126,63.8,220.1,CANCER,2019-12-19,
PT11675,06816655,Rebecca,Bradley,F,2022-01-17,Ashby Falls,OH,45610,(555) 962-0129,,English,PY03,PRV1108,28.9,21.4,,2022-06-06,
PT11676,02164842,Dennis,Dixon,M,2004-08-30,Riverbend,OH,45545,(555) 662-1840,,English,PY03,PRV1124,78.3,367.9,PSYCH,2014-11-02,
PT11677,01988310,Abigail,Anderson,F,1951-08-11,Riverbend,OH,45545,(555) 726-1492,abigail.anderson36@example.com,English,PY01,PRV1139,67.5,213.8,,2020-06-05,
PT11678,05171002,Sophia,Rose,F,1950-10-29,Bluestone,OH,45501,(555) 699-1986,,English,PY01,PRV1130,66.8,112.4,DM;CKD,2024-02-08,
PT11679,02197159,Christopher,Knight,M,1994-01-23,Bluestone,OH,45503,(555) 835-9097,,English,PY01,PRV1126,72.1,227.2,,2019-05-13,
PT11680,06223105,Samantha,Wright,F,1951-02-15,Bluestone,OH,45503,(555) 443-9599,samantha.wright37@example.com,English,PY01,PRV1131,67.2,193.9,PSYCH,2008-04-23,
PT11681,02051793,Logan,White,M,1957-02-20,Pine Hollow,OH,45640,(555) 424-9277,,English,PY01,PRV1131,65.0,211.0,HTN,2017-05-04,
PT11682,08681539,Joseph,Adams,M,1946-08-03,Oak Glen,OH,45730,(555) 387-7805,,English,PY02,PRV1139,71.4,159.6,,2017-04-08,
PT11683,00951205,Carol,Vasquez,F,1938-05-13,Millbrook,OH,45530,(555) 899-8665,,English,PY01,PRV1130,69.1,204.9,HTN;COPD,2023-11-11,
PT11684,07040748,Kenneth,Bell,M,2009-04-17,Bluestone,OH,45501,(555) 862-1797,kenneth.bell38@example.com,English,PY05,PRV1105,68.3,130.0,,2022-01-24,
PT11685,05620618,Fatima,Chavez,F,1961-05-07,Bluestone,OH,45501,(555) 905-7151,,English,PY06,PRV1135,64.7,190.4,CKD,2018-05-10,
PT11686,06630106,Justin,Roberts,M,1979-12-21,Bluestone,OH,45501,(555) 860-3550,justin.roberts16@example.com,English,PY05,PRV1126,74.2,180.6,DM,2018-04-20,
PT11687,06960805,Kathleen,Barnes,F,2005-03-04,Bluestone,OH,45502,(555) 396-1665,kathleen.barnes11@example.com,English,PY07,PRV1138,64.4,185.4,,2023-10-30,
PT11688,07448731,Christopher,Hansen,M,1950-11-22,Cedar Ridge,OH,45720,(555) 844-8482,christopher.hansen99@example.com,English,PY02,PRV1132,68.8,254.3,HTN;AFIB;CKD,2021-07-03,
PT11689,04413735,Angela,Rodriguez,F,1949-04-24,Bluestone,OH,45502,(555) 365-5742,angela.rodriguez29@example.com,Vietnamese,PY01,PRV1140,59.8,127.8,HTN,2023-05-30,2025-04-02
PT11690,02260557,Linh,Watson,F,2008-09-16,Riverbend,OH,45545,(555) 662-9671,linh.watson30@example.com,English,PY04,PRV1108,57.0,104.1,PSYCH,2023-04-30,
PT11691,03644644,Catherine,Hudson,F,1974-12-30,Ashby Falls,OH,45610,(555) 286-5891,catherine.hudson39@example.com,English,PY05,PRV1129,65.3,176.4,HTN;CKD;OA,2008-07-05,
PT11692,08935668,Ryan,Brown,M,2015-08-28,Bluestone,OH,45502,(555) 291-8634,,Somali,PY05,PRV1106,41.7,59.4,,2023-07-02,
PT11693,08724975,Debra,Gardner,F,1957-08-08,Granite Springs,OH,45750,(555) 896-6851,,English,PY02,PRV1138,66.3,191.0,,2015-10-18,
PT11694,06692262,Jessica,Rodriguez,F,1946-01-16,Bluestone,OH,45502,(555) 895-5649,,Arabic,PY01,PRV1130,61.8,126.2,HTN;HF;CKD;OA,2023-07-31,2025-10-10
PT11695,08890076,Nathan,Alvarez,M,2016-10-15,Bluestone,OH,45502,(555) 555-2069,,English,PY03,PRV1105,45.0,54.4,,2016-10-26,
PT11696,02984084,Jeremy,Abbott,M,1960-08-13,Bluestone,OH,45501,(555) 620-0453,jeremy.abbott47@example.com,English,PY01,PRV1139,70.4,255.7,HTN;DM;COPD,2017-12-12,
PT11697,04732379,Dylan,Hunt,M,1948-10-27,Ashby Falls,OH,45610,(555) 462-9516,dylan.hunt47@example.com,English,PY02,PRV1134,67.3,148.7,HTN;CANCER;PSYCH,2016-04-23,
PT11698,01798012,Melissa,Owens,F,1946-09-07,Bluestone,OH,45501,(555) 631-9052,melissa.owens51@example.com,English,PY01,PRV1130,59.5,151.7,HTN;CANCER,2021-11-05,
PT11699,03780433,Matthew,Ray,M,1994-09-13,Bluestone,OH,45502,(555) 972-7859,matthew.ray27@example.com,English,PY03,PRV1131,71.4,196.1,,2008-10-28,
PT11700,03830315,Kimberly,Garza,F,1989-08-08,Bluestone,OH,45502,(555) 846-6837,kimberly.garza44@example.com,English,PY03,PRV1126,61.9,139.1,,2024-03-18,
PT11701,08171206,Bruce,Kowalski,M,1956-06-12,Bluestone,OH,45501,(555) 335-3257,bruce.kowalski46@example.com,English,PY01,PRV1137,73.4,235.2,HTN;ASTHMA;PSYCH;OA,2017-05-20,
PT11702,06460461,Mei,Cunningham,F,1952-01-05,Ashby Falls,OH,45610,(555) 321-1432,,English,PY01,PRV1132,64.4,165.6,HTN,2025-06-19,
PT11703,05110606,Paul,Kelley,M,1980-06-23,Riverbend,OH,45545,(555) 463-3431,paul.kelley93@example.com,English,PY03,PRV1127,73.3,151.0,HTN,2019-04-27,
PT11704,07002358,Jesse,Hunter,M,1966-02-12,Bluestone,OH,45501,(555) 965-8049,jesse.hunter32@example.com,English,PY03,PRV1125,71.7,263.1,COPD,2016-11-18,
PT11705,06048599,Bradley,Dixon,M,1969-04-23,Bluestone,OH,45501,(555) 464-9343,bradley.dixon7@example.com,English,PY05,PRV1125,71.7,270.2,HTN;DM;COPD;CKD;ETOH,2021-11-11,
PT11706,03674110,Richard,Chen,M,1947-09-20,Bluestone,OH,45503,(555) 792-2424,richard.chen64@example.com,English,PY02,PRV1125,65.7,123.5,HTN,2013-09-01,
PT11707,02619930,Lawrence,Santos,M,1997-01-07,Cedar Ridge,OH,45720,(555) 536-1712,,Spanish,PY03,,64.5,137.7,,2023-12-26,
PT11708,07521356,Christine,Gordon,F,2018-10-26,Bluestone,OH,45503,(555) 475-0253,,English,PY06,PRV1106,36.2,35.1,,2021-05-03,
PT11709,07739395,Elizabeth,Hudson,F,1996-05-11,Bluestone,OH,45503,(555) 471-4342,,English,PY04,,66.6,306.7,,2023-11-06,
PT11710,07862874,Marie,Miller,F,1991-06-21,Millbrook,OH,45530,(555) 465-2152,marie.miller87@example.com,English,PY07,PRV1137,65.3,196.5,,2019-09-12,
PT11711,06475897,Frances,Jimenez,F,1987-12-30,Millbrook,OH,45530,(555) 695-6595,frances.jimenez66@example.com,Spanish,PY07,PRV1137,66.6,175.5,PSYCH,2022-02-22,
PT11712,02121668,Jean,Smith,F,1950-09-29,Oak Glen,OH,45730,(555) 596-7702,jean.smith12@example.com,English,PY01,PRV1124,65.2,145.9,HF;PSYCH;OA,2011-02-02,
PT11713,02357697,Sharon,Robertson,F,1949-03-07,Bluestone,OH,45503,(555) 418-8381,sharon.robertson15@example.com,English,PY02,PRV1130,60.3,149.6,HTN;CANCER,2015-06-23,
PT11714,00343546,Nathan,Ferguson,M,1966-02-06,Bluestone,OH,45503,(555) 902-8414,nathan.ferguson53@example.com,English,PY04,PRV1132,70.1,198.7,,2024-04-27,
PT11715,04691503,Jennifer,Peterson,F,2015-10-30,Millbrook,OH,45530,(555) 319-4947,,English,PY04,PRV1104,47.5,71.4,,2024-06-26,
PT11716,00886518,Priya,Butler,F,1951-06-06,Oak Glen,OH,45730,(555) 267-7753,priya.butler96@example.com,English,PY02,PRV1127,62.5,194.7,HTN;SEIZURE,2022-02-22,
PT11717,06630595,Janice,Cunningham,F,1984-07-20,Cedar Ridge,OH,45720,(555) 611-9812,janice.cunningham66@example.com,English,PY03,PRV1128,66.4,203.7,,2022-12-09,
PT11718,06358700,Frank,Rodriguez,M,1977-04-09,Bluestone,OH,45502,(555) 434-3865,frank.rodriguez93@example.com,English,PY05,PRV1128,71.5,151.3,,2015-01-26,
PT11719,00227840,Ralph,Peters,M,1935-04-20,Cedar Ridge,OH,45720,(555) 459-9340,ralph.peters41@example.com,English,PY01,PRV1125,73.4,183.1,,2009-01-07,
PT11720,00346848,Philip,Evans,M,1961-04-28,Cedar Ridge,OH,45720,(555) 786-6083,philip.evans37@example.com,English,PY05,PRV1129,62.8,162.2,,2011-09-09,
PT11721,01389639,Mia,Hicks,F,1976-09-08,Lakeview Heights,OH,45510,(555) 839-5664,mia.hicks1@example.com,English,PY03,PRV1131,61.0,147.3,DM,2022-07-06,
PT11722,05931696,Austin,Osei,M,1964-12-28,Bluestone,OH,45502,(555) 900-3095,austin.osei38@example.com,English,PY05,PRV1139,65.5,100.6,COPD;ETOH,2023-08-15,
PT11723,07910103,Terry,Reynolds,M,1982-07-16,Lakeview Heights,OH,45510,(555) 239-3951,,English,PY03,PRV1130,70.5,173.0,,2022-05-30,
PT11724,06360637,Mark,Palmer,M,1980-03-03,Lakeview Heights,OH,45510,(555) 440-6006,mark.palmer66@example.com,English,PY01,PRV1133,72.7,239.8,HTN;DM;ASTHMA;PSYCH,2023-09-30,
PT11725,04260549,Julie,Alexander,F,1976-10-14,Lakeview Heights,OH,45510,(555) 228-2484,julie.alexander60@example.com,English,PY04,PRV1125,65.1,127.5,,2023-08-06,
PT11726,09850021,Logan,Henderson,M,1958-12-17,Bluestone,OH,45503,(555) 898-2845,logan.henderson79@example.com,English,PY01,PRV1132,69.6,139.5,HF;ETOH,2023-10-25,
PT11727,00883434,Scott,Olson,M,1971-08-21,Oak Glen,OH,45730,(555) 594-2887,scott.olson86@example.com,English,PY06,,70.9,192.5,HTN,2014-08-22,
PT11728,08627571,Cheryl,Nichols,F,1999-04-12,Millbrook,OH,45530,(555) 596-3654,cheryl.nichols97@example.com,English,PY03,PRV1131,63.8,191.5,,2018-05-03,
PT11729,05953522,Hannah,Yilmaz,F,1955-07-06,Bluestone,OH,45502,(555) 820-0461,hannah.yilmaz16@example.com,English,PY02,PRV1125,65.0,148.6,HTN;DM,2018-05-23,
PT11730,07329831,Richard,Rodriguez,M,1990-11-15,Granite Springs,OH,45750,(555) 559-1370,richard.rodriguez51@example.com,English,PY07,PRV1139,71.0,187.1,DM,2009-07-28,
PT11731,07315259,Paul,Carroll,M,1990-05-01,Millbrook,OH,45530,(555) 485-3158,paul.carroll14@example.com,English,PY05,PRV1128,70.4,166.8,,2025-05-09,
PT11732,08111651,Carol,Butler,F,2021-09-24,Fairhaven,OH,45620,(555) 286-2545,,English,PY03,PRV1104,29.7,21.3,,2023-02-28,
PT11733,09225160,Paul,Butler,M,1949-04-11,Bluestone,OH,45501,(555) 608-3747,paul.butler30@example.com,English,PY02,PRV1138,72.3,234.5,HTN;CANCER;PSYCH,2021-10-16,
PT11734,00561431,Olivia,Castro,F,1959-10-15,Riverbend,OH,45545,(555) 622-5161,olivia.castro64@example.com,English,PY02,PRV1125,65.0,211.5,HTN;DM,2008-01-18,
PT11735,02979293,Sarah,Green,F,2021-12-05,Bluestone,OH,45502,(555) 604-4641,,English,PY03,PRV1105,30.5,28.8,,2023-09-17,
PT11736,08084596,Abigail,Carpenter,F,1982-10-16,Bluestone,OH,45501,(555) 399-6499,abigail.carpenter91@example.com,English,PY04,PRV1131,65.4,239.8,,2017-01-11,
PT11737,08964375,Jordan,Price,M,1998-11-29,Bluestone,OH,45502,(555) 282-6267,,Arabic,PY04,,69.3,214.5,,2012-12-22,
PT11738,05740772,Lawrence,Yilmaz,M,1963-08-13,Bluestone,OH,45502,(555) 381-1934,lawrence.yilmaz12@example.com,English,PY03,,67.9,132.4,HTN;DM;AFIB,2017-06-13,
PT11739,06490515,Rebecca,Perry,F,1946-12-27,Bluestone,OH,45503,(555) 702-1944,rebecca.perry98@example.com,English,PY01,PRV1126,66.1,184.3,HTN,2013-04-01,
PT11740,03910482,Jose,Kowalski,M,1970-12-23,Bluestone,OH,45502,(555) 834-7818,jose.kowalski5@example.com,English,PY04,PRV1131,64.0,226.6,,2024-01-05,
PT11741,00623967,Harper,Ford,F,1959-12-30,Bluestone,OH,45503,(555) 257-2063,harper.ford15@example.com,English,PY01,PRV1133,65.1,139.2,COPD,2010-04-29,
PT11742,06552097,Camila,Gibson,F,1980-02-12,Cedar Ridge,OH,45720,(555) 661-1319,,English,PY04,PRV1125,65.2,253.3,,2024-04-25,
PT11743,06347225,Anthony,Crawford,M,1955-07-20,Millbrook,OH,45530,(555) 573-7938,,English,PY01,PRV1126,66.0,194.8,SEIZURE,2019-03-18,
PT11744,02545637,Julia,Carter,F,1998-12-07,Bluestone,OH,45502,(555) 237-8707,julia.carter72@example.com,English,PY03,PRV1140,65.3,188.2,ASTHMA,2008-02-04,
PT11745,00394309,Ana,White,F,2023-05-16,Cedar Ridge,OH,45720,(555) 419-7419,,English,PY04,,26.2,19.5,,2023-06-10,
PT11746,02773842,Peter,Walker,M,1978-08-26,Ashby Falls,OH,45610,(555) 935-4481,peter.walker28@example.com,English,PY03,PRV1130,73.9,223.2,,2022-09-16,
PT11747,02136160,Susan,Warren,F,1964-08-23,Oak Glen,OH,45730,(555) 668-8102,susan.warren82@example.com,English,PY06,PRV1127,66.3,141.5,,2018-04-26,
PT11748,08751663,Charlotte,Ford,F,1974-08-05,Lakeview Heights,OH,45510,(555) 225-6648,charlotte.ford67@example.com,English,PY07,PRV1129,66.1,151.0,HTN,2012-07-17,
PT11749,00872335,Evelyn,Wright,F,1989-07-29,Riverbend,OH,45545,(555) 395-6409,,English,PY07,,61.9,138.8,CANCER,2022-07-04,
PT11750,04117107,Juan,Alvarado,M,2018-07-24,Bluestone,OH,45502,(555) 302-3389,,English,PY03,PRV1105,41.6,54.0,,2020-11-26,
PT11751,02291244,George,Shaw,M,1958-09-30,Bluestone,OH,45501,(555) 696-7078,george.shaw30@example.com,English,PY03,PRV1133,69.6,292.7,PSYCH,2019-10-10,
PT11752,07385599,Douglas,Soto,M,1983-06-12,Cedar Ridge,OH,45720,(555) 548-7280,,English,PY03,PRV1133,67.2,241.9,DM,2013-01-17,
PT11753,07735476,Pamela,Hall,F,1972-03-22,Cedar Ridge,OH,45720,(555) 905-9224,,English,PY03,PRV1133,58.1,107.0,ASTHMA,2012-10-12,
PT11754,00749143,Christine,Miller,F,1976-11-24,Bluestone,OH,45502,(555) 416-5549,christine.miller98@example.com,English,PY05,PRV1127,64.7,198.4,,2024-12-02,
PT11755,06074040,Kimberly,Hudson,F,1975-04-17,Cedar Ridge,OH,45720,(555) 763-4259,,English,PY06,PRV1136,66.5,191.5,,2021-12-02,
PT11756,09738169,Nicole,Yilmaz,F,1972-11-05,Cedar Ridge,OH,45720,(555) 864-9693,nicole.yilmaz40@example.com,English,PY04,PRV1139,64.6,199.8,,2012-10-16,
PT11757,07021697,Austin,King,M,1944-12-26,Bluestone,OH,45501,(555) 438-3369,,English,PY01,PRV1128,73.0,174.2,HTN;AFIB;CKD,2023-08-24,
PT11758,06145221,Ana,Riley,F,1964-08-15,Fairhaven,OH,45620,(555) 647-3387,ana.riley41@example.com,English,PY07,PRV1140,64.3,188.5,OA;SEIZURE,2011-03-19,
PT11759,01066503,Amina,Moore,F,2008-06-05,Cedar Ridge,OH,45720,(555) 456-7162,amina.moore53@example.com,English,PY03,PRV1107,64.1,146.9,,2015-03-26,
PT11760,07070577,Cynthia,Wilson,F,1970-05-04,Lakeview Heights,OH,45510,(555) 711-7191,cynthia.wilson77@example.com,Spanish,PY03,PRV1127,65.9,257.6,HTN;HF,2019-11-13,
PT11761,04295721,Kevin,Alvarez,M,1989-03-11,Bluestone,OH,45503,(555) 751-3111,kevin.alvarez38@example.com,English,PY06,PRV1132,70.8,192.9,,2016-04-09,
PT11762,02721329,Leila,Carroll,F,2023-06-30,Bluestone,OH,45502,(555) 446-9512,,English,PY03,PRV1104,30.2,17.1,,2023-07-20,
PT11763,06822691,Bobby,Abbott,M,2003-12-15,Bluestone,OH,45503,(555) 273-0686,bobby.abbott95@example.com,English,PY06,PRV1125,68.8,331.8,,2010-09-28,
PT11764,09877912,Justin,Arnold,M,1939-03-09,Bluestone,OH,45501,(555) 229-3240,justin.arnold69@example.com,English,PY01,PRV1127,66.6,145.5,HTN,2015-03-04,
PT11765,06987064,Lucas,Williams,M,1998-03-16,Bluestone,OH,45503,(555) 647-8662,lucas.williams82@example.com,English,PY03,PRV1133,69.4,113.0,,2023-06-06,
PT11766,02033954,Anna,Black,F,1954-10-18,Bluestone,OH,45501,(555) 620-3869,anna.black64@example.com,English,PY01,PRV1134,59.9,84.1,HTN,2021-04-22,
PT11767,03499000,Larry,Mendoza,M,2022-10-19,Oak Glen,OH,45730,(555) 540-8710,,English,PY05,PRV1104,29.9,22.1,,2022-11-29,
PT11768,07615067,Alexis,Moreno,F,2007-11-15,Cedar Ridge,OH,45720,(555) 920-7199,alexis.moreno18@example.com,English,PY03,PRV1133,63.9,183.1,,2024-04-07,
PT11769,01035164,Patricia,Herrera,F,1964-01-31,Pine Hollow,OH,45640,(555) 434-0094,patricia.herrera43@example.com,English,PY05,PRV1135,64.0,146.4,,2020-04-24,
PT11770,09937240,Ralph,Matthews,M,2014-10-16,Cedar Ridge,OH,45720,(555) 336-7660,,English,PY04,PRV1108,49.1,76.4,,2018-12-09,
PT11771,06498785,Jose,Gonzales,M,2024-10-12,Bluestone,OH,45503,(555) 554-4770,,English,PY03,PRV1107,23.0,13.3,,2024-02-22,
PT11772,00362701,Danielle,Fernandez,F,1969-03-29,Pine Hollow,OH,45640,(555) 387-6630,danielle.fernandez69@example.com,Mandarin,PY06,,68.5,161.5,,2008-01-22,
PT11773,09964412,Margaret,Fisher,F,1950-05-20,Bluestone,OH,45501,(555) 281-7471,,Arabic,PY02,PRV1127,60.9,147.3,HTN;DM;HF,2012-06-16,
PT11774,00884140,Marie,White,F,1983-01-02,Ashby Falls,OH,45610,(555) 872-6181,marie.white96@example.com,English,PY06,PRV1133,64.8,213.3,HTN,2016-08-31,
PT11775,05767040,Ivan,Morales,M,1967-05-01,Fairhaven,OH,45620,(555) 293-8776,ivan.morales87@example.com,English,PY05,PRV1127,77.1,264.5,HF;CANCER,2023-09-15,
PT11776,01145572,Teresa,Jordan,F,1953-12-12,Lakeview Heights,OH,45510,(555) 572-7768,teresa.jordan51@example.com,English,PY01,PRV1124,64.0,133.2,HTN;DM;COPD,2020-03-15,
PT11777,05567338,Eric,Peters,M,1973-12-05,Cedar Ridge,OH,45720,(555) 249-9772,,Spanish,PY06,PRV1139,66.3,179.8,ASTHMA,2022-01-12,
PT11778,06581295,Hassan,Daniels,M,1947-05-24,Riverbend,OH,45545,(555) 279-5750,,English,PY04,PRV1127,68.3,287.6,HTN;COPD,2021-12-04,
PT11779,03724125,Adam,Morales,M,2022-01-13,Bluestone,OH,45503,(555) 912-3273,,English,PY03,PRV1107,29.3,20.6,,2023-08-24,
PT11780,04364254,Jean,Clark,F,1985-05-12,Bluestone,OH,45502,(555) 687-7466,jean.clark40@example.com,English,PY06,PRV1137,60.0,143.4,,2022-08-08,
PT11781,07404818,Dorothy,Cox,F,1972-08-14,Riverbend,OH,45545,(555) 487-4198,,English,PY07,PRV1128,67.7,163.3,ASTHMA,2022-03-07,
PT11782,02177831,Anthony,Taylor,M,1983-05-02,Millbrook,OH,45530,(555) 799-9514,,English,PY04,PRV1127,71.7,200.5,,2014-05-22,
PT11783,09959177,Carol,Gibson,F,1964-10-02,Oak Glen,OH,45730,(555) 266-1576,carol.gibson85@example.com,English,PY03,PRV1128,61.4,124.3,,2019-11-29,
PT11784,02218992,Camila,Sanchez,F,2016-07-11,Riverbend,OH,45545,(555) 862-5896,,English,PY05,PRV1108,42.3,48.4,,2024-02-24,
PT11785,04241259,Ava,Stevens,F,1948-03-19,Pine Hollow,OH,45640,(555) 391-3965,,English,PY01,PRV1138,61.6,187.7,HTN;CKD,2024-03-16,
PT11786,04884137,Jerry,Shaw,M,1946-02-01,Bluestone,OH,45503,(555) 262-0453,jerry.shaw81@example.com,English,PY02,PRV1131,72.4,242.6,CKD;OA,2020-01-17,
PT11787,05192878,Carol,Alexander,F,1997-10-07,Bluestone,OH,45501,(555) 255-0317,carol.alexander2@example.com,English,PY05,PRV1131,61.0,153.4,,2024-02-17,
PT11788,09894394,Janice,Moreno,F,1950-08-29,Bluestone,OH,45501,(555) 875-1516,janice.moreno33@example.com,English,PY02,PRV1140,60.9,159.8,HTN;DM,2013-10-23,
PT11789,03434683,Andrea,Black,F,1989-12-15,Bluestone,OH,45503,(555) 547-2335,andrea.black21@example.com,English,PY07,PRV1133,66.1,142.5,ASTHMA;PSYCH,2024-01-29,
PT11790,02243338,Robert,Ramos,M,1930-03-18,Bluestone,OH,45503,(555) 227-0567,robert.ramos47@example.com,English,PY01,PRV1137,68.3,157.4,HTN,2017-09-09,
PT11791,08915176,Gerald,O'Brien,M,1951-04-03,Ashby Falls,OH,45610,(555) 884-1724,gerald.obrien57@example.com,English,PY01,PRV1137,69.5,192.3,PSYCH;OA,2021-09-24,
PT11792,09374611,Jean,Rogers,F,1960-10-31,Bluestone,OH,45503,(555) 900-0623,,English,PY02,PRV1128,59.7,123.8,DM,2019-08-06,
PT11793,01304050,Luis,Sullivan,M,2008-02-04,Bluestone,OH,45501,(555) 711-3063,luis.sullivan71@example.com,Spanish,PY04,PRV1107,65.3,141.2,,2018-09-14,
PT11794,00070585,Joshua,Hawkins,M,1927-07-09,Bluestone,OH,45503,(555) 425-7783,joshua.hawkins57@example.com,English,PY02,PRV1135,63.3,108.5,HTN,2016-10-03,
PT11795,01710330,Stephen,Woods,M,2004-12-02,Lakeview Heights,OH,45510,(555) 760-9606,,Mandarin,PY03,,65.5,155.1,,2016-06-15,
PT11796,06586433,Pamela,Garza,F,1947-09-08,Bluestone,OH,45501,(555) 206-9019,pamela.garza19@example.com,Somali,PY02,PRV1135,60.2,106.7,DM;AFIB,2020-11-16,
PT11797,06183808,Alice,Martin,F,1984-09-29,Bluestone,OH,45503,(555) 332-6189,alice.martin66@example.com,English,PY06,PRV1137,64.8,181.9,,2017-02-12,
PT11798,07035832,Gregory,Santos,M,1952-12-22,Lakeview Heights,OH,45510,(555) 481-0195,,English,PY02,PRV1124,67.8,177.9,COPD,2018-10-02,
PT11799,08514640,Janet,Carter,F,2023-06-22,Ashby Falls,OH,45610,(555) 742-3815,,English,PY03,PRV1105,24.1,13.7,,2024-06-09,
PT11800,06651639,Steven,Ford,M,1951-01-04,Bluestone,OH,45501,(555) 786-8809,steven.ford77@example.com,English,PY01,PRV1138,72.1,161.5,HTN;DM,2013-03-15,
PT11801,01502089,Charlotte,Kowalski,F,1985-10-07,Millbrook,OH,45530,(555) 762-0701,charlotte.kowalski98@example.com,English,PY07,PRV1128,64.1,128.8,,2016-04-14,
PT11802,04617982,Margaret,Vasquez,F,1973-02-24,Bluestone,OH,45503,(555) 464-2030,margaret.vasquez77@example.com,English,PY06,PRV1125,65.2,168.7,CKD,2022-07-11,
PT11803,03143814,Ivan,Munoz,M,1977-01-02,Bluestone,OH,45503,(555) 654-9400,,English,PY03,PRV1124,72.2,185.3,HTN,2023-08-12,
PT11804,03477917,Leila,Sanchez,F,1972-03-20,Bluestone,OH,45503,(555) 606-4215,leila.sanchez67@example.com,English,PY06,PRV1137,65.0,193.3,DM,2023-02-15,
PT11805,05651364,Aaron,Pena,M,1961-01-08,Bluestone,OH,45501,(555) 262-0814,,English,PY07,PRV1132,67.0,199.6,HTN;ASTHMA,2023-05-03,
PT11806,09167174,Hassan,Hunter,M,2009-02-27,Bluestone,OH,45502,(555) 315-2596,hassan.hunter75@example.com,English,PY06,PRV1107,65.0,122.7,SEIZURE,2016-08-17,
PT11807,07360606,Mason,Thompson,M,2011-04-08,Bluestone,OH,45501,(555) 435-2827,,English,PY04,PRV1108,65.3,134.6,,2011-12-15,
PT11808,07201834,Dennis,Freeman,M,1986-10-14,Fairhaven,OH,45620,(555) 403-0255,dennis.freeman56@example.com,English,PY04,PRV1133,66.8,178.1,,2015-02-11,
PT11809,02138108,Margaret,Morales,F,2024-11-26,Lakeview Heights,OH,45510,(555) 968-6594,,English,PY05,PRV1104,21.9,12.5,,2024-03-24,
PT11810,00554680,Marie,Rogers,F,1962-01-06,Cedar Ridge,OH,45720,(555) 788-1514,marie.rogers15@example.com,English,PY06,PRV1131,62.2,191.8,,2023-09-21,
PT11811,04576521,Ahmed,Crawford,M,2019-02-19,Bluestone,OH,45501,(555) 433-5644,,English,PY04,,33.6,23.4,,2022-07-22,
PT11812,05056376,Samantha,Carroll,F,1954-05-08,Cedar Ridge,OH,45720,(555) 779-3788,samantha.carroll14@example.com,English,PY02,PRV1132,67.6,186.8,,2022-03-24,
PT11813,05009456,Bryan,Adams,M,1967-07-03,Millbrook,OH,45530,(555) 466-1404,,Spanish,PY05,PRV1128,70.0,221.5,HTN,2011-09-17,
PT11814,05882329,Mason,Medina,M,2018-03-04,Lakeview Heights,OH,45510,(555) 513-1504,,English,PY03,PRV1107,37.9,45.9,,2022-07-25,
PT11815,08326614,Roy,Duncan,M,1993-01-07,Millbrook,OH,45530,(555) 279-2880,,English,PY03,,67.4,217.6,,2013-02-27,
PT11816,04285019,Diana,Mendoza,F,1929-12-27,Cedar Ridge,OH,45720,(555) 209-3434,diana.mendoza23@example.com,English,PY01,PRV1125,61.8,158.1,HTN;DM,2010-02-27,
PT11817,02259069,Keith,Bradley,M,1965-10-19,Bluestone,OH,45503,(555) 259-5641,keith.bradley71@example.com,Spanish,PY03,PRV1132,67.9,223.6,HTN,2023-11-08,
PT11818,04025668,Joseph,Diaz,M,1952-02-10,Fairhaven,OH,45620,(555) 834-8213,joseph.diaz91@example.com,English,PY01,PRV1131,66.2,180.8,OA,2021-12-21,
PT11819,07928206,Edward,Carter,M,1983-04-30,Bluestone,OH,45503,(555) 954-5440,edward.carter56@example.com,English,PY04,PRV1132,76.7,262.5,HTN;ASTHMA,2024-11-11,
PT11820,03779794,Patrick,Miller,M,1929-11-11,Bluestone,OH,45503,(555) 834-5005,patrick.miller2@example.com,English,PY02,PRV1126,69.1,252.2,DM,2024-09-28,
PT11821,00787405,Lucia,Turner,F,2018-03-31,Bluestone,OH,45502,(555) 579-7204,,English,PY06,PRV1105,36.7,31.8,,2022-08-15,
PT11822,01651208,Susan,Marshall,F,1989-02-15,Bluestone,OH,45502,(555) 953-1818,,English,PY05,PRV1128,61.2,144.2,DM;ASTHMA,2017-12-25,
PT11823,01300929,Isabella,Foster,F,2010-02-17,Riverbend,OH,45545,(555) 974-3226,,English,PY04,PRV1104,64.6,143.9,ASTHMA,2018-06-23,
PT11824,08389487,Victoria,Lindqvist,F,2006-05-24,Bluestone,OH,45502,(555) 502-2392,,English,PY04,PRV1128,61.6,136.5,,2023-05-06,
PT11825,05891212,Sharon,Rivera,F,1936-12-04,Bluestone,OH,45502,(555) 671-9573,sharon.rivera21@example.com,Spanish,PY01,PRV1128,67.8,147.9,,2008-03-23,
PT11826,03880460,Christina,Palmer,F,1991-09-27,Bluestone,OH,45501,(555) 616-5459,,English,PY03,PRV1138,65.3,174.3,DM,2024-03-12,
PT11827,05144984,Andrea,Hill,F,1952-01-17,Bluestone,OH,45502,(555) 552-5957,andrea.hill76@example.com,Russian,PY01,PRV1139,65.5,131.1,HTN,2017-11-27,
PT11828,02834233,James,Soto,M,1975-09-10,Bluestone,OH,45503,(555) 875-7835,,English,PY06,,68.8,205.8,,2021-07-20,
PT11829,06998349,Stephen,Cox,M,1954-06-13,Millbrook,OH,45530,(555) 366-5844,stephen.cox43@example.com,Arabic,PY02,,65.0,215.5,HTN;DM,2021-09-05,
PT11830,09946606,Mark,Hunt,M,1968-10-16,Bluestone,OH,45503,(555) 739-0912,,English,PY06,PRV1124,71.5,222.3,,2018-02-03,
PT11831,08654563,Kayla,Griffin,F,1948-12-01,Bluestone,OH,45503,(555) 375-4183,,English,PY02,PRV1131,62.7,249.7,DM;CANCER,2023-09-12,
PT11832,00371215,Billy,Peters,M,1966-03-20,Oak Glen,OH,45730,(555) 491-9087,,English,PY03,PRV1133,68.0,204.5,HTN;DM,2010-10-11,
PT11833,08857955,Bradley,Green,M,1965-07-31,Ashby Falls,OH,45610,(555) 337-3380,,English,PY06,PRV1124,66.7,163.3,,2023-11-12,
PT11834,06893368,David,Turner,M,1929-08-31,Bluestone,OH,45503,(555) 947-7540,,English,PY02,PRV1126,68.5,143.8,HTN,2008-04-16,
PT11835,03393500,Roger,Walker,M,1979-07-31,Cedar Ridge,OH,45720,(555) 807-0111,,English,PY05,PRV1129,71.0,153.6,,2022-04-17,
PT11836,08909655,Theresa,Morris,F,2015-12-23,Bluestone,OH,45502,(555) 952-2236,,English,PY05,PRV1105,47.2,59.4,,2021-06-11,
PT11837,05236690,Megan,Gutierrez,F,1970-05-22,Oak Glen,OH,45730,(555) 383-2705,megan.gutierrez58@example.com,English,PY06,,64.0,161.0,PSYCH,2014-06-26,
PT11838,09631932,Keith,Gomez,M,1986-03-02,Oak Glen,OH,45730,(555) 299-1575,,English,PY05,PRV1131,69.4,123.6,,2023-12-16,
PT11839,05757603,Alan,Tran,M,1992-10-31,Bluestone,OH,45501,(555) 248-7483,alan.tran31@example.com,English,PY07,PRV1127,68.4,247.3,,2023-11-09,
PT11840,03694376,Isabella,Cook,F,1947-10-11,Bluestone,OH,45502,(555) 393-0518,,English,PY02,PRV1125,61.4,187.1,HTN;PSYCH,2021-05-07,
PT11841,08716717,Juan,Peterson,M,2002-03-12,Riverbend,OH,45545,(555) 910-2023,juan.peterson95@example.com,English,PY06,PRV1132,71.7,243.4,,2023-05-30,
PT11842,09335474,Charles,Warren,M,1964-12-03,Cedar Ridge,OH,45720,(555) 703-6527,,English,PY01,PRV1138,74.3,254.4,HTN,2021-10-11,
PT11843,03648297,James,Romero,M,1971-08-02,Lakeview Heights,OH,45510,(555) 909-0173,,English,PY05,PRV1126,69.2,131.5,HTN,2024-06-14,
PT11844,00741407,Kevin,Hernandez,M,1950-09-28,Bluestone,OH,45501,(555) 476-6182,,English,PY03,PRV1137,65.5,102.3,HTN;DM;OA,2019-09-01,
PT11845,06141663,Diego,Watson,M,1960-04-01,Bluestone,OH,45501,(555) 269-2605,diego.watson13@example.com,Spanish,PY01,PRV1124,68.4,187.5,HTN;PSYCH;ETOH,2014-09-04,
PT11846,00422494,Bradley,Dunn,M,1975-01-27,Bluestone,OH,45501,(555) 304-8332,bradley.dunn13@example.com,English,PY06,PRV1132,67.9,139.0,,2018-03-03,
PT11847,04044140,Wei,Marshall,M,2017-02-07,Cedar Ridge,OH,45720,(555) 591-7011,,Spanish,PY03,PRV1104,40.9,45.1,,2019-08-30,
PT11848,03712970,Charlotte,Rice,F,1948-09-15,Lakeview Heights,OH,45510,(555) 547-7280,charlotte.rice30@example.com,Spanish,PY02,PRV1132,66.6,208.5,,2015-10-03,
PT11849,07353953,Stephanie,Hernandez,F,1947-04-28,Riverbend,OH,45545,(555) 458-3900,stephanie.hernandez30@example.com,English,PY02,PRV1124,65.7,175.5,HTN;AFIB,2023-04-12,
PT11850,02188280,Andrew,Ford,M,1993-06-15,Bluestone,OH,45502,(555) 357-5740,andrew.ford30@example.com,English,PY03,PRV1134,73.4,157.2,,2012-09-20,
PT11851,00880576,Ahmed,Henry,M,1956-09-01,Bluestone,OH,45502,(555) 397-1031,ahmed.henry52@example.com,English,PY01,PRV1137,69.1,260.3,HTN;DM,2022-08-07,
PT11852,02281032,Judy,Johnson,F,1947-10-25,Bluestone,OH,45502,(555) 412-1449,judy.johnson33@example.com,English,PY01,PRV1132,65.1,191.8,COPD;CKD;OA,2015-08-31,
PT11853,01024136,Andrew,Sullivan,M,1993-09-12,Bluestone,OH,45502,(555) 756-3555,andrew.sullivan6@example.com,Somali,PY04,PRV1136,70.5,221.1,,2011-07-06,
PT11854,04515336,Jose,Wallace,M,1936-02-27,Fairhaven,OH,45620,(555) 260-3405,jose.wallace64@example.com,English,PY01,PRV1125,68.2,222.0,HTN;CKD,2023-07-30,
PT11855,02585847,Susan,Osei,F,2012-03-07,Lakeview Heights,OH,45510,(555) 751-7351,,English,PY03,PRV1108,62.4,118.5,,2023-12-05,
PT11856,02226283,Justin,Lewis,M,1982-04-29,Riverbend,OH,45545,(555) 730-7629,,English,PY05,PRV1126,68.8,234.0,HTN;CANCER,2023-11-09,
PT11857,03321707,Aaron,Sandoval,M,1976-01-21,Bluestone,OH,45501,(555) 377-9251,aaron.sandoval29@example.com,English,PY01,PRV1131,72.6,186.8,,2014-12-27,
PT11858,06493187,Michelle,Marshall,F,1950-02-13,Ashby Falls,OH,45610,(555) 409-4368,,English,PY01,PRV1139,62.2,172.0,HTN,2022-08-01,
PT11859,00872871,Charles,Haddad,M,1954-03-19,Bluestone,OH,45503,(555) 802-0105,charles.haddad21@example.com,Spanish,PY01,PRV1135,65.8,129.3,HTN,2021-12-03,
PT11860,01625040,Evelyn,Peters,F,1963-11-25,Granite Springs,OH,45750,(555) 463-6656,evelyn.peters27@example.com,English,PY07,PRV1124,66.0,201.0,,2013-07-17,
PT11861,05241357,Alexis,Clark,F,1944-09-23,Pine Hollow,OH,45640,(555) 263-4887,,English,PY02,,59.5,128.0,HTN;HF,2020-09-26,
PT11862,04940058,Henry,Adams,M,1942-10-24,Granite Springs,OH,45750,(555) 384-9500,henry.adams89@example.com,Spanish,PY02,PRV1127,70.8,224.4,,2023-12-04,
PT11863,08602029,Ethan,Black,M,1956-02-25,Pine Hollow,OH,45640,(555) 769-0965,ethan.black85@example.com,English,PY02,,67.5,245.1,HTN;DM;COPD,2015-02-13,
PT11864,03049314,Elijah,Bryant,M,1987-06-09,Fairhaven,OH,45620,(555) 464-7939,elijah.bryant27@example.com,English,PY03,PRV1135,71.6,176.5,,2021-11-07,
PT11865,07352144,Jacob,Chavez,M,2025-07-10,Cedar Ridge,OH,45720,(555) 269-4855,,English,PY05,PRV1104,20.5,10.4,,2024-09-25,
PT11866,09873554,Cynthia,Moreno,F,1969-06-23,Lakeview Heights,OH,45510,(555) 865-7520,cynthia.moreno37@example.com,English,PY06,PRV1128,63.5,145.9,HTN,2011-12-22,
PT11867,01209599,Teresa,Williams,F,1926-06-23,Bluestone,OH,45501,(555) 823-8567,,English,PY01,PRV1140,65.5,209.7,HTN,2016-12-14,
PT11868,05578570,Gregory,West,M,1975-01-06,Bluestone,OH,45502,(555) 657-8643,gregory.west29@example.com,English,PY03,PRV1138,68.2,183.8,PSYCH,2020-02-27,
PT11869,09548713,Alexis,Jenkins,F,1987-05-13,Pine Hollow,OH,45640,(555) 388-5384,alexis.jenkins54@example.com,English,PY04,PRV1126,62.1,186.3,,2012-05-29,
PT11870,06153023,Kayla,Watson,F,2009-08-21,Bluestone,OH,45502,(555) 973-0767,kayla.watson65@example.com,English,PY05,PRV1108,65.1,134.3,,2022-11-18,
PT11871,09943169,Leila,Stephens,F,1975-10-23,Bluestone,OH,45501,(555) 548-9612,,English,PY04,PRV1134,62.1,127.7,,2018-06-06,
PT11872,04417369,Diane,Mendoza,F,2022-07-28,Millbrook,OH,45530,(555) 219-8625,,English,PY03,PRV1106,31.0,24.5,,2024-02-28,
PT11873,06177320,Christopher,Kim,M,1978-05-31,Fairhaven,OH,45620,(555) 206-0952,christopher.kim36@example.com,English,PY07,,67.4,192.7,,2011-10-24,
PT11874,08857223,Barbara,Webb,F,1986-08-26,Granite Springs,OH,45750,(555) 814-8634,barbara.webb89@example.com,English,PY03,PRV1127,67.2,170.6,,2014-09-27,
PT11875,01177709,Gerald,Jenkins,M,2001-11-24,Fairhaven,OH,45620,(555) 964-0070,gerald.jenkins46@example.com,English,PY01,PRV1134,67.7,176.7,,2022-07-24,
PT11876,03513259,Andrea,Wells,F,2019-04-11,Granite Springs,OH,45750,(555) 470-7984,,English,PY03,PRV1104,37.1,41.4,ASTHMA,2022-02-27,
PT11877,03873071,Linh,Holmes,F,1960-11-29,Pine Hollow,OH,45640,(555) 323-6796,linh.holmes92@example.com,Somali,PY03,PRV1129,61.2,143.6,DM;COPD;PSYCH,2018-05-02,
PT11878,04857204,Juan,Davis,M,1954-09-26,Cedar Ridge,OH,45720,(555) 957-8902,juan.davis37@example.com,English,PY02,PRV1134,67.7,178.7,HTN;CANCER;OA,2021-03-03,2025-04-26
PT11879,07823713,Christina,Powell,F,1944-11-13,Riverbend,OH,45545,(555) 324-6256,christina.powell12@example.com,English,PY01,PRV1132,60.0,155.3,HTN;OA;SEIZURE,2023-03-01,2024-12-14
PT11880,02305607,Willie,Okafor,M,1951-09-30,Bluestone,OH,45501,(555) 331-7616,willie.okafor1@example.com,Somali,PY01,PRV1131,68.2,151.5,DM;AFIB;CKD,2019-02-06,
PT11881,02825225,Walter,Murphy,M,1985-08-12,Granite Springs,OH,45750,(555) 763-2910,walter.murphy86@example.com,English,PY04,PRV1130,71.4,271.4,,2008-10-18,
PT11882,08476691,Keith,Stone,M,1933-05-01,Ashby Falls,OH,45610,(555) 662-2996,,English,PY01,PRV1128,63.5,147.4,HTN;HF;CKD,2021-05-12,
PT11883,00393694,Linda,Kennedy,F,1971-07-20,Bluestone,OH,45503,(555) 963-5060,linda.kennedy11@example.com,English,PY05,,63.8,251.5,DM;OA,2016-07-02,
PT11884,04218629,Jean,Hayes,F,1959-11-12,Bluestone,OH,45502,(555) 756-0318,jean.hayes35@example.com,English,PY02,PRV1134,61.5,147.1,HTN;AFIB;SEIZURE,2024-04-07,
PT11885,05942665,Austin,Adams,M,1969-03-15,Ashby Falls,OH,45610,(555) 234-5791,austin.adams94@example.com,English,PY05,PRV1124,65.7,255.5,OA,2024-02-26,
PT11886,06881057,Marie,Jenkins,F,2019-04-24,Ashby Falls,OH,45610,(555) 459-9978,,English,PY03,PRV1106,33.4,29.2,,2023-08-11,
PT11887,04688484,Joyce,Castillo,F,2001-04-26,Ashby Falls,OH,45610,(555) 853-3044,,English,PY03,PRV1136,61.2,128.1,,2011-07-15,
PT11888,02611885,Daniel,Turner,M,1971-07-17,Bluestone,OH,45503,(555) 257-0727,daniel.turner40@example.com,English,PY04,PRV1126,70.1,115.2,HTN,2021-03-30,
PT11889,02213717,Sean,Brown,M,1963-03-24,Oak Glen,OH,45730,(555) 413-0071,sean.brown91@example.com,English,PY04,PRV1125,70.7,251.4,COPD,2023-08-18,
PT11890,02150531,Lauren,Wallace,F,2025-01-28,Millbrook,OH,45530,(555) 639-9532,,English,PY03,PRV1108,19,11.6,,2025-06-20,
PT11891,03605610,Keith,Wagner,M,1966-03-26,Ashby Falls,OH,45610,(555) 709-0904,keith.wagner99@example.com,English,PY03,PRV1129,65.5,224.0,HTN,2023-03-03,
PT11892,03768343,Daniel,Soto,M,1968-12-21,Bluestone,OH,45503,(555) 222-9949,daniel.soto93@example.com,English,PY03,PRV1134,69.2,205.3,,2020-08-12,
PT11893,01056051,Wei,Robinson,M,2000-06-08,Oak Glen,OH,45730,(555) 829-2049,,English,PY03,PRV1134,73.6,196.2,ASTHMA,2021-11-18,
PT11894,03546350,Ruth,Torres,F,2020-05-02,Pine Hollow,OH,45640,(555) 582-4315,,English,PY05,PRV1105,31.7,23.9,,2023-04-29,
PT11895,01259802,Bryan,Powell,M,1937-08-30,Lakeview Heights,OH,45510,(555) 518-4442,,English,PY01,PRV1131,74.7,205.8,HTN;HF,2023-03-01,2024-12-11
PT11896,02598420,Susan,Gomez,F,1974-11-30,Bluestone,OH,45503,(555) 882-0311,susan.gomez22@example.com,Spanish,PY03,PRV1128,63.4,199.7,DM;OA,2013-03-25,
PT11897,02918568,Harper,Abbott,F,1944-07-11,Bluestone,OH,45502,(555) 701-7209,harper.abbott71@example.com,English,PY02,PRV1128,64.9,174.3,DM;COPD;CANCER;OA;SEIZURE,2016-12-22,
PT11898,03560345,Marilyn,Ward,F,2020-02-06,Bluestone,OH,45503,(555) 264-1873,,English,PY07,PRV1104,35.3,35.5,,2023-03-28,
PT11899,06679254,Madison,Hayes,F,1966-08-05,Bluestone,OH,45502,(555) 651-8571,madison.hayes88@example.com,English,PY03,PRV1126,62.2,210.0,HTN,2023-08-30,
PT11900,05169310,Billy,Black,M,1984-07-01,Riverbend,OH,45545,(555) 972-8789,,English,PY06,,71.3,200.8,,2012-12-25,
PT11901,09434088,Carolyn,Howard,F,1999-05-15,Bluestone,OH,45503,(555) 272-0453,carolyn.howard5@example.com,English,PY06,PRV1131,63.3,191.0,,2023-03-13,
PT11902,01895268,Russell,Russell,M,1946-03-13,Cedar Ridge,OH,45720,(555) 252-0856,russell.russell37@example.com,English,PY01,PRV1139,67.1,120.6,HTN;CKD;OA,2015-04-07,
PT11903,01179056,Diane,Yilmaz,F,1970-04-19,Fairhaven,OH,45620,(555) 312-4367,,English,PY05,PRV1139,65.0,163.2,DM;ASTHMA,2018-03-25,
PT11904,00074284,Robert,Carter,M,2001-11-22,Cedar Ridge,OH,45720,(555) 848-8503,robert.carter39@example.com,Spanish,PY05,PRV1136,68.6,210.9,ETOH,2022-10-31,
PT11905,05971081,Kyle,Black,M,1960-08-24,Granite Springs,OH,45750,(555) 573-5424,kyle.black48@example.com,English,PY02,PRV1127,67.4,198.7,HTN,2023-03-17,
PT11906,09383783,Frank,Hall,M,1996-03-23,Cedar Ridge,OH,45720,(555) 821-1598,frank.hall80@example.com,Arabic,PY06,PRV1137,69.5,278.0,,2009-06-11,
PT11907,02631620,Emily,Davis,F,1995-12-23,Riverbend,OH,45545,(555) 522-4158,,English,PY03,PRV1129,64.4,189.3,,2024-06-05,
PT11908,01165125,Judy,Porter,F,1970-02-06,Bluestone,OH,45502,(555) 831-6466,,English,PY04,PRV1130,64.0,191.3,HTN;COPD,2015-04-23,
PT11909,09659396,Barbara,Jordan,F,1963-05-05,Bluestone,OH,45501,(555) 428-9646,barbara.jordan7@example.com,English,PY04,PRV1124,59.7,145.6,HTN;HF;PSYCH;OA,2017-02-21,
PT11910,05325377,Carlos,Daniels,M,1954-01-05,Cedar Ridge,OH,45720,(555) 302-3440,,English,PY02,,67.5,173.8,HTN;PSYCH,2022-05-06,
PT11911,09149220,James,Daniels,M,1965-02-19,Lakeview Heights,OH,45510,(555) 416-6247,james.daniels28@example.com,Vietnamese,PY06,,71.4,234.0,AFIB,2011-10-23,
PT11912,05802530,Timothy,Lopez,M,1952-04-21,Bluestone,OH,45502,(555) 531-9887,timothy.lopez78@example.com,English,PY01,PRV1136,63.1,171.8,HTN;DM,2010-05-03,
PT11913,05952813,Pamela,Garcia,F,1962-02-11,Bluestone,OH,45501,(555) 239-0126,pamela.garcia63@example.com,English,PY05,PRV1130,61.3,176.6,AFIB;CKD,2018-02-20,
PT11914,07822233,Carolyn,White,F,2009-08-02,Bluestone,OH,45502,(555) 675-8231,carolyn.white40@example.com,English,PY07,PRV1106,66.9,125.8,,2024-09-28,
PT11915,06820860,Bobby,Palmer,M,1982-05-13,Bluestone,OH,45501,(555) 421-7205,bobby.palmer16@example.com,English,PY03,PRV1135,65.0,220.2,,2023-04-17,
PT11916,08884343,Shirley,Robinson,F,1994-05-05,Bluestone,OH,45502,(555) 774-8660,shirley.robinson41@example.com,English,PY04,PRV1137,63.9,151.9,,2020-01-07,
PT11917,01790744,Linh,Pena,F,2004-09-30,Riverbend,OH,45545,(555) 419-0032,,Somali,PY05,,65.6,199.1,,2010-04-03,
PT11918,04778826,Ana,Harris,F,1975-10-27,Bluestone,OH,45501,(555) 598-3049,ana.harris27@example.com,English,PY03,PRV1129,67.5,242.3,HTN;DM,2022-07-09,
PT11919,06750184,Vincent,Howard,M,1959-02-19,Bluestone,OH,45502,(555) 351-1764,vincent.howard55@example.com,English,PY02,PRV1137,73.1,180.7,HTN;HF,2019-12-31,
PT11920,05441057,Dennis,Petrov,M,1970-11-17,Granite Springs,OH,45750,(555) 523-7424,dennis.petrov99@example.com,English,PY03,PRV1136,65.8,109.0,,2023-11-21,
PT11921,00614142,Samuel,Palmer,M,1997-02-14,Pine Hollow,OH,45640,(555) 645-8724,samuel.palmer95@example.com,English,PY04,PRV1126,68.1,153.2,,2021-11-13,
PT11922,07996003,Kevin,Rodriguez,M,1947-03-01,Cedar Ridge,OH,45720,(555) 203-3624,,English,PY01,PRV1137,72.1,335.6,CKD,2023-11-30,
PT11923,01263851,Ivan,Perez,M,1947-06-30,Millbrook,OH,45530,(555) 714-8922,,English,PY02,PRV1136,72.2,122.3,HTN;HF;ETOH,2021-03-02,
PT11924,09091752,Frank,Bell,M,2014-09-20,Bluestone,OH,45501,(555) 824-2289,,English,PY06,PRV1108,49.3,68.4,,2017-08-17,
PT11925,05770970,Nancy,Daniels,F,2016-04-29,Cedar Ridge,OH,45720,(555) 837-8970,,English,PY05,PRV1106,42.6,57.4,,2018-06-02,
PT11926,01858960,Ana,Payne,F,1948-01-12,Oak Glen,OH,45730,(555) 476-1374,ana.payne70@example.com,Spanish,PY02,PRV1131,66.9,105.1,HTN;HF;AFIB,2008-11-13,
PT11927,04328526,Ronald,Butler,M,1978-08-27,Pine Hollow,OH,45640,(555) 331-5863,ronald.butler19@example.com,Spanish,PY05,PRV1132,69.5,163.9,,2020-11-09,
PT11928,01412540,Evelyn,Lee,F,1983-11-25,Ashby Falls,OH,45610,(555) 679-2469,evelyn.lee86@example.com,English,PY01,,67.9,223.7,PSYCH,2009-04-25,
PT11929,07253661,Amber,Hughes,F,1973-02-20,Riverbend,OH,45545,(555) 730-4498,amber.hughes65@example.com,English,PY04,PRV1138,62.4,101.3,,2011-06-29,
PT11930,01675207,Patrick,Russell,M,1951-10-25,Bluestone,OH,45502,(555) 847-6990,patrick.russell22@example.com,English,PY01,PRV1140,71.3,153.1,HTN;OA,2018-05-25,
PT11931,07903462,Anthony,Cox,M,1932-02-23,Bluestone,OH,45502,(555) 311-7517,anthony.cox77@example.com,English,PY01,PRV1137,74.3,257.5,HTN;COPD;OA,2012-09-17,
PT11932,06014931,Pamela,Watson,F,1956-09-27,Cedar Ridge,OH,45720,(555) 410-7576,,English,PY01,PRV1136,62.1,156.0,OA,2024-03-04,
PT11933,00169023,Alice,Gordon,F,1975-03-12,Oak Glen,OH,45730,(555) 665-1818,alice.gordon74@example.com,English,PY06,PRV1136,64.7,197.6,,2020-07-03,
PT11934,05199035,Steven,Baker,M,1969-01-06,Ashby Falls,OH,45610,(555) 319-7325,steven.baker70@example.com,Vietnamese,PY07,PRV1133,69.9,177.1,DM,2021-05-26,
PT11935,07191708,Priya,Olson,F,2010-02-04,Riverbend,OH,45545,(555) 984-3306,,English,PY03,PRV1108,69.0,140.2,ASTHMA,2018-10-27,
PT11936,07556274,Martha,Long,F,2002-02-15,Ashby Falls,OH,45610,(555) 398-0538,martha.long8@example.com,English,PY06,PRV1128,58.2,173.9,,2009-08-31,
PT11937,09400242,Roy,Mills,M,2004-01-19,Granite Springs,OH,45750,(555) 389-4169,,Spanish,PY07,PRV1138,72.4,132.9,PSYCH,2023-09-09,
PT11938,01949119,Martha,Thompson,F,1965-01-09,Bluestone,OH,45501,(555) 879-9246,,English,PY04,PRV1140,63.7,188.4,,2010-01-31,
PT11939,04610333,Aaliyah,Stevens,F,1950-05-31,Fairhaven,OH,45620,(555) 288-5252,aaliyah.stevens30@example.com,English,PY01,PRV1136,63.8,187.6,HTN;HF,2023-11-05,
PT11940,01298485,Gabriel,Johnson,M,1966-11-26,Fairhaven,OH,45620,(555) 255-4360,gabriel.johnson70@example.com,English,PY03,,63.1,133.7,,2018-09-24,
PT11941,09967179,Sandra,Richards,F,1947-02-11,Cedar Ridge,OH,45720,(555) 563-1232,sandra.richards28@example.com,English,PY01,PRV1125,65.3,174.4,HTN;HF;OA,2011-05-21,
PT11942,02986470,Natalie,Tucker,F,1942-03-20,Oak Glen,OH,45730,(555) 684-7392,,English,PY01,PRV1128,64.5,148.0,HTN;CKD,2009-01-07,
PT11943,00710579,Joe,Harris,M,1975-06-26,Bluestone,OH,45503,(555) 467-2976,joe.harris76@example.com,English,PY03,PRV1140,64.2,178.4,HTN;DM,2015-06-25,
PT11944,04464336,Abigail,Medina,F,1931-01-26,Millbrook,OH,45530,(555) 780-9268,abigail.medina21@example.com,English,PY02,PRV1136,62.7,205.7,HTN;HF;AFIB;CKD,2022-09-22,
PT11945,09569065,Lauren,Marshall,F,2019-01-16,Cedar Ridge,OH,45720,(555) 727-1108,,Spanish,PY06,PRV1105,36.0,33.8,,2019-05-03,
PT11946,08919639,Megan,Nichols,F,1963-05-21,Cedar Ridge,OH,45720,(555) 583-4842,,English,PY05,PRV1139,64.0,161.4,PSYCH,2008-01-10,
PT11947,08441619,Lucia,Gonzalez,F,1958-02-14,Bluestone,OH,45501,(555) 488-6486,lucia.gonzalez34@example.com,English,PY02,PRV1140,63.9,183.1,HTN;ETOH,2009-03-08,
PT11948,00886032,Frank,Yilmaz,M,1956-08-26,Ashby Falls,OH,45610,(555) 468-1634,,English,PY01,PRV1136,67.1,194.0,HTN;DM;COPD,2022-06-23,
PT11949,05520010,Ann,Gardner,F,1963-02-15,Ashby Falls,OH,45610,(555) 360-3254,ann.gardner66@example.com,English,PY03,PRV1133,63.7,172.2,,2010-07-29,
PT11950,06736532,William,Dixon,M,1927-04-03,Bluestone,OH,45501,(555) 947-0784,william.dixon55@example.com,English,PY01,PRV1125,62.1,135.3,HTN;OA,2010-01-21,
PT11951,06043064,Leila,Gutierrez,F,1994-01-06,Bluestone,OH,45501,(555) 672-5401,leila.gutierrez91@example.com,English,PY03,PRV1129,66.7,178.1,,2024-04-07,
PT11952,03195820,Judith,Wilson,F,1950-02-19,Ashby Falls,OH,45610,(555) 360-7809,judith.wilson6@example.com,English,PY02,PRV1140,65.5,241.9,,2023-01-05,
PT11953,00346925,Maria,Lindqvist,F,1995-02-01,Ashby Falls,OH,45610,(555) 226-2926,maria.lindqvist50@example.com,English,PY05,,68.7,183.7,,2010-12-27,
PT11954,07404077,Charlotte,Jordan,F,1941-01-17,Bluestone,OH,45502,(555) 846-3297,,English,PY02,PRV1130,62.4,161.1,HTN;PSYCH,2016-09-14,
PT11955,05326468,Elizabeth,Roberts,F,1944-02-24,Bluestone,OH,45501,(555) 678-1589,,Spanish,PY01,,63.8,133.6,HTN;CKD;CANCER,2013-09-22,
PT11956,00908966,Christina,Duncan,F,1965-09-18,Ashby Falls,OH,45610,(555) 556-2330,christina.duncan16@example.com,English,PY06,PRV1138,65.3,100.0,HF,2023-11-18,
PT11957,08919016,Elizabeth,Mendez,F,1967-11-25,Ashby Falls,OH,45610,(555) 375-7257,elizabeth.mendez99@example.com,English,PY06,PRV1137,64.4,119.9,CKD;PSYCH,2024-01-07,
PT11958,03458538,Steven,Henderson,M,1926-10-18,Riverbend,OH,45545,(555) 257-5524,steven.henderson74@example.com,English,PY01,PRV1125,66.8,193.5,HTN;HF,2011-05-30,
PT11959,06932617,Martha,Tran,F,1999-10-12,Riverbend,OH,45545,(555) 616-0932,martha.tran62@example.com,English,PY07,PRV1127,61.9,165.1,,2016-02-05,
PT11960,03409285,Albert,Black,M,1930-01-05,Riverbend,OH,45545,(555) 872-5690,,English,PY01,PRV1124,74.5,227.5,HTN,2023-06-28,
PT11961,02542087,Sharon,Coleman,F,2013-10-04,Cedar Ridge,OH,45720,(555) 878-3463,,English,PY05,PRV1107,50.9,79.5,,2023-05-13,
PT11962,04408047,Diane,Rivera,F,2013-11-11,Fairhaven,OH,45620,(555) 472-8535,,English,PY05,PRV1108,48.7,79.0,ASTHMA,2017-03-12,
PT11963,07291710,Theresa,Clark,F,1926-10-08,Bluestone,OH,45502,(555) 887-7835,theresa.clark73@example.com,English,PY01,PRV1136,66.6,142.2,HTN;COPD;CKD,2010-12-20,
PT11964,00302750,Joyce,Tran,F,1947-08-23,Bluestone,OH,45502,(555) 667-3696,joyce.tran40@example.com,English,PY02,PRV1135,64.8,142.2,AFIB,2019-09-22,
PT11965,01249276,Laura,Dixon,F,2022-04-27,Bluestone,OH,45503,(555) 527-1361,,Spanish,PY06,PRV1107,24.3,11.9,,2024-04-08,
PT11966,03160332,Madison,Grant,F,1973-05-08,Bluestone,OH,45502,(555) 934-3707,madison.grant78@example.com,Spanish,PY03,PRV1134,64.7,182.3,,2013-02-15,
PT11967,09221110,Doris,Rogers,F,2018-02-08,Bluestone,OH,45502,(555) 855-4821,,English,PY03,PRV1104,36.2,36.1,ASTHMA,2021-01-05,
PT11968,00798669,Lisa,Black,F,2001-08-12,Granite Springs,OH,45750,(555) 658-3270,,English,PY03,PRV1127,64.7,142.4,,2010-05-25,
PT11969,02754031,Brian,Sanchez,M,1998-03-16,Ashby Falls,OH,45610,(555) 258-4530,brian.sanchez58@example.com,Spanish,PY05,PRV1136,71.6,192.5,,2015-10-23,
PT11970,00477549,Abigail,Cooper,F,1958-02-28,Bluestone,OH,45501,(555) 918-4173,abigail.cooper73@example.com,English,PY01,PRV1140,63.3,131.0,HTN;CKD,2020-09-10,
PT11971,08817764,Paul,Simmons,M,1984-01-05,Lakeview Heights,OH,45510,(555) 611-9026,paul.simmons91@example.com,English,PY04,PRV1127,67.2,154.2,HTN,2018-01-16,
PT11972,08324309,Juan,Griffin,M,1957-10-30,Fairhaven,OH,45620,(555) 369-1204,juan.griffin31@example.com,Somali,PY01,PRV1140,66.7,186.8,,2009-10-14,
PT11973,09216239,Deborah,Berry,F,2012-10-31,Bluestone,OH,45502,(555) 354-2112,,English,PY04,PRV1105,68.4,160.5,,2015-07-21,
PT11974,04167934,Zachary,Russell,M,1976-03-12,Oak Glen,OH,45730,(555) 228-9894,zachary.russell19@example.com,English,PY06,PRV1125,67.6,129.4,,2018-07-04,
PT11975,07527407,Timothy,Payne,M,1971-03-04,Cedar Ridge,OH,45720,(555) 792-2949,,English,PY04,PRV1126,65.1,239.9,HTN,2016-07-20,
PT11976,05682941,Michelle,Robertson,F,1980-08-23,Ashby Falls,OH,45610,(555) 868-9994,michelle.robertson17@example.com,English,PY04,,65.9,123.5,HTN;CANCER;ETOH,2009-02-12,
PT11977,09359645,Jean,Cook,F,1981-05-21,Granite Springs,OH,45750,(555) 435-9534,,English,PY04,PRV1133,61.0,135.9,DM;PSYCH,2023-11-14,
PT11978,04763589,Philip,Moore,M,1988-08-16,Bluestone,OH,45502,(555) 524-7111,philip.moore7@example.com,English,PY03,PRV1134,70.6,179.8,,2017-05-14,
PT11979,09050852,Emily,West,F,1966-04-18,Millbrook,OH,45530,(555) 671-8003,emily.west32@example.com,English,PY06,PRV1139,65.7,173.5,,2021-07-18,
PT11980,09464644,Brenda,Simpson,F,1931-11-29,Riverbend,OH,45545,(555) 705-1228,brenda.simpson97@example.com,English,PY02,PRV1126,65.0,163.3,SEIZURE,2022-02-27,
PT11981,04153642,Frances,Mendez,F,1935-06-26,Bluestone,OH,45502,(555) 313-8282,frances.mendez68@example.com,English,PY01,PRV1133,65.5,185.2,DM;OA,2023-05-23,
PT11982,04643382,Samuel,Russell,M,2019-11-15,Oak Glen,OH,45730,(555) 812-8885,,Spanish,PY03,PRV1106,36.2,33.1,,2023-06-23,
PT11983,00021282,Doris,Armstrong,F,1972-06-19,Bluestone,OH,45503,(555) 295-3597,doris.armstrong96@example.com,English,PY03,PRV1133,65.7,218.0,HTN;DM;CKD,2016-10-23,
PT11984,05129129,Wei,Pierce,M,1971-01-01,Bluestone,OH,45501,(555) 275-3844,wei.pierce55@example.com,English,PY04,PRV1129,69.2,252.6,DM;ASTHMA,2024-02-19,
PT11985,09537968,Margaret,Armstrong,F,1999-08-24,Bluestone,OH,45501,(555) 577-6387,margaret.armstrong38@example.com,Spanish,PY04,PRV1136,62.5,134.5,PSYCH,2023-09-08,
PT11986,04644654,Richard,Chen,M,1974-02-05,Lakeview Heights,OH,45510,(555) 475-7170,,English,PY03,PRV1138,71.9,215.6,,2021-03-16,
PT11987,09722154,Judith,Barnes,F,1956-12-11,Bluestone,OH,45502,(555) 488-1120,judith.barnes45@example.com,Spanish,PY02,PRV1131,63.5,94.6,,2023-06-21,
PT11988,03744570,Paul,Jenkins,M,1930-08-13,Bluestone,OH,45502,(555) 905-4890,,English,PY01,PRV1130,67.7,178.2,HTN;COPD,2009-05-21,
PT11989,04406596,Liam,Romero,M,1932-08-21,Millbrook,OH,45530,(555) 842-3600,liam.romero12@example.com,English,PY01,PRV1137,61.6,138.5,HTN,2019-09-05,
PT11990,01815117,Sharon,Rogers,F,1980-01-31,Bluestone,OH,45502,(555) 435-2667,,English,PY05,PRV1138,62.4,125.4,,2010-09-25,
PT11991,03098660,Kathleen,Hansen,F,1940-03-14,Pine Hollow,OH,45640,(555) 545-7060,kathleen.hansen13@example.com,English,PY01,PRV1130,67.0,246.6,DM;AFIB;PSYCH,2015-01-17,
PT11992,01143993,Matthew,Freeman,M,1975-11-06,Ashby Falls,OH,45610,(555) 733-5390,,English,PY07,PRV1126,71.3,266.2,PSYCH;OA,2013-02-15,
PT11993,05142175,Daniel,Sandoval,M,1968-06-04,Bluestone,OH,45501,(555) 358-6853,daniel.sandoval50@example.com,English,PY03,PRV1136,70.3,137.1,HTN;OA,2023-09-13,
PT11994,03707217,Amy,Richardson,F,1970-08-05,Lakeview Heights,OH,45510,(555) 243-4892,,English,PY01,PRV1127,63.5,203.9,,2024-12-24,
PT11995,07401534,Bryan,Berry,M,1961-11-19,Lakeview Heights,OH,45510,(555) 545-4947,,English,PY04,PRV1138,68.1,185.8,,2011-07-28,
PT11996,07385710,Kenneth,Lindqvist,M,1961-11-19,Cedar Ridge,OH,45720,(555) 301-6962,kenneth.lindqvist67@example.com,Spanish,PY07,PRV1131,67.2,181.2,,2021-06-30,
PT11997,06396914,Pamela,Baker,F,1970-07-09,Bluestone,OH,45501,(555) 871-0179,,English,PY04,PRV1127,65.2,148.1,,2012-11-30,
PT11998,06136274,Gabriel,Robertson,M,1951-01-11,Bluestone,OH,45501,(555) 298-4723,,English,PY02,PRV1136,70.1,191.1,CKD,2023-03-16,
PT11999,01913594,Amber,Mitchell,F,2022-05-02,Bluestone,OH,45501,(555) 330-9944,,English,PY03,PRV1105,24.0,10.4,,2023-06-04,
PT12000,00758237,Teresa,Ross,F,2007-06-10,Bluestone,OH,45501,(555) 727-3387,teresa.ross87@example.com,English,PY05,PRV1138,63.1,175.3,,2015-03-01,
PT12001,06141586,Shirley,Coleman,F,1949-11-11,Bluestone,OH,45503,(555) 211-0116,,English,PY02,PRV1135,66.8,118.4,HTN;CKD,2012-05-13,2024-02-09
PT12002,01984198,Elizabeth,Novak,F,1997-04-05,Bluestone,OH,45501,(555) 430-5581,elizabeth.novak41@example.com,English,PY04,PRV1129,67.2,202.0,,2016-07-16,
PT12003,09271287,Ahmed,Gardner,M,2013-05-06,Lakeview Heights,OH,45510,(555) 274-4353,,English,PY06,PRV1106,52.1,88.7,,2016-12-07,
PT12004,04207080,Carolyn,Carter,F,2018-07-05,Lakeview Heights,OH,45510,(555) 805-5312,,English,PY06,PRV1106,37.1,34.2,,2018-07-26,
PT12005,08529108,Hassan,Vasquez,M,2005-07-20,Riverbend,OH,45545,(555) 756-3345,,English,PY04,PRV1138,70.0,196.2,,2020-10-10,
PT12006,00478067,Keith,Garza,M,2010-09-03,Bluestone,OH,45503,(555) 556-4311,,English,PY03,PRV1107,64.0,100.9,,2024-09-30,
PT12007,05679537,Pamela,Meyer,F,1957-05-10,Bluestone,OH,45501,(555) 725-8675,,English,PY02,PRV1127,63.2,93.8,HTN;DM;COPD;AFIB;PSYCH,2020-12-12,
PT12008,06751673,Bruce,Fox,M,1946-06-10,Bluestone,OH,45503,(555) 619-3683,,English,PY01,PRV1126,64.0,154.1,HTN;CKD,2023-10-02,
PT12009,07444595,Abigail,Matthews,F,2025-10-13,Bluestone,OH,45502,(555) 681-3007,,English,PY04,PRV1106,21.9,13.9,,2024-09-24,
PT12010,00865484,Randy,Thompson,M,1996-04-03,Bluestone,OH,45501,(555) 950-9334,,English,PY07,PRV1132,74.3,229.4,PSYCH,2017-01-01,
PT12011,00291556,Jennifer,Stephens,F,1983-10-30,Cedar Ridge,OH,45720,(555) 346-2294,,English,PY04,PRV1139,70.3,142.7,,2021-07-17,
PT12012,08113701,Mateo,Scott,M,1986-02-03,Bluestone,OH,45502,(555) 608-9121,mateo.scott34@example.com,English,PY05,PRV1136,69.0,177.6,DM,2015-08-13,
PT12013,09214441,Charlotte,Johnston,F,1954-10-08,Cedar Ridge,OH,45720,(555) 246-7114,,English,PY01,PRV1136,64.7,130.1,HTN;DM,2008-03-01,
PT12014,06166405,Alice,Carroll,F,1965-12-16,Lakeview Heights,OH,45510,(555) 708-3810,alice.carroll59@example.com,English,PY03,PRV1131,65.2,164.6,HTN,2021-12-03,
PT12015,04496157,Hannah,Cruz,F,1990-10-27,Bluestone,OH,45502,(555) 499-2033,,English,PY04,PRV1134,62.5,148.5,DM,2018-11-01,
PT12016,02466751,Gloria,Hansen,F,1964-05-30,Riverbend,OH,45545,(555) 562-5949,gloria.hansen43@example.com,English,PY03,PRV1138,60.6,192.6,HTN,2017-06-30,
PT12017,09281248,Matthew,Weaver,M,1998-10-09,Millbrook,OH,45530,(555) 259-4857,matthew.weaver5@example.com,English,PY03,PRV1124,66.0,218.5,,2020-04-12,
PT12018,03764199,Christopher,Warren,M,1983-07-02,Bluestone,OH,45502,(555) 777-8789,christopher.warren95@example.com,English,PY03,PRV1137,76.5,259.2,,2010-11-06,
PT12019,01731171,Virginia,Holmes,F,1926-09-21,Oak Glen,OH,45730,(555) 982-4136,,English,PY01,PRV1132,64.4,147.4,HTN;DM;HF,2023-09-28,
PT12020,00144542,Timothy,Silva,M,2024-11-15,Cedar Ridge,OH,45720,(555) 690-6618,,English,PY03,PRV1107,22.5,12.6,,2024-10-15,
PT12021,00342348,Edward,Freeman,M,2019-05-02,Bluestone,OH,45502,(555) 685-0754,,English,PY03,PRV1104,32.5,22.0,ASTHMA,2022-05-27,
PT12022,02151912,Natalie,Kennedy,F,2019-11-22,Oak Glen,OH,45730,(555) 324-9492,,English,PY03,PRV1106,35.8,34.4,,2024-03-21,
PT12023,03702377,John,Turner,M,1945-09-07,Bluestone,OH,45501,(555) 444-5827,john.turner90@example.com,Spanish,PY01,PRV1140,70.9,272.9,DM;HF,2022-09-01,
PT12024,02272761,Timothy,Gray,M,1946-04-22,Bluestone,OH,45501,(555) 340-9783,timothy.gray90@example.com,English,PY01,,64.1,209.6,,2010-10-06,
PT12025,04337155,Margaret,Jordan,F,1983-03-19,Lakeview Heights,OH,45510,(555) 472-0155,margaret.jordan32@example.com,English,PY06,PRV1132,65.2,206.3,HTN,2012-08-21,
PT12026,00665678,Doris,Gutierrez,F,1952-04-21,Granite Springs,OH,45750,(555) 406-1380,,English,PY02,PRV1136,63.1,110.5,HTN;COPD,2015-08-20,
PT12027,02592329,Andrew,Butler,M,1947-07-03,Fairhaven,OH,45620,(555) 465-5681,,English,PY01,PRV1127,64.5,169.1,,2022-05-20,
PT12028,06023223,Brandon,Rice,M,1996-01-26,Fairhaven,OH,45620,(555) 578-1435,brandon.rice96@example.com,English,PY07,PRV1130,71.7,162.5,,2022-08-22,
PT12029,08718766,Samantha,Okafor,F,1956-08-12,Fairhaven,OH,45620,(555) 700-5549,samantha.okafor46@example.com,English,PY02,PRV1125,64.7,186.5,,2020-02-05,
PT12030,03646864,Christopher,Lewis,M,1974-06-11,Lakeview Heights,OH,45510,(555) 324-3214,christopher.lewis69@example.com,English,PY04,PRV1134,72.7,258.1,HTN,2010-01-14,
PT12031,08336022,Judith,Castillo,F,1980-06-01,Bluestone,OH,45502,(555) 953-7822,judith.castillo59@example.com,English,PY03,PRV1128,64.5,149.4,ETOH,2011-01-17,
PT12032,02028930,Diana,Sanchez,F,1971-06-12,Bluestone,OH,45501,(555) 699-3759,diana.sanchez55@example.com,English,PY03,PRV1136,60.8,140.1,ETOH,2018-02-05,
PT12033,01912897,Daniel,Ross,M,1974-03-19,Millbrook,OH,45530,(555) 956-9879,daniel.ross91@example.com,English,PY05,PRV1140,65.6,228.7,CKD;CANCER,2020-09-07,
PT12034,04940953,Victoria,Dixon,F,1955-09-11,Cedar Ridge,OH,45720,(555) 812-6331,,English,PY04,,62.9,173.3,HTN;CKD;ASTHMA,2012-08-21,
PT12035,04785949,Madison,Wright,F,1957-05-10,Bluestone,OH,45501,(555) 232-1767,madison.wright4@example.com,English,PY02,PRV1135,70.3,213.9,HTN;COPD;CANCER;PSYCH,2019-03-07,
PT12036,09813532,Stephen,Lewis,M,1983-04-21,Cedar Ridge,OH,45720,(555) 470-3353,stephen.lewis74@example.com,English,PY04,,62.2,189.6,,2018-02-02,
PT12037,00231840,Russell,James,M,1966-03-26,Ashby Falls,OH,45610,(555) 849-0109,russell.james3@example.com,English,PY03,,73.1,215.6,PSYCH,2018-04-05,
PT12038,06517437,Jesse,Knight,M,1976-03-13,Lakeview Heights,OH,45510,(555) 939-2107,,English,PY01,PRV1133,67.2,211.0,HTN;ASTHMA,2015-04-05,
PT12039,06697194,Jennifer,Rice,F,1951-03-18,Oak Glen,OH,45730,(555) 485-2403,,Spanish,PY01,PRV1124,66.7,162.3,OA,2017-05-09,2024-02-26
PT12040,03601631,Willie,Aguilar,M,1954-09-22,Bluestone,OH,45502,(555) 424-5989,,English,PY01,PRV1139,68.7,292.3,HTN,2018-03-19,
PT12041,01322886,Thomas,Gutierrez,M,1999-02-13,Oak Glen,OH,45730,(555) 472-2811,thomas.gutierrez98@example.com,English,PY06,,70.4,242.0,,2023-06-26,
PT12042,05099463,Denise,Arnold,F,1975-05-11,Riverbend,OH,45545,(555) 603-7739,denise.arnold47@example.com,English,PY04,PRV1126,61.0,147.8,HTN;COPD,2023-10-22,
PT12043,04243497,Marilyn,Gutierrez,F,1952-11-12,Lakeview Heights,OH,45510,(555) 947-1760,marilyn.gutierrez79@example.com,English,PY01,PRV1136,67.4,177.8,HTN;AFIB;PSYCH,2022-09-07,
PT12044,06996599,Linh,Meyer,F,1960-09-23,Bluestone,OH,45502,(555) 636-5682,,English,PY01,PRV1125,63.4,136.8,HTN,2024-01-01,
PT12045,09308025,Fatima,Nichols,F,1993-12-31,Bluestone,OH,45501,(555) 717-1831,fatima.nichols48@example.com,English,PY06,PRV1128,64.4,249.0,DM,2014-05-31,
PT12046,04798371,Carlos,Cruz,M,1957-04-15,Bluestone,OH,45502,(555) 609-9454,carlos.cruz59@example.com,English,PY01,PRV1130,69.7,349.0,HTN;COPD;CANCER,2024-04-01,2024-04-09
PT12047,05624526,Jean,Stewart,F,1968-08-09,Bluestone,OH,45501,(555) 948-3385,jean.stewart19@example.com,English,PY05,PRV1138,65.3,192.4,CKD,2012-06-06,
PT12048,04893012,Christopher,Edwards,M,1987-11-07,Bluestone,OH,45502,(555) 727-4872,christopher.edwards86@example.com,English,PY03,PRV1132,71.4,119.6,,2024-03-25,
PT12049,04969153,Grace,Porter,F,1954-07-02,Bluestone,OH,45503,(555) 491-9202,grace.porter46@example.com,English,PY01,PRV1136,62.4,174.5,HTN;DM,2008-04-29,
PT12050,09364249,Peter,Walker,M,1991-07-25,Fairhaven,OH,45620,(555) 216-3054,,English,PY03,PRV1124,64.4,191.5,,2009-07-17,
PT12051,05630769,Donna,Gonzales,F,1953-09-06,Ashby Falls,OH,45610,(555) 405-9595,donna.gonzales94@example.com,English,PY01,PRV1139,61.5,162.6,HTN;DM;CKD,2017-02-06,
PT12052,07199164,Ethan,Wallace,M,2015-03-13,Pine Hollow,OH,45640,(555) 893-0110,,Spanish,PY04,PRV1105,47.7,60.9,,2023-07-03,
PT12053,04159152,Brian,Ray,M,1966-12-29,Bluestone,OH,45501,(555) 311-2033,brian.ray99@example.com,English,PY04,PRV1135,70.8,219.6,ASTHMA,2017-09-22,
PT12054,04347325,Betty,Richards,F,2000-02-23,Oak Glen,OH,45730,(555) 284-1820,,English,PY04,PRV1137,65.7,161.6,ASTHMA,2023-04-15,
PT12055,03524726,Elizabeth,Alvarado,F,1986-04-10,Millbrook,OH,45530,(555) 972-6202,,English,PY04,PRV1138,65.1,170.5,,2022-05-01,
PT12056,04776676,Susan,Edwards,F,1965-08-22,Bluestone,OH,45501,(555) 703-5150,,English,PY05,PRV1136,65.4,240.3,,2023-07-14,
PT12057,06526815,Jacqueline,Hayes,F,1966-08-11,Bluestone,OH,45501,(555) 255-5387,,English,PY06,PRV1133,61.9,213.1,HTN;CKD,2011-08-12,
PT12058,03635796,Kevin,Hansen,M,1936-07-29,Cedar Ridge,OH,45720,(555) 392-7729,kevin.hansen26@example.com,English,PY01,PRV1128,71.1,150.9,HTN;AFIB,2008-07-31,
PT12059,01196536,Jerry,Pierce,M,1956-03-25,Oak Glen,OH,45730,(555) 455-1004,jerry.pierce44@example.com,English,PY01,PRV1135,71.0,238.0,HTN;COPD,2015-05-15,
PT12060,03025945,Martha,Long,F,1961-10-09,Cedar Ridge,OH,45720,(555) 638-2836,martha.long9@example.com,English,PY06,PRV1140,61.6,206.0,COPD;OA,2010-12-19,
PT12061,02177103,Karen,Miller,F,2019-05-19,Bluestone,OH,45502,(555) 395-0581,,English,PY04,PRV1106,33.4,33.5,,2024-01-08,
PT12062,01003562,Nancy,Holmes,F,1996-03-21,Bluestone,OH,45503,(555) 613-4011,,English,PY04,PRV1139,62.7,156.6,,2023-04-01,
PT12063,09039132,Isabella,Palmer,F,1994-04-01,Bluestone,OH,45503,(555) 825-5064,isabella.palmer15@example.com,English,PY03,PRV1136,58.5,118.0,,2022-11-06,
PT12064,09410263,Denise,Kelley,F,1976-10-30,Cedar Ridge,OH,45720,(555) 243-7566,denise.kelley49@example.com,English,PY03,PRV1139,66.3,156.4,,2012-08-28,
PT12065,01158344,Cynthia,Lewis,F,1981-05-24,Lakeview Heights,OH,45510,(555) 762-2341,cynthia.lewis82@example.com,English,PY06,PRV1126,62.6,227.2,ASTHMA,2015-03-11,
PT12066,08392421,Joshua,Rivera,M,2018-04-15,Pine Hollow,OH,45640,(555) 959-1061,,English,PY03,PRV1108,39.2,30.3,,2020-08-17,
PT12067,06371440,Raymond,Pena,M,1947-11-14,Pine Hollow,OH,45640,(555) 201-7460,,English,PY01,PRV1133,71.8,235.7,HTN,2019-06-30,
PT12068,06018620,Kathryn,Powell,F,1998-11-12,Bluestone,OH,45503,(555) 450-2361,kathryn.powell93@example.com,English,PY04,PRV1127,58.6,171.6,,2010-09-08,
PT12069,02851004,Gabriel,Holmes,M,1952-08-25,Lakeview Heights,OH,45510,(555) 313-2429,gabriel.holmes44@example.com,English,PY01,PRV1125,67.9,173.9,,2017-10-19,
PT12070,01895000,Matthew,Rodriguez,M,1980-02-06,Cedar Ridge,OH,45720,(555) 667-8849,matthew.rodriguez14@example.com,English,PY04,PRV1137,67.7,201.1,HTN;PSYCH,2017-02-22,
PT12071,01955224,Ashley,Hunt,F,1970-06-02,Bluestone,OH,45501,(555) 539-9422,ashley.hunt50@example.com,English,PY06,PRV1130,64.9,243.8,,2023-06-27,
PT12072,07518823,Lucia,Fernandez,F,1952-09-19,Riverbend,OH,45545,(555) 671-8610,lucia.fernandez44@example.com,Spanish,PY01,PRV1124,64.0,193.0,,2023-01-12,
PT12073,03669474,Carol,Gomez,F,1972-09-15,Bluestone,OH,45501,(555) 498-7860,,English,PY03,PRV1138,63.3,215.5,,2023-10-03,
PT12074,07808987,Mateo,Stephens,M,2000-08-24,Lakeview Heights,OH,45510,(555) 647-4790,mateo.stephens20@example.com,Mandarin,PY07,PRV1127,70.0,216.0,,2018-05-22,
PT12075,09368857,Juan,Murray,M,1966-09-27,Bluestone,OH,45501,(555) 636-0547,juan.murray10@example.com,English,PY04,,63.5,198.4,HTN;OA,2012-06-22,
PT12076,00680231,Christopher,Abbott,M,1975-09-11,Cedar Ridge,OH,45720,(555) 886-3319,,English,PY06,PRV1125,68.3,157.9,HTN,2021-11-15,
PT12077,08014026,Richard,Murphy,M,1965-09-20,Bluestone,OH,45501,(555) 663-3577,,Spanish,PY03,PRV1139,67.7,162.0,PSYCH,2016-03-08,
PT12078,00317850,Bruce,Kim,M,2017-07-29,Cedar Ridge,OH,45720,(555) 371-9508,,English,PY04,PRV1105,40.3,59.2,,2018-05-19,
PT12079,08056396,Douglas,Henry,M,1962-02-07,Bluestone,OH,45501,(555) 859-8880,,English,PY03,PRV1139,69.7,206.3,HTN,2019-01-07,
PT12080,02693762,Jesse,Nakamura,M,1986-08-29,Bluestone,OH,45501,(555) 772-4710,,English,PY07,,73.0,281.3,DM,2012-04-30,
PT12081,00847907,Grace,Turner,F,1952-07-08,Granite Springs,OH,45750,(555) 337-4400,grace.turner32@example.com,Arabic,PY01,PRV1140,66.7,230.6,HTN;CKD;PSYCH,2014-03-02,
PT12082,05808269,Jack,Mason,M,2010-07-12,Bluestone,OH,45502,(555) 748-6364,,English,PY04,PRV1107,68.5,122.6,,2020-04-16,
PT12083,04246405,Gabriel,Flores,M,2011-10-03,Bluestone,OH,45503,(555) 659-3233,,English,PY03,PRV1108,66.0,128.9,,2022-07-21,
PT12084,03279315,Harper,Vazquez,F,1948-03-04,Millbrook,OH,45530,(555) 347-2385,harper.vazquez17@example.com,English,PY01,PRV1124,61.0,212.3,CKD,2021-05-15,
PT12085,08573115,Brenda,Richards,F,1985-01-25,Bluestone,OH,45503,(555) 982-9201,,English,PY05,PRV1129,60.7,126.6,,2011-11-07,
PT12086,01472173,Christine,Soto,F,1968-03-23,Bluestone,OH,45501,(555) 212-8285,,English,PY04,PRV1126,56.8,141.8,HTN;CKD,2014-05-20,
PT12087,06573320,Shirley,Armstrong,F,2010-12-29,Bluestone,OH,45501,(555) 805-3816,,English,PY05,PRV1106,66.0,135.1,,2021-01-11,
PT12088,04580637,Larry,Cox,M,1970-07-14,Bluestone,OH,45503,(555) 612-0311,larry.cox83@example.com,Spanish,PY05,PRV1137,71.2,136.5,HTN;ASTHMA,2019-06-27,
PT12089,04132241,Nicholas,Dunn,M,1948-03-20,Cedar Ridge,OH,45720,(555) 923-1349,,English,PY02,PRV1138,69.1,181.2,,2011-05-24,
PT12090,06087212,Maria,Daniels,F,1983-12-07,Bluestone,OH,45501,(555) 764-0560,,English,PY05,PRV1136,64.5,145.0,,2014-01-29,
PT12091,06617891,George,McDonald,M,2002-12-17,Bluestone,OH,45503,(555) 798-3490,george.mcdonald2@example.com,English,PY07,PRV1125,67.6,246.5,,2017-06-30,
PT12092,01184563,Barbara,Perez,F,1955-07-01,Pine Hollow,OH,45640,(555) 601-7642,,Spanish,PY03,PRV1137,67.8,107.8,HTN,2021-06-21,
PT12093,00988302,Jean,Young,F,1993-10-13,Bluestone,OH,45501,(555) 487-6056,,English,PY04,PRV1126,69.4,170.1,DM;ASTHMA,2008-11-21,
PT12094,08817872,Nathan,Kim,M,1971-01-25,Bluestone,OH,45502,(555) 526-0023,nathan.kim93@example.com,English,PY05,,74.3,205.8,DM,2008-02-11,
PT12095,05069695,Kenneth,Jimenez,M,1957-11-05,Granite Springs,OH,45750,(555) 602-8884,,English,PY02,,72.3,206.1,,2019-10-16,
PT12096,07857091,Heather,Ray,F,2008-03-12,Bluestone,OH,45501,(555) 774-0563,,English,PY04,PRV1106,61.8,130.0,,2012-01-30,
PT12097,02696570,Emma,James,F,1958-10-18,Cedar Ridge,OH,45720,(555) 318-6114,emma.james81@example.com,English,PY01,PRV1132,59.8,170.7,,2011-01-30,
PT12098,06492308,Stephen,Hall,M,1991-11-04,Millbrook,OH,45530,(555) 525-7640,,Mandarin,PY04,PRV1126,71.5,194.4,,2022-01-23,
PT12099,06808761,Timothy,Nakamura,M,1952-11-05,Bluestone,OH,45502,(555) 365-0320,timothy.nakamura5@example.com,English,PY01,PRV1125,68.0,300.7,,2024-08-19,
PT12100,08525137,Lori,Herrera,F,2013-09-04,Bluestone,OH,45502,(555) 365-8863,,English,PY03,PRV1104,53.9,89.8,,2015-11-11,
PT12101,09815251,Walter,Reynolds,M,1992-03-29,Cedar Ridge,OH,45720,(555) 951-8851,walter.reynolds62@example.com,English,PY05,PRV1128,73.0,162.1,,2020-09-23,
PT12102,00972582,Raymond,Stone,M,2020-01-03,Cedar Ridge,OH,45720,(555) 528-5465,,English,PY05,PRV1106,34.6,28.7,,2021-05-13,
PT12103,07532010,Doris,Flores,F,1974-08-22,Fairhaven,OH,45620,(555) 870-8449,doris.flores20@example.com,English,PY03,,64.7,157.0,PSYCH,2012-08-04,
PT12104,09665938,Priya,Ramos,F,1944-03-13,Oak Glen,OH,45730,(555) 714-5027,,English,PY01,PRV1127,62.6,180.6,HTN;DM,2011-02-11,2024-07-02
PT12105,08438626,Carol,Rogers,F,1946-01-29,Bluestone,OH,45501,(555) 517-9942,,English,PY02,PRV1127,65.7,197.4,HTN,2018-05-14,
PT12106,06663986,Mei,Hughes,F,1989-01-13,Bluestone,OH,45501,(555) 946-5862,,English,PY05,PRV1127,64.7,134.2,,2014-09-05,
PT12107,05127792,Michael,Hayes,M,2006-11-02,Bluestone,OH,45503,(555) 385-0340,,English,PY04,PRV1133,74.3,229.5,,2009-08-12,
PT12108,07640998,John,Jenkins,M,1971-02-03,Fairhaven,OH,45620,(555) 814-7266,,English,PY04,PRV1132,73.5,227.0,,2014-07-20,
PT12109,07425252,Henry,James,M,1979-06-06,Cedar Ridge,OH,45720,(555) 373-8468,henry.james71@example.com,English,PY04,PRV1135,63.7,109.0,,2021-10-13,
PT12110,03600093,Bobby,Gonzalez,M,1973-03-08,Millbrook,OH,45530,(555) 739-0726,,English,PY04,PRV1126,71.5,270.5,,2022-09-12,
PT12111,08925362,Deborah,Pena,F,1980-02-04,Riverbend,OH,45545,(555) 584-4419,,English,PY05,PRV1137,66.1,206.2,,2012-01-27,
PT12112,04824614,Jerry,Bell,M,1952-10-01,Bluestone,OH,45501,(555) 520-3835,jerry.bell16@example.com,English,PY02,PRV1134,66.6,229.7,,2022-12-01,
PT12113,06862274,Hannah,Pena,F,1943-08-14,Fairhaven,OH,45620,(555) 533-1761,hannah.pena88@example.com,English,PY01,PRV1129,63.2,115.0,DM;COPD;CKD,2021-12-30,
PT12114,02216213,Jonathan,Smith,M,2004-02-27,Bluestone,OH,45501,(555) 855-2900,jonathan.smith33@example.com,English,PY05,PRV1128,66.7,185.2,,2016-04-21,
PT12115,01167184,Aaron,Bryant,M,1999-04-21,Bluestone,OH,45501,(555) 729-8064,aaron.bryant51@example.com,Spanish,PY04,PRV1134,70.0,157.6,ETOH,2022-06-08,
PT12116,00065956,Beverly,Diaz,F,1961-06-01,Fairhaven,OH,45620,(555) 806-6549,beverly.diaz33@example.com,English,PY04,PRV1138,66.4,166.6,,2018-03-04,
PT12117,01637275,Peter,Foster,M,1979-12-04,Fairhaven,OH,45620,(555) 859-0585,,English,PY07,PRV1138,72.1,208.3,,2017-03-28,
PT12118,05804745,Nicole,Cox,F,1961-08-05,Cedar Ridge,OH,45720,(555) 342-4533,nicole.cox43@example.com,English,PY03,PRV1125,67.0,167.1,HTN,2023-11-27,
PT12119,09564853,Shirley,Stone,F,1967-06-06,Bluestone,OH,45501,(555) 660-1519,shirley.stone70@example.com,English,PY03,,64.9,144.1,ASTHMA,2011-09-27,
PT12120,02690545,Nicole,Ruiz,F,1961-06-08,Bluestone,OH,45502,(555) 268-6093,nicole.ruiz94@example.com,English,PY03,PRV1139,60.5,143.2,OA,2016-02-09,
PT12121,02775307,Mason,Chen,M,1987-12-03,Cedar Ridge,OH,45720,(555) 360-7933,,English,PY03,PRV1140,68.8,145.2,,2022-01-18,
PT12122,00299513,Maria,Andrews,F,2020-11-04,Oak Glen,OH,45730,(555) 353-9322,,English,PY03,,31.0,26.2,ASTHMA,2022-01-08,
PT12123,03922068,Jacqueline,Gray,F,2014-01-28,Cedar Ridge,OH,45720,(555) 482-2476,,Somali,PY04,PRV1106,49.8,66.8,,2022-04-05,
PT12124,05116569,Kayla,Richardson,F,1974-09-30,Cedar Ridge,OH,45720,(555) 850-0159,,English,PY04,PRV1124,66.4,228.5,DM,2018-01-24,
PT12125,09838604,Carl,Jones,M,1954-12-27,Bluestone,OH,45502,(555) 259-9475,carl.jones53@example.com,English,PY02,,74.1,207.6,HTN;DM;CANCER,2019-06-21,
PT12126,09658059,Daniel,Collins,M,1953-12-04,Riverbend,OH,45545,(555) 968-7789,daniel.collins46@example.com,English,PY01,,66.5,165.1,HTN,2008-04-27,
PT12127,08965785,Anthony,Duncan,M,1974-12-18,Bluestone,OH,45501,(555) 855-7145,anthony.duncan16@example.com,English,PY06,PRV1124,69.8,179.2,,2011-08-23,
PT12128,03288448,Julia,Grant,F,2015-07-29,Ashby Falls,OH,45610,(555) 859-5106,,Spanish,PY03,PRV1105,46.0,61.9,,2024-03-18,
PT12129,09856062,Victoria,Sanders,F,1980-01-09,Bluestone,OH,45501,(555) 890-2553,,English,PY03,PRV1134,63.6,172.4,PSYCH,2022-10-01,
PT12130,00137520,Richard,Elliott,M,1935-04-22,Ashby Falls,OH,45610,(555) 805-5727,richard.elliott92@example.com,Vietnamese,PY02,PRV1136,71.5,175.9,HTN;DM,2024-02-11,
PT12131,05140679,Arthur,Alexander,M,1982-02-04,Millbrook,OH,45530,(555) 318-1696,arthur.alexander93@example.com,English,PY06,PRV1126,73.0,164.8,,2020-01-10,
PT12132,08901327,Nancy,Yilmaz,F,1974-11-28,Pine Hollow,OH,45640,(555) 885-3971,nancy.yilmaz62@example.com,English,PY05,PRV1138,66.8,104.6,HTN,2015-07-02,
PT12133,03312129,Eugene,Hamilton,M,1955-05-14,Cedar Ridge,OH,45720,(555) 592-2282,eugene.hamilton96@example.com,English,PY02,PRV1126,69.0,222.0,,2024-04-15,
PT12134,03466416,Luis,Moreno,M,1975-11-07,Bluestone,OH,45502,(555) 987-8081,luis.moreno54@example.com,English,PY04,,69.4,234.9,,2017-02-04,
PT12135,07070212,Jacqueline,Pena,F,2011-05-17,Ashby Falls,OH,45610,(555) 703-1282,,English,PY03,PRV1104,63.1,104.5,,2017-10-27,
PT12136,05055526,Elizabeth,Ramos,F,1990-07-19,Ashby Falls,OH,45610,(555) 644-2166,elizabeth.ramos95@example.com,English,PY06,PRV1139,67.1,227.1,,2021-04-15,
PT12137,09346526,Doris,Perkins,F,1975-09-24,Bluestone,OH,45503,(555) 366-4817,doris.perkins15@example.com,English,PY03,PRV1135,64.2,235.2,DM;PSYCH,2010-04-06,
PT12138,05953020,Brian,Rivera,M,1956-02-06,Oak Glen,OH,45730,(555) 573-1296,brian.rivera59@example.com,English,PY01,PRV1134,68.0,151.4,DM,2009-05-02,
PT12139,00206017,Diana,Patterson,F,1948-08-08,Granite Springs,OH,45750,(555) 438-8972,diana.patterson73@example.com,English,PY03,PRV1137,64.2,200.8,PSYCH,2022-02-11,
PT12140,07961708,Logan,Parker,M,1967-10-08,Bluestone,OH,45503,(555) 559-7733,,English,PY04,PRV1136,69.0,151.3,HTN,2015-07-08,
PT12141,04165536,Donna,Abbott,F,2000-03-10,Granite Springs,OH,45750,(555) 422-6033,donna.abbott85@example.com,English,PY05,PRV1140,65.8,220.4,PSYCH,2023-02-23,
PT12142,07509134,Diego,Sandoval,M,1967-10-24,Bluestone,OH,45502,(555) 571-8956,,English,PY07,PRV1135,68.6,200.6,COPD,2018-10-31,
PT12143,03754549,Aaron,Riley,M,1999-01-02,Bluestone,OH,45502,(555) 242-6244,,English,PY07,PRV1126,69.5,226.4,,2024-02-28,
PT12144,05680247,Emma,Rogers,F,1951-07-29,Bluestone,OH,45503,(555) 932-8127,emma.rogers75@example.com,English,PY01,,65.1,166.1,CKD,2023-05-02,
PT12145,00365608,Fatima,Wells,F,2024-02-02,Millbrook,OH,45530,(555) 790-6908,,English,PY05,PRV1104,23.8,13.8,,2024-02-17,
PT12146,08374814,Jessica,Mitchell,F,1970-10-13,Bluestone,OH,45502,(555) 433-0374,jessica.mitchell85@example.com,English,PY06,PRV1128,66.4,202.4,DM,2018-01-17,
PT12147,01519499,Frances,Davis,F,1938-09-18,Bluestone,OH,45501,(555) 310-6910,,English,PY01,PRV1130,62.5,222.2,,2017-03-26,
PT12148,07774790,Rachel,Kelley,F,1948-05-04,Bluestone,OH,45502,(555) 674-4793,,English,PY01,PRV1131,62.0,120.5,HTN;HF,2021-05-28,
PT12149,08307873,Teresa,Green,F,1959-07-14,Bluestone,OH,45502,(555) 717-9944,teresa.green82@example.com,English,PY01,PRV1136,63.8,178.2,HTN;CANCER,2021-05-28,
PT12150,00204755,Arthur,Patterson,M,1975-10-03,Bluestone,OH,45502,(555) 388-6340,arthur.patterson54@example.com,English,PY04,PRV1126,68.8,215.2,HTN,2016-02-11,
PT12151,08389352,Aaliyah,Reed,F,2012-06-11,Bluestone,OH,45503,(555) 597-8866,,English,PY04,PRV1108,65.5,130.0,,2018-10-31,
PT12152,02222929,Samuel,Cox,M,1969-06-12,Bluestone,OH,45501,(555) 676-0442,,English,PY04,PRV1126,67.4,220.3,HTN,2018-01-26,
PT12153,08644485,Roger,Nelson,M,1951-06-04,Bluestone,OH,45502,(555) 319-2398,roger.nelson29@example.com,English,PY01,PRV1127,68.1,151.9,HTN;OA,2022-05-07,
PT12154,08785164,Isabella,Simpson,F,2007-12-31,Bluestone,OH,45501,(555) 219-1160,,English,PY04,PRV1128,63.3,175.2,,2022-10-06,
PT12155,09501885,Ava,Baker,F,2025-06-12,Pine Hollow,OH,45640,(555) 705-6982,,English,PY07,PRV1108,21.7,11.0,,2024-03-15,
PT12156,09857159,Aaliyah,Shaw,F,1988-08-18,Bluestone,OH,45501,(555) 567-7071,aaliyah.shaw42@example.com,English,PY03,PRV1138,67.5,187.2,CANCER;PSYCH,2011-05-29,
PT12157,09544852,Bruce,McDonald,M,1997-11-17,Bluestone,OH,45502,(555) 519-9562,bruce.mcdonald71@example.com,English,PY03,PRV1129,71.5,179.3,,2013-06-03,
PT12158,00799995,Jonathan,Gibson,M,1968-11-06,Lakeview Heights,OH,45510,(555) 737-6265,,English,PY03,PRV1130,70.7,130.7,,2019-03-16,
PT12159,07817535,Andrea,Hawkins,F,1962-04-02,Granite Springs,OH,45750,(555) 561-7923,,English,PY05,PRV1126,66.9,169.7,,2024-04-13,
PT12160,06413282,Lisa,Fox,F,1979-01-29,Bluestone,OH,45503,(555) 239-1655,lisa.fox38@example.com,English,PY03,PRV1133,57.9,145.5,HTN;DM,2018-07-16,
PT12161,02709519,Kenneth,Sanchez,M,1972-01-15,Granite Springs,OH,45750,(555) 338-1147,,English,PY06,PRV1128,68.8,254.9,HTN,2024-05-22,
PT12162,01583225,Nicholas,Hayes,M,1989-04-08,Cedar Ridge,OH,45720,(555) 855-2858,nicholas.hayes10@example.com,English,PY04,PRV1128,70.8,171.2,,2012-02-17,
PT12163,01489867,Henry,Perry,M,1927-01-11,Ashby Falls,OH,45610,(555) 814-6815,henry.perry90@example.com,English,PY02,PRV1130,70.1,197.6,HTN;CKD,2009-04-10,
PT12164,06635788,Priya,Brooks,F,1945-11-13,Bluestone,OH,45503,(555) 789-9010,priya.brooks89@example.com,English,PY02,PRV1135,66.1,155.9,HTN;DM;CANCER;PSYCH,2013-02-27,
PT12165,05838187,Kevin,Medina,M,1966-06-09,Granite Springs,OH,45750,(555) 454-1901,kevin.medina60@example.com,English,PY03,PRV1135,68.8,222.5,ASTHMA;OA,2020-09-18,
PT12166,03243010,Carolyn,White,F,1956-12-30,Oak Glen,OH,45730,(555) 873-4258,carolyn.white64@example.com,English,PY01,PRV1129,67.3,147.0,CANCER,2023-02-15,
PT12167,01716725,Jessica,Reyes,F,1961-09-04,Bluestone,OH,45501,(555) 496-0731,,English,PY05,PRV1133,63.9,230.5,DM,2014-11-10,
PT12168,03472165,Sarah,Medina,F,1961-03-06,Oak Glen,OH,45730,(555) 557-6440,,English,PY07,PRV1133,72.0,213.3,HTN;AFIB,2013-09-18,
PT12169,02692318,Christine,Miller,F,1968-05-28,Ashby Falls,OH,45610,(555) 935-7917,christine.miller53@example.com,English,PY05,PRV1137,61.6,141.7,,2018-02-09,
PT12170,06169399,Harper,Lindqvist,F,1957-04-15,Lakeview Heights,OH,45510,(555) 558-1234,harper.lindqvist28@example.com,English,PY01,PRV1133,64.8,98.5,HTN,2015-07-15,
PT12171,06530466,Lisa,Collins,F,2008-10-11,Lakeview Heights,OH,45510,(555) 498-3353,lisa.collins7@example.com,English,PY03,PRV1106,65.8,152.0,ASTHMA,2017-04-05,
PT12172,01159652,Ronald,Kim,M,1991-10-29,Bluestone,OH,45503,(555) 212-7953,ronald.kim77@example.com,English,PY04,PRV1133,64.1,130.3,,2014-03-12,
PT12173,02920333,Elijah,Haddad,M,1955-11-15,Riverbend,OH,45545,(555) 355-1510,elijah.haddad51@example.com,English,PY01,PRV1137,64.7,194.7,HF;ASTHMA,2021-12-24,
PT12174,01138512,Joseph,Spencer,M,1985-03-27,Riverbend,OH,45545,(555) 469-5022,joseph.spencer41@example.com,English,PY03,PRV1132,65.8,244.5,PSYCH,2023-06-27,
PT12175,03144666,Barbara,Griffin,F,1941-04-23,Bluestone,OH,45502,(555) 252-7309,barbara.griffin14@example.com,Arabic,PY02,PRV1126,61.4,133.7,COPD;AFIB,2017-09-04,2024-02-14
PT12176,01231312,Thomas,Weaver,M,1956-12-29,Bluestone,OH,45502,(555) 410-2402,thomas.weaver7@example.com,English,PY02,PRV1127,66.7,174.3,DM;CANCER;OA,2018-12-03,
PT12177,00332627,Cheryl,Guzman,F,1973-04-25,Fairhaven,OH,45620,(555) 877-6891,,English,PY05,,61.4,106.2,DM,2024-12-01,
PT12178,08473987,Minh,Henry,M,1934-04-03,Bluestone,OH,45501,(555) 564-8870,,English,PY01,PRV1125,67.9,199.1,OA,2023-12-31,
PT12179,01123275,Nicole,Johnson,F,2004-04-04,Bluestone,OH,45501,(555) 371-2623,nicole.johnson86@example.com,Spanish,PY07,PRV1132,67.9,211.7,,2008-08-04,
PT12180,03147650,Peter,Meyer,M,1953-03-23,Lakeview Heights,OH,45510,(555) 691-2869,,English,PY02,PRV1124,71.0,155.5,HTN;HF,2020-08-18,
PT12181,04073727,Amy,Jordan,F,2012-09-23,Bluestone,OH,45502,(555) 243-2528,,English,PY04,PRV1105,65.4,131.9,,2024-04-20,
PT12182,09085261,Marie,Kowalski,F,2011-07-24,Cedar Ridge,OH,45720,(555) 393-7681,,English,PY04,PRV1104,64.6,121.3,,2023-10-22,
PT12183,03588483,Benjamin,O'Brien,M,1957-07-09,Bluestone,OH,45502,(555) 269-1749,benjamin.obrien27@example.com,English,PY02,PRV1134,63.2,127.7,,2015-12-19,
PT12184,02806096,Nicholas,Hill,M,1988-09-04,Bluestone,OH,45501,(555) 559-9937,nicholas.hill85@example.com,Somali,PY04,PRV1138,65.2,184.1,PSYCH;ETOH,2018-07-10,
PT12185,08242607,Stephanie,Brown,F,2001-07-09,Bluestone,OH,45503,(555) 322-6637,,English,PY04,PRV1135,64.3,245.2,,2011-03-14,
PT12186,04701819,Diego,James,M,1985-10-04,Bluestone,OH,45503,(555) 345-7581,diego.james59@example.com,English,PY04,PRV1126,70.9,223.5,HTN,2018-03-17,
PT12187,09502396,Beverly,Williams,F,1954-02-04,Oak Glen,OH,45730,(555) 845-2770,beverly.williams75@example.com,Arabic,PY02,PRV1128,60.8,180.9,HTN;OA,2023-01-28,
PT12188,07598006,Laura,Armstrong,F,1977-10-02,Pine Hollow,OH,45640,(555) 325-8954,laura.armstrong66@example.com,English,PY03,,65.3,213.0,HTN,2008-04-08,
PT12189,09780591,Victoria,Snyder,F,2014-06-10,Cedar Ridge,OH,45720,(555) 817-6152,,English,PY07,PRV1106,48.3,54.8,,2016-09-03,
PT12190,00127110,William,Brooks,M,2009-11-27,Bluestone,OH,45501,(555) 834-4462,,English,PY04,,66.8,150.6,,2022-09-28,
PT12191,02529986,Jacob,Kim,M,1947-05-13,Bluestone,OH,45503,(555) 799-2139,jacob.kim84@example.com,Spanish,PY01,PRV1133,68.7,243.3,HTN,2014-03-31,
PT12192,05354062,Janet,Simpson,F,1968-10-19,Bluestone,OH,45503,(555) 598-3294,janet.simpson38@example.com,English,PY05,PRV1136,68.1,223.3,,2021-05-25,
PT12193,02857725,Charlotte,Hamilton,F,1946-11-06,Cedar Ridge,OH,45720,(555) 944-3490,charlotte.hamilton30@example.com,English,PY01,PRV1130,65.5,177.0,DM;CKD;OA,2016-01-10,
PT12194,07570320,Carlos,Simpson,M,1937-01-07,Granite Springs,OH,45750,(555) 383-6461,carlos.simpson98@example.com,English,PY01,,68.0,198.5,HTN;OA,2024-06-21,
PT12195,04984848,Michael,Gutierrez,M,1953-02-01,Lakeview Heights,OH,45510,(555) 295-6349,,English,PY01,PRV1130,65.7,184.3,HTN;COPD;SEIZURE,2020-09-26,
PT12196,01205508,Ivan,Alexander,M,1967-11-22,Bluestone,OH,45501,(555) 806-9276,,English,PY06,PRV1136,70.8,127.9,,2018-09-08,
PT12197,03481537,Christian,Moreno,M,1982-08-17,Ashby Falls,OH,45610,(555) 786-3505,christian.moreno44@example.com,English,PY03,PRV1130,75.2,223.8,HTN;DM;SEIZURE,2021-01-03,
PT12198,05200421,Melissa,Abdi,F,1950-02-20,Bluestone,OH,45503,(555) 926-8519,melissa.abdi83@example.com,Spanish,PY02,PRV1131,62.3,141.3,HTN;DM;COPD,2014-12-06,
PT12199,08516876,Minh,Bennett,M,1972-12-22,Bluestone,OH,45502,(555) 731-3696,minh.bennett36@example.com,English,PY03,PRV1137,69.5,178.3,,2022-11-15,
PT12200,09708123,Marilyn,Gonzales,F,1971-03-24,Bluestone,OH,45501,(555) 547-6506,,English,PY03,PRV1124,64.4,210.3,HTN;ASTHMA,2014-02-23,
PT12201,08767257,Judy,Peters,F,2006-04-25,Oak Glen,OH,45730,(555) 481-5551,judy.peters16@example.com,English,PY03,PRV1135,69.5,185.7,,2024-03-06,
PT12202,05646248,Willie,Reyes,M,1943-08-18,Bluestone,OH,45503,(555) 794-4724,willie.reyes72@example.com,English,PY01,PRV1131,68.6,134.8,HTN;CKD,2023-09-28,2025-03-22
PT12203,05887323,Priya,Williams,F,1935-07-30,Millbrook,OH,45530,(555) 834-4193,priya.williams91@example.com,English,PY02,PRV1132,66.3,281.6,HTN;CANCER,2020-07-24,
PT12204,02673409,Emma,Mills,F,1956-12-05,Cedar Ridge,OH,45720,(555) 845-4624,emma.mills66@example.com,English,PY01,,63.4,170.3,COPD,2018-11-28,2024-10-19
PT12205,06982496,Peter,Warren,M,1964-01-03,Bluestone,OH,45502,(555) 292-3318,,English,PY05,PRV1126,71.3,196.6,HF,2014-02-17,
PT12206,09276783,Kimberly,Silva,F,1975-03-13,Cedar Ridge,OH,45720,(555) 427-7418,kimberly.silva24@example.com,English,PY03,PRV1130,65.3,100.1,CANCER,2008-11-25,
PT12207,09878400,Timothy,Contreras,M,1967-04-24,Millbrook,OH,45530,(555) 474-9288,timothy.contreras88@example.com,English,PY06,PRV1140,72.1,297.9,HTN,2014-03-07,
PT12208,00876293,Laura,Morales,F,2006-11-11,Bluestone,OH,45503,(555) 393-8424,,English,PY05,PRV1135,60.3,132.7,,2016-05-25,
PT12209,04962300,Charles,Guzman,M,1954-08-28,Cedar Ridge,OH,45720,(555) 959-4151,charles.guzman33@example.com,English,PY02,PRV1138,67.7,135.9,HTN;DM,2020-12-05,
PT12210,09576377,Olivia,Russell,F,1964-04-26,Bluestone,OH,45501,(555) 864-6438,,Somali,PY05,PRV1124,61.2,122.8,HTN,2019-10-28,
PT12211,00787672,Bobby,Cruz,M,2000-09-10,Lakeview Heights,OH,45510,(555) 493-2519,bobby.cruz90@example.com,English,PY01,PRV1131,74.6,256.7,,2024-06-19,
PT12212,06547542,Christina,Kelly,F,2010-10-06,Cedar Ridge,OH,45720,(555) 929-1363,,English,PY03,PRV1106,71.9,161.7,,2022-04-06,
PT12213,02655397,Brian,Graham,M,2009-01-17,Cedar Ridge,OH,45720,(555) 774-7944,brian.graham98@example.com,English,PY03,,68.6,145.6,,2017-01-23,
PT12214,00886920,Joseph,Hamilton,M,1965-02-22,Bluestone,OH,45501,(555) 841-6729,joseph.hamilton78@example.com,English,PY06,PRV1133,70.8,139.2,,2023-04-20,
PT12215,07997473,Tyler,Morales,M,2005-07-05,Ashby Falls,OH,45610,(555) 771-4822,,Spanish,PY04,PRV1139,71.1,137.8,,2023-10-15,
PT12216,02645763,Ruth,King,F,1968-09-24,Bluestone,OH,45501,(555) 256-3292,ruth.king75@example.com,Spanish,PY03,PRV1136,62.4,162.1,CANCER,2017-10-04,
PT12217,04587272,Teresa,Cooper,F,2009-12-06,Oak Glen,OH,45730,(555) 907-8904,teresa.cooper56@example.com,English,PY06,PRV1105,67.7,142.8,,2013-12-24,
PT12218,05400611,Emily,Taylor,F,2003-11-01,Fairhaven,OH,45620,(555) 790-1716,,English,PY03,PRV1126,63.6,147.3,,2023-06-20,
PT12219,05851633,Steven,Meyer,M,2009-01-16,Bluestone,OH,45501,(555) 912-9638,,English,PY05,PRV1106,66.2,135.4,,2017-05-15,
PT12220,09021922,Dorothy,Hawkins,F,1966-03-08,Riverbend,OH,45545,(555) 730-1729,dorothy.hawkins1@example.com,English,PY04,PRV1136,64.1,96.5,HTN;DM;COPD,2024-02-20,
PT12221,04882221,Christina,Washington,F,1968-07-31,Cedar Ridge,OH,45720,(555) 600-2896,christina.washington91@example.com,English,PY03,PRV1125,60.2,206.7,DM;ASTHMA,2023-06-16,
PT12222,03926406,Rebecca,Patel,F,1958-06-21,Ashby Falls,OH,45610,(555) 427-3142,rebecca.patel74@example.com,English,PY01,PRV1133,63.0,191.6,HTN;COPD,2012-02-25,
PT12223,06814000,Nicole,Collins,F,1974-04-28,Riverbend,OH,45545,(555) 496-1382,,English,PY03,PRV1128,60.9,86.9,CKD,2023-12-27,
PT12224,06817727,Dorothy,Smith,F,1983-04-29,Ashby Falls,OH,45610,(555) 252-5420,dorothy.smith35@example.com,English,PY05,PRV1131,61.2,129.1,,2012-05-09,
PT12225,05265401,Janet,Perry,F,1950-05-18,Granite Springs,OH,45750,(555) 261-7228,,Spanish,PY02,PRV1140,61.9,129.8,,2022-09-21,
PT12226,09047177,Ruth,Wood,F,1939-09-11,Riverbend,OH,45545,(555) 274-8011,,English,PY01,PRV1132,66.1,127.6,HTN;HF;OA,2022-09-30,
PT12227,03078432,Elijah,Perry,M,1995-10-17,Bluestone,OH,45502,(555) 826-0559,elijah.perry55@example.com,Spanish,PY03,PRV1130,64.7,166.5,,2024-03-22,
PT12228,06787193,Ryan,Hawkins,M,1934-07-05,Cedar Ridge,OH,45720,(555) 406-8463,ryan.hawkins79@example.com,English,PY02,PRV1128,69.2,200.6,HTN,2021-11-06,
PT12229,01732578,Amy,Haddad,F,1971-02-26,Granite Springs,OH,45750,(555) 349-6482,,English,PY05,PRV1134,60.7,127.0,,2018-10-26,
PT12230,04365039,Martha,Wilson,F,1946-03-21,Pine Hollow,OH,45640,(555) 927-7832,martha.wilson69@example.com,English,PY01,PRV1131,64.2,167.1,HTN;HF;CANCER,2024-01-30,2025-04-14
PT12231,04460581,Mia,Vargas,F,1967-01-18,Bluestone,OH,45502,(555) 697-5543,mia.vargas9@example.com,English,PY07,PRV1126,61.8,159.6,CKD,2012-03-10,
PT12232,04752312,Linda,Knight,F,2002-03-26,Bluestone,OH,45502,(555) 404-6781,linda.knight24@example.com,English,PY06,PRV1131,65.4,182.1,,2021-07-05,
PT12233,01019994,Jesse,Nguyen,M,1951-08-14,Bluestone,OH,45503,(555) 451-6002,jesse.nguyen55@example.com,English,PY01,PRV1138,71.0,190.3,,2019-10-08,
PT12234,03721078,Edward,Pierce,M,2001-08-26,Oak Glen,OH,45730,(555) 803-0538,edward.pierce34@example.com,English,PY04,PRV1129,71.6,245.5,,2014-06-30,
PT12235,08787774,Carolyn,Cunningham,F,2018-12-07,Bluestone,OH,45502,(555) 609-6200,,Spanish,PY05,,35.9,26.5,,2021-10-26,
PT12236,08180386,Carl,Tran,M,1977-09-11,Bluestone,OH,45502,(555) 918-5930,carl.tran61@example.com,Mandarin,PY04,PRV1129,68.4,195.0,,2015-06-24,
PT12237,02772095,Heather,Perkins,F,1974-10-03,Bluestone,OH,45501,(555) 230-0539,heather.perkins44@example.com,English,PY07,PRV1138,62.9,198.6,CANCER,2015-11-07,
PT12238,00178346,Kenneth,Morris,M,1978-02-26,Bluestone,OH,45502,(555) 796-6142,,Spanish,PY07,PRV1130,68.5,110.1,PSYCH,2024-01-18,
PT12239,09381783,Frank,Kowalski,M,2006-07-18,Bluestone,OH,45501,(555) 791-4365,,English,PY05,,69.4,238.6,PSYCH,2022-12-23,
PT12240,09745335,Fatima,Shaw,F,1992-03-09,Ashby Falls,OH,45610,(555) 441-6942,,English,PY05,PRV1130,65.0,164.3,PSYCH,2011-01-12,
PT12241,03262305,Amina,Hall,F,2007-07-18,Ashby Falls,OH,45610,(555) 361-9890,amina.hall88@example.com,English,PY06,PRV1136,63.0,132.4,,2024-06-17,
PT12242,03313834,Alexander,Williams,M,1933-11-03,Cedar Ridge,OH,45720,(555) 915-6417,,English,PY02,PRV1138,70.9,253.5,HTN;CANCER,2017-11-04,
PT12243,01704064,Catherine,Hughes,F,1959-10-07,Bluestone,OH,45501,(555) 806-3648,,English,PY01,PRV1129,59.1,158.2,HTN,2024-02-12,
PT12244,01753949,Helen,Miller,F,1957-05-02,Millbrook,OH,45530,(555) 967-5132,,English,PY02,PRV1132,63.6,220.9,HTN;DM;PSYCH,2023-07-18,
PT12245,04003878,Judith,Holmes,F,1977-11-18,Ashby Falls,OH,45610,(555) 848-2364,judith.holmes94@example.com,English,PY07,PRV1140,62.2,177.8,HTN,2019-11-28,
PT12246,03001067,Jesse,Thompson,M,2005-06-15,Bluestone,OH,45502,(555) 446-5579,,English,PY03,,71.4,241.4,,2008-04-10,
PT12247,07627704,Jeffrey,Wagner,M,1967-08-01,Bluestone,OH,45502,(555) 568-3792,jeffrey.wagner86@example.com,English,PY03,PRV1138,66.4,117.4,,2013-10-20,
PT12248,00492611,Zachary,Bell,M,1969-10-26,Bluestone,OH,45503,(555) 953-0709,zachary.bell42@example.com,English,PY04,PRV1137,74.2,267.6,,2023-04-01,
PT12249,04116328,Lucas,Fisher,M,1987-08-03,Millbrook,OH,45530,(555) 636-3386,lucas.fisher24@example.com,English,PY04,PRV1129,73.6,129.0,,2012-10-21,
PT12250,07407216,Julie,Davis,F,1947-03-18,Bluestone,OH,45501,(555) 836-6569,julie.davis34@example.com,English,PY01,,62.5,173.5,DM,2023-10-04,
PT12251,05939910,Ashley,Mitchell,F,1987-11-17,Lakeview Heights,OH,45510,(555) 416-7093,ashley.mitchell23@example.com,English,PY03,PRV1137,66.8,180.8,,2010-08-24,
PT12252,00884807,Debra,Warren,F,2011-06-24,Pine Hollow,OH,45640,(555) 677-2220,,English,PY03,PRV1107,62.5,132.7,,2018-04-29,
PT12253,08036354,Andrew,Ellis,M,1933-11-19,Riverbend,OH,45545,(555) 855-7623,,English,PY01,PRV1135,69.1,241.9,COPD;OA,2017-07-13,
PT12254,00026013,Amber,Cole,F,1972-03-27,Oak Glen,OH,45730,(555) 279-1766,amber.cole65@example.com,English,PY04,PRV1125,67.8,262.2,CKD;OA,2021-07-25,
PT12255,07044948,Ralph,Riley,M,2010-07-30,Ashby Falls,OH,45610,(555) 355-1257,,English,PY03,,66.2,106.0,SEIZURE,2017-09-27,
PT12256,03717632,Kyle,Howard,M,1978-02-20,Bluestone,OH,45501,(555) 769-8317,kyle.howard71@example.com,English,PY05,PRV1137,64.9,182.8,ASTHMA,2009-10-05,
PT12257,09207053,Zachary,Salazar,M,1984-02-03,Cedar Ridge,OH,45720,(555) 484-1420,zachary.salazar29@example.com,English,PY06,,69.9,142.2,,2020-02-25,
PT12258,04541479,Steven,Ramos,M,2024-12-18,Lakeview Heights,OH,45510,(555) 884-9806,,English,PY05,PRV1107,21.1,7.9,,2024-08-05,
PT12259,05635350,Eugene,Stevens,M,1970-05-10,Ashby Falls,OH,45610,(555) 911-0695,eugene.stevens48@example.com,English,PY04,PRV1140,66.9,176.8,HF,2022-01-12,
PT12260,08468365,Justin,Snyder,M,1954-08-17,Fairhaven,OH,45620,(555) 862-7812,justin.snyder66@example.com,English,PY02,,73.6,143.1,CANCER,2024-04-14,
PT12261,00506400,Ralph,Herrera,M,1975-01-01,Bluestone,OH,45502,(555) 257-6351,ralph.herrera78@example.com,English,PY03,PRV1134,67.1,223.4,,2024-03-15,
PT12262,09178355,Carolyn,Torres,F,2008-03-05,Bluestone,OH,45502,(555) 410-4940,carolyn.torres22@example.com,English,PY06,PRV1105,65.9,159.8,,2024-11-09,
PT12263,03557869,Amanda,Daniels,F,1963-06-16,Bluestone,OH,45502,(555) 451-1976,amanda.daniels56@example.com,English,PY07,PRV1133,64.7,239.5,DM,2022-10-10,
PT12264,04149594,William,Hayes,M,1948-08-30,Cedar Ridge,OH,45720,(555) 812-6678,william.hayes58@example.com,English,PY01,PRV1130,67.5,173.7,HTN;DM,2013-09-17,
PT12265,03470281,Randy,Parker,M,2002-08-27,Millbrook,OH,45530,(555) 244-0212,randy.parker12@example.com,English,PY04,PRV1135,73.2,146.0,,2025-01-17,
PT12266,08259000,Leila,Porter,F,1989-08-16,Pine Hollow,OH,45640,(555) 654-2459,leila.porter85@example.com,English,PY03,PRV1134,70.2,253.8,DM,2021-05-04,
PT12267,00538877,Cynthia,Jenkins,F,1965-03-07,Oak Glen,OH,45730,(555) 874-2561,cynthia.jenkins67@example.com,English,PY03,PRV1125,62.9,109.5,AFIB;CANCER;PSYCH,2019-01-20,
PT12268,07044182,Billy,Wilson,M,1978-11-28,Bluestone,OH,45501,(555) 800-0576,billy.wilson42@example.com,English,PY05,PRV1127,67.4,193.1,,2014-06-14,
PT12269,01182284,Theresa,Osei,F,1930-08-23,Bluestone,OH,45501,(555) 874-8003,theresa.osei54@example.com,English,PY02,PRV1140,68.1,172.3,HTN,2022-11-29,
PT12270,06564554,Jennifer,Patel,F,1963-02-03,Bluestone,OH,45501,(555) 397-5641,jennifer.patel53@example.com,English,PY01,PRV1133,62.9,120.3,,2019-11-12,
PT12271,00032852,Charles,Evans,M,1993-12-08,Bluestone,OH,45501,(555) 402-7956,,English,PY04,PRV1134,71.6,142.5,,2023-08-16,
PT12272,02728163,Carol,Yilmaz,F,1953-05-22,Bluestone,OH,45501,(555) 540-2529,carol.yilmaz98@example.com,English,PY04,PRV1134,65.2,154.3,OA,2010-08-21,
PT12273,05050447,Marie,Carter,F,1953-05-26,Ashby Falls,OH,45610,(555) 962-0583,,English,PY02,PRV1135,64.7,142.0,HTN;CKD,2019-04-21,
PT12274,09702072,Kathryn,Knight,F,1979-07-29,Cedar Ridge,OH,45720,(555) 200-5193,kathryn.knight34@example.com,Somali,PY03,PRV1128,64.8,204.3,HTN;ASTHMA;PSYCH,2020-04-12,
PT12275,00419176,Patricia,Ross,F,1966-09-13,Bluestone,OH,45503,(555) 658-0855,patricia.ross48@example.com,English,PY04,PRV1126,64.4,116.7,HTN,2011-11-11,
PT12276,05664310,Judy,Powell,F,1964-11-02,Pine Hollow,OH,45640,(555) 274-1110,judy.powell86@example.com,English,PY03,PRV1130,64.8,179.6,HF,2010-03-27,
PT12277,02295595,Susan,Soto,F,1957-08-10,Riverbend,OH,45545,(555) 819-7177,susan.soto24@example.com,English,PY02,PRV1124,60.4,116.0,CKD;PSYCH,2013-03-23,
PT12278,04480598,Bryan,Watson,M,2009-11-29,Ashby Falls,OH,45610,(555) 580-3207,,English,PY04,PRV1104,67.7,153.0,,2017-11-18,
PT12279,02373873,Isabella,Reynolds,F,1947-12-13,Granite Springs,OH,45750,(555) 575-8192,isabella.reynolds40@example.com,English,PY01,PRV1128,65.4,201.7,HTN,2017-03-22,
PT12280,00034756,Sarah,Gutierrez,F,1990-09-05,Bluestone,OH,45502,(555) 217-1701,sarah.gutierrez46@example.com,English,PY07,PRV1135,61.4,144.6,DM;PSYCH,2018-03-19,
PT12281,09723529,Jack,Lewis,M,1966-10-18,Riverbend,OH,45545,(555) 590-8979,jack.lewis28@example.com,English,PY06,PRV1139,65.7,125.4,HTN,2013-02-21,
PT12282,01253475,Carol,Gomez,F,2016-06-13,Bluestone,OH,45503,(555) 860-1427,,English,PY04,PRV1104,44.7,41.9,,2020-04-19,
PT12283,02327075,Carolyn,Torres,F,1947-06-07,Bluestone,OH,45503,(555) 775-0316,carolyn.torres42@example.com,English,PY02,PRV1133,68.2,231.5,HTN;CKD;OA,2023-09-08,
PT12284,03316517,Debra,Watson,F,2019-12-02,Bluestone,OH,45502,(555) 243-5967,,English,PY03,PRV1108,35.8,47.1,,2022-02-18,
PT12285,04804095,Sara,Long,F,2018-05-14,Oak Glen,OH,45730,(555) 712-4507,,English,PY05,PRV1107,36.8,33.4,ASTHMA,2023-08-01,
PT12286,08491742,Alexander,Gomez,M,1937-06-18,Lakeview Heights,OH,45510,(555) 835-6710,,English,PY01,PRV1126,72.2,255.6,HTN;DM,2017-04-08,
PT12287,08809908,Robert,Sanders,M,2003-08-19,Bluestone,OH,45501,(555) 389-5620,robert.sanders54@example.com,Mandarin,PY03,PRV1137,72.8,266.9,ASTHMA,2021-12-30,
PT12288,07687972,Steven,Alvarez,M,1980-02-18,Granite Springs,OH,45750,(555) 809-1580,steven.alvarez99@example.com,English,PY06,PRV1136,67.6,153.2,HTN,2015-06-21,
PT12289,06412621,Minh,Mason,M,2016-02-22,Oak Glen,OH,45730,(555) 905-1484,,English,PY03,PRV1105,44.2,66.6,,2022-02-04,
PT12290,03058664,Cheryl,Medina,F,2016-05-28,Bluestone,OH,45502,(555) 415-0047,,English,PY06,PRV1105,44.7,60.1,,2024-03-13,
PT12291,07506750,Ann,Hoffman,F,1988-01-20,Bluestone,OH,45502,(555) 473-2672,ann.hoffman83@example.com,English,PY01,PRV1132,60.0,165.2,ASTHMA,2008-06-06,
PT12292,04434378,Catherine,Patterson,F,1946-05-25,Bluestone,OH,45503,(555) 936-2341,catherine.patterson18@example.com,English,PY02,,63.4,130.6,HTN;AFIB;OA,2017-11-01,
PT12293,02404312,Beverly,Ward,F,1959-08-24,Riverbend,OH,45545,(555) 425-9314,beverly.ward46@example.com,English,PY02,PRV1136,60.5,145.1,PSYCH,2023-09-20,
PT12294,02294471,Charles,Kelly,M,1949-12-30,Ashby Falls,OH,45610,(555) 825-5829,charles.kelly73@example.com,English,PY01,,70.1,235.9,HTN,2012-04-17,
PT12295,05901301,Ahmed,Schmidt,M,1960-11-13,Cedar Ridge,OH,45720,(555) 674-3807,ahmed.schmidt22@example.com,English,PY01,PRV1128,68.7,186.3,HTN;ETOH,2023-08-07,
PT12296,01394891,Brenda,Smith,F,2002-11-23,Lakeview Heights,OH,45510,(555) 213-7779,,English,PY04,PRV1125,63.6,186.9,,2024-03-02,
PT12297,02200193,Alexis,Hart,F,1948-03-31,Millbrook,OH,45530,(555) 670-6272,alexis.hart75@example.com,English,PY01,PRV1126,62.3,225.4,,2020-05-02,
PT12298,07854139,Rosa,Baker,F,2002-04-05,Pine Hollow,OH,45640,(555) 206-0497,rosa.baker29@example.com,English,PY03,PRV1140,60.3,178.8,PSYCH,2011-07-06,
PT12299,03558976,Sarah,Contreras,F,1948-06-05,Granite Springs,OH,45750,(555) 318-7758,sarah.contreras14@example.com,English,PY02,PRV1129,56.6,93.3,COPD,2015-10-30,
PT12300,06152183,Vincent,Dixon,M,1974-08-29,Cedar Ridge,OH,45720,(555) 562-8237,vincent.dixon51@example.com,English,PY06,PRV1127,67.1,113.0,HTN;ASTHMA;ETOH,2022-12-17,
PT12301,05467162,John,Turner,M,1948-07-20,Bluestone,OH,45501,(555) 206-6899,,English,PY01,PRV1128,69.2,289.3,HF,2024-03-03,
PT12302,01288397,Jerry,Flores,M,1937-11-09,Millbrook,OH,45530,(555) 296-2321,,English,PY01,PRV1131,68.0,206.6,CKD,2021-10-09,
PT12303,07044137,Doris,Smith,F,1961-09-02,Bluestone,OH,45503,(555) 476-4152,doris.smith5@example.com,Vietnamese,PY01,PRV1139,66.5,224.6,,2012-06-01,
PT12304,06909848,Albert,Wallace,M,1959-03-12,Bluestone,OH,45501,(555) 567-4785,albert.wallace55@example.com,English,PY01,PRV1134,65.3,241.7,HF;CKD;ETOH,2011-10-22,
PT12305,08702071,Angela,Walker,F,1979-11-21,Lakeview Heights,OH,45510,(555) 777-3370,angela.walker17@example.com,English,PY03,PRV1132,67.0,130.8,DM,2016-06-16,
PT12306,04332238,Amy,Graham,F,1997-08-01,Riverbend,OH,45545,(555) 304-8661,amy.graham53@example.com,English,PY03,PRV1139,64.7,138.5,,2009-07-18,
PT12307,01523181,Stephanie,Perez,F,1996-02-18,Oak Glen,OH,45730,(555) 388-1840,stephanie.perez34@example.com,English,PY01,PRV1131,60.8,139.1,,2025-05-15,
PT12308,09267877,Judith,Meyer,F,1929-02-12,Bluestone,OH,45503,(555) 485-2959,judith.meyer50@example.com,English,PY01,PRV1132,67.5,199.8,HTN;DM;AFIB;CKD,2011-03-06,
PT12309,05804038,Mason,Hayes,M,1983-11-24,Bluestone,OH,45503,(555) 318-9065,mason.hayes63@example.com,English,PY03,PRV1136,69.9,127.7,,2024-01-09,
PT12310,05125728,Bobby,Perez,M,1932-11-08,Bluestone,OH,45503,(555) 674-1001,,English,PY01,PRV1126,68.8,169.3,HTN,2022-05-01,
PT12311,00178162,Ronald,Wagner,M,1967-02-03,Bluestone,OH,45501,(555) 623-1047,ronald.wagner98@example.com,English,PY03,PRV1126,70.1,205.2,HF;ASTHMA,2023-11-11,
PT12312,07952756,Dylan,Patel,M,1946-04-08,Bluestone,OH,45502,(555) 832-2965,dylan.patel22@example.com,English,PY01,PRV1128,72.6,245.9,DM;CANCER;PSYCH,2008-09-26,2025-11-21
PT12313,00512614,Jesse,Contreras,M,1956-12-09,Bluestone,OH,45502,(555) 512-4971,jesse.contreras9@example.com,English,PY01,PRV1140,71.3,275.0,HTN,2023-07-11,
PT12314,07980872,Nancy,Richardson,F,2001-10-22,Ashby Falls,OH,45610,(555) 975-8070,,English,PY04,,64.5,210.2,,2022-03-04,
PT12315,07025620,Harper,Robertson,F,1952-08-05,Riverbend,OH,45545,(555) 869-2602,harper.robertson56@example.com,English,PY02,PRV1135,63.8,205.6,HTN;PSYCH,2021-03-27,2024-01-31
PT12316,03034085,Benjamin,Martin,M,1957-11-10,Oak Glen,OH,45730,(555) 741-8466,benjamin.martin68@example.com,English,PY02,PRV1127,66.5,164.1,HTN;OA,2008-05-19,
PT12317,02664697,Omar,West,M,1946-09-01,Ashby Falls,OH,45610,(555) 890-9453,omar.west64@example.com,English,PY02,PRV1129,70.1,201.1,HTN,2023-09-02,
PT12318,07058024,Samantha,Chen,F,1940-11-15,Ashby Falls,OH,45610,(555) 490-0272,samantha.chen5@example.com,English,PY01,PRV1140,65.5,171.4,PSYCH,2015-03-14,
PT12319,02796877,Wei,Cooper,M,1950-10-05,Bluestone,OH,45501,(555) 257-8631,wei.cooper24@example.com,English,PY02,PRV1127,71.8,236.3,HTN,2009-07-10,
PT12320,04034039,Christina,Tucker,F,1957-11-22,Pine Hollow,OH,45640,(555) 837-6423,christina.tucker5@example.com,English,PY01,PRV1137,69.3,265.0,HF,2024-01-22,
PT12321,07122577,Lori,Wallace,F,1956-12-03,Bluestone,OH,45501,(555) 572-1650,lori.wallace54@example.com,English,PY01,PRV1135,63.1,200.9,HTN;OA,2018-01-18,
PT12322,00944056,Michelle,Wright,F,1946-12-14,Fairhaven,OH,45620,(555) 789-5366,michelle.wright45@example.com,Arabic,PY01,PRV1135,68.0,205.8,HTN;DM;COPD,2014-08-01,
PT12323,05937268,Olivia,Fernandez,F,1965-01-28,Bluestone,OH,45501,(555) 829-2894,olivia.fernandez60@example.com,English,PY07,PRV1138,65.2,189.8,ASTHMA;OA,2023-05-17,
PT12324,05531746,Shirley,Mason,F,1969-09-29,Riverbend,OH,45545,(555) 338-6343,shirley.mason73@example.com,English,PY03,PRV1138,64.0,133.0,,2016-08-10,
PT12325,01143677,Jose,Simmons,M,1949-01-21,Cedar Ridge,OH,45720,(555) 725-7730,jose.simmons67@example.com,English,PY04,PRV1134,66.4,156.2,,2010-08-16,
PT12326,05429963,Debra,Olson,F,1929-12-23,Bluestone,OH,45502,(555) 325-9517,debra.olson86@example.com,English,PY01,PRV1139,61.4,174.3,CKD,2023-05-15,
PT12327,01245212,Jose,Alexander,M,1946-04-01,Bluestone,OH,45502,(555) 296-3933,jose.alexander98@example.com,English,PY01,PRV1134,74.7,230.0,HTN;DM,2017-12-02,
PT12328,02614590,Ralph,Stephens,M,1991-01-13,Lakeview Heights,OH,45510,(555) 254-9713,,English,PY04,PRV1135,73.4,208.1,DM;ASTHMA;SEIZURE,2016-08-29,
PT12329,09875887,Wayne,Lewis,M,1965-06-01,Cedar Ridge,OH,45720,(555) 262-8529,wayne.lewis85@example.com,English,PY07,PRV1136,68.0,184.8,AFIB,2013-09-27,
PT12330,08046799,Nancy,Silva,F,1943-07-25,Bluestone,OH,45502,(555) 643-4693,nancy.silva4@example.com,English,PY02,PRV1139,66.2,178.0,HTN;AFIB,2012-11-24,
PT12331,06873764,Wayne,Harrison,M,1931-11-26,Millbrook,OH,45530,(555) 520-9696,,English,PY01,PRV1138,68.2,245.8,HTN,2024-08-05,
PT12332,06640281,Keith,Tucker,M,1977-10-25,Bluestone,OH,45502,(555) 270-8095,keith.tucker48@example.com,English,PY06,PRV1136,70.9,189.0,,2015-03-18,
PT12333,09335563,Jean,Brown,F,1955-04-18,Ashby Falls,OH,45610,(555) 962-8242,,Spanish,PY01,PRV1130,66.3,103.1,HTN;CKD,2018-08-07,
PT12334,05807128,Russell,Coleman,M,1971-01-08,Bluestone,OH,45503,(555) 599-1076,russell.coleman49@example.com,English,PY07,PRV1135,71.9,207.5,HTN,2014-06-10,
PT12335,08142734,Camila,Abbott,F,1982-09-20,Bluestone,OH,45501,(555) 703-6887,,English,PY05,,63.9,190.0,DM;SEIZURE,2017-04-28,
PT12336,00695245,Linda,Rivera,F,2015-08-01,Ashby Falls,OH,45610,(555) 924-0447,,English,PY05,PRV1105,45.4,65.0,,2024-01-22,
PT12337,01252286,Wayne,Scott,M,1933-07-17,Bluestone,OH,45501,(555) 491-8016,,English,PY02,PRV1139,73.2,257.0,HTN;HF,2016-09-28,
PT12338,04924058,Lawrence,Lee,M,1989-06-22,Bluestone,OH,45501,(555) 522-3311,lawrence.lee77@example.com,English,PY03,PRV1129,73.3,244.2,,2022-07-01,
PT12339,02692773,Janet,Rivera,F,1971-11-10,Bluestone,OH,45502,(555) 902-0094,,English,PY05,PRV1135,65.6,145.2,,2009-07-04,
PT12340,07386610,Ralph,Hunt,M,2004-10-23,Ashby Falls,OH,45610,(555) 571-6955,ralph.hunt75@example.com,English,PY06,PRV1139,70.3,221.9,,2020-07-27,
PT12341,02089630,Doris,Coleman,F,1974-09-19,Bluestone,OH,45503,(555) 622-5347,,English,PY07,PRV1125,64.1,215.6,DM;CANCER,2019-02-17,
PT12342,01286205,Michael,Gibson,M,1968-12-22,Ashby Falls,OH,45610,(555) 216-4274,michael.gibson44@example.com,English,PY06,PRV1132,77.5,148.9,HTN;PSYCH,2008-05-24,
PT12343,01157999,Brenda,Perez,F,1958-05-04,Lakeview Heights,OH,45510,(555) 495-7753,brenda.perez83@example.com,English,PY01,PRV1136,65.4,218.0,HTN;PSYCH,2018-11-21,
PT12344,03067328,Katherine,Sullivan,F,1956-10-10,Bluestone,OH,45502,(555) 764-2188,,English,PY02,PRV1125,63.0,142.8,HTN;PSYCH,2022-09-13,2024-11-23
PT12345,03430036,Jonathan,Moreno,M,1950-10-04,Bluestone,OH,45501,(555) 486-4706,,English,PY01,PRV1135,70.7,200.3,HTN;DM;CANCER,2008-12-30,
PT12346,02879625,Lori,Howard,F,1970-07-29,Oak Glen,OH,45730,(555) 754-5703,lori.howard91@example.com,English,PY04,,59.8,119.7,HTN,2009-06-29,
PT12347,02728821,Pamela,Baker,F,2013-05-16,Riverbend,OH,45545,(555) 275-0232,,English,PY04,PRV1104,52.5,76.5,ASTHMA,2014-12-15,
PT12348,03048187,Rachel,White,F,1938-01-21,Bluestone,OH,45501,(555) 975-6747,,English,PY01,PRV1130,62.7,161.9,,2023-12-09,
PT12349,09125009,Judith,Young,F,1969-12-12,Riverbend,OH,45545,(555) 952-8501,,English,PY07,PRV1131,68.6,211.3,,2015-01-17,2024-05-14
PT12350,07212718,Carolyn,Diaz,F,1972-08-23,Bluestone,OH,45502,(555) 364-9924,carolyn.diaz13@example.com,English,PY04,PRV1139,68.7,260.5,DM,2024-01-23,
PT12351,05899211,Brittany,Elliott,F,1972-12-29,Bluestone,OH,45501,(555) 863-0612,brittany.elliott18@example.com,English,PY03,PRV1126,68.3,109.5,HTN;ETOH,2023-01-08,
PT12352,07422446,Susan,Munoz,F,1963-05-04,Fairhaven,OH,45620,(555) 806-3592,susan.munoz81@example.com,English,PY05,PRV1127,65.5,156.2,HTN,2015-04-04,
PT12353,01312758,Frank,Gonzalez,M,2000-07-15,Bluestone,OH,45501,(555) 939-2526,frank.gonzalez60@example.com,English,PY05,,74.4,321.5,,2014-11-16,
PT12354,04660313,Luis,Reyes,M,1947-11-23,Millbrook,OH,45530,(555) 477-7478,,English,PY01,PRV1129,71.6,266.5,HTN;OA,2010-04-08,
PT12355,06216626,Cynthia,Webb,F,1931-08-25,Granite Springs,OH,45750,(555) 336-7605,,Spanish,PY01,PRV1133,66.4,203.1,HTN,2022-11-18,
PT12356,06461635,Virginia,Barnes,F,1973-01-07,Bluestone,OH,45503,(555) 344-6268,virginia.barnes37@example.com,Spanish,PY05,PRV1140,63.9,108.0,,2008-07-28,
PT12357,08688544,Virginia,Bradley,F,1978-02-20,Fairhaven,OH,45620,(555) 444-7982,virginia.bradley16@example.com,English,PY06,,64.3,180.0,COPD,2021-07-14,
PT12358,04641817,Patricia,Moore,F,1964-04-06,Fairhaven,OH,45620,(555) 325-6116,patricia.moore56@example.com,English,PY04,PRV1135,63.3,109.2,,2013-05-28,
PT12359,04817985,Vincent,Moore,M,1964-01-29,Millbrook,OH,45530,(555) 672-4798,vincent.moore63@example.com,Spanish,PY01,,65.8,218.3,HTN;CANCER,2013-11-03,
PT12360,06860172,Charles,Chen,M,1962-07-31,Ashby Falls,OH,45610,(555) 391-4186,charles.chen89@example.com,English,PY05,PRV1126,67.6,254.3,DM,2024-03-25,
PT12361,03156722,Raymond,Hunter,M,1962-01-01,Riverbend,OH,45545,(555) 483-7975,,English,PY04,PRV1131,74.3,176.6,DM,2023-12-20,
PT12362,04515977,Frances,Ramirez,F,1968-08-18,Cedar Ridge,OH,45720,(555) 392-7925,,Spanish,PY03,PRV1128,65.4,246.1,COPD,2011-10-11,
PT12363,00956886,Ann,Carpenter,F,2016-04-23,Bluestone,OH,45501,(555) 919-4295,,English,PY04,PRV1107,42.7,64.3,,2023-12-24,
PT12364,09049462,Grace,Rogers,F,1977-07-24,Cedar Ridge,OH,45720,(555) 897-2740,,English,PY03,PRV1124,61.2,142.6,CANCER,2020-08-31,
PT12365,02488816,Rebecca,Tucker,F,1977-05-15,Bluestone,OH,45503,(555) 555-9353,,English,PY03,PRV1129,61.8,197.2,HTN;COPD,2024-06-01,
PT12366,09726625,Theresa,Ward,F,1996-10-25,Bluestone,OH,45502,(555) 576-9756,,English,PY06,PRV1137,64.7,215.5,,2022-10-08,
PT12367,07512366,Andrew,Simpson,M,1960-03-11,Bluestone,OH,45501,(555) 890-3557,,English,PY01,,60.5,134.3,,2022-02-18,
PT12368,04221985,Justin,Hayes,M,1992-12-10,Ashby Falls,OH,45610,(555) 597-4187,,English,PY05,PRV1139,67.6,162.2,PSYCH,2010-03-12,
PT12369,07144631,Bradley,Coleman,M,1981-05-24,Cedar Ridge,OH,45720,(555) 985-2605,bradley.coleman70@example.com,English,PY04,PRV1138,67.7,185.8,HTN;DM,2021-01-29,
PT12370,02071217,Shirley,Simpson,F,1948-03-29,Millbrook,OH,45530,(555) 895-5547,,English,PY02,PRV1127,64.3,213.0,HTN,2010-09-27,
PT12371,01157885,Benjamin,Cruz,M,1995-07-05,Bluestone,OH,45501,(555) 537-9421,,English,PY04,PRV1126,69.9,221.6,,2011-05-28,
PT12372,08802588,Julia,Medina,F,1967-11-16,Oak Glen,OH,45730,(555) 519-8856,julia.medina49@example.com,English,PY05,PRV1135,65.4,151.4,OA,2015-06-02,
PT12373,06265346,Dylan,McDonald,M,1951-07-19,Pine Hollow,OH,45640,(555) 418-6128,dylan.mcdonald51@example.com,English,PY01,PRV1131,68.9,206.7,HTN;DM,2011-11-30,
PT12374,00751898,Elijah,Elliott,M,1962-12-09,Millbrook,OH,45530,(555) 311-7503,elijah.elliott18@example.com,English,PY05,PRV1137,66.0,144.4,HTN;AFIB,2011-06-30,
PT12375,04048547,Christine,Tucker,F,2013-06-09,Ashby Falls,OH,45610,(555) 506-5756,,Spanish,PY05,,52.8,93.7,,2015-08-09,
PT12376,04419385,Samantha,Rice,F,1986-10-06,Bluestone,OH,45503,(555) 740-8462,samantha.rice99@example.com,English,PY04,PRV1133,58.5,169.4,,2020-01-16,
PT12377,01062675,Rebecca,Tran,F,1985-07-25,Oak Glen,OH,45730,(555) 939-1746,rebecca.tran54@example.com,Spanish,PY07,PRV1139,60.7,192.9,HTN;PSYCH,2020-10-17,
PT12378,09775125,Sara,Armstrong,F,2005-08-25,Bluestone,OH,45502,(555) 364-6652,sara.armstrong35@example.com,English,PY04,,62.7,150.3,,2023-09-15,
PT12379,02042565,Austin,Wright,M,1999-01-22,Millbrook,OH,45530,(555) 395-6745,,English,PY04,PRV1135,65.5,100.8,ASTHMA,2020-03-02,
PT12380,04329455,Jeffrey,Torres,M,1981-08-22,Riverbend,OH,45545,(555) 818-3359,jeffrey.torres92@example.com,English,PY04,,67.9,169.7,HTN,2020-12-03,
PT12381,00123195,Roger,Pierce,M,1981-01-13,Cedar Ridge,OH,45720,(555) 792-5542,roger.pierce45@example.com,English,PY04,,74.3,291.0,,2023-06-18,
PT12382,08236787,Michael,Aguilar,M,1984-04-18,Ashby Falls,OH,45610,(555) 936-7802,michael.aguilar87@example.com,English,PY03,PRV1138,68.2,219.5,,2024-09-24,
PT12383,01586916,John,Nelson,M,1985-07-16,Bluestone,OH,45501,(555) 254-9557,john.nelson42@example.com,English,PY04,PRV1130,71.6,178.6,,2014-11-14,
PT12384,00156353,Michael,Gonzalez,M,1979-06-01,Fairhaven,OH,45620,(555) 539-6607,michael.gonzalez80@example.com,English,PY04,PRV1134,72.2,259.1,PSYCH,2019-09-08,
PT12385,00866029,Sara,Scott,F,2014-09-03,Bluestone,OH,45501,(555) 977-4391,,English,PY05,PRV1104,47.6,60.4,ASTHMA,2024-05-12,
PT12386,00503299,Isabella,Kim,F,1971-04-18,Bluestone,OH,45501,(555) 924-4977,isabella.kim67@example.com,English,PY03,PRV1124,64.2,188.2,,2021-09-17,2025-07-15
PT12387,06409711,Thomas,Morales,M,1976-06-13,Oak Glen,OH,45730,(555) 840-7933,thomas.morales93@example.com,English,PY03,PRV1138,70.2,336.3,,2023-03-22,
PT12388,01889788,Daniel,Thompson,M,1984-01-12,Bluestone,OH,45502,(555) 365-3591,daniel.thompson88@example.com,English,PY01,PRV1134,70.1,183.4,,2019-08-09,
PT12389,07933400,Jose,Powell,M,1955-03-16,Bluestone,OH,45501,(555) 763-1113,,English,PY03,PRV1138,74.7,305.8,HF,2021-03-09,
PT12390,09815249,Rosa,Delgado,F,1961-05-09,Lakeview Heights,OH,45510,(555) 358-9189,rosa.delgado84@example.com,English,PY06,PRV1128,67.9,172.4,HTN;DM,2021-10-08,
PT12391,02551241,Juan,Powell,M,2023-12-08,Granite Springs,OH,45750,(555) 680-0500,,Spanish,PY03,PRV1106,25.8,15.9,,2024-01-16,
PT12392,08831291,Hassan,Perkins,M,1981-09-03,Cedar Ridge,OH,45720,(555) 651-4423,hassan.perkins47@example.com,English,PY04,,69.7,179.9,,2016-07-06,
PT12393,05842650,Brenda,Scott,F,2025-06-04,Lakeview Heights,OH,45510,(555) 535-3771,,English,PY03,PRV1106,20.4,8.0,,2025-07-20,
PT12394,00889017,Brenda,Garza,F,1954-01-25,Millbrook,OH,45530,(555) 628-7174,brenda.garza62@example.com,English,PY02,PRV1139,66.3,142.1,HTN,2019-06-03,
PT12395,07287004,Ava,Cruz,F,1980-10-06,Millbrook,OH,45530,(555) 532-0535,ava.cruz2@example.com,English,PY05,PRV1130,62.7,92.4,,2019-05-11,
PT12396,07843022,Shirley,Patterson,F,2014-07-08,Fairhaven,OH,45620,(555) 823-3256,,Vietnamese,PY03,PRV1104,46.9,66.4,,2015-02-28,
PT12397,03268677,Linh,Harris,F,2014-11-24,Lakeview Heights,OH,45510,(555) 260-5354,,English,PY03,PRV1104,50.2,75.8,,2023-08-27,
PT12398,03524468,Lucia,Hughes,F,1936-06-25,Bluestone,OH,45502,(555) 904-7965,,English,PY02,PRV1128,61.6,184.3,,2023-10-08,
PT12399,06400563,Alan,Bell,M,1957-12-26,Bluestone,OH,45501,(555) 492-1142,,English,PY02,PRV1138,64.6,121.9,HF;COPD;AFIB;OA,2023-10-21,
PT12400,09290605,Charles,James,M,1966-04-25,Ashby Falls,OH,45610,(555) 255-6644,,English,PY07,PRV1136,72.7,228.7,HTN;CANCER,2021-01-20,
PT12401,01121775,Judith,Sanchez,F,1948-10-24,Ashby Falls,OH,45610,(555) 744-4319,judith.sanchez27@example.com,English,PY02,,68.4,261.8,DM;AFIB;OA,2010-04-13,
PT12402,05253515,Rebecca,Soto,F,1991-04-26,Bluestone,OH,45502,(555) 793-4841,,Somali,PY05,PRV1126,61.0,117.9,,2020-08-26,
PT12403,02793426,Sandra,Williams,F,1997-07-07,Bluestone,OH,45501,(555) 327-2243,sandra.williams96@example.com,English,PY03,PRV1125,63.0,200.9,ETOH,2014-12-22,
PT12404,03884891,Lucia,Allen,F,1962-07-12,Bluestone,OH,45501,(555) 302-5026,lucia.allen29@example.com,English,PY05,,64.8,188.4,,2023-11-18,
PT12405,09773523,Michael,Parker,M,1985-09-17,Pine Hollow,OH,45640,(555) 377-5846,,English,PY05,PRV1130,74.6,219.7,HTN;DM;PSYCH,2016-05-18,
PT12406,09610433,Russell,Williams,M,1990-06-28,Bluestone,OH,45501,(555) 283-1902,,English,PY04,PRV1135,66.8,185.5,,2015-07-08,
PT12407,03200951,Joshua,Munoz,M,1983-08-26,Bluestone,OH,45501,(555) 565-4755,joshua.munoz31@example.com,English,PY05,PRV1127,64.9,136.5,HTN,2009-02-02,
PT12408,01763315,Ahmed,Adams,M,1990-10-10,Fairhaven,OH,45620,(555) 954-5576,ahmed.adams46@example.com,English,PY03,PRV1136,66.7,148.3,,2015-02-28,
PT12409,05892581,Julia,Rodriguez,F,2002-10-18,Lakeview Heights,OH,45510,(555) 820-5156,julia.rodriguez20@example.com,English,PY04,PRV1127,63.4,151.4,,2008-01-23,
PT12410,02981360,Jesse,Sanders,M,1964-10-09,Cedar Ridge,OH,45720,(555) 670-0240,,English,PY05,PRV1134,70.9,244.9,HTN;ETOH;OA,2023-09-12,
PT12411,02578924,Joseph,Arnold,M,1993-12-03,Fairhaven,OH,45620,(555) 866-2622,joseph.arnold27@example.com,Somali,PY05,PRV1131,71.5,182.0,ETOH,2022-05-27,
PT12412,01716642,Bobby,Adams,M,1963-04-01,Cedar Ridge,OH,45720,(555) 560-2543,bobby.adams95@example.com,English,PY03,,71.4,225.7,,2009-10-22,
PT12413,03610350,Lucia,Martin,F,2003-03-05,Bluestone,OH,45501,(555) 840-5748,lucia.martin24@example.com,English,PY03,PRV1138,63.7,193.5,,2023-01-30,
PT12414,06081608,Luis,Campbell,M,1978-04-25,Bluestone,OH,45501,(555) 736-4151,luis.campbell36@example.com,English,PY03,PRV1132,70.2,247.5,HTN,2021-05-13,
PT12415,00543944,Patrick,Davis,M,1980-04-13,Bluestone,OH,45502,(555) 749-2271,patrick.davis59@example.com,English,PY06,,69.5,158.3,,2024-04-13,
PT12416,08214232,Brenda,Ruiz,F,2019-11-10,Millbrook,OH,45530,(555) 439-7302,,English,PY06,PRV1107,34.3,40.9,,2022-10-11,
PT12417,00527567,Lisa,Morris,F,1929-11-28,Bluestone,OH,45501,(555) 657-5074,lisa.morris97@example.com,Spanish,PY02,PRV1126,63.5,242.0,HTN,2008-10-16,
PT12418,08369632,Madison,Ellis,F,2010-12-26,Bluestone,OH,45503,(555) 855-4171,,English,PY06,PRV1106,65.7,157.0,PSYCH,2011-06-05,
PT12419,06168398,Donna,Flores,F,1974-03-17,Riverbend,OH,45545,(555) 244-8557,donna.flores65@example.com,English,PY05,PRV1139,59.4,137.7,ETOH,2018-01-21,
PT12420,06710054,Karen,Contreras,F,1972-04-16,Cedar Ridge,OH,45720,(555) 351-7283,karen.contreras36@example.com,Spanish,PY05,PRV1125,64.5,201.5,HTN,2021-05-09,
PT12421,02419561,Theresa,Simpson,F,1977-08-29,Oak Glen,OH,45730,(555) 240-8107,theresa.simpson70@example.com,English,PY06,PRV1129,64.9,156.7,HTN,2014-05-25,
PT12422,05851672,Eric,Brown,M,1976-12-22,Ashby Falls,OH,45610,(555) 278-4070,eric.brown33@example.com,English,PY03,PRV1133,74.1,193.0,HTN,2023-09-23,
PT12423,09752277,Patrick,Ray,M,1946-11-27,Fairhaven,OH,45620,(555) 818-7896,patrick.ray35@example.com,English,PY01,PRV1124,67.6,206.2,HTN,2012-09-24,
PT12424,07930220,Laura,Osei,F,2022-08-03,Millbrook,OH,45530,(555) 841-5209,,English,PY07,PRV1104,29.8,23.7,,2022-11-29,
PT12425,02917784,Paul,Duncan,M,2007-10-04,Bluestone,OH,45502,(555) 413-0476,paul.duncan94@example.com,English,PY04,PRV1138,61.7,164.3,PSYCH,2024-07-28,
PT12426,06080347,Maria,O'Brien,F,1957-07-24,Granite Springs,OH,45750,(555) 356-9033,maria.obrien99@example.com,English,PY01,PRV1130,65.7,193.8,HTN,2017-04-16,
PT12427,00267892,Paul,Crawford,M,1957-11-15,Bluestone,OH,45503,(555) 626-9014,paul.crawford94@example.com,English,PY01,,67.3,220.3,HTN,2018-11-05,
PT12428,09612862,Cheryl,Turner,F,2001-11-29,Pine Hollow,OH,45640,(555) 206-4692,cheryl.turner16@example.com,English,PY06,PRV1136,61.7,232.7,,2020-01-18,
PT12429,02966013,Timothy,Adams,M,1960-05-26,Bluestone,OH,45501,(555) 220-2205,timothy.adams17@example.com,English,PY01,PRV1124,65.9,168.8,HTN;DM;PSYCH,2014-05-21,
PT12430,07349515,Kimberly,Castro,F,1948-01-11,Pine Hollow,OH,45640,(555) 662-8018,,English,PY02,PRV1135,65.8,131.8,HTN;DM,2017-01-26,
PT12431,04161061,Ana,Haddad,F,1972-06-24,Bluestone,OH,45503,(555) 366-0487,ana.haddad55@example.com,English,PY06,PRV1128,64.1,207.3,,2024-02-24,2024-09-05
PT12432,07421524,Deborah,Wallace,F,1998-03-14,Bluestone,OH,45503,(555) 948-8535,deborah.wallace35@example.com,English,PY03,PRV1128,64.4,141.9,ASTHMA,2014-04-04,
PT12433,06540016,Leila,Hoffman,F,1949-01-17,Bluestone,OH,45501,(555) 701-2040,,English,PY02,PRV1135,64.5,203.8,,2022-10-20,
PT12434,04024968,Nancy,Price,F,1953-07-04,Millbrook,OH,45530,(555) 690-6034,,Somali,PY01,PRV1129,64.7,188.5,HTN,2024-06-07,
PT12435,03612527,Amina,Payne,F,1946-04-01,Oak Glen,OH,45730,(555) 224-1948,,English,PY01,PRV1133,63.2,171.6,HTN,2010-02-23,
PT12436,03544206,Carolyn,Salazar,F,1955-04-15,Bluestone,OH,45501,(555) 207-6868,carolyn.salazar3@example.com,English,PY01,PRV1136,64.6,209.9,HTN;CKD,2017-07-18,
PT12437,03531946,Brian,Duncan,M,1964-12-15,Bluestone,OH,45501,(555) 319-0716,brian.duncan6@example.com,English,PY07,PRV1129,69.5,201.1,DM;AFIB,2020-02-26,
PT12438,08522076,Anthony,Palmer,M,1960-04-21,Millbrook,OH,45530,(555) 740-0818,anthony.palmer10@example.com,English,PY02,PRV1134,68.5,285.9,,2010-06-26,
PT12439,01409834,Ahmed,Baker,M,2006-02-03,Bluestone,OH,45501,(555) 983-3973,ahmed.baker79@example.com,English,PY06,PRV1128,67.1,105.6,,2020-05-28,
PT12440,00235725,Ana,Cox,F,1956-12-05,Ashby Falls,OH,45610,(555) 311-9315,ana.cox19@example.com,Spanish,PY01,PRV1135,64.2,153.8,,2023-02-15,
PT12441,00634733,Jonathan,Mendez,M,1965-04-13,Fairhaven,OH,45620,(555) 274-3072,jonathan.mendez21@example.com,English,PY07,PRV1130,69.1,193.7,AFIB,2022-03-22,
PT12442,04284564,Alexis,Olson,F,1968-08-01,Bluestone,OH,45502,(555) 417-9718,alexis.olson35@example.com,English,PY04,PRV1130,61.8,229.4,HTN;COPD,2010-04-01,
PT12443,04689447,Ahmed,Barnes,M,1994-08-03,Bluestone,OH,45502,(555) 501-1151,,English,PY03,PRV1124,71.7,215.9,ASTHMA,2024-07-31,
PT12444,02595954,Susan,Alvarez,F,1982-01-05,Cedar Ridge,OH,45720,(555) 312-8370,susan.alvarez62@example.com,Spanish,PY04,PRV1127,57.8,105.4,HTN;ASTHMA,2010-08-22,
PT12445,04119197,Frances,Hunter,F,1931-05-20,Bluestone,OH,45501,(555) 223-6780,frances.hunter74@example.com,English,PY01,,63.0,218.9,HTN;DM,2023-10-01,
PT12446,08473965,Keith,Ramirez,M,2015-02-20,Granite Springs,OH,45750,(555) 292-0453,,English,PY03,PRV1108,47.0,69.6,,2018-06-11,
PT12447,01349770,Beverly,White,F,1932-06-13,Bluestone,OH,45502,(555) 479-6588,beverly.white18@example.com,English,PY01,PRV1140,66.4,255.0,HTN,2016-11-15,
PT12448,00346034,Karen,Kim,F,1951-02-15,Lakeview Heights,OH,45510,(555) 769-0741,karen.kim66@example.com,English,PY01,PRV1137,62.4,152.6,HTN,2022-01-08,2024-05-15
PT12449,00802082,Donald,Gutierrez,M,1970-05-11,Cedar Ridge,OH,45720,(555) 759-4750,,English,PY04,PRV1138,62.5,199.7,,2013-06-17,
PT12450,04109513,Andrea,Jenkins,F,1962-06-02,Bluestone,OH,45503,(555) 654-2107,andrea.jenkins23@example.com,English,PY06,PRV1127,63.9,158.7,,2016-06-04,
PT12451,06664183,Jose,Richardson,M,1986-12-03,Millbrook,OH,45530,(555) 271-7661,jose.richardson32@example.com,English,PY06,PRV1135,76.6,172.6,,2023-09-11,
PT12452,01990600,Kathleen,Foster,F,2002-06-11,Bluestone,OH,45503,(555) 567-8722,,English,PY03,PRV1137,63.7,203.2,ASTHMA,2024-01-22,
PT12453,05592029,Gabriel,Wells,M,1987-06-17,Cedar Ridge,OH,45720,(555) 337-4521,,English,PY06,PRV1131,64.8,141.1,,2023-10-27,
PT12454,04863871,Carlos,Boyd,M,1956-12-21,Cedar Ridge,OH,45720,(555) 744-4115,carlos.boyd33@example.com,English,PY02,PRV1135,73.3,148.1,,2019-01-19,
PT12455,00760150,Charles,Kelly,M,1946-05-06,Lakeview Heights,OH,45510,(555) 219-4221,charles.kelly1@example.com,English,PY01,PRV1132,64.9,258.4,HF;CANCER;ETOH,2024-02-26,
PT12456,03428931,Wei,Salazar,M,1988-11-03,Oak Glen,OH,45730,(555) 404-2480,wei.salazar24@example.com,English,PY04,PRV1134,69.4,205.5,ASTHMA;PSYCH,2020-09-13,
PT12457,03221358,Joan,Kim,F,1994-06-28,Bluestone,OH,45503,(555) 466-6524,joan.kim9@example.com,English,PY03,PRV1132,62.4,184.6,PSYCH,2014-05-28,
PT12458,01547286,Charles,Carroll,M,1974-10-11,Riverbend,OH,45545,(555) 493-1102,charles.carroll82@example.com,English,PY07,PRV1124,66.0,245.4,HTN,2021-06-10,
PT12459,02201011,Megan,Gutierrez,F,1957-05-01,Pine Hollow,OH,45640,(555) 308-6933,,English,PY02,PRV1133,64.9,145.9,COPD,2022-07-01,
PT12460,00189756,Christine,Meyer,F,1971-11-05,Bluestone,OH,45501,(555) 823-6456,christine.meyer65@example.com,English,PY04,PRV1130,63.7,177.5,DM,2013-09-15,
PT12461,09909985,Bobby,Hoffman,M,1948-10-13,Cedar Ridge,OH,45720,(555) 407-8325,,English,PY02,PRV1133,73.3,207.3,,2014-06-18,
PT12462,04117431,Henry,Vargas,M,1981-08-28,Lakeview Heights,OH,45510,(555) 276-8544,henry.vargas93@example.com,English,PY05,PRV1140,70.2,263.9,DM;ASTHMA,2011-09-26,
PT12463,07852793,Lauren,Webb,F,2013-01-07,Granite Springs,OH,45750,(555) 945-7211,,English,PY05,,51.4,85.6,,2023-12-10,
PT12464,00906419,Willie,Hicks,M,1980-01-14,Oak Glen,OH,45730,(555) 896-8016,willie.hicks72@example.com,English,PY07,PRV1125,64.9,134.3,HTN;ASTHMA;ETOH,2018-09-28,
PT12465,01189224,Charles,Lopez,M,2023-06-21,Lakeview Heights,OH,45510,(555) 875-4954,,English,PY03,PRV1105,27.2,14.9,,2023-11-08,
PT12466,08306906,Donald,Novak,M,2015-02-02,Cedar Ridge,OH,45720,(555) 660-1882,,English,PY04,PRV1107,45.1,41.7,ASTHMA,2016-02-22,
PT12467,00388523,Nicholas,Hunter,M,1957-06-11,Millbrook,OH,45530,(555) 717-7107,nicholas.hunter27@example.com,English,PY04,PRV1130,66.3,124.1,HTN;DM;CANCER;OA,2021-12-18,2025-01-25
PT12468,01772920,Ann,Foster,F,1960-04-17,Bluestone,OH,45501,(555) 685-8806,,English,PY01,PRV1133,67.0,232.0,PSYCH,2017-02-14,
PT12469,02232941,Evelyn,Fernandez,F,1959-02-26,Granite Springs,OH,45750,(555) 216-5571,evelyn.fernandez40@example.com,English,PY01,,64.2,153.3,HTN;DM,2024-04-26,
PT12470,07156071,Rosa,Evans,F,2007-07-13,Bluestone,OH,45502,(555) 610-0771,rosa.evans82@example.com,English,PY04,PRV1131,67.5,269.1,PSYCH,2008-11-10,
PT12471,00712674,Ana,Black,F,1973-05-03,Lakeview Heights,OH,45510,(555) 467-4644,ana.black53@example.com,English,PY07,PRV1129,66.1,165.2,,2021-09-05,
PT12472,02501931,James,Peters,M,1937-09-08,Millbrook,OH,45530,(555) 391-1583,,Spanish,PY01,PRV1138,71.3,232.6,HF;AFIB,2016-11-07,
PT12473,02513226,Madison,Riley,F,1984-08-25,Bluestone,OH,45503,(555) 479-1350,,English,PY03,PRV1131,62.1,192.1,HTN,2022-05-16,
PT12474,04727169,Janice,Munoz,F,1995-01-11,Bluestone,OH,45502,(555) 544-5096,janice.munoz51@example.com,English,PY06,PRV1126,65.3,168.5,,2011-06-14,
PT12475,07166359,Samuel,Olson,M,1985-12-09,Bluestone,OH,45502,(555) 226-6275,samuel.olson38@example.com,English,PY03,PRV1129,67.2,189.6,,2017-10-30,
PT12476,09449671,Debra,Gomez,F,1988-04-08,Bluestone,OH,45501,(555) 636-5358,debra.gomez88@example.com,English,PY06,PRV1130,60.8,125.6,,2008-12-22,
PT12477,00787910,Marilyn,Salazar,F,2003-09-27,Pine Hollow,OH,45640,(555) 371-7603,,English,PY03,PRV1131,65.6,153.6,ETOH,2009-09-17,
PT12478,06687458,Abigail,Butler,F,1944-07-31,Cedar Ridge,OH,45720,(555) 213-4956,abigail.butler77@example.com,English,PY01,PRV1135,63.4,114.8,HTN;AFIB;PSYCH,2022-02-02,
PT12479,06984448,Carlos,Bennett,M,1978-03-24,Bluestone,OH,45501,(555) 959-5445,,English,PY06,PRV1126,68.6,159.2,,2020-07-17,
PT12480,05611027,Nicole,Fernandez,F,2001-06-28,Lakeview Heights,OH,45510,(555) 464-2516,nicole.fernandez74@example.com,English,PY03,PRV1137,68.0,215.5,,2013-08-18,
PT12481,06702521,Wayne,Rivera,M,1969-06-25,Bluestone,OH,45501,(555) 654-6485,wayne.rivera89@example.com,English,PY04,PRV1135,69.0,229.6,PSYCH,2024-01-10,
PT12482,02778644,James,White,M,1973-12-14,Bluestone,OH,45503,(555) 881-8522,james.white42@example.com,English,PY04,PRV1137,72.1,280.2,OA,2015-11-10,
PT12483,06048168,Samuel,Holmes,M,1980-12-17,Bluestone,OH,45502,(555) 328-4327,,English,PY04,PRV1139,70.4,208.3,HTN;ASTHMA,2023-06-05,
PT12484,03811801,Bradley,Bennett,M,1957-11-16,Bluestone,OH,45503,(555) 763-0076,bradley.bennett78@example.com,English,PY01,PRV1129,72.5,232.4,HTN;DM;AFIB;ASTHMA;PSYCH,2010-10-24,
PT12485,02744222,Sharon,Yilmaz,F,1983-04-18,Cedar Ridge,OH,45720,(555) 276-3930,sharon.yilmaz9@example.com,English,PY01,PRV1131,65.8,170.5,HTN;ETOH,2015-06-14,
PT12486,00882726,James,Bradley,M,1964-03-30,Ashby Falls,OH,45610,(555) 827-2678,,Mandarin,PY05,PRV1124,72.9,148.1,HTN,2011-10-26,2025-07-18
PT12487,00462254,Ahmed,Howard,M,1938-08-06,Ashby Falls,OH,45610,(555) 815-6462,ahmed.howard71@example.com,English,PY01,PRV1135,71.2,246.6,DM;AFIB,2016-06-28,
PT12488,03496643,Fatima,Moreno,F,1986-12-10,Bluestone,OH,45501,(555) 655-8536,fatima.moreno78@example.com,English,PY06,PRV1126,62.7,163.7,,2010-11-11,
PT12489,06758149,Edward,Owens,M,1998-05-01,Bluestone,OH,45503,(555) 441-4480,edward.owens86@example.com,English,PY03,PRV1137,72.1,227.9,,2023-10-21,
PT12490,06778560,Olivia,Ramirez,F,1973-08-10,Bluestone,OH,45503,(555) 481-8523,olivia.ramirez39@example.com,English,PY06,PRV1130,62.5,139.1,COPD;CKD,2016-09-21,2025-03-30
PT12491,00101876,Isabella,Simpson,F,2018-08-16,Ashby Falls,OH,45610,(555) 966-7314,,English,PY07,,38.0,38.1,,2020-10-30,
PT12492,01510440,Alexander,Baker,M,1980-11-21,Bluestone,OH,45503,(555) 473-6009,,English,PY06,PRV1140,70.7,221.3,,2018-04-15,
PT12493,03224657,Helen,West,F,1956-07-02,Bluestone,OH,45501,(555) 673-1138,helen.west5@example.com,English,PY02,,67.9,204.8,DM,2022-01-22,
PT12494,03845327,Arthur,Hernandez,M,1949-10-24,Cedar Ridge,OH,45720,(555) 638-9251,arthur.hernandez26@example.com,English,PY03,PRV1140,68.5,196.3,DM;COPD,2021-06-02,
PT12495,03142668,Carol,Martinez,F,1978-10-22,Bluestone,OH,45502,(555) 746-4276,carol.martinez56@example.com,English,PY06,PRV1133,64.4,163.3,,2012-10-20,
PT12496,02314384,Denise,Patterson,F,2002-02-10,Bluestone,OH,45503,(555) 737-8197,denise.patterson56@example.com,English,PY04,PRV1140,62.2,123.4,,2015-09-07,
PT12497,07264820,Liam,Hunt,M,1957-02-21,Bluestone,OH,45501,(555) 229-5367,,Arabic,PY01,PRV1127,69.2,125.9,,2019-06-05,
PT12498,03871197,Ronald,Price,M,1974-01-17,Oak Glen,OH,45730,(555) 616-3934,,English,PY03,PRV1127,69.8,224.8,ETOH,2022-01-06,
PT12499,01912923,Ralph,Allen,M,1944-08-24,Bluestone,OH,45502,(555) 358-2085,ralph.allen27@example.com,English,PY02,PRV1128,68.0,138.7,PSYCH,2022-11-04,
PT12500,01087681,Lucia,Shaw,F,1977-12-22,Bluestone,OH,45502,(555) 700-3473,lucia.shaw27@example.com,English,PY06,PRV1128,66.3,224.1,,2022-03-11,
PT12501,06666991,Janet,Shaw,F,1976-02-01,Bluestone,OH,45502,(555) 914-2471,,English,PY03,PRV1135,61.9,131.0,,2022-06-15,
PT12502,08140971,Alice,Barnes,F,1956-10-24,Ashby Falls,OH,45610,(555) 880-3261,alice.barnes62@example.com,English,PY01,PRV1126,63.1,207.7,CKD,2010-03-19,
PT12503,06471811,Abigail,Kelley,F,1969-04-11,Granite Springs,OH,45750,(555) 229-8522,abigail.kelley44@example.com,English,PY04,PRV1127,70.2,199.5,HTN,2008-04-05,
PT12504,05688207,Deborah,Myers,F,1929-05-02,Bluestone,OH,45502,(555) 375-3618,deborah.myers57@example.com,English,PY01,PRV1135,66.7,197.2,HTN;DM,2010-04-30,
PT12505,04179510,Rebecca,Clark,F,1999-06-12,Ashby Falls,OH,45610,(555) 384-6961,,English,PY04,PRV1130,64.7,211.5,,2012-05-26,
PT12506,04862077,Jack,Mendez,M,1967-05-11,Cedar Ridge,OH,45720,(555) 850-2515,jack.mendez7@example.com,English,PY06,PRV1134,72.4,208.3,,2023-06-15,
PT12507,04434111,John,Patterson,M,1972-06-10,Bluestone,OH,45501,(555) 503-9397,john.patterson44@example.com,English,PY04,PRV1135,66.8,245.1,,2010-10-18,
PT12508,00640025,Hannah,Gonzalez,F,1973-02-18,Cedar Ridge,OH,45720,(555) 860-4164,hannah.gonzalez89@example.com,English,PY04,PRV1136,69.8,158.5,,2012-08-03,
PT12509,06955244,Maria,Castro,F,1979-01-12,Granite Springs,OH,45750,(555) 781-3409,maria.castro28@example.com,English,PY01,PRV1139,62.6,104.4,COPD,2024-03-26,
PT12510,04411129,Ronald,Peterson,M,2005-11-23,Bluestone,OH,45502,(555) 960-1630,ronald.peterson24@example.com,English,PY05,PRV1130,59.5,89.8,,2014-12-28,
PT12511,09352375,Donald,Fernandez,M,1954-10-27,Bluestone,OH,45501,(555) 943-1618,donald.fernandez86@example.com,English,PY02,PRV1127,72.6,268.4,HTN;OA,2020-07-04,
PT12512,03179799,Andrew,Sullivan,M,1997-06-09,Bluestone,OH,45501,(555) 652-1437,andrew.sullivan53@example.com,English,PY04,PRV1140,67.2,140.9,,2010-07-30,
PT12513,06950724,Alan,Holmes,M,1951-12-28,Cedar Ridge,OH,45720,(555) 896-1735,,Mandarin,PY02,PRV1128,67.9,211.9,CKD,2010-10-05,
PT12514,00800061,Natalie,Rodriguez,F,2022-08-22,Riverbend,OH,45545,(555) 828-3586,,English,PY03,PRV1106,25.7,18.7,,2023-04-12,
PT12515,06342646,Dorothy,Hicks,F,2020-07-13,Pine Hollow,OH,45640,(555) 357-9537,,English,PY05,PRV1108,32.4,23.1,,2023-05-03,
PT12516,07200025,Zachary,Sanchez,M,1974-08-30,Bluestone,OH,45502,(555) 389-1325,zachary.sanchez31@example.com,English,PY07,PRV1137,70.4,116.2,,2023-07-10,
PT12517,03712482,Evelyn,Watson,F,1932-05-06,Bluestone,OH,45501,(555) 805-1581,evelyn.watson44@example.com,English,PY02,PRV1128,63.8,195.2,HTN,2023-05-15,
PT12518,07038690,Bryan,West,M,1930-06-16,Oak Glen,OH,45730,(555) 322-8869,bryan.west36@example.com,English,PY01,PRV1130,72.8,188.9,HTN;CANCER,2022-06-03,
PT12519,04832054,Benjamin,Mills,M,1965-01-05,Granite Springs,OH,45750,(555) 215-8307,benjamin.mills73@example.com,English,PY07,PRV1133,67.6,182.8,CKD,2008-10-11,
PT12520,03414533,Alexander,Mendez,M,1979-03-11,Lakeview Heights,OH,45510,(555) 357-2704,alexander.mendez36@example.com,English,PY04,PRV1130,71.3,284.5,,2015-11-27,
PT12521,00791197,Jordan,Graham,M,1989-10-31,Bluestone,OH,45502,(555) 859-4477,jordan.graham51@example.com,English,PY06,PRV1135,75.3,180.1,,2015-10-18,
PT12522,07201800,Victoria,Webb,F,1979-04-27,Pine Hollow,OH,45640,(555) 691-3058,victoria.webb11@example.com,English,PY07,PRV1139,63.9,143.4,,2009-02-03,
PT12523,09325124,Scott,Guzman,M,1952-06-26,Bluestone,OH,45503,(555) 390-7920,,English,PY03,PRV1125,64.7,150.0,DM,2010-01-26,
PT12524,01674295,Gregory,Martin,M,1956-03-07,Bluestone,OH,45502,(555) 795-0509,,English,PY01,PRV1130,67.3,235.0,HTN;DM,2023-11-30,
PT12525,00853036,Helen,Woods,F,2010-11-28,Bluestone,OH,45501,(555) 269-7152,,English,PY03,PRV1108,61.8,128.4,,2023-09-14,
PT12526,06792129,Joseph,Pena,M,1928-09-27,Bluestone,OH,45502,(555) 855-5530,joseph.pena57@example.com,English,PY02,PRV1134,71.5,165.0,HTN;DM;CANCER,2019-02-22,
PT12527,08810933,Frances,Gibson,F,2003-01-07,Bluestone,OH,45501,(555) 408-8095,,English,PY07,PRV1134,62.0,160.0,,2023-07-04,
PT12528,01067300,Michelle,Peterson,F,1963-03-22,Bluestone,OH,45503,(555) 604-2356,michelle.peterson88@example.com,English,PY07,PRV1130,67.8,193.6,,2009-01-20,
PT12529,00659801,Roger,Aguilar,M,1964-11-17,Ashby Falls,OH,45610,(555) 473-5760,,English,PY04,PRV1135,71.5,196.7,HTN,2012-04-08,
PT12530,06742283,Megan,Palmer,F,1984-01-28,Bluestone,OH,45502,(555) 853-0561,,English,PY06,,64.7,168.1,HTN,2013-09-04,
PT12531,05241171,Barbara,Moreno,F,1964-07-10,Bluestone,OH,45501,(555) 518-0532,,English,PY04,PRV1133,60.0,114.5,HTN;DM,2021-02-12,
PT12532,09909092,Wayne,Kennedy,M,1964-09-13,Bluestone,OH,45502,(555) 383-0499,wayne.kennedy54@example.com,English,PY04,PRV1140,67.2,211.6,HTN;AFIB;ASTHMA;PSYCH;OA,2023-08-16,
PT12533,09017579,Carlos,Kennedy,M,1964-09-17,Ashby Falls,OH,45610,(555) 228-2339,carlos.kennedy18@example.com,English,PY03,PRV1133,67.0,188.8,HTN;DM,2020-07-03,
PT12534,05978750,Minh,Rodriguez,M,1971-09-11,Cedar Ridge,OH,45720,(555) 213-3972,minh.rodriguez33@example.com,English,PY01,PRV1133,67.4,109.4,,2009-09-12,
PT12535,04216541,Bobby,King,M,1971-08-06,Lakeview Heights,OH,45510,(555) 942-6316,,English,PY06,,69.8,213.6,HTN;DM;COPD,2015-09-30,
PT12536,07984055,Jean,Wilson,F,1994-05-08,Bluestone,OH,45503,(555) 669-7425,jean.wilson75@example.com,English,PY06,PRV1134,64.7,144.0,,2010-07-22,
PT12537,06037822,Benjamin,Rogers,M,1948-10-01,Bluestone,OH,45502,(555) 867-0018,benjamin.rogers33@example.com,English,PY01,PRV1126,75.7,235.3,DM,2020-09-07,
PT12538,03238952,Rebecca,Hunter,F,1978-03-21,Bluestone,OH,45501,(555) 361-6551,rebecca.hunter96@example.com,English,PY05,PRV1129,60.3,105.8,DM,2023-08-17,
PT12539,09291678,Theresa,Schmidt,F,1979-06-20,Bluestone,OH,45503,(555) 757-4483,theresa.schmidt84@example.com,English,PY05,PRV1124,65.7,182.1,,2020-01-17,
PT12540,03272989,Logan,Pena,M,1989-02-01,Ashby Falls,OH,45610,(555) 448-6519,,English,PY05,PRV1128,72.0,251.0,,2011-05-30,
PT12541,01788402,Mark,Santos,M,1950-10-21,Bluestone,OH,45503,(555) 320-0409,mark.santos30@example.com,English,PY02,PRV1126,68.2,217.4,HF,2017-12-10,
PT12542,06718667,Janice,Soto,F,1953-04-20,Oak Glen,OH,45730,(555) 657-9334,janice.soto59@example.com,English,PY01,PRV1131,63.3,145.2,HTN;OA,2012-10-05,
PT12543,04928578,Andrea,Daniels,F,1949-05-05,Bluestone,OH,45501,(555) 848-8417,,English,PY02,PRV1130,66.4,171.9,,2024-01-08,
PT12544,04335618,Olivia,Gomez,F,1977-02-20,Granite Springs,OH,45750,(555) 585-7835,olivia.gomez88@example.com,English,PY03,PRV1131,66.0,217.5,HTN;PSYCH,2019-03-23,
PT12545,01892705,Sarah,Crawford,F,2016-01-25,Bluestone,OH,45501,(555) 413-0827,,English,PY05,PRV1106,43.3,54.1,,2018-04-26,
PT12546,08843718,Jordan,Reynolds,M,1977-08-10,Bluestone,OH,45502,(555) 944-3717,jordan.reynolds91@example.com,English,PY04,PRV1132,68.9,161.6,,2021-08-16,
PT12547,04166627,Ronald,Arnold,M,1935-09-22,Bluestone,OH,45502,(555) 419-4190,ronald.arnold48@example.com,English,PY04,PRV1140,69.3,292.8,CANCER,2011-12-02,
PT12548,05857894,Henry,Gordon,M,1957-01-03,Millbrook,OH,45530,(555) 686-9343,henry.gordon42@example.com,English,PY02,PRV1130,68.4,149.3,HTN;HF,2013-09-12,
PT12549,04875752,Roy,Adams,M,1950-11-15,Bluestone,OH,45502,(555) 622-5864,,English,PY01,PRV1128,66.2,182.1,COPD;PSYCH,2014-09-24,
PT12550,03422069,Debra,Rose,F,2014-03-01,Cedar Ridge,OH,45720,(555) 563-8083,,English,PY03,,48.4,60.2,,2022-10-14,
PT12551,05001861,Cynthia,Woods,F,1932-01-12,Ashby Falls,OH,45610,(555) 245-5643,cynthia.woods91@example.com,English,PY01,PRV1131,61.3,138.6,HTN;AFIB,2010-03-09,
PT12552,04736523,Jean,Ellis,F,1970-09-14,Bluestone,OH,45502,(555) 401-2840,,English,PY06,PRV1139,65.8,180.9,HF,2017-10-03,
PT12553,02870923,Maria,Olson,F,1965-04-17,Bluestone,OH,45501,(555) 750-8258,,English,PY05,PRV1126,63.6,141.4,CKD;OA,2024-02-13,
PT12554,01463590,Diane,McDonald,F,1956-12-22,Oak Glen,OH,45730,(555) 661-1438,,English,PY01,PRV1137,66.6,188.9,DM,2023-11-29,
PT12555,04455008,Tyler,Carter,M,1983-09-01,Bluestone,OH,45501,(555) 836-2419,tyler.carter16@example.com,English,PY06,PRV1125,69.8,162.8,,2024-03-20,
PT12556,06384462,Ethan,Elliott,M,1965-11-09,Lakeview Heights,OH,45510,(555) 895-8156,ethan.elliott15@example.com,English,PY03,PRV1126,68.7,219.3,,2023-02-01,
PT12557,07149497,Gary,Soto,M,1972-05-14,Oak Glen,OH,45730,(555) 734-1504,gary.soto75@example.com,English,PY03,PRV1130,68.4,218.1,HTN,2022-08-30,
PT12558,09431161,Diane,Watson,F,1958-04-26,Bluestone,OH,45502,(555) 419-4388,diane.watson49@example.com,English,PY02,PRV1132,70.2,194.8,HTN,2013-12-01,
PT12559,02104480,Jack,Ortiz,M,1943-04-20,Bluestone,OH,45501,(555) 395-8793,jack.ortiz27@example.com,English,PY01,PRV1125,70.4,156.6,HTN;HF;COPD,2011-02-07,
PT12560,04004043,Victoria,Okafor,F,1995-10-23,Ashby Falls,OH,45610,(555) 414-7639,victoria.okafor15@example.com,English,PY05,PRV1127,67.1,211.9,,2015-03-28,
PT12561,09845344,Thomas,Henry,M,1969-07-28,Pine Hollow,OH,45640,(555) 228-5630,,English,PY04,PRV1134,67.8,205.8,DM,2018-06-15,
PT12562,06955703,Andrea,Holmes,F,1967-09-09,Bluestone,OH,45502,(555) 655-1496,andrea.holmes87@example.com,English,PY04,PRV1138,67.7,186.0,,2020-05-24,
PT12563,01916586,Jerry,Carroll,M,1985-11-21,Bluestone,OH,45502,(555) 357-3564,,English,PY05,PRV1127,69.6,176.6,HTN,2009-09-24,
PT12564,00406209,Nicole,Walker,F,1992-07-16,Ashby Falls,OH,45610,(555) 248-6765,nicole.walker49@example.com,English,PY06,PRV1130,70.6,187.4,,2011-05-12,
PT12565,05193602,Amanda,Mills,F,1966-08-01,Granite Springs,OH,45750,(555) 776-8332,amanda.mills3@example.com,English,PY05,PRV1138,64.5,116.3,,2010-12-07,
PT12566,05433632,Diego,Soto,M,1978-05-12,Bluestone,OH,45501,(555) 864-5221,diego.soto17@example.com,English,PY04,PRV1134,68.8,156.8,DM;ASTHMA,2017-06-11,
PT12567,00487449,Logan,Fisher,M,2011-04-14,Ashby Falls,OH,45610,(555) 641-3439,,English,PY05,PRV1106,62.4,121.2,,2018-10-12,
PT12568,08382454,David,Chen,M,2005-01-24,Oak Glen,OH,45730,(555) 906-5698,david.chen18@example.com,English,PY03,PRV1130,69.1,117.9,,2020-12-30,
PT12569,09511406,Carl,Hamilton,M,1939-01-17,Pine Hollow,OH,45640,(555) 685-0194,,English,PY01,PRV1135,69.3,173.1,HTN,2013-11-11,
PT12570,02863115,Ralph,Jimenez,M,1950-10-10,Riverbend,OH,45545,(555) 286-5100,ralph.jimenez18@example.com,English,PY02,PRV1125,65.5,210.2,HTN;AFIB,2009-06-16,
PT12571,00008004,Karen,Ellis,F,1976-01-22,Ashby Falls,OH,45610,(555) 558-1376,,English,PY05,PRV1127,67.6,230.1,PSYCH,2014-10-08,
PT12572,00018932,Samantha,Hoffman,F,1947-06-25,Bluestone,OH,45501,(555) 435-3144,samantha.hoffman77@example.com,English,PY02,PRV1125,63.6,143.7,HTN;OA,2024-01-17,
PT12573,05603582,Aaliyah,Lane,F,1934-03-09,Bluestone,OH,45501,(555) 721-1343,,English,PY01,PRV1128,66.8,194.2,HTN,2016-12-22,
PT12574,05897802,Jeremy,Sanders,M,1977-09-09,Bluestone,OH,45501,(555) 535-9791,jeremy.sanders77@example.com,English,PY05,PRV1131,65.9,155.9,,2015-06-13,
PT12575,02158984,Barbara,Reyes,F,2001-08-11,Cedar Ridge,OH,45720,(555) 213-9854,barbara.reyes82@example.com,English,PY03,PRV1136,64.5,127.5,,2011-02-17,
PT12576,07818829,Elijah,Fisher,M,1942-01-06,Bluestone,OH,45503,(555) 828-3122,elijah.fisher88@example.com,English,PY01,PRV1131,74.7,131.0,HTN;DM,2024-01-26,
PT12577,09996631,Carl,Young,M,1996-06-15,Bluestone,OH,45503,(555) 298-6693,,English,PY05,,72.3,173.7,,2023-01-16,
PT12578,09623000,Jeffrey,Robertson,M,1960-09-02,Riverbend,OH,45545,(555) 440-9019,,English,PY02,PRV1130,65.8,120.1,HTN;CKD;PSYCH,2019-09-17,
PT12579,01911426,Larry,Myers,M,1947-11-14,Riverbend,OH,45545,(555) 653-8517,larry.myers23@example.com,English,PY02,PRV1137,64.1,123.3,HTN;DM,2023-03-30,
PT12580,00245417,Hannah,Gonzalez,F,1972-10-01,Fairhaven,OH,45620,(555) 257-3085,hannah.gonzalez67@example.com,English,PY04,PRV1134,66.6,136.3,,2025-02-04,
PT12581,01618350,Barbara,Nelson,F,2009-09-16,Bluestone,OH,45502,(555) 787-7901,barbara.nelson27@example.com,English,PY03,PRV1108,60.7,107.7,PSYCH,2010-02-24,
PT12582,07207804,Margaret,Brown,F,2018-12-14,Ashby Falls,OH,45610,(555) 765-9042,,English,PY03,PRV1104,37.6,35.3,,2023-12-11,
PT12583,01886331,Wei,Nichols,M,1971-09-20,Millbrook,OH,45530,(555) 950-6870,wei.nichols82@example.com,English,PY04,PRV1129,69.6,178.7,HTN,2012-04-11,
PT12584,06069362,Laura,Thompson,F,1949-03-14,Bluestone,OH,45501,(555) 437-5204,,English,PY02,PRV1125,62.5,201.1,HTN,2011-01-25,
PT12585,01816029,Fatima,Willis,F,1966-10-20,Millbrook,OH,45530,(555) 339-4855,fatima.willis52@example.com,English,PY01,PRV1133,69.0,172.0,,2025-01-24,
PT12586,07165548,George,Wells,M,1998-09-25,Cedar Ridge,OH,45720,(555) 551-5092,george.wells68@example.com,English,PY06,PRV1129,72.3,198.4,PSYCH,2022-03-11,
PT12587,01142520,Doris,James,F,1953-12-24,Millbrook,OH,45530,(555) 531-0459,,Spanish,PY01,PRV1130,58.3,139.7,HTN,2023-12-08,
PT12588,06474046,Joseph,Stone,M,1994-07-31,Cedar Ridge,OH,45720,(555) 283-3694,joseph.stone4@example.com,English,PY06,PRV1135,73.2,260.7,PSYCH,2012-03-27,
PT12589,01160280,Patricia,Hicks,F,1954-05-16,Bluestone,OH,45503,(555) 405-9552,patricia.hicks3@example.com,English,PY02,PRV1138,67.4,227.3,HTN,2016-04-16,
PT12590,06046000,Cheryl,Johnson,F,1975-05-25,Bluestone,OH,45501,(555) 438-8402,cheryl.johnson79@example.com,English,PY03,PRV1133,61.1,241.8,,2019-06-03,
PT12591,00536507,Juan,Taylor,M,2025-08-20,Fairhaven,OH,45620,(555) 281-5693,,English,PY03,PRV1105,20.3,8.3,,2025-05-13,
PT12592,04431167,Austin,Young,M,2011-04-16,Oak Glen,OH,45730,(555) 332-6510,,English,PY05,PRV1105,69.8,179.0,ASTHMA,2022-08-12,
PT12593,05739284,Laura,Bailey,F,1936-03-28,Riverbend,OH,45545,(555) 937-2983,laura.bailey25@example.com,English,PY02,PRV1130,63.5,191.7,DM;CKD;OA,2023-09-08,
PT12594,09169978,Pamela,Richards,F,1951-03-16,Ashby Falls,OH,45610,(555) 584-2050,pamela.richards75@example.com,Vietnamese,PY01,PRV1129,66.0,149.5,DM;CANCER,2019-06-04,
PT12595,07540007,Amina,Marshall,F,1948-07-14,Oak Glen,OH,45730,(555) 596-4798,amina.marshall39@example.com,English,PY02,PRV1124,65.4,131.3,CANCER;PSYCH,2023-10-12,
PT12596,06398780,Theresa,Allen,F,1989-01-25,Bluestone,OH,45501,(555) 972-0001,theresa.allen15@example.com,English,PY03,PRV1128,68.6,119.3,,2010-03-19,
PT12597,06219168,Omar,Flores,M,1978-11-30,Fairhaven,OH,45620,(555) 646-9684,omar.flores53@example.com,English,PY03,PRV1138,70.1,246.7,ASTHMA,2020-04-22,
PT12598,00049929,Nathan,Clark,M,1958-07-24,Bluestone,OH,45503,(555) 848-5300,,Somali,PY01,PRV1128,67.0,171.2,DM;OA,2021-10-25,
PT12599,00867921,Billy,Carpenter,M,1952-08-31,Pine Hollow,OH,45640,(555) 400-1694,,English,PY02,PRV1139,72.6,167.0,HTN,2021-05-03,
PT12600,05418295,Harper,Woods,F,1957-04-29,Bluestone,OH,45502,(555) 367-4900,harper.woods54@example.com,English,PY02,PRV1124,66.5,176.1,HTN;DM,2017-11-28,
PT12601,07254090,Gloria,Scott,F,1976-07-06,Bluestone,OH,45501,(555) 736-8190,gloria.scott89@example.com,English,PY04,PRV1133,67.0,148.6,,2023-01-26,
PT12602,05897012,Jean,Collins,F,1966-02-17,Bluestone,OH,45502,(555) 958-4605,jean.collins65@example.com,Spanish,PY06,PRV1133,62.8,177.9,HTN;OA,2009-03-22,
PT12603,03727286,Carl,Pierce,M,2014-03-01,Cedar Ridge,OH,45720,(555) 492-0400,,Arabic,PY03,PRV1105,48.0,74.9,,2016-07-06,
PT12604,09460642,Jesse,Rivera,M,1982-06-16,Millbrook,OH,45530,(555) 465-8929,jesse.rivera95@example.com,English,PY04,PRV1137,68.2,175.5,HTN;DM,2009-10-11,
PT12605,03728245,Lucia,Owens,F,1946-02-09,Bluestone,OH,45502,(555) 523-7293,lucia.owens43@example.com,English,PY02,PRV1126,64.7,133.8,OA,2018-09-06,
PT12606,07765318,Heather,Davis,F,1988-12-11,Bluestone,OH,45503,(555) 433-2745,heather.davis77@example.com,English,PY01,PRV1131,68.1,195.3,ASTHMA,2023-03-22,
PT12607,04192172,William,Hunt,M,1998-05-22,Ashby Falls,OH,45610,(555) 710-5932,,English,PY03,PRV1128,66.6,211.0,,2025-04-06,
PT12608,06273719,Frank,Richards,M,1971-05-22,Bluestone,OH,45502,(555) 257-3928,,English,PY06,PRV1132,68.1,184.9,HTN;DM,2015-08-09,
PT12609,06168185,Karen,Morales,F,1955-06-07,Cedar Ridge,OH,45720,(555) 480-0063,karen.morales40@example.com,English,PY04,PRV1128,63.1,162.0,HTN,2015-03-24,
PT12610,08657981,Amina,Scott,F,1986-11-22,Lakeview Heights,OH,45510,(555) 514-7339,amina.scott65@example.com,English,PY05,PRV1140,64.8,164.8,,2017-05-30,
PT12611,07070175,Diane,Herrera,F,2003-01-13,Bluestone,OH,45501,(555) 647-2077,,Spanish,PY01,PRV1128,63.6,103.3,ETOH,2014-02-10,
PT12612,03195031,Mateo,Lawrence,M,1992-04-07,Ashby Falls,OH,45610,(555) 871-4798,mateo.lawrence49@example.com,English,PY05,PRV1136,67.4,144.2,,2014-12-17,
PT12613,05346515,Patrick,Henderson,M,1943-12-12,Bluestone,OH,45502,(555) 822-4749,patrick.henderson55@example.com,English,PY02,PRV1128,70.5,195.7,HTN;OA,2019-04-24,
PT12614,00075211,James,Henry,M,1982-12-13,Cedar Ridge,OH,45720,(555) 697-6074,,English,PY05,,66.7,181.1,,2024-03-10,
PT12615,04860996,Adam,Ferguson,M,1996-10-08,Cedar Ridge,OH,45720,(555) 690-3296,adam.ferguson60@example.com,English,PY03,PRV1139,71.7,224.2,SEIZURE,2009-07-12,
PT12616,06098616,Julia,Vazquez,F,1985-02-13,Bluestone,OH,45502,(555) 794-8820,julia.vazquez70@example.com,English,PY03,PRV1125,65.4,168.0,,2017-03-11,
PT12617,05734495,Austin,Ford,M,1977-03-13,Bluestone,OH,45501,(555) 549-9984,austin.ford92@example.com,English,PY04,PRV1124,67.6,205.8,PSYCH,2009-03-30,
PT12618,06984892,Amy,Ruiz,F,1957-08-08,Oak Glen,OH,45730,(555) 513-1619,amy.ruiz24@example.com,English,PY04,PRV1126,65.7,165.1,HTN;DM,2022-11-09,
PT12619,07772554,Karen,Carroll,F,2018-04-10,Cedar Ridge,OH,45720,(555) 960-3403,,English,PY03,PRV1105,42.3,42.1,,2024-02-15,
PT12620,07627760,Stephen,Lindqvist,M,2019-10-26,Bluestone,OH,45502,(555) 794-1060,,English,PY03,PRV1107,36.3,32.4,,2020-01-25,
PT12621,06147126,Mei,Munoz,F,1981-01-06,Millbrook,OH,45530,(555) 259-4663,mei.munoz12@example.com,English,PY03,PRV1130,65.8,180.9,HTN;DM,2008-08-14,
PT12622,06359874,Matthew,Jenkins,M,1969-03-06,Millbrook,OH,45530,(555) 618-8566,,English,PY06,PRV1125,69.1,146.4,HTN;DM,2008-10-01,
PT12623,08835324,Charles,Pierce,M,1996-11-28,Millbrook,OH,45530,(555) 537-2295,charles.pierce16@example.com,English,PY04,PRV1124,64.1,174.7,,2020-09-30,
PT12624,09993798,Brittany,Cox,F,1946-07-29,Pine Hollow,OH,45640,(555) 269-4910,brittany.cox7@example.com,Spanish,PY01,PRV1128,60.3,161.9,,2012-11-29,
PT12625,09178786,Daniel,Garcia,M,1964-05-09,Bluestone,OH,45501,(555) 918-5838,daniel.garcia13@example.com,English,PY05,PRV1136,63.6,129.9,CANCER,2011-06-05,
PT12626,04124847,Michelle,Osei,F,2021-04-02,Bluestone,OH,45503,(555) 494-4408,,English,PY03,PRV1108,29.3,25.1,,2021-08-10,
PT12627,02001795,Frances,Lane,F,1950-08-13,Bluestone,OH,45503,(555) 801-3246,frances.lane31@example.com,English,PY03,PRV1140,66.9,175.8,HTN;DM,2011-07-31,
PT12628,02101774,Steven,Stewart,M,1981-04-05,Bluestone,OH,45501,(555) 214-6222,steven.stewart20@example.com,English,PY05,PRV1125,64.2,135.2,DM;ASTHMA;PSYCH,2009-03-04,
PT12629,05638217,Andrew,Alexander,M,1964-03-26,Cedar Ridge,OH,45720,(555) 608-7378,andrew.alexander70@example.com,English,PY03,PRV1134,69.6,222.6,,2018-02-02,
PT12630,07250969,Danielle,Andrews,F,1990-07-02,Cedar Ridge,OH,45720,(555) 959-9966,danielle.andrews44@example.com,Spanish,PY05,PRV1135,64.6,115.0,,2024-10-04,
PT12631,03649910,Rosa,Moore,F,1975-08-22,Bluestone,OH,45502,(555) 365-4502,rosa.moore56@example.com,English,PY05,PRV1139,65.8,185.1,PSYCH,2014-06-09,
PT12632,04351105,Andrew,Arnold,M,2013-11-10,Millbrook,OH,45530,(555) 274-1758,,English,PY05,PRV1107,51.5,59.5,,2022-04-22,
PT12633,02006193,Maria,Ray,F,1983-09-01,Cedar Ridge,OH,45720,(555) 646-9172,maria.ray80@example.com,English,PY05,PRV1140,65.0,246.2,ASTHMA,2023-12-07,
PT12634,09845316,Bryan,Turner,M,2001-07-27,Bluestone,OH,45501,(555) 272-0532,,English,PY05,PRV1127,69.9,195.6,,2008-09-23,
PT12635,03479397,Brian,Robinson,M,2006-05-09,Cedar Ridge,OH,45720,(555) 321-6567,brian.robinson55@example.com,English,PY03,PRV1137,70.4,265.0,PSYCH,2018-12-24,
PT12636,00090112,Mary,Reynolds,F,1955-09-08,Cedar Ridge,OH,45720,(555) 665-1202,,English,PY01,PRV1130,64.5,220.2,HTN;AFIB,2022-06-05,
PT12637,02037418,Christine,Hart,F,1958-07-03,Bluestone,OH,45503,(555) 791-6665,,Arabic,PY02,PRV1129,70.5,218.7,,2020-10-08,
PT12638,06499891,Natalie,Fernandez,F,1982-11-22,Bluestone,OH,45502,(555) 292-5108,natalie.fernandez12@example.com,English,PY05,PRV1130,65.6,162.4,,2017-10-31,
PT12639,08761737,Melissa,Lee,F,1996-07-05,Fairhaven,OH,45620,(555) 587-0843,,English,PY06,PRV1126,64.3,204.8,,2019-03-21,
PT12640,03094497,Sharon,Garcia,F,2014-02-23,Bluestone,OH,45501,(555) 420-5903,,Spanish,PY07,PRV1104,49.8,76.1,,2023-01-19,
PT12641,06320677,Cynthia,Ramirez,F,1976-02-02,Cedar Ridge,OH,45720,(555) 882-3865,cynthia.ramirez27@example.com,English,PY04,PRV1125,65.1,175.2,HTN;DM;CANCER,2012-04-23,
PT12642,04854856,Matthew,Hughes,M,1962-03-19,Millbrook,OH,45530,(555) 321-0204,,English,PY03,PRV1124,67.3,231.0,,2021-03-20,
PT12643,05236808,Karen,Alvarez,F,1946-07-07,Bluestone,OH,45501,(555) 313-7962,,English,PY02,PRV1138,61.2,88.0,CANCER,2017-05-26,
PT12644,03441776,Kayla,Harrison,F,1975-12-20,Lakeview Heights,OH,45510,(555) 281-1106,kayla.harrison19@example.com,English,PY06,PRV1127,65.5,211.9,HTN,2018-12-13,
PT12645,09194491,Mia,Hernandez,F,1967-03-18,Bluestone,OH,45502,(555) 234-4081,mia.hernandez63@example.com,English,PY05,PRV1127,66.3,157.9,OA,2024-05-19,
PT12646,03301094,Mei,Woods,F,1948-07-23,Bluestone,OH,45503,(555) 874-2697,,English,PY01,,61.8,236.0,HTN,2018-11-01,
PT12647,05240044,Gabriel,Patterson,M,1936-10-08,Bluestone,OH,45502,(555) 257-2155,,English,PY02,,74.2,220.9,HTN;DM,2008-04-18,
PT12648,09437277,Lauren,Carter,F,1964-01-26,Bluestone,OH,45501,(555) 561-4434,,English,PY07,PRV1135,65.1,164.6,DM,2015-09-05,
PT12649,00221821,Betty,Ryan,F,1987-08-24,Oak Glen,OH,45730,(555) 809-5500,betty.ryan47@example.com,English,PY06,PRV1140,63.9,134.9,ASTHMA;PSYCH,2011-08-19,
PT12650,00703536,Abigail,Perez,F,1943-02-06,Fairhaven,OH,45620,(555) 420-0095,abigail.perez75@example.com,English,PY01,PRV1139,70.7,213.1,HTN;CKD,2024-02-18,
PT12651,01482922,Janet,Abbott,F,1955-07-20,Millbrook,OH,45530,(555) 445-8282,,English,PY02,PRV1127,63.3,174.0,DM,2020-10-22,
PT12652,02028808,Virginia,Kelly,F,1930-04-19,Lakeview Heights,OH,45510,(555) 338-5028,virginia.kelly6@example.com,English,PY03,PRV1124,61.5,199.7,AFIB,2022-09-02,
PT12653,05118110,Kathryn,Carter,F,1945-09-03,Bluestone,OH,45501,(555) 652-1830,kathryn.carter32@example.com,English,PY02,PRV1139,64.7,171.1,DM;HF,2015-06-18,
PT12654,01646542,Joan,Harris,F,1959-12-23,Bluestone,OH,45501,(555) 851-0524,joan.harris85@example.com,English,PY01,PRV1131,64.2,132.6,HTN,2024-12-05,
PT12655,06464821,Gerald,Baker,M,1953-09-02,Bluestone,OH,45501,(555) 666-1362,gerald.baker27@example.com,English,PY01,PRV1136,66.7,111.5,DM,2012-08-19,
PT12656,02409504,Stephanie,Freeman,F,1927-10-27,Bluestone,OH,45503,(555) 209-1875,,English,PY01,PRV1133,62.6,158.7,HTN;DM;OA,2021-01-04,
PT12657,09583958,Roy,Edwards,M,1952-12-29,Bluestone,OH,45502,(555) 818-2245,roy.edwards63@example.com,English,PY01,PRV1139,70.4,213.6,,2020-10-01,
PT12658,02495416,Bryan,Chavez,M,1964-12-12,Ashby Falls,OH,45610,(555) 316-9055,,English,PY04,PRV1137,65.2,159.1,,2009-06-19,
PT12659,08388705,Keith,Richards,M,1968-04-30,Bluestone,OH,45501,(555) 552-2257,keith.richards14@example.com,English,PY05,PRV1137,75.7,210.3,,2022-05-20,
PT12660,01806668,Alice,Arnold,F,1967-08-29,Bluestone,OH,45502,(555) 940-0536,,English,PY06,PRV1137,62.4,140.9,,2016-01-23,
PT12661,02493844,Janice,Cooper,F,1972-01-26,Oak Glen,OH,45730,(555) 921-2143,janice.cooper79@example.com,English,PY01,PRV1124,61.8,205.5,,2016-05-05,
PT12662,02238889,Jack,Harrison,M,1946-08-04,Ashby Falls,OH,45610,(555) 584-2656,jack.harrison88@example.com,English,PY01,PRV1128,61.0,105.0,AFIB;CKD,2013-07-07,
PT12663,04316302,Doris,Henry,F,2014-09-01,Millbrook,OH,45530,(555) 646-0302,,English,PY03,PRV1107,46.9,52.5,,2023-01-11,
PT12664,09489940,Scott,Holmes,M,2022-11-06,Oak Glen,OH,45730,(555) 207-8775,,English,PY04,PRV1106,30.1,19.4,,2024-01-06,
PT12665,09573276,Stephanie,Hernandez,F,1984-04-04,Pine Hollow,OH,45640,(555) 458-9980,stephanie.hernandez81@example.com,English,PY03,PRV1125,67.7,212.7,,2012-01-04,
PT12666,03156495,Shirley,Mills,F,1975-07-28,Bluestone,OH,45501,(555) 529-1157,,English,PY06,PRV1140,62.4,267.9,HTN,2020-05-12,
PT12667,02402377,Billy,Grant,M,1979-06-14,Bluestone,OH,45501,(555) 774-9670,billy.grant5@example.com,English,PY05,PRV1128,70.2,172.3,,2012-08-12,
PT12668,09929285,George,Romero,M,1968-10-12,Bluestone,OH,45503,(555) 505-1070,george.romero77@example.com,English,PY05,PRV1130,67.0,189.1,CANCER,2014-06-11,
PT12669,06667083,Mark,McDonald,M,1954-06-22,Ashby Falls,OH,45610,(555) 606-0213,mark.mcdonald1@example.com,English,PY01,PRV1140,68.0,193.8,CANCER,2022-09-17,
PT12670,00448634,Patricia,Arnold,F,1928-10-08,Ashby Falls,OH,45610,(555) 746-9250,,English,PY02,PRV1125,61.7,98.8,HTN,2023-07-02,
PT12671,05151197,Ethan,Tran,M,1964-03-03,Pine Hollow,OH,45640,(555) 958-4646,ethan.tran25@example.com,English,PY06,PRV1137,69.1,255.7,CANCER;PSYCH,2018-11-09,
PT12672,07505638,Rachel,Harris,F,1951-10-18,Bluestone,OH,45502,(555) 509-9299,,English,PY01,PRV1134,61.1,112.2,HTN;OA,2023-10-04,
PT12673,01745199,Willie,Watson,M,1979-10-27,Pine Hollow,OH,45640,(555) 714-9829,,English,PY04,PRV1125,67.6,202.3,HTN;DM;PSYCH,2009-08-18,
PT12674,04011235,Daniel,Carter,M,1955-12-15,Bluestone,OH,45503,(555) 615-6970,daniel.carter17@example.com,English,PY01,PRV1134,66.8,171.0,HTN;DM;AFIB,2013-04-20,
PT12675,02173255,Lucas,Kim,M,1951-08-05,Bluestone,OH,45502,(555) 543-5894,lucas.kim37@example.com,English,PY02,PRV1126,66.3,213.7,DM,2014-06-02,
PT12676,04280751,Laura,Rose,F,1969-12-15,Bluestone,OH,45502,(555) 419-6092,laura.rose61@example.com,English,PY01,PRV1134,64.0,165.2,HF;COPD;ASTHMA;PSYCH,2023-11-16,
PT12677,06439191,Logan,Scott,M,1937-12-07,Ashby Falls,OH,45610,(555) 219-9298,logan.scott91@example.com,English,PY02,PRV1140,68.5,172.5,HTN,2012-06-20,
PT12678,07409084,Lori,Hughes,F,1942-09-03,Bluestone,OH,45503,(555) 507-9827,lori.hughes54@example.com,Spanish,PY01,PRV1136,66.3,180.4,HF;AFIB,2021-07-24,
PT12679,01473601,Juan,Moreno,M,1978-04-26,Bluestone,OH,45502,(555) 821-0501,,Vietnamese,PY03,PRV1138,70.7,258.2,,2009-04-24,
PT12680,02122938,Russell,Martin,M,2014-07-18,Bluestone,OH,45501,(555) 942-3946,,English,PY06,PRV1108,48.3,52.7,,2024-04-28,
PT12681,06928829,Wei,Porter,M,1979-01-19,Cedar Ridge,OH,45720,(555) 728-8462,wei.porter70@example.com,Spanish,PY05,PRV1138,72.0,177.5,HTN;PSYCH,2021-03-08,
PT12682,07021668,Minh,Willis,M,1987-01-15,Bluestone,OH,45502,(555) 876-5123,,English,PY05,PRV1137,67.7,132.8,PSYCH,2018-08-30,
PT12683,01922003,Lucia,Lindqvist,F,1959-05-30,Bluestone,OH,45502,(555) 656-2782,,English,PY01,PRV1124,66.5,109.2,HTN,2024-01-20,
PT12684,05192842,Danielle,Meyer,F,1966-10-31,Riverbend,OH,45545,(555) 589-8186,,English,PY06,PRV1126,68.4,170.2,COPD,2023-01-10,
PT12685,02257373,Deborah,Howard,F,1982-08-23,Ashby Falls,OH,45610,(555) 673-9929,,English,PY06,PRV1134,67.3,202.0,,2010-01-13,
PT12686,05581655,John,Edwards,M,1975-01-30,Bluestone,OH,45503,(555) 259-5264,,English,PY04,PRV1127,67.3,219.7,,2008-09-19,
PT12687,04283826,Lisa,Kelly,F,1956-02-28,Cedar Ridge,OH,45720,(555) 876-8041,lisa.kelly98@example.com,English,PY01,PRV1134,64.5,126.6,HTN;CKD;ASTHMA,2017-10-14,
PT12688,02695116,Joyce,Campbell,F,1970-04-29,Bluestone,OH,45501,(555) 693-3834,,English,PY03,PRV1130,67.5,207.4,HTN;ASTHMA,2014-12-04,
PT12689,00842944,Joe,Adams,M,2000-12-08,Riverbend,OH,45545,(555) 885-5105,joe.adams12@example.com,Mandarin,PY07,PRV1138,75.2,305.8,,2024-02-20,
PT12690,08643148,Carlos,Abdi,M,1949-10-24,Bluestone,OH,45503,(555) 413-5742,,English,PY01,PRV1140,70.6,220.6,HTN;CANCER,2008-12-23,
PT12691,05369365,Emma,Vazquez,F,1966-08-26,Granite Springs,OH,45750,(555) 789-9423,emma.vazquez87@example.com,English,PY07,PRV1124,63.6,202.3,HTN,2015-01-01,
PT12692,01860322,Brian,Bailey,M,2015-04-27,Oak Glen,OH,45730,(555) 501-1864,,English,PY03,,45.7,54.9,,2015-07-25,
PT12693,05725898,Harold,Stone,M,1972-12-28,Oak Glen,OH,45730,(555) 227-8488,,English,PY05,PRV1130,70.4,250.8,ASTHMA,2019-08-13,
PT12694,09817212,Kayla,Thomas,F,1930-10-07,Bluestone,OH,45501,(555) 548-3572,kayla.thomas29@example.com,English,PY01,PRV1140,61.6,123.6,DM;SEIZURE,2021-12-18,
PT12695,04614032,Linda,Wilson,F,1964-10-13,Oak Glen,OH,45730,(555) 476-1953,,English,PY04,PRV1138,62.3,94.7,,2019-08-09,
PT12696,00669497,Samuel,Ortiz,M,1959-06-05,Bluestone,OH,45502,(555) 810-5159,samuel.ortiz96@example.com,English,PY01,PRV1124,63.2,161.9,,2022-05-10,
PT12697,07263593,Minh,Vasquez,M,1977-05-18,Millbrook,OH,45530,(555) 681-9014,,English,PY04,PRV1138,68.7,248.5,HTN;PSYCH,2020-11-29,
PT12698,05137758,Adam,James,M,2011-10-10,Bluestone,OH,45503,(555) 944-1840,,English,PY03,PRV1108,67.1,140.8,,2019-05-06,
PT12699,06605485,John,Fisher,M,1958-10-15,Lakeview Heights,OH,45510,(555) 339-7953,john.fisher35@example.com,English,PY02,PRV1139,72.6,293.8,COPD;OA,2024-07-03,
PT12700,03096401,Michael,Lane,M,1953-03-06,Bluestone,OH,45503,(555) 538-4268,michael.lane32@example.com,English,PY01,PRV1134,68.2,248.4,,2015-09-12,
PT12701,04348915,Helen,Alvarez,F,1950-02-28,Millbrook,OH,45530,(555) 457-4219,,Spanish,PY02,PRV1136,63.9,165.5,HTN,2009-09-27,
PT12702,08731533,Richard,Abdi,M,2000-09-18,Pine Hollow,OH,45640,(555) 648-1014,,English,PY06,PRV1137,68.3,119.1,PSYCH,2022-08-21,
PT12703,08277478,Cynthia,Carpenter,F,1940-09-22,Granite Springs,OH,45750,(555) 442-2109,cynthia.carpenter97@example.com,English,PY02,PRV1135,65.3,139.2,CKD,2012-09-23,
PT12704,01112323,Mary,Thompson,F,1998-02-26,Millbrook,OH,45530,(555) 896-4914,mary.thompson46@example.com,English,PY06,PRV1128,56.0,77.9,,2011-11-03,
PT12705,09471398,Jason,Armstrong,M,1963-01-29,Ashby Falls,OH,45610,(555) 894-5497,jason.armstrong71@example.com,English,PY04,PRV1132,70.2,206.4,,2008-08-14,
PT12706,06646913,Nancy,Rodriguez,F,1976-10-01,Millbrook,OH,45530,(555) 422-4471,nancy.rodriguez83@example.com,Vietnamese,PY05,PRV1128,61.6,175.6,,2021-03-23,
PT12707,01497704,Hassan,Clark,M,1938-07-23,Lakeview Heights,OH,45510,(555) 375-3823,,Spanish,PY01,PRV1134,67.8,207.5,HTN,2011-09-11,
PT12708,08306336,George,Jackson,M,1970-04-04,Riverbend,OH,45545,(555) 537-1053,george.jackson43@example.com,English,PY03,PRV1132,73.1,151.7,PSYCH,2016-12-30,
PT12709,01953530,Thomas,Wallace,M,1984-12-11,Granite Springs,OH,45750,(555) 274-2791,,English,PY03,PRV1133,68.8,198.0,,2016-09-04,
PT12710,00757638,Angela,Robinson,F,2018-01-12,Bluestone,OH,45502,(555) 580-6711,,Arabic,PY03,PRV1107,38.0,36.1,,2022-05-01,
PT12711,06893890,Mateo,Perry,M,2009-06-02,Lakeview Heights,OH,45510,(555) 288-6075,mateo.perry13@example.com,English,PY06,PRV1106,65.3,151.5,,2019-05-02,
PT12712,02119915,Jessica,Cruz,F,1958-11-05,Bluestone,OH,45503,(555) 859-7201,,English,PY02,PRV1134,68.9,134.2,HTN;AFIB;PSYCH,2022-02-19,
PT12713,01093076,Joyce,Nguyen,F,1969-12-17,Bluestone,OH,45503,(555) 678-2970,joyce.nguyen64@example.com,English,PY04,PRV1133,66.3,176.8,ASTHMA,2021-12-18,
PT12714,01564803,Bradley,Moore,M,1974-07-11,Bluestone,OH,45503,(555) 880-2897,,English,PY03,PRV1140,68.3,243.8,,2018-10-20,2025-04-21
PT12715,09570394,Joyce,Myers,F,1986-11-22,Lakeview Heights,OH,45510,(555) 668-8099,joyce.myers58@example.com,English,PY04,PRV1126,64.7,208.6,,2009-08-29,
PT12716,06536549,Minh,Okafor,M,1982-05-13,Bluestone,OH,45502,(555) 927-1191,,English,PY07,PRV1125,65.0,151.8,HTN,2020-09-08,
PT12717,06613360,Christine,Brooks,F,1961-10-13,Ashby Falls,OH,45610,(555) 259-4679,christine.brooks9@example.com,English,PY05,PRV1127,65.0,179.8,COPD,2016-03-14,
PT12718,00630773,Liam,Dixon,M,1961-04-30,Ashby Falls,OH,45610,(555) 975-9093,,English,PY03,PRV1127,70.9,153.1,CANCER,2023-10-25,
PT12719,00867652,Sean,McDonald,M,1980-03-07,Ashby Falls,OH,45610,(555) 655-6562,sean.mcdonald51@example.com,English,PY07,PRV1133,65.8,101.7,HTN,2019-09-14,
PT12720,07907373,Julia,Medina,F,1972-12-28,Bluestone,OH,45501,(555) 424-9120,julia.medina64@example.com,English,PY04,PRV1134,63.0,162.2,ASTHMA,2023-12-25,
PT12721,01848446,Grace,King,F,1955-12-07,Cedar Ridge,OH,45720,(555) 870-3359,grace.king24@example.com,English,PY02,PRV1136,61.9,143.2,HTN;OA,2023-01-25,
PT12722,04383834,Hannah,Cunningham,F,1959-03-18,Lakeview Heights,OH,45510,(555) 971-7709,,English,PY01,PRV1137,66.0,155.1,,2008-02-26,
PT12723,00140217,Olivia,Thompson,F,2007-10-14,Millbrook,OH,45530,(555) 720-9559,olivia.thompson15@example.com,English,PY01,PRV1131,64.0,216.2,,2022-06-03,
PT12724,04200633,Gregory,Coleman,M,2009-01-26,Bluestone,OH,45501,(555) 330-8745,gregory.coleman35@example.com,English,PY07,PRV1104,59.5,95.3,,2024-02-10,
PT12725,03316475,Donna,Patterson,F,1951-09-09,Oak Glen,OH,45730,(555) 332-0440,donna.patterson77@example.com,Spanish,PY03,PRV1133,62.9,150.0,DM,2011-07-30,
PT12726,02088779,Priya,Hart,F,1937-07-19,Lakeview Heights,OH,45510,(555) 536-0012,priya.hart77@example.com,English,PY01,PRV1138,64.9,107.9,HTN;DM,2023-12-14,
PT12727,00389901,Leila,Wood,F,1929-09-15,Riverbend,OH,45545,(555) 305-8310,leila.wood39@example.com,English,PY01,PRV1130,59.2,149.9,DM;OA,2019-02-25,
PT12728,06628336,Billy,Rice,M,1990-05-20,Lakeview Heights,OH,45510,(555) 526-0162,,English,PY03,PRV1127,63.0,160.9,,2015-06-30,
PT12729,09245333,Karen,Hunt,F,1948-03-27,Bluestone,OH,45501,(555) 335-1548,,English,PY02,PRV1135,60.6,178.7,,2021-01-05,
PT12730,07384480,Melissa,Hudson,F,1948-07-05,Fairhaven,OH,45620,(555) 833-0970,melissa.hudson14@example.com,English,PY01,PRV1124,67.1,216.4,HTN;AFIB;PSYCH,2022-10-21,
PT12731,02142827,Billy,Ramos,M,1976-09-13,Bluestone,OH,45502,(555) 463-0932,,English,PY05,PRV1125,68.8,199.3,DM,2019-12-30,
PT12732,06294115,Ahmed,Mendez,M,1957-05-17,Oak Glen,OH,45730,(555) 245-0134,ahmed.mendez12@example.com,English,PY02,PRV1127,69.2,189.7,HTN;DM,2008-12-06,
PT12733,05641991,Ahmed,Black,M,1978-06-13,Fairhaven,OH,45620,(555) 229-8136,ahmed.black73@example.com,English,PY05,PRV1140,68.8,219.2,HTN;PSYCH,2012-11-20,
PT12734,08776210,Mia,Johnson,F,1948-02-03,Bluestone,OH,45502,(555) 215-7495,mia.johnson84@example.com,English,PY02,PRV1139,61.7,160.9,HTN,2023-07-12,
PT12735,02031509,Lori,Snyder,F,1967-02-02,Oak Glen,OH,45730,(555) 397-7541,lori.snyder13@example.com,English,PY03,PRV1137,65.0,143.2,HTN;DM;COPD,2019-07-22,
PT12736,09408089,Lawrence,Dixon,M,1993-10-02,Granite Springs,OH,45750,(555) 391-8264,lawrence.dixon73@example.com,English,PY04,PRV1130,65.5,157.9,,2023-11-30,
PT12737,07190333,Paul,Reyes,M,1948-01-02,Ashby Falls,OH,45610,(555) 428-1908,,English,PY01,PRV1129,68.3,165.4,HTN;PSYCH;ETOH,2010-07-10,
PT12738,05429806,Mason,Riley,M,1967-05-29,Bluestone,OH,45502,(555) 541-3702,mason.riley93@example.com,English,PY01,PRV1127,68.5,187.5,,2008-04-29,
PT12739,09626866,Jeffrey,Myers,M,1981-01-16,Millbrook,OH,45530,(555) 869-1650,,English,PY04,PRV1139,67.7,151.4,HTN;PSYCH;ETOH,2014-03-01,
PT12740,00924008,Deborah,Long,F,1976-08-19,Granite Springs,OH,45750,(555) 540-3028,deborah.long78@example.com,English,PY05,PRV1139,58.7,81.0,HTN;COPD,2018-08-02,
PT12741,02671238,Edward,Santos,M,1964-08-09,Millbrook,OH,45530,(555) 475-5077,edward.santos70@example.com,English,PY05,PRV1125,70.8,256.2,ETOH,2018-06-27,
PT12742,00178406,Benjamin,Martin,M,1992-08-06,Pine Hollow,OH,45640,(555) 780-5518,,English,PY05,PRV1131,67.7,204.1,DM,2021-07-28,
PT12743,05737380,Brandon,Jenkins,M,2002-07-12,Bluestone,OH,45503,(555) 317-2605,,Spanish,PY07,PRV1133,69.9,199.2,,2023-12-12,
PT12744,03239375,Rebecca,Richardson,F,1961-09-21,Bluestone,OH,45502,(555) 296-5703,rebecca.richardson51@example.com,English,PY03,PRV1137,68.6,114.9,COPD;CANCER,2011-03-17,
PT12745,08742533,Jordan,Gomez,M,1951-11-07,Millbrook,OH,45530,(555) 715-5924,jordan.gomez8@example.com,English,PY01,PRV1138,67.4,233.8,HTN;DM;OA,2017-09-20,
PT12746,06301568,Beverly,Vasquez,F,1971-02-16,Riverbend,OH,45545,(555) 721-3211,beverly.vasquez95@example.com,English,PY06,PRV1124,62.7,189.2,HTN,2019-07-18,
PT12747,09219583,Janet,Henderson,F,1948-06-09,Cedar Ridge,OH,45720,(555) 776-6291,janet.henderson12@example.com,English,PY02,PRV1128,63.1,210.2,OA,2018-09-22,
PT12748,09841754,Amy,Barnes,F,1998-12-25,Cedar Ridge,OH,45720,(555) 909-7113,,English,PY06,PRV1137,62.6,177.0,,2008-04-11,
PT12749,00154365,Emily,Black,F,1952-05-28,Cedar Ridge,OH,45720,(555) 448-0102,,English,PY02,PRV1129,62.3,146.7,HTN;PSYCH,2020-07-03,
PT12750,03014218,Diego,Crawford,M,1968-10-15,Lakeview Heights,OH,45510,(555) 676-0194,diego.crawford6@example.com,English,PY04,PRV1140,73.2,202.8,,2010-09-05,
PT12751,06833009,Jose,Hunter,M,1964-01-15,Riverbend,OH,45545,(555) 611-7422,,English,PY01,PRV1128,69.3,228.8,ETOH,2011-05-05,
PT12752,02960388,Carlos,Ortiz,M,1946-09-18,Bluestone,OH,45501,(555) 490-8904,,English,PY02,PRV1137,68.9,292.5,HTN,2022-12-24,
PT12753,07526751,David,Lewis,M,2023-10-28,Pine Hollow,OH,45640,(555) 889-5814,,Spanish,PY03,PRV1105,24.7,12.8,,2023-12-25,
PT12754,06953263,Ruth,Turner,F,1937-08-07,Bluestone,OH,45501,(555) 615-9519,ruth.turner32@example.com,Vietnamese,PY02,PRV1125,60.5,113.6,HTN,2011-10-06,
PT12755,05176701,Rebecca,Bell,F,1970-06-03,Cedar Ridge,OH,45720,(555) 240-9088,rebecca.bell81@example.com,English,PY04,PRV1128,63.0,100.0,,2019-05-20,
PT12756,04962280,Charles,Robertson,M,1929-07-22,Oak Glen,OH,45730,(555) 648-1518,,English,PY02,PRV1132,66.8,204.2,HTN,2009-05-13,
PT12757,03939906,Jordan,Jenkins,M,1970-11-30,Riverbend,OH,45545,(555) 615-1984,,English,PY05,PRV1125,71.7,120.8,,2014-03-12,
PT12758,02037200,Jerry,Wright,M,1948-07-26,Bluestone,OH,45502,(555) 385-7218,jerry.wright2@example.com,English,PY01,PRV1125,69.9,165.3,ETOH,2018-01-24,
PT12759,03274635,Karen,Payne,F,1983-07-27,Bluestone,OH,45503,(555) 733-9490,karen.payne59@example.com,English,PY04,,64.2,187.8,,2020-09-17,
PT12760,08811685,Marilyn,Johnston,F,2010-09-16,Cedar Ridge,OH,45720,(555) 954-6049,,English,PY03,PRV1104,62.7,138.6,ASTHMA,2010-10-22,
PT12761,09259695,Rebecca,Torres,F,1972-02-29,Ashby Falls,OH,45610,(555) 839-0220,,English,PY05,PRV1132,62.6,163.9,HTN;COPD;SEIZURE,2013-08-02,
PT12762,05325040,Amanda,Hart,F,1996-07-15,Cedar Ridge,OH,45720,(555) 914-2622,amanda.hart69@example.com,English,PY06,PRV1125,61.5,139.1,,2012-10-20,
PT12763,00013201,Russell,Grant,M,1950-04-09,Bluestone,OH,45503,(555) 798-9944,,English,PY02,,66.4,193.3,HTN;DM,2012-07-25,
PT12764,01196895,Gerald,Wood,M,1947-12-10,Bluestone,OH,45502,(555) 303-4939,gerald.wood77@example.com,English,PY04,PRV1138,72.2,193.7,HTN;COPD;PSYCH;OA,2021-10-08,
PT12765,08332630,Deborah,Payne,F,1977-12-29,Bluestone,OH,45501,(555) 486-6459,deborah.payne65@example.com,English,PY03,PRV1130,63.7,133.9,CANCER,2018-07-14,
PT12766,07840687,Robert,Nakamura,M,1996-03-21,Cedar Ridge,OH,45720,(555) 783-6946,robert.nakamura64@example.com,English,PY06,PRV1133,67.0,169.2,,2019-07-24,
PT12767,05612230,Kathryn,Gray,F,2007-09-12,Bluestone,OH,45501,(555) 444-4341,,English,PY03,PRV1131,62.7,131.7,,2019-07-26,
PT12768,04891933,Linda,Coleman,F,1982-04-14,Lakeview Heights,OH,45510,(555) 749-1717,,English,PY03,PRV1128,67.6,171.9,,2020-04-27,
PT12769,07018731,Ethan,Myers,M,1994-07-28,Fairhaven,OH,45620,(555) 540-9834,,English,PY04,PRV1140,66.3,141.3,PSYCH,2016-03-30,
PT12770,04354838,Heather,Weaver,F,2004-06-19,Cedar Ridge,OH,45720,(555) 640-5095,,English,PY04,PRV1136,61.5,165.6,PSYCH,2021-07-28,
PT12771,04096558,Willie,Ellis,M,1997-07-10,Ashby Falls,OH,45610,(555) 892-8446,,Russian,PY05,PRV1130,70.8,192.7,,2009-02-02,
PT12772,02959761,Judith,Silva,F,1969-11-30,Bluestone,OH,45501,(555) 875-1611,judith.silva99@example.com,Somali,PY07,PRV1128,66.0,217.5,HTN,2023-02-27,
PT12773,08274115,Aaron,Roberts,M,1969-11-23,Bluestone,OH,45502,(555) 588-1445,aaron.roberts46@example.com,English,PY05,PRV1127,66.3,159.5,DM,2023-04-27,
PT12774,05256476,Ronald,Wells,M,1974-11-17,Cedar Ridge,OH,45720,(555) 683-4526,ronald.wells93@example.com,English,PY05,PRV1135,70.7,141.1,COPD,2015-12-02,
PT12775,02229627,Bruce,Thomas,M,1949-07-06,Lakeview Heights,OH,45510,(555) 979-6055,bruce.thomas95@example.com,English,PY02,PRV1130,70.4,311.5,HTN;DM,2016-10-13,
PT12776,00029923,Nicole,Torres,F,1947-09-01,Fairhaven,OH,45620,(555) 215-4861,nicole.torres30@example.com,English,PY02,PRV1136,63.7,183.0,,2021-07-10,
PT12777,01539248,Jose,Peters,M,1930-11-02,Bluestone,OH,45502,(555) 931-2742,jose.peters58@example.com,English,PY01,PRV1138,69.9,209.7,HTN,2014-08-25,
PT12778,07880726,Frank,Garza,M,1950-12-07,Bluestone,OH,45501,(555) 563-3110,,English,PY01,PRV1129,69.5,195.4,HTN;HF,2014-03-31,
PT12779,01252270,Alice,Sanders,F,1980-06-04,Bluestone,OH,45501,(555) 727-8988,alice.sanders51@example.com,English,PY03,PRV1127,62.3,116.4,,2024-01-03,
PT12780,01543153,Christian,Ray,M,1957-04-06,Millbrook,OH,45530,(555) 266-7064,,English,PY01,PRV1125,70.4,183.4,,2020-06-22,
PT12781,05146841,Linh,Novak,F,1990-01-03,Bluestone,OH,45501,(555) 589-4365,linh.novak79@example.com,English,PY03,PRV1130,66.1,195.6,DM;ASTHMA,2018-01-20,
PT12782,09209071,Evelyn,Castro,F,1954-07-28,Millbrook,OH,45530,(555) 616-0207,evelyn.castro83@example.com,English,PY01,PRV1132,62.6,125.6,HTN;HF;CKD;PSYCH;OA,2023-09-27,
PT12783,02377620,Adam,Wallace,M,1966-02-19,Lakeview Heights,OH,45510,(555) 819-1327,adam.wallace4@example.com,English,PY06,PRV1132,68.3,193.8,DM,2008-11-17,
PT12784,02393263,Sarah,Webb,F,1957-04-27,Bluestone,OH,45502,(555) 546-4819,sarah.webb22@example.com,English,PY03,PRV1135,64.5,215.6,DM;ETOH,2017-02-24,
PT12785,01328792,Frank,Thomas,M,1970-06-08,Bluestone,OH,45501,(555) 286-7696,frank.thomas30@example.com,English,PY05,PRV1133,68.7,240.6,OA,2024-03-12,
PT12786,02729604,Marilyn,Jimenez,F,1980-04-06,Ashby Falls,OH,45610,(555) 976-4167,,Spanish,PY05,PRV1128,62.4,110.9,,2019-10-06,
PT12787,02331909,Joan,Price,F,1979-01-15,Cedar Ridge,OH,45720,(555) 503-3822,joan.price11@example.com,English,PY03,PRV1137,62.9,217.1,HTN;COPD,2015-05-18,
PT12788,09742564,Liam,Kowalski,M,1936-10-19,Pine Hollow,OH,45640,(555) 481-8007,liam.kowalski82@example.com,English,PY02,PRV1139,71.9,321.7,,2020-12-08,
PT12789,09316945,Victoria,Ramirez,F,1956-02-24,Bluestone,OH,45501,(555) 365-7413,,English,PY01,PRV1124,65.9,220.6,HTN,2023-10-09,
PT12790,09630351,Judy,Johnston,F,1976-12-18,Bluestone,OH,45501,(555) 735-8004,,English,PY07,PRV1127,66.0,184.8,,2024-02-27,
PT12791,01145365,Harper,Peters,F,1975-11-09,Bluestone,OH,45501,(555) 367-0325,harper.peters58@example.com,English,PY03,PRV1125,57.1,150.3,,2009-11-07,
PT12792,08874854,Steven,Carpenter,M,1954-06-27,Riverbend,OH,45545,(555) 289-8827,,English,PY02,PRV1135,70.5,229.0,,2020-06-03,
PT12793,08379416,Isabella,Lewis,F,1939-02-04,Bluestone,OH,45501,(555) 242-9907,,English,PY02,PRV1128,65.9,153.7,HTN,2024-02-02,
PT12794,08114873,George,Diaz,M,1957-11-18,Bluestone,OH,45502,(555) 978-6866,,English,PY01,PRV1125,70.3,210.2,HTN;DM;OA,2011-11-04,
PT12795,01763940,Ava,Price,F,1956-03-28,Riverbend,OH,45545,(555) 881-0305,ava.price45@example.com,English,PY02,PRV1134,61.6,142.1,,2018-03-22,
PT12796,03526554,Eugene,Hernandez,M,1962-07-18,Riverbend,OH,45545,(555) 209-6635,eugene.hernandez71@example.com,English,PY03,PRV1126,63.8,269.2,CANCER,2024-02-22,
PT12797,00261939,Douglas,Olson,M,1993-11-06,Bluestone,OH,45501,(555) 825-6822,,English,PY03,PRV1126,71.0,198.3,,2025-07-30,
PT12798,03029617,Bryan,Sanders,M,1978-12-14,Fairhaven,OH,45620,(555) 898-9174,,English,PY05,PRV1125,66.3,134.4,,2011-09-01,
PT12799,08068022,Andrew,Sullivan,M,2008-04-01,Bluestone,OH,45503,(555) 705-7999,andrew.sullivan2@example.com,English,PY03,,64.0,144.0,PSYCH,2011-07-27,
PT12800,06626942,Charles,Sullivan,M,1972-08-25,Bluestone,OH,45502,(555) 930-8198,charles.sullivan32@example.com,English,PY04,PRV1130,72.5,160.4,OA,2012-03-12,
PT12801,03308583,Richard,Chen,M,1961-11-09,Pine Hollow,OH,45640,(555) 357-7400,,English,PY05,PRV1126,65.9,159.0,,2023-12-26,
PT12802,05293063,Diana,Murphy,F,1987-07-11,Cedar Ridge,OH,45720,(555) 350-0261,diana.murphy11@example.com,English,PY06,PRV1133,62.7,170.6,,2021-08-07,
PT12803,07334138,Katherine,Ward,F,1934-01-19,Fairhaven,OH,45620,(555) 752-8925,katherine.ward46@example.com,English,PY01,PRV1125,61.4,161.0,CANCER;OA,2014-11-27,
PT12804,08780939,Brenda,Gardner,F,1977-09-29,Lakeview Heights,OH,45510,(555) 906-5564,brenda.gardner10@example.com,English,PY03,PRV1139,67.3,136.3,CANCER,2021-09-10,
PT12805,04139796,George,Rivera,M,1996-01-21,Fairhaven,OH,45620,(555) 484-5195,george.rivera23@example.com,English,PY03,PRV1133,71.8,238.3,,2023-06-28,
PT12806,05717085,Jack,Patel,M,1993-11-06,Bluestone,OH,45501,(555) 892-3146,jack.patel91@example.com,English,PY06,PRV1128,69.0,249.1,,2016-05-10,
PT12807,08179100,Jessica,Henry,F,1962-08-29,Ashby Falls,OH,45610,(555) 858-3437,jessica.henry77@example.com,English,PY03,PRV1128,58.9,81.5,PSYCH,2019-06-10,
PT12808,04977484,Mason,Armstrong,M,1948-05-10,Cedar Ridge,OH,45720,(555) 470-5330,mason.armstrong52@example.com,English,PY03,PRV1136,71.1,275.5,HTN;CKD;CANCER;PSYCH,2023-08-14,2024-08-19
PT12809,09781994,Peter,Hawkins,M,1985-12-07,Cedar Ridge,OH,45720,(555) 202-1590,,English,PY01,PRV1130,67.0,165.5,,2023-07-30,
PT12810,08411973,Dorothy,Hudson,F,1973-04-19,Granite Springs,OH,45750,(555) 270-1896,,English,PY06,PRV1128,67.5,231.6,,2018-12-24,
PT12811,05746890,Christine,Moore,F,1976-07-29,Bluestone,OH,45502,(555) 254-8781,christine.moore34@example.com,English,PY04,PRV1133,60.5,176.6,HTN;PSYCH,2014-10-12,
PT12812,07702072,Timothy,Ruiz,M,2025-10-09,Riverbend,OH,45545,(555) 773-3665,,English,PY03,PRV1105,19.4,10.6,,2024-05-10,
PT12813,06407806,Heather,Petrov,F,2001-07-04,Fairhaven,OH,45620,(555) 953-3896,heather.petrov48@example.com,English,PY05,PRV1139,63.8,115.5,,2023-08-02,
PT12814,01623166,Samuel,Reyes,M,1941-02-02,Bluestone,OH,45502,(555) 445-2938,samuel.reyes93@example.com,Spanish,PY01,PRV1132,67.5,215.9,HTN,2023-10-25,
PT12815,03552151,Ruth,Brooks,F,1965-02-19,Ashby Falls,OH,45610,(555) 787-8423,ruth.brooks85@example.com,English,PY04,PRV1139,67.3,221.9,,2022-01-01,
PT12816,03319077,Sophia,Castro,F,1967-03-15,Riverbend,OH,45545,(555) 451-3419,sophia.castro6@example.com,English,PY03,,65.4,177.1,HTN;PSYCH,2023-08-15,
PT12817,03427827,Carl,Riley,M,1990-12-03,Pine Hollow,OH,45640,(555) 704-0111,carl.riley48@example.com,English,PY07,PRV1128,69.8,198.1,DM,2022-10-26,
PT12818,03764910,Edward,Spencer,M,1951-07-23,Bluestone,OH,45501,(555) 583-1404,edward.spencer53@example.com,English,PY02,PRV1128,67.1,123.4,HTN;AFIB;CANCER,2008-06-08,
PT12819,06676737,Frank,Lane,M,1951-05-02,Fairhaven,OH,45620,(555) 630-5992,frank.lane64@example.com,English,PY02,PRV1127,65.5,166.5,COPD,2023-11-01,
PT12820,05462728,Aaron,Palmer,M,2019-06-13,Lakeview Heights,OH,45510,(555) 912-6304,,English,PY05,PRV1108,36.9,43.1,,2023-12-29,
PT12821,01942895,Madison,Graham,F,1956-04-05,Pine Hollow,OH,45640,(555) 354-1445,madison.graham17@example.com,English,PY02,PRV1133,59.9,116.7,,2023-03-22,
PT12822,04757754,Albert,Gutierrez,M,1997-01-28,Cedar Ridge,OH,45720,(555) 286-6900,albert.gutierrez79@example.com,English,PY03,PRV1136,68.8,237.3,,2008-02-02,
PT12823,03740102,Jonathan,Simmons,M,1931-09-19,Lakeview Heights,OH,45510,(555) 882-6750,jonathan.simmons15@example.com,English,PY04,PRV1134,66.8,205.1,HF,2024-09-26,
PT12824,07306870,Carol,Willis,F,1926-05-18,Granite Springs,OH,45750,(555) 684-3919,carol.willis8@example.com,English,PY02,PRV1124,67.8,160.9,HTN,2023-04-20,
PT12825,00031336,Christian,Washington,M,2002-01-22,Cedar Ridge,OH,45720,(555) 649-5222,,English,PY04,PRV1133,68.1,206.7,ETOH,2008-11-11,
PT12826,04088435,Amber,Chen,F,1951-10-29,Cedar Ridge,OH,45720,(555) 693-0415,amber.chen79@example.com,English,PY01,PRV1133,63.0,175.3,HTN;HF,2019-02-09,
PT12827,06007505,Camila,Medina,F,1971-07-14,Lakeview Heights,OH,45510,(555) 729-2937,camila.medina68@example.com,English,PY06,PRV1126,64.3,192.7,,2023-03-10,
PT12828,04606876,Denise,Abbott,F,1929-02-22,Bluestone,OH,45501,(555) 771-8412,denise.abbott86@example.com,English,PY02,PRV1128,61.3,163.7,HTN;COPD;AFIB;CKD,2010-05-30,
PT12829,07754767,Amber,Castillo,F,1969-11-26,Bluestone,OH,45501,(555) 947-6524,amber.castillo43@example.com,English,PY07,PRV1129,62.0,136.9,HTN,2014-07-24,
PT12830,04892571,Nicole,Arnold,F,1978-07-22,Cedar Ridge,OH,45720,(555) 366-2828,nicole.arnold61@example.com,English,PY06,PRV1132,68.7,159.6,,2016-04-04,
PT12831,08948223,Brian,Harrison,M,1998-02-09,Cedar Ridge,OH,45720,(555) 445-6808,,English,PY03,PRV1125,66.6,200.5,PSYCH,2010-04-10,2024-04-20
PT12832,09479001,Doris,Cooper,F,1948-01-29,Bluestone,OH,45503,(555) 393-8903,,English,PY01,PRV1132,64.3,175.3,HTN;CKD,2019-04-20,
PT12833,00840525,Raymond,Arnold,M,1968-06-19,Bluestone,OH,45501,(555) 587-5967,raymond.arnold78@example.com,Spanish,PY05,PRV1140,68.2,244.1,OA,2015-06-26,
PT12834,03666653,Charlotte,Lawrence,F,1953-04-25,Cedar Ridge,OH,45720,(555) 689-0967,charlotte.lawrence71@example.com,English,PY01,PRV1136,60.3,174.3,HTN,2019-06-29,
PT12835,07344075,Natalie,Jackson,F,1965-02-19,Bluestone,OH,45503,(555) 578-3874,,English,PY03,PRV1127,66.2,150.9,,2013-09-20,
PT12836,04500070,Minh,Brooks,M,1981-06-15,Bluestone,OH,45501,(555) 770-8494,minh.brooks85@example.com,English,PY03,PRV1136,66.2,180.4,,2013-04-05,
PT12837,02496104,Lucia,Stephens,F,1954-06-15,Lakeview Heights,OH,45510,(555) 302-6390,lucia.stephens60@example.com,English,PY01,PRV1131,60.5,175.8,,2014-09-24,
PT12838,01349052,Mateo,Palmer,M,1934-05-01,Bluestone,OH,45503,(555) 262-3161,mateo.palmer53@example.com,English,PY02,PRV1134,63.3,187.2,HTN,2012-08-26,2025-02-18
PT12839,08079623,Rebecca,Wilson,F,1992-04-08,Fairhaven,OH,45620,(555) 243-5347,,English,PY03,PRV1134,66.4,228.6,,2013-05-20,
PT12840,05450661,Alexis,Vargas,F,2017-11-23,Lakeview Heights,OH,45510,(555) 871-7984,,English,PY04,PRV1104,42.7,56.9,,2022-08-22,
PT12841,09440375,Grace,Ruiz,F,1947-10-21,Bluestone,OH,45502,(555) 222-3535,grace.ruiz60@example.com,English,PY02,PRV1131,62.0,167.6,DM;OA,2018-12-24,
PT12842,04277304,Nicholas,Wells,M,1959-07-19,Bluestone,OH,45502,(555) 979-3543,nicholas.wells55@example.com,Spanish,PY04,PRV1129,65.6,149.0,DM;COPD,2009-02-12,2024-10-12
PT12843,07938757,Gregory,Hansen,M,1949-11-13,Bluestone,OH,45501,(555) 247-7837,gregory.hansen90@example.com,Spanish,PY02,PRV1138,73.1,266.4,CANCER,2012-03-26,
PT12844,01093317,Megan,Grant,F,2009-05-30,Cedar Ridge,OH,45720,(555) 340-0376,megan.grant47@example.com,English,PY03,PRV1108,60.7,80.0,,2022-05-02,
PT12845,00781223,Elizabeth,Rose,F,1957-03-20,Pine Hollow,OH,45640,(555) 768-5581,elizabeth.rose38@example.com,English,PY01,PRV1125,64.3,167.6,,2014-04-16,
PT12846,08309761,Stephen,Warren,M,1956-07-08,Bluestone,OH,45501,(555) 636-4335,,English,PY01,PRV1129,72.0,211.3,HTN,2013-06-07,
PT12847,00156612,Steven,Perkins,M,2025-06-16,Bluestone,OH,45502,(555) 843-3021,,English,PY03,PRV1106,19,9.9,,2024-07-01,
PT12848,08967898,Ashley,Okafor,F,1964-11-15,Cedar Ridge,OH,45720,(555) 688-2115,,English,PY03,PRV1133,60.6,112.4,ASTHMA,2011-02-16,
PT12849,05764909,Diane,Hicks,F,2014-02-04,Cedar Ridge,OH,45720,(555) 240-1801,,English,PY05,PRV1104,48.8,80.0,ASTHMA,2015-04-13,
PT12850,00528891,Peter,Alvarado,M,1977-02-06,Bluestone,OH,45501,(555) 531-2817,peter.alvarado86@example.com,English,PY06,PRV1137,66.5,210.0,DM,2022-07-19,
PT12851,02913837,Robert,Lopez,M,1937-05-14,Cedar Ridge,OH,45720,(555) 675-9321,,English,PY01,PRV1126,69.0,191.4,,2022-05-21,
PT12852,04041964,Abigail,Ray,F,1996-09-14,Millbrook,OH,45530,(555) 329-9705,abigail.ray3@example.com,English,PY03,PRV1135,66.9,223.2,ASTHMA,2020-01-08,
PT12853,09604705,Bryan,Jordan,M,1997-04-27,Bluestone,OH,45501,(555) 258-9860,bryan.jordan2@example.com,English,PY07,PRV1126,71.3,311.7,,2019-06-05,
PT12854,03998003,Sean,Ward,M,1957-08-13,Bluestone,OH,45501,(555) 901-1642,,English,PY02,PRV1132,70.2,200.0,HTN,2013-03-28,
PT12855,04835833,Fatima,Sandoval,F,1970-10-16,Bluestone,OH,45502,(555) 318-4456,,English,PY05,PRV1126,57.3,129.1,HTN,2022-10-09,
PT12856,01796077,Kelly,Ray,F,1959-08-17,Millbrook,OH,45530,(555) 466-0873,kelly.ray59@example.com,Vietnamese,PY01,PRV1129,62.3,139.2,HTN;DM,2009-04-06,
PT12857,05061485,Dylan,Long,M,1965-10-08,Bluestone,OH,45503,(555) 716-0095,dylan.long51@example.com,Spanish,PY04,PRV1140,68.4,168.1,HF,2023-04-03,
PT12858,01677797,Linda,Carpenter,F,1977-06-05,Cedar Ridge,OH,45720,(555) 348-7525,linda.carpenter43@example.com,Spanish,PY04,PRV1124,65.4,160.2,,2008-05-25,
PT12859,00616527,Sara,Armstrong,F,2023-09-07,Ashby Falls,OH,45610,(555) 673-9913,,English,PY05,,23.7,12.5,,2023-11-29,
PT12860,02819760,Thomas,Kelley,M,1963-05-29,Granite Springs,OH,45750,(555) 516-3547,thomas.kelley73@example.com,English,PY07,PRV1132,70.2,243.0,DM;HF;COPD,2024-03-04,
PT12861,00191674,Diego,Ray,M,1967-03-13,Oak Glen,OH,45730,(555) 314-6808,diego.ray86@example.com,English,PY05,PRV1125,68.2,154.1,COPD,2016-06-11,
PT12862,09810155,Karen,Garcia,F,1933-11-11,Millbrook,OH,45530,(555) 504-1389,karen.garcia58@example.com,English,PY02,PRV1129,62.6,99.2,HTN,2010-05-21,
PT12863,07509338,Mia,Romero,F,1957-11-18,Lakeview Heights,OH,45510,(555) 935-8851,mia.romero35@example.com,English,PY02,PRV1125,67.1,166.9,HTN,2018-10-20,
PT12864,08577033,Joyce,Tucker,F,1953-05-12,Bluestone,OH,45502,(555) 698-1747,,English,PY02,PRV1133,63.2,145.0,AFIB,2009-03-29,
PT12865,07241730,Dorothy,Haddad,F,1934-02-01,Ashby Falls,OH,45610,(555) 847-1991,dorothy.haddad6@example.com,English,PY02,,61.8,140.3,,2016-05-25,
PT12866,03063379,Elijah,Daniels,M,1999-12-07,Pine Hollow,OH,45640,(555) 757-1869,elijah.daniels24@example.com,English,PY03,PRV1126,71.6,214.9,,2010-10-10,
PT12867,03923192,Henry,Medina,M,1951-11-05,Cedar Ridge,OH,45720,(555) 874-3717,,Spanish,PY01,,73.7,267.3,HTN;DM;OA,2022-05-06,
PT12868,04398808,Martha,Howard,F,1971-01-09,Bluestone,OH,45501,(555) 512-1417,,English,PY03,PRV1125,68.4,270.8,,2023-12-06,
PT12869,02663697,Lucas,Scott,M,1957-08-12,Bluestone,OH,45503,(555) 956-0389,lucas.scott27@example.com,English,PY03,PRV1127,68.4,161.2,HTN;HF;OA,2022-04-03,
PT12870,03728368,Megan,Hall,F,1933-09-02,Bluestone,OH,45501,(555) 918-3714,megan.hall86@example.com,English,PY01,PRV1137,61.9,194.4,COPD;CANCER,2023-06-17,
PT12871,03913232,Aaron,Willis,M,2016-11-21,Oak Glen,OH,45730,(555) 431-9656,,English,PY03,PRV1107,43.0,58.3,,2022-07-29,
PT12872,03115591,Samuel,Peterson,M,1962-06-28,Cedar Ridge,OH,45720,(555) 228-2383,samuel.peterson26@example.com,English,PY03,PRV1135,66.8,254.1,,2022-01-15,
PT12873,00207064,Judith,Bryant,F,1956-07-29,Bluestone,OH,45501,(555) 830-4077,judith.bryant83@example.com,English,PY01,PRV1131,61.6,183.5,HTN,2015-11-28,
PT12874,08347484,Mei,Daniels,F,1991-04-30,Ashby Falls,OH,45610,(555) 735-7501,,English,PY04,PRV1137,67.8,145.9,,2024-04-01,
PT12875,01449704,Dorothy,Weaver,F,2025-11-20,Lakeview Heights,OH,45510,(555) 954-6968,,English,PY03,PRV1104,19.9,8.7,,2024-08-06,
PT12876,03239525,Kevin,Gomez,M,1931-06-03,Bluestone,OH,45501,(555) 916-0723,kevin.gomez3@example.com,Mandarin,PY01,PRV1138,70.3,135.1,HTN;AFIB,2017-01-27,
PT12877,04471523,John,Crawford,M,1995-01-10,Bluestone,OH,45502,(555) 793-3199,,English,PY04,PRV1130,69.6,231.8,,2016-06-15,
PT12878,07816913,Bradley,Medina,M,1970-01-10,Fairhaven,OH,45620,(555) 601-1345,,Vietnamese,PY04,PRV1132,72.1,235.4,HTN;CKD,2009-10-21,
PT12879,04053268,Priya,Hoffman,F,1959-08-15,Bluestone,OH,45501,(555) 600-3768,priya.hoffman4@example.com,English,PY01,PRV1126,63.5,145.9,HTN,2023-08-20,
PT12880,08650893,Kenneth,Bell,M,1967-04-08,Pine Hollow,OH,45640,(555) 869-7399,kenneth.bell59@example.com,English,PY03,PRV1132,72.0,281.7,ETOH,2014-01-16,
PT12881,01120131,Evelyn,Mills,F,1955-11-20,Bluestone,OH,45501,(555) 265-2086,,Spanish,PY02,PRV1131,63.9,178.1,,2011-12-31,
PT12882,09205091,Larry,Novak,M,1990-05-13,Cedar Ridge,OH,45720,(555) 246-8236,,English,PY07,PRV1129,72.1,202.5,,2023-06-15,
PT12883,09585308,Bruce,Armstrong,M,1976-07-29,Bluestone,OH,45502,(555) 358-6480,,English,PY06,PRV1127,67.1,164.3,DM,2015-09-14,
PT12884,02307726,Zachary,Perez,M,1936-10-20,Bluestone,OH,45501,(555) 853-4293,zachary.perez45@example.com,Spanish,PY02,PRV1130,69.6,275.6,DM,2015-10-20,
PT12885,02168229,Bobby,Contreras,M,1928-12-15,Bluestone,OH,45503,(555) 528-4307,,English,PY01,,66.1,146.7,COPD,2022-07-26,
PT12886,01086963,Paul,Nguyen,M,1979-03-06,Lakeview Heights,OH,45510,(555) 291-5273,,English,PY06,PRV1128,75.8,237.7,,2021-12-21,
PT12887,04206411,Gregory,Thompson,M,1950-12-10,Ashby Falls,OH,45610,(555) 960-0403,gregory.thompson13@example.com,English,PY01,PRV1129,67.1,137.1,PSYCH,2021-10-02,
PT12888,09254099,Ethan,Stone,M,1977-10-03,Bluestone,OH,45501,(555) 672-3317,ethan.stone64@example.com,English,PY05,PRV1131,69.5,208.4,HTN;DM,2020-09-03,
PT12889,09621193,Nicole,Walker,F,1987-02-16,Bluestone,OH,45501,(555) 984-1011,,English,PY01,PRV1137,62.3,197.1,,2020-11-02,
PT12890,03524038,Hannah,Rodriguez,F,1932-09-26,Cedar Ridge,OH,45720,(555) 509-4482,hannah.rodriguez94@example.com,English,PY03,PRV1127,60.8,132.3,,2021-09-04,
PT12891,06785087,David,Miller,M,1959-04-30,Oak Glen,OH,45730,(555) 690-4207,,Vietnamese,PY01,PRV1140,74.3,206.7,HTN;AFIB,2015-10-21,
PT12892,08397185,Joan,Vasquez,F,2002-08-16,Granite Springs,OH,45750,(555) 891-4598,joan.vasquez75@example.com,English,PY06,PRV1136,68.3,170.7,ASTHMA;PSYCH,2023-06-09,
PT12893,00698861,Deborah,Murphy,F,1976-03-15,Cedar Ridge,OH,45720,(555) 337-7057,deborah.murphy63@example.com,English,PY04,PRV1131,66.1,135.2,HTN,2015-05-01,
PT12894,08346359,Sophia,Martin,F,1949-04-20,Bluestone,OH,45502,(555) 589-2098,sophia.martin84@example.com,English,PY01,PRV1130,66.7,177.7,HTN,2018-04-03,
PT12895,00252890,Victoria,Gonzales,F,2000-06-01,Riverbend,OH,45545,(555) 425-8794,victoria.gonzales23@example.com,English,PY04,PRV1129,67.3,205.8,,2020-11-17,
PT12896,05630106,Natalie,Rogers,F,1957-04-15,Granite Springs,OH,45750,(555) 886-9370,,English,PY02,,65.9,220.2,DM;COPD,2018-03-31,
PT12897,06760433,Noah,Hughes,M,1948-07-20,Lakeview Heights,OH,45510,(555) 658-1375,noah.hughes12@example.com,English,PY01,PRV1140,69.7,237.6,AFIB,2024-01-01,
PT12898,01582184,Carolyn,Jordan,F,2002-06-20,Ashby Falls,OH,45610,(555) 571-8511,,English,PY03,,62.5,140.3,,2020-09-04,
PT12899,07687867,Ivan,James,M,1978-12-20,Bluestone,OH,45501,(555) 665-9317,ivan.james81@example.com,English,PY04,PRV1134,68.9,184.8,,2023-09-02,
PT12900,01885121,Ann,Johnston,F,2010-04-23,Riverbend,OH,45545,(555) 434-8645,,English,PY03,PRV1106,63.8,134.0,,2020-04-11,
PT12901,00486635,Thomas,Mendez,M,1982-02-07,Bluestone,OH,45503,(555) 328-8156,,Spanish,PY06,PRV1136,66.5,222.0,HTN,2023-03-23,
PT12902,02093150,Walter,Rodriguez,M,1988-08-23,Cedar Ridge,OH,45720,(555) 709-6734,,English,PY07,PRV1130,67.6,127.8,,2013-03-03,
PT12903,07050556,Helen,Chavez,F,2020-12-23,Riverbend,OH,45545,(555) 697-4114,,English,PY03,PRV1107,33.6,33.6,,2024-10-03,
PT12904,07612554,Samuel,Thomas,M,1980-10-08,Fairhaven,OH,45620,(555) 831-1220,samuel.thomas10@example.com,English,PY06,PRV1127,69.3,184.3,COPD;PSYCH,2022-07-10,
PT12905,07991376,Samantha,Gray,F,1930-06-21,Ashby Falls,OH,45610,(555) 392-8018,samantha.gray31@example.com,English,PY01,,62.3,147.7,DM,2010-06-05,
PT12906,08127119,Philip,Bryant,M,1933-05-19,Millbrook,OH,45530,(555) 332-9169,philip.bryant33@example.com,English,PY02,PRV1134,69.5,175.7,HTN,2020-12-11,
PT12907,08037077,Jacqueline,Yilmaz,F,2005-01-02,Bluestone,OH,45503,(555) 608-4088,,Spanish,PY06,PRV1124,64.0,183.1,,2012-11-15,
PT12908,02728460,Brittany,Stevens,F,1979-05-30,Bluestone,OH,45502,(555) 453-9894,,Spanish,PY05,PRV1138,62.3,169.8,DM,2020-11-13,
PT12909,05700657,Mia,Kim,F,1958-05-30,Cedar Ridge,OH,45720,(555) 747-7653,mia.kim50@example.com,English,PY01,,59.3,159.3,HTN;COPD;CKD,2013-06-13,
PT12910,04269976,Bryan,Cox,M,1970-05-03,Oak Glen,OH,45730,(555) 485-6558,bryan.cox4@example.com,English,PY05,PRV1140,71.4,163.3,HTN;PSYCH,2008-04-16,
PT12911,08803887,Luis,Henderson,M,1955-06-26,Millbrook,OH,45530,(555) 582-7338,luis.henderson70@example.com,English,PY01,PRV1135,67.5,161.7,DM;ASTHMA,2023-09-13,
PT12912,03211798,Samuel,Perez,M,1976-04-07,Bluestone,OH,45502,(555) 979-1873,samuel.perez14@example.com,English,PY05,PRV1124,69.1,226.4,HTN,2018-11-10,
PT12913,05726228,Brenda,Cunningham,F,1949-11-08,Bluestone,OH,45502,(555) 606-2097,,English,PY01,PRV1126,65.3,189.2,,2023-12-10,
PT12914,06998517,Melissa,Payne,F,1948-07-10,Bluestone,OH,45503,(555) 475-7403,,Spanish,PY01,PRV1140,68.9,159.3,HF,2024-01-13,2025-01-09
PT12915,09753483,Gabriel,Bailey,M,1971-12-16,Fairhaven,OH,45620,(555) 617-1784,gabriel.bailey7@example.com,English,PY04,PRV1135,67.5,224.7,,2021-05-22,
PT12916,05752716,Nathan,Martin,M,1966-03-24,Ashby Falls,OH,45610,(555) 822-4477,,English,PY03,PRV1137,63.4,164.7,PSYCH,2021-04-24,
PT12917,05576619,Sara,Bryant,F,1943-08-03,Cedar Ridge,OH,45720,(555) 699-6583,sara.bryant61@example.com,English,PY01,PRV1137,64.0,201.4,OA,2021-01-30,
PT12918,01007543,Hassan,Perry,M,1957-01-06,Bluestone,OH,45502,(555) 575-5683,,English,PY01,PRV1124,70.0,179.0,HTN;AFIB,2009-04-09,
PT12919,03928116,Janice,Flores,F,1947-09-09,Bluestone,OH,45502,(555) 615-5780,,English,PY01,PRV1140,61.7,141.7,CKD,2017-09-20,
PT12920,08812683,Logan,Harris,M,1973-11-25,Bluestone,OH,45503,(555) 930-8485,logan.harris45@example.com,English,PY03,PRV1129,71.3,156.3,ETOH,2020-01-21,
PT12921,06963538,Andrew,Nichols,M,1931-06-28,Bluestone,OH,45501,(555) 434-8352,,English,PY01,PRV1131,67.4,191.3,HTN;AFIB;CKD,2018-05-28,
PT12922,01617746,Thomas,Lewis,M,1947-02-18,Cedar Ridge,OH,45720,(555) 472-3946,,English,PY01,PRV1140,66.0,208.2,HTN,2020-04-08,
PT12923,01786386,Carlos,Santos,M,1952-12-22,Bluestone,OH,45502,(555) 238-9242,carlos.santos91@example.com,Vietnamese,PY02,PRV1137,69.3,190.8,HTN,2021-10-28,
PT12924,04681324,Tyler,Gonzales,M,1930-10-30,Bluestone,OH,45502,(555) 264-8083,,English,PY01,PRV1126,70.8,164.9,DM,2020-11-13,2025-11-23
PT12925,07867472,Christine,Weaver,F,1968-04-30,Fairhaven,OH,45620,(555) 891-3355,christine.weaver30@example.com,Spanish,PY06,PRV1124,64.9,215.2,,2016-04-30,
PT12926,06714580,Judith,Ferguson,F,2024-09-23,Granite Springs,OH,45750,(555) 908-3316,,English,PY03,PRV1105,21.9,8.9,,2024-02-18,
PT12927,02469301,Deborah,Berry,F,1957-04-23,Pine Hollow,OH,45640,(555) 609-6027,deborah.berry61@example.com,English,PY01,PRV1125,61.8,180.8,CANCER,2023-02-26,
PT12928,03949579,Rebecca,Mason,F,1936-05-13,Bluestone,OH,45502,(555) 685-8985,rebecca.mason43@example.com,English,PY02,PRV1127,63.3,154.8,HTN;AFIB;OA,2024-02-08,
PT12929,04865496,Brandon,Jimenez,M,1970-05-14,Bluestone,OH,45502,(555) 681-2893,brandon.jimenez86@example.com,English,PY03,PRV1139,70.2,199.1,HTN;PSYCH;ETOH,2020-06-23,
PT12930,00978073,Logan,Silva,M,1974-08-10,Ashby Falls,OH,45610,(555) 534-3999,,English,PY06,PRV1137,66.7,239.5,ETOH,2023-12-07,
PT12931,06277663,Steven,Moreno,M,1937-07-08,Ashby Falls,OH,45610,(555) 897-6553,,English,PY02,PRV1138,70.1,125.8,HTN;CKD,2013-12-17,
PT12932,00783016,Grace,Marshall,F,2023-02-20,Cedar Ridge,OH,45720,(555) 755-1803,,English,PY03,PRV1106,24.7,15.7,,2023-12-18,
PT12933,00396425,Randy,Kelly,M,1950-03-29,Granite Springs,OH,45750,(555) 399-4276,,English,PY01,PRV1140,72.0,162.3,HTN;CKD;CANCER,2022-09-27,
PT12934,09313525,Nicholas,Wallace,M,1981-11-18,Cedar Ridge,OH,45720,(555) 679-3247,nicholas.wallace59@example.com,English,PY07,PRV1126,70.6,188.4,DM;ASTHMA,2022-04-17,
PT12935,07126337,Hassan,Dunn,M,1951-06-30,Ashby Falls,OH,45610,(555) 223-3680,,English,PY01,PRV1139,70.4,157.3,HF;OA,2008-04-22,
PT12936,00538328,Luis,Campbell,M,1957-06-02,Millbrook,OH,45530,(555) 916-8953,,English,PY01,PRV1128,66.6,172.4,SEIZURE,2021-08-07,
PT12937,05739747,Alexis,Willis,F,2001-09-10,Pine Hollow,OH,45640,(555) 387-0069,,English,PY05,,59.3,147.1,,2016-10-27,
PT12938,02284522,Gregory,Washington,M,1951-10-02,Bluestone,OH,45501,(555) 500-9635,gregory.washington24@example.com,English,PY01,PRV1134,67.4,231.6,HTN,2023-06-13,
PT12939,07023083,Omar,Ward,M,1995-03-21,Riverbend,OH,45545,(555) 979-5569,,English,PY04,PRV1133,68.1,172.8,,2013-02-23,
PT12940,06475139,Deborah,McDonald,F,2024-01-22,Lakeview Heights,OH,45510,(555) 460-2547,,English,PY05,PRV1108,24.6,11.1,,2024-04-06,
PT12941,08280258,Juan,Gonzales,M,2018-07-02,Fairhaven,OH,45620,(555) 569-4070,,English,PY03,PRV1106,39.4,43.8,,2021-07-21,
PT12942,03627098,Katherine,Hart,F,2016-08-23,Millbrook,OH,45530,(555) 717-0744,,English,PY06,PRV1107,44.3,65.3,,2023-06-29,
PT12943,05940469,Victoria,Reynolds,F,1969-02-09,Bluestone,OH,45502,(555) 934-4574,victoria.reynolds48@example.com,English,PY06,PRV1132,63.6,160.9,HTN;DM;HF,2018-06-11,
PT12944,06914863,Eric,Lane,M,1989-04-12,Fairhaven,OH,45620,(555) 927-4837,eric.lane9@example.com,English,PY06,PRV1131,68.3,216.5,,2018-04-24,
PT12945,01808639,Virginia,Delgado,F,1931-05-07,Granite Springs,OH,45750,(555) 372-7037,virginia.delgado82@example.com,Spanish,PY03,PRV1138,61.0,203.9,HTN;HF,2023-09-16,
PT12946,07719730,Grace,Gray,F,1976-05-16,Bluestone,OH,45501,(555) 311-1138,,English,PY04,PRV1125,62.9,193.3,HTN,2020-02-16,
PT12947,09533208,Ethan,Carpenter,M,1976-04-15,Bluestone,OH,45501,(555) 374-7862,,English,PY03,PRV1138,67.7,174.9,,2022-07-25,
PT12948,02389560,Diana,Sanchez,F,2016-10-29,Bluestone,OH,45502,(555) 220-4806,,English,PY06,PRV1106,42.6,56.0,,2020-09-20,
PT12949,05204253,Patricia,Gray,F,1980-01-15,Bluestone,OH,45502,(555) 862-0212,patricia.gray83@example.com,English,PY03,PRV1133,57.8,95.8,DM,2023-10-29,
PT12950,00396617,Robert,Abbott,M,1947-10-03,Lakeview Heights,OH,45510,(555) 412-4743,robert.abbott33@example.com,English,PY01,PRV1138,69.9,209.1,HTN;DM;OA,2021-12-12,2025-07-26
PT12951,01690737,Vincent,Willis,M,1998-08-01,Bluestone,OH,45501,(555) 324-2398,vincent.willis3@example.com,English,PY05,PRV1134,63.9,208.6,PSYCH,2015-04-22,
PT12952,02247691,Omar,Taylor,M,2005-02-07,Granite Springs,OH,45750,(555) 761-3958,omar.taylor5@example.com,English,PY06,PRV1134,70.3,205.1,,2019-07-04,
PT12953,08122479,Heather,Ryan,F,2019-04-01,Bluestone,OH,45502,(555) 816-3678,,English,PY03,PRV1108,33.8,23.7,,2022-12-08,
PT12954,04046652,Peter,Willis,M,1993-01-16,Fairhaven,OH,45620,(555) 489-3980,peter.willis91@example.com,English,PY06,PRV1134,70.5,141.9,,2012-07-07,
PT12955,05402530,Raymond,Porter,M,1947-06-16,Cedar Ridge,OH,45720,(555) 253-1430,raymond.porter59@example.com,English,PY02,PRV1135,72.0,152.1,DM;AFIB,2009-11-14,
PT12956,01519007,Marilyn,Griffin,F,1981-01-22,Bluestone,OH,45502,(555) 429-6981,,English,PY04,PRV1132,59.7,182.0,HTN;ASTHMA,2020-11-19,
PT12957,07297441,Justin,Evans,M,1930-09-19,Bluestone,OH,45502,(555) 966-1357,,Vietnamese,PY02,PRV1132,66.1,207.1,HTN;DM;COPD,2009-04-28,2025-09-19
PT12958,09873175,Joan,Robinson,F,1950-08-04,Bluestone,OH,45501,(555) 745-9237,joan.robinson60@example.com,English,PY02,PRV1137,67.7,190.7,,2023-08-25,
PT12959,06570664,Janice,Wood,F,1967-07-02,Bluestone,OH,45503,(555) 592-3459,janice.wood24@example.com,English,PY04,PRV1128,68.9,187.4,HTN,2021-03-02,
PT12960,05733644,Kathryn,Crawford,F,2007-08-17,Bluestone,OH,45503,(555) 248-3791,kathryn.crawford83@example.com,English,PY05,PRV1140,66.3,241.2,,2024-03-04,
PT12961,03960352,Brittany,Watson,F,1961-09-13,Bluestone,OH,45501,(555) 959-5971,,English,PY01,PRV1134,66.9,190.5,PSYCH,2019-12-10,
PT12962,05067472,Amy,Lawrence,F,1978-07-07,Bluestone,OH,45501,(555) 728-8501,amy.lawrence51@example.com,English,PY04,PRV1140,64.9,129.7,,2024-04-29,
PT12963,04215070,Doris,Perez,F,1934-02-03,Cedar Ridge,OH,45720,(555) 246-8613,doris.perez1@example.com,English,PY01,PRV1129,64.9,160.9,HF;AFIB,2023-11-28,
PT12964,04545045,Laura,Aguilar,F,1945-07-09,Bluestone,OH,45502,(555) 838-4719,laura.aguilar7@example.com,English,PY01,PRV1139,69.3,189.3,HTN;OA,2018-10-04,2024-11-10
PT12965,06790899,Debra,Pena,F,1936-10-12,Riverbend,OH,45545,(555) 329-2179,debra.pena81@example.com,English,PY02,PRV1137,64.9,224.7,HTN,2023-06-01,
PT12966,05757356,Emma,Sullivan,F,1931-02-18,Ashby Falls,OH,45610,(555) 400-9387,emma.sullivan57@example.com,English,PY02,PRV1131,62.7,128.3,HTN,2011-05-04,
PT12967,02788891,Jennifer,Black,F,1965-05-04,Lakeview Heights,OH,45510,(555) 833-7769,,English,PY05,PRV1130,65.6,206.2,,2019-11-08,
PT12968,04851005,Virginia,Reyes,F,1954-08-29,Bluestone,OH,45501,(555) 591-1503,virginia.reyes3@example.com,English,PY02,PRV1139,64.1,145.0,CANCER,2013-12-24,
PT12969,02848688,Diana,Sanders,F,1984-12-20,Lakeview Heights,OH,45510,(555) 779-5841,,English,PY04,PRV1140,67.3,167.6,,2021-05-12,
PT12970,01173320,Rebecca,Russell,F,2012-01-31,Riverbend,OH,45545,(555) 543-1406,,English,PY04,PRV1105,65.5,125.3,,2017-05-01,
PT12971,05674546,Sara,Rivera,F,2003-05-08,Bluestone,OH,45501,(555) 959-7535,,English,PY05,PRV1131,64.9,191.7,,2010-01-27,
PT12972,09901687,Sarah,Ramos,F,1949-10-02,Bluestone,OH,45501,(555) 976-8822,,English,PY01,PRV1125,62.3,127.7,HTN,2014-12-16,
PT12973,08168693,Anthony,Dunn,M,1960-07-13,Bluestone,OH,45502,(555) 379-9283,anthony.dunn33@example.com,English,PY02,PRV1139,68.3,149.4,HTN;AFIB;PSYCH;OA,2019-02-08,
PT12974,02066863,Jeremy,Matthews,M,1969-12-12,Bluestone,OH,45501,(555) 529-9630,jeremy.matthews63@example.com,English,PY03,PRV1136,66.0,162.5,,2020-11-22,
PT12975,03960478,Ryan,Aguilar,M,2006-07-18,Bluestone,OH,45501,(555) 905-3963,ryan.aguilar56@example.com,English,PY06,PRV1136,70.1,232.5,,2023-08-11,
PT12976,01483965,Larry,Garza,M,1946-01-06,Cedar Ridge,OH,45720,(555) 275-1874,larry.garza4@example.com,English,PY01,PRV1128,70.0,162.5,ETOH,2016-09-01,
PT12977,03059093,Jean,Lee,F,1946-05-19,Bluestone,OH,45502,(555) 972-2401,,English,PY01,PRV1126,67.9,240.6,,2016-02-02,
PT12978,09354145,Harold,Romero,M,1951-09-14,Oak Glen,OH,45730,(555) 815-3698,harold.romero96@example.com,English,PY01,PRV1124,68.8,243.5,HTN,2022-02-22,
PT12979,00851294,Mateo,Moreno,M,1976-05-16,Granite Springs,OH,45750,(555) 277-8092,mateo.moreno52@example.com,English,PY03,PRV1138,64.1,171.5,HTN;DM;PSYCH,2009-06-06,
PT12980,00829480,Angela,Phillips,F,1940-06-13,Ashby Falls,OH,45610,(555) 435-4135,angela.phillips35@example.com,English,PY01,PRV1131,64.0,156.9,HTN,2009-04-04,
PT12981,06944389,Michelle,Fisher,F,1966-02-17,Bluestone,OH,45501,(555) 796-8520,michelle.fisher89@example.com,English,PY05,PRV1128,65.8,186.8,PSYCH,2021-09-04,2025-05-17
PT12982,01452965,Angela,Diaz,F,1951-05-25,Millbrook,OH,45530,(555) 751-0512,angela.diaz23@example.com,English,PY02,PRV1129,65.6,215.1,AFIB,2019-03-19,
PT12983,05755166,Nicholas,Meyer,M,1950-11-28,Riverbend,OH,45545,(555) 322-4186,,English,PY01,PRV1136,68.1,169.7,,2016-04-30,
PT12984,06086499,Liam,Nguyen,M,2001-02-09,Cedar Ridge,OH,45720,(555) 661-9507,liam.nguyen40@example.com,English,PY07,PRV1131,70.8,240.0,,2021-08-08,
PT12985,03345353,Zachary,Okafor,M,1934-03-19,Millbrook,OH,45530,(555) 319-8373,zachary.okafor66@example.com,English,PY01,PRV1132,69.8,253.5,HTN,2009-12-26,
PT12986,01040838,Deborah,Wagner,F,1961-01-18,Ashby Falls,OH,45610,(555) 314-8911,deborah.wagner32@example.com,English,PY04,PRV1126,65.2,193.7,HF,2014-12-07,
PT12987,06135259,Megan,Campbell,F,1988-05-16,Bluestone,OH,45502,(555) 476-2677,megan.campbell72@example.com,English,PY03,PRV1124,65.3,208.6,,2014-10-10,
PT12988,06545996,Doris,Harris,F,1976-12-28,Bluestone,OH,45503,(555) 521-8783,doris.harris90@example.com,Spanish,PY07,PRV1124,65.1,158.4,HTN;DM,2020-07-02,
PT12989,07539656,Linda,Arnold,F,1978-01-31,Cedar Ridge,OH,45720,(555) 536-1633,linda.arnold56@example.com,English,PY04,PRV1140,61.5,184.9,HTN,2008-11-02,
PT12990,03079115,Laura,Wagner,F,1976-05-22,Bluestone,OH,45503,(555) 208-1095,laura.wagner68@example.com,English,PY03,PRV1135,60.7,199.5,,2023-01-16,
PT12991,05999080,Jack,Gordon,M,1937-08-06,Lakeview Heights,OH,45510,(555) 872-3468,jack.gordon80@example.com,English,PY01,PRV1134,70.7,214.8,HTN;HF,2018-07-17,2025-02-27
PT12992,04988438,Jerry,Harrison,M,1971-02-08,Bluestone,OH,45501,(555) 723-7413,jerry.harrison88@example.com,English,PY03,PRV1124,68.7,265.4,HTN,2024-02-10,
PT12993,01102944,Larry,Simmons,M,1995-06-24,Bluestone,OH,45503,(555) 859-2285,,English,PY04,PRV1132,70.5,149.8,DM,2021-07-05,
PT12994,00161288,David,Bennett,M,1981-03-31,Bluestone,OH,45503,(555) 766-6218,david.bennett32@example.com,English,PY05,PRV1129,71.5,243.9,,2021-02-28,
PT12995,08097840,Mateo,Evans,M,1948-04-04,Bluestone,OH,45502,(555) 467-5604,mateo.evans92@example.com,English,PY02,PRV1138,65.4,221.7,HF,2014-06-11,2024-09-17
PT12996,06156440,Hassan,Andrews,M,1957-07-25,Bluestone,OH,45501,(555) 706-8825,hassan.andrews14@example.com,English,PY01,PRV1137,72.4,214.4,HF;OA,2017-10-06,
PT12997,04795528,Ann,Kennedy,F,1997-06-20,Bluestone,OH,45503,(555) 444-3853,,Spanish,PY07,PRV1128,63.7,222.6,,2020-06-21,
PT12998,02039527,Joshua,Griffin,M,1967-08-24,Cedar Ridge,OH,45720,(555) 279-9948,joshua.griffin28@example.com,Vietnamese,PY05,PRV1129,71.5,237.9,,2016-09-11,
PT12999,03844974,Anna,Dixon,F,1933-02-12,Lakeview Heights,OH,45510,(555) 796-5223,anna.dixon28@example.com,English,PY01,PRV1134,64.3,97.0,HTN,2024-01-06,
PT13000,08597569,Mei,Andrews,F,1957-01-10,Bluestone,OH,45501,(555) 682-0239,,English,PY01,PRV1140,65.1,157.9,HTN;PSYCH,2016-11-07,
PT13001,00834852,Samantha,Kennedy,F,1956-05-02,Millbrook,OH,45530,(555) 213-4211,,English,PY01,PRV1140,60.9,138.2,HTN;HF,2021-01-23,
PT13002,02605540,Judy,Ward,F,1981-04-11,Cedar Ridge,OH,45720,(555) 301-4319,,English,PY04,PRV1128,65.8,169.7,,2023-06-14,
PT13003,01638740,Patricia,Ruiz,F,1927-08-10,Bluestone,OH,45501,(555) 566-5031,,English,PY01,PRV1130,65.7,209.5,HF,2021-08-16,2025-01-29
PT13004,09553891,Cheryl,Meyer,F,1960-11-22,Millbrook,OH,45530,(555) 921-8630,,English,PY01,PRV1130,61.7,165.5,AFIB;CANCER,2020-11-06,
PT13005,05011998,Andrew,Pena,M,1965-05-08,Bluestone,OH,45501,(555) 640-0264,andrew.pena87@example.com,English,PY03,PRV1129,68.1,168.8,DM,2022-06-29,
PT13006,09348784,Rachel,Rivera,F,1952-06-25,Pine Hollow,OH,45640,(555) 825-4706,rachel.rivera87@example.com,English,PY02,PRV1138,58.8,193.0,ETOH,2021-07-09,
PT13007,05133949,Angela,Adams,F,1994-01-19,Bluestone,OH,45503,(555) 628-1751,angela.adams84@example.com,English,PY07,PRV1139,64.5,116.6,,2009-05-26,
PT13008,02172512,Jason,Torres,M,1966-05-17,Cedar Ridge,OH,45720,(555) 267-5116,jason.torres65@example.com,English,PY07,PRV1131,67.6,131.9,PSYCH,2014-09-15,
PT13009,09911916,Steven,Arnold,M,1968-09-22,Oak Glen,OH,45730,(555) 338-7403,steven.arnold37@example.com,English,PY04,PRV1128,71.2,206.3,HTN,2022-04-16,
PT13010,00792395,Philip,Foster,M,2024-02-21,Granite Springs,OH,45750,(555) 437-6199,,English,PY05,PRV1106,24.5,13.9,,2024-11-13,
PT13011,06798235,Natalie,Collins,F,1967-03-30,Bluestone,OH,45501,(555) 829-1259,natalie.collins4@example.com,English,PY06,PRV1131,66.4,158.3,,2017-12-13,
PT13012,02025891,Katherine,Grant,F,2004-03-03,Cedar Ridge,OH,45720,(555) 690-3043,katherine.grant48@example.com,English,PY05,PRV1131,61.8,89.6,,2020-09-25,
PT13013,01495897,Aaliyah,Vazquez,F,2013-04-11,Fairhaven,OH,45620,(555) 746-5791,,English,PY03,PRV1108,56.6,69.5,,2021-06-20,
PT13014,06028229,Minh,Simmons,M,1971-01-15,Lakeview Heights,OH,45510,(555) 526-8257,minh.simmons63@example.com,Spanish,PY03,PRV1131,69.1,242.3,HTN;COPD;ASTHMA,2023-08-26,
PT13015,00465274,Edward,Washington,M,2012-02-23,Bluestone,OH,45501,(555) 280-3101,,English,PY03,PRV1105,69.3,135.9,,2023-09-11,
PT13016,07553177,Nicholas,Watson,M,2001-02-18,Ashby Falls,OH,45610,(555) 881-5102,nicholas.watson49@example.com,English,PY05,,71.1,200.2,,2012-06-19,
PT13017,06538182,Kathryn,Roberts,F,2006-12-22,Lakeview Heights,OH,45510,(555) 712-9748,,English,PY04,PRV1130,62.2,177.5,,2017-09-02,
PT13018,05397615,Scott,Simpson,M,2008-01-05,Cedar Ridge,OH,45720,(555) 751-9020,scott.simpson64@example.com,English,PY04,PRV1106,67.5,132.9,,2014-03-30,
PT13019,07614854,Justin,Ford,M,2007-04-26,Bluestone,OH,45502,(555) 230-1201,justin.ford1@example.com,English,PY03,PRV1132,72.4,211.8,,2022-06-06,
PT13020,05365885,Judy,Jordan,F,2024-01-26,Riverbend,OH,45545,(555) 591-5977,,English,PY03,PRV1106,21.7,13.4,,2024-01-28,
PT13021,08869000,Karen,Andrews,F,1959-06-20,Riverbend,OH,45545,(555) 695-2390,,English,PY01,PRV1135,64.1,141.0,HTN,2015-03-04,
PT13022,01308156,Ralph,Ramos,M,1951-09-02,Riverbend,OH,45545,(555) 603-3848,ralph.ramos92@example.com,English,PY02,PRV1132,69.9,249.2,HTN,2014-03-31,
PT13023,02602873,Cynthia,Johnson,F,1954-11-29,Bluestone,OH,45503,(555) 682-6969,,English,PY01,PRV1138,63.4,165.8,HTN;OA,2021-08-06,2024-12-04
PT13024,08098005,George,Kennedy,M,1991-05-21,Ashby Falls,OH,45610,(555) 714-0957,george.kennedy11@example.com,English,PY04,PRV1125,67.1,112.1,,2022-10-10,
PT13025,00605509,Virginia,Freeman,F,1952-11-20,Ashby Falls,OH,45610,(555) 444-8914,virginia.freeman44@example.com,English,PY01,,68.6,131.7,,2015-03-06,2024-12-22
PT13026,07963918,Joshua,Wood,M,1996-02-10,Ashby Falls,OH,45610,(555) 468-5452,joshua.wood69@example.com,English,PY03,PRV1126,69.8,217.3,,2024-02-06,
PT13027,09425338,Victoria,Fisher,F,1952-03-09,Bluestone,OH,45503,(555) 423-9261,victoria.fisher90@example.com,English,PY02,PRV1138,63.2,176.9,HTN;DM,2019-07-10,
PT13028,01586137,Isabella,Phillips,F,1951-03-19,Oak Glen,OH,45730,(555) 914-0353,,English,PY01,,66.0,133.8,HTN;DM;CKD,2015-03-22,2024-11-10
PT13029,03061843,Willie,Kennedy,M,2015-12-13,Millbrook,OH,45530,(555) 762-9537,,English,PY07,PRV1104,47.0,59.1,,2023-02-20,
PT13030,09532478,Larry,Lawrence,M,1978-12-11,Bluestone,OH,45501,(555) 820-3413,,English,PY05,PRV1132,73.8,194.7,,2018-05-25,
PT13031,04120021,Samantha,Mendoza,F,1996-02-05,Granite Springs,OH,45750,(555) 323-3866,samantha.mendoza63@example.com,English,PY04,PRV1125,65.6,167.7,,2023-09-22,
PT13032,03286954,Walter,Miller,M,1981-11-02,Ashby Falls,OH,45610,(555) 776-0721,,English,PY03,PRV1131,63.9,198.2,,2023-11-26,
PT13033,07761573,John,Hoffman,M,1950-12-30,Riverbend,OH,45545,(555) 719-1651,,English,PY01,PRV1136,70.3,183.6,HF;AFIB;PSYCH,2024-01-16,
PT13034,03937871,Elijah,James,M,1953-04-18,Cedar Ridge,OH,45720,(555) 279-4361,elijah.james97@example.com,Spanish,PY02,PRV1126,70.9,164.5,,2020-04-02,
PT13035,02203974,Camila,Graham,F,1978-07-19,Cedar Ridge,OH,45720,(555) 253-0399,camila.graham49@example.com,English,PY01,PRV1130,64.6,149.9,,2016-04-24,
PT13036,02175923,Patricia,Hughes,F,1983-04-13,Millbrook,OH,45530,(555) 938-1715,patricia.hughes75@example.com,English,PY04,PRV1130,64.9,113.8,HTN,2015-03-01,
PT13037,03283551,Luis,Simmons,M,1946-12-19,Millbrook,OH,45530,(555) 630-9618,luis.simmons12@example.com,English,PY02,PRV1126,69.8,305.5,HTN;COPD;PSYCH,2009-02-07,
PT13038,07781423,Amy,Mason,F,1981-02-06,Bluestone,OH,45501,(555) 400-4979,amy.mason43@example.com,English,PY03,PRV1133,63.7,126.7,,2009-11-21,
PT13039,04024714,Marie,Guzman,F,1985-12-17,Bluestone,OH,45503,(555) 573-0111,marie.guzman8@example.com,English,PY07,PRV1140,60.6,194.8,HTN,2024-07-04,
PT13040,02798787,Jason,Ferguson,M,1985-05-21,Cedar Ridge,OH,45720,(555) 667-0352,jason.ferguson50@example.com,English,PY05,PRV1139,67.4,182.5,HTN,2011-01-20,
PT13041,09683497,Christine,Collins,F,1938-12-12,Fairhaven,OH,45620,(555) 769-9544,christine.collins39@example.com,English,PY01,PRV1128,65.1,168.1,DM,2021-03-17,
PT13042,01593217,Abigail,Castro,F,1991-01-26,Cedar Ridge,OH,45720,(555) 592-4179,abigail.castro99@example.com,English,PY04,PRV1125,65.5,141.2,ASTHMA,2023-08-30,
PT13043,01416484,Rebecca,Gutierrez,F,1958-07-03,Bluestone,OH,45502,(555) 872-5398,rebecca.gutierrez81@example.com,English,PY01,PRV1129,64.8,200.6,HTN;ASTHMA,2011-03-15,
PT13044,09358877,Andrea,Novak,F,1975-02-13,Riverbend,OH,45545,(555) 763-4531,andrea.novak71@example.com,English,PY03,PRV1130,58.8,149.0,HTN,2017-06-02,
PT13045,03181647,Judith,Perez,F,2004-02-04,Bluestone,OH,45503,(555) 414-8322,judith.perez69@example.com,English,PY07,PRV1140,62.5,159.2,,2023-07-12,
PT13046,00104819,Diana,Pierce,F,1933-10-26,Bluestone,OH,45501,(555) 922-1870,diana.pierce25@example.com,English,PY02,PRV1130,65.0,200.0,HTN,2024-11-09,
PT13047,08850709,Bruce,Bryant,M,1978-05-20,Riverbend,OH,45545,(555) 754-5687,,English,PY05,PRV1135,67.9,258.7,,2023-04-10,
PT13048,00252252,William,Ford,M,2016-01-25,Bluestone,OH,45501,(555) 475-1711,,English,PY05,PRV1104,42.4,46.5,,2016-02-05,
PT13049,06950632,Peter,James,M,1995-01-29,Bluestone,OH,45501,(555) 629-8451,,English,PY05,PRV1136,71.7,194.0,,2016-09-23,
PT13050,01813171,Alice,Evans,F,1949-04-21,Bluestone,OH,45502,(555) 364-4531,alice.evans17@example.com,English,PY01,PRV1140,62.4,164.1,HTN;HF,2022-06-21,
PT13051,01244216,Gary,West,M,1948-06-27,Lakeview Heights,OH,45510,(555) 555-1317,gary.west8@example.com,English,PY01,PRV1132,70.5,244.0,,2021-04-03,
PT13052,09581263,Amber,O'Brien,F,1976-12-25,Riverbend,OH,45545,(555) 865-6673,amber.obrien98@example.com,English,PY06,PRV1126,61.4,149.9,HTN,2022-02-06,
PT13053,00125720,Evelyn,Smith,F,1932-02-12,Bluestone,OH,45501,(555) 310-7423,,English,PY02,PRV1132,62.7,118.5,HTN,2021-06-30,
PT13054,07562816,Alexis,Vazquez,F,1983-07-03,Oak Glen,OH,45730,(555) 735-5233,,English,PY05,PRV1138,66.2,144.7,HTN,2019-04-03,
PT13055,04649756,Jean,Novak,F,1960-05-04,Millbrook,OH,45530,(555) 713-9192,,English,PY02,,59.4,157.8,HTN;OA,2018-02-28,
PT13056,08500057,Arthur,Marshall,M,1951-03-04,Bluestone,OH,45503,(555) 736-9078,,Spanish,PY02,PRV1126,70.2,218.6,HTN;DM;CKD,2020-01-17,
PT13057,06313571,Anthony,Osei,M,1964-03-26,Bluestone,OH,45501,(555) 867-1830,,English,PY05,PRV1135,63.5,137.3,AFIB;ASTHMA,2020-01-21,
PT13058,07100328,Mia,Meyer,F,1930-02-16,Ashby Falls,OH,45610,(555) 837-1622,mia.meyer52@example.com,English,PY02,PRV1137,61.7,134.6,HTN;CKD,2017-07-31,
PT13059,06386546,George,Novak,M,1986-04-15,Bluestone,OH,45501,(555) 579-4711,george.novak73@example.com,English,PY03,PRV1139,70.3,169.9,,2023-06-13,
PT13060,07360613,Helen,Marshall,F,1994-12-22,Bluestone,OH,45502,(555) 509-2345,helen.marshall56@example.com,English,PY03,PRV1131,67.1,206.8,,2022-06-04,
PT13061,03044407,Helen,Bailey,F,2019-08-14,Bluestone,OH,45503,(555) 411-7487,,English,PY03,PRV1107,35.1,34.4,,2020-06-09,
PT13062,02760701,Austin,Hudson,M,1958-03-06,Fairhaven,OH,45620,(555) 915-0770,,English,PY01,PRV1137,72.9,168.2,HTN,2010-03-22,
PT13063,00479510,Carol,Ross,F,1948-03-24,Lakeview Heights,OH,45510,(555) 884-0328,carol.ross86@example.com,English,PY02,PRV1135,66.9,142.9,DM,2010-08-12,
PT13064,09678170,Stephanie,Nguyen,F,1996-06-02,Pine Hollow,OH,45640,(555) 306-8199,,English,PY03,PRV1124,67.1,290.6,,2008-10-29,
PT13065,08132110,Russell,Edwards,M,1959-11-12,Bluestone,OH,45503,(555) 880-1032,russell.edwards22@example.com,English,PY01,PRV1125,68.9,182.5,CANCER,2011-04-21,
PT13066,00576579,Scott,Okafor,M,1963-02-25,Millbrook,OH,45530,(555) 938-5355,scott.okafor46@example.com,English,PY07,PRV1130,69.5,179.8,,2021-10-03,
PT13067,04680981,Linda,Yilmaz,F,1958-07-26,Bluestone,OH,45501,(555) 409-5201,linda.yilmaz66@example.com,English,PY01,PRV1132,59.9,142.8,,2016-04-25,
PT13068,03525844,Denise,Cunningham,F,1948-08-29,Millbrook,OH,45530,(555) 675-0081,denise.cunningham60@example.com,English,PY04,PRV1132,64.6,144.6,,2013-02-27,
PT13069,08312400,Rachel,Johnston,F,1930-05-29,Lakeview Heights,OH,45510,(555) 973-0273,rachel.johnston36@example.com,English,PY02,PRV1135,64.2,229.1,DM,2016-01-11,
PT13070,09123885,Michelle,Smith,F,1955-11-21,Bluestone,OH,45501,(555) 225-3950,,English,PY01,PRV1133,66.6,156.5,HTN;COPD;CKD,2024-06-17,
PT13071,00036927,Christine,Kennedy,F,1970-04-05,Ashby Falls,OH,45610,(555) 524-4030,christine.kennedy75@example.com,English,PY07,,64.2,171.3,HTN,2015-05-26,
PT13072,00335681,Zachary,Patterson,M,1960-05-12,Ashby Falls,OH,45610,(555) 945-0884,zachary.patterson63@example.com,English,PY02,PRV1135,73.9,228.5,HTN;DM;ASTHMA;PSYCH,2023-08-08,
PT13073,05097493,Brenda,Freeman,F,1959-12-21,Bluestone,OH,45503,(555) 274-8926,brenda.freeman64@example.com,English,PY02,PRV1132,66.5,146.5,DM,2013-01-23,
PT13074,01638325,Kelly,Martin,F,2016-05-18,Ashby Falls,OH,45610,(555) 636-8713,,English,PY03,,45.2,57.1,,2023-01-14,
PT13075,01986978,Donald,Silva,M,1960-12-02,Millbrook,OH,45530,(555) 514-0372,donald.silva6@example.com,Russian,PY02,PRV1129,69.3,187.7,HTN,2022-09-18,
PT13076,01784343,Mark,Alvarez,M,1979-09-30,Pine Hollow,OH,45640,(555) 841-9908,mark.alvarez37@example.com,English,PY04,PRV1128,69.5,248.1,HTN,2012-12-28,
PT13077,01998534,Debra,Kim,F,1967-01-01,Bluestone,OH,45502,(555) 848-2669,debra.kim36@example.com,English,PY05,,65.3,149.6,,2023-10-04,
PT13078,02842922,Deborah,Turner,F,2002-12-30,Ashby Falls,OH,45610,(555) 913-1095,,English,PY04,,63.9,144.7,,2020-10-25,
PT13079,05138270,James,Hayes,M,1937-02-27,Bluestone,OH,45503,(555) 914-1382,,English,PY01,,71.0,243.6,HTN,2021-08-08,
PT13080,09070004,Wei,Pena,M,2012-07-09,Bluestone,OH,45501,(555) 861-8588,,English,PY06,PRV1107,66.6,159.9,,2023-05-10,
PT13081,07128684,Mei,Castillo,F,1983-07-03,Ashby Falls,OH,45610,(555) 635-1403,,English,PY06,PRV1140,62.1,189.6,,2015-12-30,
PT13082,08927180,Jacob,Herrera,M,2008-05-11,Bluestone,OH,45501,(555) 806-9253,jacob.herrera81@example.com,English,PY03,PRV1105,64.7,137.4,,2024-03-26,
PT13083,02837811,Steven,Cooper,M,1955-09-05,Bluestone,OH,45502,(555) 343-0389,,English,PY02,PRV1129,63.8,193.2,HTN;DM;AFIB,2021-07-14,
PT13084,05548164,Matthew,Gonzales,M,1937-04-18,Pine Hollow,OH,45640,(555) 837-4550,matthew.gonzales71@example.com,English,PY02,PRV1140,70.0,231.2,DM;COPD;CKD,2024-01-11,
PT13085,02528776,Tyler,Willis,M,1963-08-09,Bluestone,OH,45503,(555) 283-5907,tyler.willis67@example.com,English,PY06,PRV1135,64.0,246.6,DM,2015-05-26,
PT13086,06817067,Rosa,Simmons,F,1946-12-28,Bluestone,OH,45501,(555) 604-1675,,English,PY01,PRV1131,62.0,104.1,HTN,2022-07-09,
PT13087,06280086,Catherine,Parker,F,1956-03-01,Millbrook,OH,45530,(555) 948-2514,,English,PY01,PRV1134,64.7,131.6,HTN;DM,2014-04-08,
PT13088,02919606,Amy,Gardner,F,1974-01-23,Bluestone,OH,45503,(555) 294-8156,,Spanish,PY03,PRV1135,63.8,194.8,DM;OA,2011-07-06,2025-08-01
PT13089,07000354,Lori,Campbell,F,2025-06-24,Cedar Ridge,OH,45720,(555) 712-0407,,English,PY03,PRV1106,20.3,9.3,,2024-06-22,
PT13090,06310765,Peter,Ray,M,1948-12-08,Oak Glen,OH,45730,(555) 363-0354,,English,PY01,PRV1127,65.0,168.5,HTN;DM;HF;PSYCH,2012-08-02,
PT13091,03478502,Mei,Marshall,F,1967-08-11,Fairhaven,OH,45620,(555) 640-9696,mei.marshall27@example.com,English,PY04,PRV1126,65.6,269.4,,2020-02-29,
PT13092,00535397,Brenda,Robinson,F,1955-04-09,Millbrook,OH,45530,(555) 218-4225,brenda.robinson69@example.com,Somali,PY02,PRV1125,66.2,206.2,HTN,2023-12-30,
PT13093,05294129,Matthew,Santos,M,1931-02-02,Bluestone,OH,45501,(555) 726-4701,,English,PY01,PRV1140,72.5,241.9,DM;AFIB;CKD;OA,2024-05-01,
PT13094,03226717,Martha,Taylor,F,1968-05-27,Ashby Falls,OH,45610,(555) 966-0914,,English,PY03,PRV1124,60.8,86.8,DM;OA,2023-10-31,
PT13095,03629847,Nicholas,Reed,M,2022-08-26,Cedar Ridge,OH,45720,(555) 317-7375,,Arabic,PY05,PRV1106,27.7,22.9,,2024-01-29,
PT13096,06475572,Jonathan,Delgado,M,2001-05-06,Bluestone,OH,45502,(555) 552-7007,jonathan.delgado91@example.com,English,PY01,PRV1124,71.6,211.9,PSYCH,2024-03-10,
PT13097,08757636,Rosa,Pena,F,1955-09-28,Bluestone,OH,45502,(555) 216-6619,rosa.pena18@example.com,English,PY01,PRV1129,62.1,162.6,CANCER,2012-02-27,
PT13098,06183896,Matthew,White,M,2017-01-30,Fairhaven,OH,45620,(555) 516-7612,,English,PY04,PRV1105,40.0,37.5,,2017-10-22,
PT13099,00021044,Emma,Clark,F,2019-08-10,Bluestone,OH,45503,(555) 725-0123,,English,PY06,PRV1107,35.5,33.5,,2021-08-02,
PT13100,00368612,Stephanie,Daniels,F,1929-06-14,Cedar Ridge,OH,45720,(555) 911-4325,stephanie.daniels39@example.com,English,PY01,PRV1129,59.7,170.5,HTN,2009-07-22,
PT13101,04815934,Jason,Sanchez,M,1948-12-10,Bluestone,OH,45502,(555) 723-5174,jason.sanchez4@example.com,Spanish,PY01,PRV1137,69.5,182.0,COPD,2023-06-20,
PT13102,02259865,Maria,Kim,F,2016-08-19,Cedar Ridge,OH,45720,(555) 524-6537,,English,PY04,PRV1104,44.2,56.7,,2023-03-30,
PT13103,03978028,Marilyn,Ramos,F,1972-04-02,Ashby Falls,OH,45610,(555) 250-6538,,English,PY06,PRV1137,64.9,181.2,,2017-10-19,
PT13104,01370718,Dylan,Martin,M,2009-11-17,Fairhaven,OH,45620,(555) 928-5828,dylan.martin43@example.com,English,PY03,PRV1108,69.7,153.7,,2022-09-02,
PT13105,07704298,Hannah,Fernandez,F,1973-06-30,Ashby Falls,OH,45610,(555) 687-5770,hannah.fernandez37@example.com,English,PY04,PRV1133,66.0,133.2,ASTHMA,2021-02-20,
PT13106,00051430,Alice,Berry,F,1979-04-05,Bluestone,OH,45501,(555) 232-3408,alice.berry93@example.com,English,PY04,PRV1137,65.3,236.4,HTN;PSYCH,2020-06-17,
PT13107,00613774,Mateo,Phillips,M,1999-01-28,Cedar Ridge,OH,45720,(555) 589-4538,mateo.phillips57@example.com,Spanish,PY06,PRV1128,67.8,201.7,PSYCH,2022-06-30,
PT13108,06391914,Sandra,Cruz,F,2009-06-08,Bluestone,OH,45503,(555) 303-4463,sandra.cruz28@example.com,English,PY03,PRV1107,68.4,137.8,,2017-09-06,
PT13109,04573744,Andrew,Schmidt,M,1974-06-15,Bluestone,OH,45503,(555) 354-9469,andrew.schmidt21@example.com,Arabic,PY07,PRV1125,70.7,117.2,HTN;ETOH,2014-06-11,
PT13110,03881023,Linda,Nelson,F,1956-12-11,Lakeview Heights,OH,45510,(555) 859-6452,linda.nelson31@example.com,English,PY02,PRV1129,64.2,183.6,HTN;SEIZURE,2017-05-18,
PT13111,03582742,Christian,Romero,M,1968-08-05,Cedar Ridge,OH,45720,(555) 248-6999,christian.romero57@example.com,English,PY03,PRV1133,69.4,174.2,HF;OA,2022-07-07,
PT13112,00717644,Ava,Perez,F,2010-03-02,Cedar Ridge,OH,45720,(555) 468-4659,,English,PY03,PRV1108,68.1,154.6,SEIZURE,2010-11-03,
PT13113,02866987,Shirley,Sanchez,F,1957-08-15,Millbrook,OH,45530,(555) 905-7579,shirley.sanchez40@example.com,Spanish,PY02,PRV1133,61.1,172.3,ASTHMA,2017-03-01,2024-09-30
PT13114,06351829,Alan,Ryan,M,2019-07-30,Bluestone,OH,45502,(555) 847-5542,,English,PY04,PRV1104,39.1,38.0,,2024-01-22,
PT13115,07175529,Bryan,Dunn,M,1969-01-20,Bluestone,OH,45502,(555) 381-5192,,English,PY04,PRV1135,69.7,189.2,,2013-03-01,
PT13116,01262319,Frank,Hill,M,1952-08-28,Cedar Ridge,OH,45720,(555) 787-7802,frank.hill20@example.com,English,PY01,,73.9,185.4,HTN;CANCER,2013-02-21,
PT13117,05352986,Logan,Mason,M,1973-07-12,Bluestone,OH,45501,(555) 431-5690,logan.mason1@example.com,English,PY03,PRV1131,71.0,224.8,,2022-06-06,
PT13118,04271934,Roy,Jenkins,M,1993-07-05,Bluestone,OH,45502,(555) 760-4058,roy.jenkins43@example.com,Spanish,PY04,PRV1132,74.8,264.2,,2022-08-03,
PT13119,09909221,Melissa,Dixon,F,2008-05-06,Lakeview Heights,OH,45510,(555) 404-6914,melissa.dixon81@example.com,English,PY03,PRV1108,68.0,184.0,,2023-10-07,
PT13120,00325998,Anthony,Jordan,M,1948-04-02,Riverbend,OH,45545,(555) 218-4438,,English,PY01,PRV1136,70.7,243.2,HTN;DM,2009-05-19,
PT13121,08561571,Sharon,Jones,F,1931-11-09,Fairhaven,OH,45620,(555) 794-6178,,English,PY01,PRV1128,61.6,148.5,HTN,2011-07-06,2024-10-18
PT13122,05322882,Mark,Murray,M,1968-02-08,Millbrook,OH,45530,(555) 304-6982,mark.murray91@example.com,Spanish,PY05,PRV1125,73.7,289.1,,2010-10-28,
PT13123,03285429,Anna,Hill,F,1988-12-22,Bluestone,OH,45502,(555) 496-0435,,English,PY06,PRV1124,66.0,131.9,CANCER,2021-05-22,
PT13124,05708280,Natalie,Griffin,F,2016-08-03,Bluestone,OH,45503,(555) 967-9762,,English,PY03,PRV1105,43.6,45.6,,2022-12-26,
PT13125,06177614,Jacqueline,Wright,F,2021-10-03,Fairhaven,OH,45620,(555) 573-3296,,English,PY04,,31.4,18.1,,2022-05-13,
PT13126,02536997,Mark,Perez,M,1979-04-25,Cedar Ridge,OH,45720,(555) 258-0480,mark.perez60@example.com,English,PY04,PRV1140,68.2,185.8,,2023-05-27,
PT13127,09386446,Rosa,Hunt,F,1992-03-18,Lakeview Heights,OH,45510,(555) 605-7626,,English,PY04,PRV1131,66.3,170.4,,2013-05-02,
PT13128,04729508,Katherine,Grant,F,1992-02-18,Bluestone,OH,45502,(555) 488-3157,,Vietnamese,PY06,PRV1138,56.9,122.6,,2009-04-14,
PT13129,09809487,Virginia,Peters,F,1929-02-03,Ashby Falls,OH,45610,(555) 300-6462,virginia.peters89@example.com,Spanish,PY01,PRV1127,68.8,197.2,HTN;OA,2009-09-07,
PT13130,03983701,Randy,Howard,M,1949-01-18,Bluestone,OH,45503,(555) 272-8408,randy.howard87@example.com,English,PY01,PRV1128,72.9,146.4,DM,2022-04-02,
PT13131,00546323,Victoria,Jordan,F,1930-02-25,Riverbend,OH,45545,(555) 609-5240,victoria.jordan58@example.com,English,PY01,PRV1124,58.4,131.1,HTN;DM,2021-06-15,
PT13132,06679912,Charles,Ortiz,M,1979-01-02,Bluestone,OH,45501,(555) 314-2147,,English,PY04,PRV1127,69.5,252.5,,2024-05-09,
PT13133,05401278,Madison,Rivera,F,1972-09-09,Bluestone,OH,45502,(555) 595-9471,madison.rivera5@example.com,English,PY05,PRV1130,65.6,153.5,,2022-10-17,
PT13134,07419146,Rosa,Baker,F,1969-06-16,Bluestone,OH,45503,(555) 431-2469,rosa.baker26@example.com,Spanish,PY05,PRV1136,65.3,207.1,HTN,2020-08-02,
PT13135,05439859,Mason,Garza,M,2001-11-20,Cedar Ridge,OH,45720,(555) 445-1879,mason.garza6@example.com,English,PY06,PRV1135,70.3,253.4,,2020-09-27,
PT13136,09783418,Betty,Hill,F,1956-08-04,Bluestone,OH,45501,(555) 397-5318,betty.hill42@example.com,English,PY01,PRV1133,63.1,144.6,HTN;OA,2022-08-28,
PT13137,09223911,Billy,Snyder,M,1972-11-12,Bluestone,OH,45501,(555) 437-1024,,English,PY04,PRV1129,69.1,208.3,,2014-12-22,
PT13138,09294296,Mia,Henry,F,2018-08-30,Bluestone,OH,45503,(555) 442-9311,,English,PY05,PRV1106,41.9,42.0,,2022-07-26,
PT13139,01785294,Kathleen,Lewis,F,1955-11-26,Riverbend,OH,45545,(555) 796-1060,kathleen.lewis4@example.com,English,PY02,PRV1129,64.3,182.3,HTN,2022-10-30,
PT13140,08208825,George,Mitchell,M,1989-12-29,Ashby Falls,OH,45610,(555) 213-1539,george.mitchell40@example.com,English,PY04,PRV1131,72.0,190.3,ETOH,2009-12-18,
PT13141,08012123,Deborah,Romero,F,1972-10-30,Bluestone,OH,45501,(555) 282-0448,deborah.romero84@example.com,English,PY03,PRV1131,65.9,168.9,,2024-04-09,2024-05-17
PT13142,03279132,Deborah,Owens,F,1931-06-28,Bluestone,OH,45501,(555) 655-8738,deborah.owens92@example.com,English,PY02,PRV1132,57.5,113.9,HTN;DM;CKD,2013-11-08,
PT13143,05801986,Gary,Alexander,M,1948-11-25,Bluestone,OH,45501,(555) 509-5785,,English,PY02,PRV1127,68.3,158.2,CKD;PSYCH,2013-05-18,
PT13144,09325642,Jesse,Delgado,M,2004-06-24,Cedar Ridge,OH,45720,(555) 563-7744,jesse.delgado85@example.com,English,PY03,PRV1130,70.6,226.7,,2008-12-07,
PT13145,00703668,Nancy,Gutierrez,F,2018-09-26,Oak Glen,OH,45730,(555) 892-3815,,English,PY03,PRV1105,36.7,35.8,,2022-12-12,
PT13146,04529363,Camila,Collins,F,1979-07-19,Millbrook,OH,45530,(555) 704-9270,camila.collins35@example.com,Spanish,PY05,PRV1132,62.7,188.0,,2022-10-05,
PT13147,08933110,Nicholas,Stewart,M,2005-06-22,Ashby Falls,OH,45610,(555) 866-9208,,Spanish,PY06,PRV1127,67.2,123.7,,2017-11-24,
PT13148,05529603,Madison,Medina,F,1990-03-09,Cedar Ridge,OH,45720,(555) 323-6817,madison.medina31@example.com,English,PY03,PRV1133,67.4,148.3,,2016-01-24,
PT13149,05227269,Amina,Armstrong,F,1948-03-14,Cedar Ridge,OH,45720,(555) 595-4135,,English,PY02,PRV1126,68.3,112.2,DM,2020-02-06,
PT13150,09546990,Angela,Clark,F,2012-12-19,Bluestone,OH,45501,(555) 842-3458,,English,PY03,PRV1108,66.2,116.4,PSYCH,2021-02-18,
PT13151,04265950,Diane,Payne,F,1927-05-27,Riverbend,OH,45545,(555) 750-6972,diane.payne93@example.com,Spanish,PY02,PRV1138,56.1,93.7,HTN;HF,2014-01-18,
PT13152,07859796,Laura,Hunter,F,1972-06-09,Bluestone,OH,45501,(555) 846-8010,laura.hunter53@example.com,English,PY03,PRV1130,67.9,214.7,,2018-05-29,
PT13153,06513692,Kathryn,Medina,F,1949-10-15,Bluestone,OH,45502,(555) 739-7021,kathryn.medina30@example.com,English,PY01,PRV1134,64.7,125.8,HTN,2021-05-08,
PT13154,08520934,Logan,Kennedy,M,2020-09-29,Bluestone,OH,45501,(555) 950-4234,,English,PY05,PRV1108,37.1,37.5,,2023-12-13,
PT13155,05349882,Mei,Webb,F,2004-08-23,Bluestone,OH,45501,(555) 256-3965,mei.webb73@example.com,English,PY01,PRV1126,64.5,167.1,,2017-09-03,
PT13156,06636062,Jean,Ferguson,F,2005-06-06,Bluestone,OH,45503,(555) 704-7658,jean.ferguson66@example.com,English,PY06,PRV1133,66.2,182.2,,2017-04-22,
PT13157,09777702,Diego,Patel,M,2022-04-01,Ashby Falls,OH,45610,(555) 399-5145,,English,PY04,PRV1105,28.3,17.7,,2022-05-30,
PT13158,06446298,Ralph,Berry,M,1977-11-30,Cedar Ridge,OH,45720,(555) 565-2932,,English,PY07,,72.0,180.7,HTN,2013-03-22,
PT13159,08317145,Noah,Nelson,M,1989-10-25,Bluestone,OH,45501,(555) 828-1354,noah.nelson24@example.com,English,PY06,,72.4,299.1,,2021-06-22,
PT13160,05310453,Julie,Payne,F,2021-10-10,Riverbend,OH,45545,(555) 628-2528,,English,PY05,PRV1108,29.0,22.3,,2024-01-04,
PT13161,08907299,Joe,Hoffman,M,1957-06-07,Pine Hollow,OH,45640,(555) 510-2988,,English,PY02,PRV1132,68.5,174.4,HTN;DM;OA,2017-03-10,
PT13162,04707379,Robert,Edwards,M,1960-10-07,Bluestone,OH,45503,(555) 374-8363,,English,PY01,PRV1126,72.0,281.1,HTN;DM;OA,2021-01-23,
PT13163,06096566,Gerald,Weaver,M,1975-09-18,Bluestone,OH,45501,(555) 915-3229,gerald.weaver60@example.com,English,PY07,PRV1137,71.7,193.6,DM;OA,2018-04-23,
PT13164,06512367,Michael,Hunt,M,2003-09-05,Bluestone,OH,45503,(555) 786-8749,,English,PY05,PRV1131,69.3,112.7,,2024-02-04,
PT13165,06475465,Nicole,Medina,F,1928-10-29,Ashby Falls,OH,45610,(555) 335-1039,,English,PY01,PRV1135,64.2,208.7,HTN,2024-01-07,
PT13166,06751717,Laura,Lindqvist,F,1975-12-07,Bluestone,OH,45503,(555) 551-7714,laura.lindqvist51@example.com,English,PY04,PRV1138,60.1,217.8,HTN,2023-05-14,
PT13167,05107056,Jesse,Hamilton,M,1957-10-15,Millbrook,OH,45530,(555) 688-4408,jesse.hamilton30@example.com,English,PY01,PRV1130,65.4,127.8,HTN,2024-07-27,
PT13168,03459554,Emily,Gomez,F,1934-12-10,Cedar Ridge,OH,45720,(555) 241-2735,emily.gomez51@example.com,English,PY04,PRV1131,61.3,153.6,DM,2014-06-08,
PT13169,07628736,Omar,Rose,M,1963-04-24,Lakeview Heights,OH,45510,(555) 449-3964,omar.rose57@example.com,Spanish,PY03,PRV1133,69.2,151.4,CANCER,2022-07-21,
PT13170,03424982,Rosa,Murray,F,2008-02-19,Cedar Ridge,OH,45720,(555) 200-3081,rosa.murray10@example.com,English,PY03,PRV1108,60.5,95.0,,2018-09-03,
PT13171,00012278,Larry,Aguilar,M,1967-05-22,Cedar Ridge,OH,45720,(555) 247-2779,larry.aguilar89@example.com,English,PY03,PRV1136,62.2,233.1,,2015-06-06,
PT13172,05001841,Linh,Myers,F,1963-12-31,Bluestone,OH,45501,(555) 834-3670,,English,PY07,,63.8,164.0,,2024-05-18,
PT13173,05288705,Sean,Alexander,M,2022-12-07,Bluestone,OH,45503,(555) 448-2726,,English,PY06,PRV1105,29.7,21.5,,2023-09-28,
PT13174,00078700,Grace,Allen,F,1955-10-16,Bluestone,OH,45503,(555) 718-0756,,English,PY01,PRV1132,60.5,207.3,HTN;DM;HF,2010-10-31,
PT13175,08778159,Angela,Pierce,F,1970-12-03,Bluestone,OH,45503,(555) 832-0460,angela.pierce13@example.com,English,PY04,PRV1137,58.7,158.9,OA,2018-11-03,
PT13176,06887167,Jose,Johnston,M,1962-02-18,Cedar Ridge,OH,45720,(555) 908-5616,jose.johnston63@example.com,English,PY04,PRV1136,72.6,216.6,,2023-10-20,2024-11-11
PT13177,00126013,Roger,Riley,M,1958-01-03,Cedar Ridge,OH,45720,(555) 946-8232,roger.riley11@example.com,English,PY01,,72.3,242.8,,2009-04-16,
PT13178,04911020,Isabella,Ellis,F,1951-07-22,Bluestone,OH,45501,(555) 253-9923,isabella.ellis26@example.com,English,PY01,PRV1128,64.0,125.7,,2008-08-03,
PT13179,03215536,Christian,Palmer,M,1981-10-03,Oak Glen,OH,45730,(555) 564-4659,christian.palmer77@example.com,English,PY05,PRV1133,68.2,140.0,HTN,2022-08-17,
PT13180,04208921,Juan,Wells,M,2012-06-13,Riverbend,OH,45545,(555) 973-2876,,English,PY03,PRV1107,73.8,186.4,,2013-06-17,
PT13181,05121886,Deborah,Webb,F,1939-08-12,Cedar Ridge,OH,45720,(555) 625-2242,,English,PY01,PRV1139,67.5,136.6,CKD,2008-12-28,
PT13182,02880908,Eric,Romero,M,1990-10-01,Bluestone,OH,45502,(555) 905-0559,,English,PY03,PRV1127,74.0,202.7,,2020-11-30,
PT13183,03689725,Carl,Schmidt,M,2014-04-15,Bluestone,OH,45502,(555) 411-2700,,English,PY05,PRV1104,47.9,63.9,,2017-06-10,
PT13184,05288663,Diana,Herrera,F,2013-10-04,Millbrook,OH,45530,(555) 203-5092,,English,PY07,PRV1108,48.6,71.4,,2022-08-10,
PT13185,05973691,Cheryl,O'Brien,F,1930-10-25,Ashby Falls,OH,45610,(555) 839-7482,,English,PY01,PRV1133,63.9,129.9,COPD,2022-04-02,
PT13186,07552478,Amanda,Stevens,F,1979-05-18,Bluestone,OH,45502,(555) 515-5844,amanda.stevens72@example.com,English,PY05,PRV1134,64.3,194.5,,2021-07-01,
PT13187,06594304,Wayne,Elliott,M,1947-12-04,Pine Hollow,OH,45640,(555) 756-3561,wayne.elliott13@example.com,English,PY02,PRV1129,70.6,306.8,DM;OA,2012-12-08,
PT13188,01276260,Sophia,Tucker,F,1966-09-08,Bluestone,OH,45502,(555) 338-5503,,English,PY03,PRV1127,60.9,86.9,,2019-12-21,
PT13189,02051920,Elijah,Thompson,M,1936-01-08,Lakeview Heights,OH,45510,(555) 297-2246,elijah.thompson32@example.com,English,PY01,PRV1134,63.6,100.0,HTN;DM,2012-07-17,
PT13190,00904726,Mia,Munoz,F,1993-03-01,Bluestone,OH,45502,(555) 374-9815,,English,PY06,PRV1124,63.3,98.7,PSYCH,2015-02-20,
PT13191,06380932,Kevin,King,M,1966-12-03,Bluestone,OH,45501,(555) 477-7297,kevin.king40@example.com,English,PY05,PRV1125,69.7,210.1,COPD;ASTHMA;PSYCH,2023-12-13,
PT13192,01426773,Arthur,Anderson,M,2025-03-22,Cedar Ridge,OH,45720,(555) 652-9689,,English,PY03,PRV1105,19.9,12.1,,2025-09-11,
PT13193,05629549,Madison,Rogers,F,1951-05-25,Bluestone,OH,45501,(555) 353-8855,madison.rogers93@example.com,English,PY02,PRV1126,62.0,176.8,HTN;DM;HF,2013-01-08,
PT13194,04442776,Ralph,Vazquez,M,1958-03-17,Bluestone,OH,45503,(555) 271-9238,,English,PY01,PRV1135,73.9,266.0,CKD,2009-05-19,
PT13195,08120262,Larry,Crawford,M,2023-07-31,Oak Glen,OH,45730,(555) 223-1327,,English,PY04,PRV1107,21.0,11.9,,2023-11-04,
PT13196,09249094,Steven,Schmidt,M,1957-03-22,Riverbend,OH,45545,(555) 784-0896,,English,PY02,PRV1129,70.7,213.9,HTN;DM;COPD;AFIB,2013-10-05,
PT13197,04848857,Sean,Brooks,M,1958-12-03,Pine Hollow,OH,45640,(555) 753-1835,sean.brooks90@example.com,English,PY03,PRV1131,70.7,176.6,HTN;CANCER,2013-08-01,
PT13198,06464267,Cynthia,Cunningham,F,2012-02-01,Fairhaven,OH,45620,(555) 950-3819,,English,PY05,PRV1106,63.4,107.7,ASTHMA,2013-05-10,
PT13199,04759241,Janice,Peters,F,2002-04-12,Fairhaven,OH,45620,(555) 963-8190,,English,PY06,PRV1127,70.4,241.1,,2021-11-29,
PT13200,00521096,Harold,Long,M,2007-11-14,Bluestone,OH,45501,(555) 572-6192,harold.long15@example.com,English,PY07,PRV1139,66.0,124.2,,2017-06-16,
PT13201,09765790,Kayla,Nakamura,F,1967-01-21,Pine Hollow,OH,45640,(555) 903-5176,kayla.nakamura26@example.com,English,PY04,PRV1125,60.2,166.4,HTN,2020-06-20,
PT13202,07304605,Patrick,Edwards,M,1943-06-11,Bluestone,OH,45502,(555) 699-5108,patrick.edwards47@example.com,English,PY02,PRV1126,72.8,220.9,,2010-11-28,
PT13203,05093012,Kayla,Contreras,F,1978-10-07,Lakeview Heights,OH,45510,(555) 251-1340,kayla.contreras6@example.com,English,PY03,PRV1133,59.6,137.8,PSYCH,2024-11-01,
PT13204,08050326,Alexander,Andrews,M,1960-02-23,Lakeview Heights,OH,45510,(555) 811-4512,,English,PY02,PRV1129,67.5,215.4,PSYCH,2023-12-24,
PT13205,02660253,Harold,Baker,M,1974-09-03,Bluestone,OH,45503,(555) 394-1033,,English,PY06,PRV1132,71.3,172.7,HTN,2019-07-04,
PT13206,01302061,Stephen,Collins,M,2003-01-25,Bluestone,OH,45502,(555) 556-7970,stephen.collins30@example.com,English,PY03,PRV1129,67.6,132.3,PSYCH,2015-07-04,
PT13207,09763160,Brittany,Gutierrez,F,1998-05-16,Bluestone,OH,45501,(555) 405-9251,brittany.gutierrez39@example.com,English,PY05,PRV1125,62.3,189.5,,2024-03-18,
PT13208,00130754,Kelly,Rivera,F,1941-12-07,Cedar Ridge,OH,45720,(555) 402-6172,,English,PY01,PRV1132,65.4,192.0,HTN,2012-10-13,2024-01-12
PT13209,06895046,Judith,Mills,F,2024-11-16,Cedar Ridge,OH,45720,(555) 244-4192,,English,PY04,PRV1106,25.1,14.4,,2024-01-11,
PT13210,00957535,Rosa,Moore,F,1971-11-03,Riverbend,OH,45545,(555) 317-1546,rosa.moore37@example.com,English,PY06,PRV1138,64.5,214.4,DM,2023-11-25,
PT13211,02042253,Joyce,Morris,F,1953-04-10,Bluestone,OH,45501,(555) 239-5019,joyce.morris11@example.com,English,PY01,PRV1135,62.7,144.9,DM;OA,2008-10-08,
PT13212,05893919,Jeffrey,Kowalski,M,1963-04-02,Fairhaven,OH,45620,(555) 915-1964,,English,PY06,PRV1130,71.8,234.7,,2022-11-28,
PT13213,07262875,Danielle,Anderson,F,1968-10-20,Bluestone,OH,45501,(555) 901-8845,,English,PY03,PRV1140,65.2,163.6,HTN,2022-08-06,
PT13214,00410499,Ruth,Reed,F,2013-06-20,Bluestone,OH,45502,(555) 432-3562,,English,PY07,PRV1108,51.7,81.0,,2019-09-26,
PT13215,09427495,Rosa,Richardson,F,1958-09-22,Granite Springs,OH,45750,(555) 819-9002,,English,PY02,PRV1132,62.2,156.3,HTN,2019-07-20,
PT13216,06167161,Rosa,Morgan,F,1977-06-01,Bluestone,OH,45501,(555) 919-9507,,English,PY01,PRV1136,62.6,186.6,,2024-02-15,
PT13217,04026091,David,Morris,M,1977-07-12,Cedar Ridge,OH,45720,(555) 737-9698,,English,PY03,,69.2,217.3,HTN,2021-12-25,
PT13218,05409979,Amber,Stewart,F,1998-10-14,Cedar Ridge,OH,45720,(555) 539-8764,,English,PY06,PRV1138,63.7,245.9,,2023-06-21,
PT13219,01017232,Willie,Gomez,M,1930-07-10,Bluestone,OH,45501,(555) 777-6536,willie.gomez54@example.com,English,PY02,PRV1133,69.4,232.1,HTN;DM;CKD,2021-04-09,
PT13220,01671777,Jacob,Diaz,M,1965-02-18,Bluestone,OH,45502,(555) 326-2131,,English,PY07,PRV1139,71.7,203.5,,2011-10-21,
PT13221,00852736,Michelle,Ford,F,2025-06-22,Bluestone,OH,45501,(555) 655-6926,,Spanish,PY03,PRV1106,22.3,11.4,,2024-06-04,
PT13222,03083812,Donald,Young,M,1990-01-21,Granite Springs,OH,45750,(555) 596-6431,donald.young19@example.com,English,PY04,PRV1134,71.3,270.0,,2014-07-07,
PT13223,06475252,Russell,Okafor,M,1992-07-02,Bluestone,OH,45501,(555) 273-1535,,English,PY06,PRV1133,71.7,198.6,,2012-10-26,
PT13224,07765016,Nicole,Washington,F,1956-02-22,Pine Hollow,OH,45640,(555) 781-9216,,English,PY02,PRV1132,70.1,314.9,HTN,2021-04-13,
PT13225,02276076,Nancy,Schmidt,F,1971-05-07,Pine Hollow,OH,45640,(555) 511-1680,,English,PY05,PRV1138,66.3,173.6,,2016-05-28,
PT13226,01482759,Albert,Pena,M,1948-12-18,Riverbend,OH,45545,(555) 682-0021,,English,PY01,PRV1132,65.1,161.9,HTN;OA,2015-12-21,
PT13227,09541475,Sharon,Martin,F,1946-07-24,Millbrook,OH,45530,(555) 632-2904,sharon.martin57@example.com,English,PY01,PRV1125,66.3,202.7,HTN;AFIB,2009-03-22,
PT13228,00156213,Dorothy,Ford,F,2022-08-11,Cedar Ridge,OH,45720,(555) 717-3424,,English,PY05,PRV1106,27.7,18.5,,2023-12-28,
PT13229,05077908,Rosa,Garza,F,2008-01-24,Bluestone,OH,45503,(555) 516-9517,rosa.garza70@example.com,English,PY04,PRV1105,65.1,128.7,,2011-09-03,
PT13230,04145179,Sandra,Berry,F,1975-06-22,Pine Hollow,OH,45640,(555) 319-0571,sandra.berry58@example.com,English,PY06,PRV1135,65.0,225.9,,2011-12-25,
PT13231,01671087,Peter,Daniels,M,1959-06-05,Bluestone,OH,45501,(555) 726-4470,peter.daniels59@example.com,Arabic,PY01,PRV1126,73.3,255.0,HTN;DM;CKD;OA,2011-07-13,
PT13232,08764803,Betty,Jordan,F,1947-03-16,Bluestone,OH,45502,(555) 490-3297,betty.jordan46@example.com,English,PY01,PRV1124,63.5,160.0,HTN;DM;AFIB,2019-08-14,2024-05-15
PT13233,02382222,Timothy,Butler,M,2010-09-28,Granite Springs,OH,45750,(555) 833-6097,,English,PY03,PRV1108,66.7,130.7,,2024-08-10,
PT13234,09261942,Mason,Berry,M,1948-03-01,Bluestone,OH,45501,(555) 545-0492,mason.berry82@example.com,English,PY02,PRV1129,69.0,213.2,DM,2022-01-19,
PT13235,00651833,Jean,Ferguson,F,1933-11-29,Bluestone,OH,45502,(555) 530-7945,,English,PY01,PRV1130,63.4,185.7,DM,2018-07-14,
PT13236,08900623,Judy,Henderson,F,1969-11-06,Lakeview Heights,OH,45510,(555) 572-5231,judy.henderson60@example.com,Spanish,PY07,PRV1129,63.6,174.1,,2017-05-29,
PT13237,07780811,Diana,Lindqvist,F,1941-01-31,Oak Glen,OH,45730,(555) 844-1063,diana.lindqvist81@example.com,English,PY01,PRV1124,67.1,215.6,,2022-05-22,
PT13238,02729340,Susan,Munoz,F,1948-09-17,Ashby Falls,OH,45610,(555) 750-4684,susan.munoz8@example.com,English,PY01,PRV1135,59.7,93.1,DM;AFIB,2021-11-09,
PT13239,05843776,Samuel,Novak,M,2005-09-17,Bluestone,OH,45502,(555) 638-5948,,Spanish,PY03,,72.5,205.4,,2013-03-05,
PT13240,04076989,Ruth,Holmes,F,1955-08-24,Bluestone,OH,45501,(555) 916-1735,ruth.holmes68@example.com,English,PY01,PRV1130,64.7,122.6,HTN;OA,2017-05-03,
PT13241,09695535,Jerry,Collins,M,1963-04-22,Bluestone,OH,45503,(555) 916-3243,,Spanish,PY07,PRV1140,66.6,193.8,,2023-09-10,
PT13242,06858974,Noah,Lindqvist,M,1971-08-05,Millbrook,OH,45530,(555) 308-1954,noah.lindqvist76@example.com,English,PY04,PRV1139,70.5,213.7,DM,2013-11-22,
PT13243,00581077,Victoria,Moore,F,1978-12-01,Millbrook,OH,45530,(555) 333-1184,victoria.moore55@example.com,English,PY06,PRV1135,67.0,136.6,HTN;ETOH,2018-08-22,
PT13244,03229395,Nicole,Ramirez,F,2025-12-31,Bluestone,OH,45501,(555) 895-0652,,English,PY04,PRV1105,21.5,11.7,,2024-10-30,
PT13245,06528199,Brittany,Lopez,F,1934-02-24,Bluestone,OH,45503,(555) 434-6603,brittany.lopez10@example.com,English,PY02,PRV1138,65.4,204.9,HTN,2024-01-25,2025-07-17
PT13246,02676803,Evelyn,Medina,F,1987-06-08,Bluestone,OH,45501,(555) 794-9017,evelyn.medina55@example.com,English,PY07,PRV1137,66.2,117.4,PSYCH,2025-02-21,
PT13247,08256673,Sharon,Richards,F,1975-09-09,Millbrook,OH,45530,(555) 957-0733,,English,PY07,PRV1131,62.1,197.2,HTN;COPD;CKD,2015-10-03,
PT13248,02513631,John,Coleman,M,1958-09-27,Riverbend,OH,45545,(555) 669-4644,john.coleman67@example.com,English,PY01,PRV1126,71.6,202.7,HTN;COPD,2016-01-03,
PT13249,07170847,Madison,Tucker,F,1954-07-08,Oak Glen,OH,45730,(555) 409-5714,,English,PY02,PRV1127,65.9,101.9,HTN;DM;AFIB,2011-12-08,
PT13250,06905952,Abigail,Murray,F,1953-12-23,Bluestone,OH,45501,(555) 741-8270,abigail.murray72@example.com,English,PY01,PRV1128,63.9,176.8,HTN;HF;PSYCH;SEIZURE,2009-06-02,
PT13251,06849564,Aaron,Santos,M,1988-11-10,Bluestone,OH,45501,(555) 268-9268,,English,PY07,PRV1127,66.4,177.4,,2021-12-24,
PT13252,08281410,Jacqueline,Pierce,F,1963-01-19,Bluestone,OH,45503,(555) 708-4190,jacqueline.pierce85@example.com,Somali,PY01,PRV1131,58.9,161.5,,2008-08-14,
PT13253,03407617,Priya,Harris,F,1952-06-11,Bluestone,OH,45502,(555) 280-9275,,English,PY02,PRV1136,63.5,158.9,PSYCH,2019-05-10,
PT13254,07912701,Catherine,Ortiz,F,2020-03-22,Lakeview Heights,OH,45510,(555) 794-6337,,English,PY03,PRV1104,35.4,32.2,,2022-05-30,
PT13255,04600387,Roy,Berry,M,1994-05-29,Bluestone,OH,45501,(555) 589-6254,roy.berry7@example.com,English,PY07,PRV1132,70.0,123.2,,2020-03-20,
PT13256,03952662,David,Barnes,M,1976-05-20,Bluestone,OH,45501,(555) 824-7464,david.barnes61@example.com,Spanish,PY06,,68.6,233.3,HTN;PSYCH,2022-07-18,
PT13257,01959275,Brandon,Okafor,M,1938-09-17,Bluestone,OH,45501,(555) 644-6930,brandon.okafor61@example.com,English,PY02,,65.4,208.8,HTN,2024-05-30,
PT13258,04200300,Charlotte,Phillips,F,1947-10-11,Pine Hollow,OH,45640,(555) 363-2968,charlotte.phillips10@example.com,English,PY02,PRV1137,63.6,148.3,HTN;HF,2022-04-02,
PT13259,00055653,Michelle,Brooks,F,2002-04-24,Lakeview Heights,OH,45510,(555) 513-1441,,Spanish,PY03,PRV1128,62.1,145.8,,2016-04-04,
PT13260,01233216,Rebecca,Alvarado,F,2005-08-18,Lakeview Heights,OH,45510,(555) 332-9591,rebecca.alvarado48@example.com,English,PY05,PRV1136,63.9,149.8,,2022-04-17,
PT13261,08161363,Betty,Matthews,F,1959-03-19,Bluestone,OH,45502,(555) 451-0266,,English,PY02,PRV1127,64.9,167.4,HTN;ASTHMA;CANCER,2019-04-10,
PT13262,01822530,Liam,Sanchez,M,1943-12-09,Bluestone,OH,45503,(555) 427-3732,,English,PY02,PRV1140,65.4,245.6,HTN;CKD,2016-12-23,
PT13263,08460307,Juan,Riley,M,1959-11-24,Oak Glen,OH,45730,(555) 342-2339,,English,PY02,PRV1127,68.8,269.7,HTN,2023-01-19,
PT13264,00063430,Kyle,Kim,M,1977-03-02,Ashby Falls,OH,45610,(555) 662-8557,kyle.kim42@example.com,English,PY04,PRV1134,69.2,175.6,HTN;DM,2024-03-22,
PT13265,06565875,James,Ward,M,2011-05-07,Pine Hollow,OH,45640,(555) 510-4393,,English,PY03,PRV1106,68.8,149.2,PSYCH,2020-04-26,
PT13266,03818806,Linh,Cook,F,1946-06-06,Fairhaven,OH,45620,(555) 615-4643,linh.cook96@example.com,Arabic,PY01,PRV1140,62.8,190.0,DM,2022-03-14,
PT13267,09148220,Zachary,Bailey,M,1994-11-09,Ashby Falls,OH,45610,(555) 527-1948,,English,PY03,PRV1138,67.9,146.3,,2015-10-18,
PT13268,05884326,Brandon,Rodriguez,M,1972-04-07,Cedar Ridge,OH,45720,(555) 361-8720,brandon.rodriguez85@example.com,English,PY04,PRV1140,69.3,139.0,CANCER,2021-10-30,
PT13269,02014511,Lauren,Crawford,F,1970-03-23,Oak Glen,OH,45730,(555) 648-0589,lauren.crawford26@example.com,English,PY07,PRV1136,66.3,178.2,PSYCH,2023-04-25,
PT13270,01665654,Kelly,Knight,F,1977-05-09,Lakeview Heights,OH,45510,(555) 621-6834,kelly.knight73@example.com,English,PY04,PRV1137,63.0,130.3,PSYCH,2023-09-01,
PT13271,03393560,Anthony,Sandoval,M,1957-08-15,Bluestone,OH,45501,(555) 749-5731,,English,PY01,PRV1124,68.9,272.7,HF;OA,2024-06-06,
PT13272,02589331,Jesse,Cunningham,M,2011-01-05,Bluestone,OH,45503,(555) 923-3896,,English,PY03,PRV1104,64.2,125.5,,2024-10-09,
PT13273,00866260,Brenda,Elliott,F,1951-05-26,Bluestone,OH,45503,(555) 914-6853,brenda.elliott84@example.com,Arabic,PY01,PRV1139,68.5,203.4,HTN;DM,2014-12-04,
PT13274,01749615,Harper,Jordan,F,1967-06-27,Bluestone,OH,45501,(555) 205-3772,,English,PY03,PRV1133,62.3,91.2,PSYCH;OA,2016-02-08,
PT13275,06469679,Carlos,Smith,M,1981-08-29,Lakeview Heights,OH,45510,(555) 688-2939,carlos.smith27@example.com,English,PY03,,70.7,184.3,,2010-02-25,
PT13276,05597376,Lucas,Munoz,M,2023-08-28,Bluestone,OH,45503,(555) 934-0759,,English,PY04,PRV1106,22.5,9.0,,2023-11-29,
PT13277,09241239,Patrick,Kowalski,M,1977-09-29,Oak Glen,OH,45730,(555) 892-1601,patrick.kowalski91@example.com,Mandarin,PY07,PRV1134,74.5,297.2,HTN;PSYCH,2020-04-25,
PT13278,01669480,Donna,King,F,1966-06-23,Bluestone,OH,45502,(555) 541-8985,,English,PY04,PRV1138,64.2,117.8,OA,2014-03-24,
PT13279,09781177,Betty,Lopez,F,1977-11-25,Lakeview Heights,OH,45510,(555) 646-5172,betty.lopez54@example.com,English,PY03,PRV1137,62.9,145.9,PSYCH,2010-05-19,
PT13280,06688303,George,Torres,M,1992-12-01,Cedar Ridge,OH,45720,(555) 518-1036,george.torres56@example.com,English,PY06,PRV1138,68.3,224.8,DM,2008-03-20,
PT13281,04233967,William,Hunt,M,1955-08-01,Granite Springs,OH,45750,(555) 458-4832,william.hunt80@example.com,English,PY02,PRV1126,69.2,243.0,HTN,2011-09-27,
PT13282,02668212,Christian,Peterson,M,1967-09-02,Bluestone,OH,45501,(555) 517-7035,christian.peterson2@example.com,English,PY04,PRV1132,70.4,162.2,DM;CKD,2012-01-15,
PT13283,07004771,Joe,Wright,M,1966-01-02,Lakeview Heights,OH,45510,(555) 936-5734,joe.wright88@example.com,Spanish,PY03,PRV1139,73.4,212.9,PSYCH,2022-08-05,
PT13284,04910753,Charlotte,Daniels,F,1975-03-21,Ashby Falls,OH,45610,(555) 359-1762,,English,PY01,PRV1138,67.1,165.9,,2018-10-20,
PT13285,09937916,Bruce,Henry,M,1950-02-20,Bluestone,OH,45503,(555) 391-8992,,English,PY01,PRV1128,64.7,98.2,DM;PSYCH,2019-06-19,2024-10-01
PT13286,09028357,Russell,Simmons,M,1974-04-12,Bluestone,OH,45501,(555) 373-4002,,English,PY03,PRV1140,71.3,172.4,,2010-11-09,
PT13287,05711668,Diane,Dixon,F,2013-07-29,Bluestone,OH,45503,(555) 552-2762,,English,PY03,PRV1106,52.4,107.4,,2020-12-21,
PT13288,06388981,Carolyn,Ferguson,F,2019-01-14,Oak Glen,OH,45730,(555) 675-3275,,English,PY04,PRV1108,38.6,44.0,,2020-11-03,
PT13289,02547554,Kimberly,Ward,F,1990-10-11,Cedar Ridge,OH,45720,(555) 937-0011,,English,PY05,PRV1135,65.9,143.3,,2017-12-04,
PT13290,03971062,Patrick,Martinez,M,1952-01-06,Lakeview Heights,OH,45510,(555) 530-6183,patrick.martinez57@example.com,English,PY01,PRV1124,67.9,139.9,HTN;CKD,2020-11-25,
PT13291,06822695,Harold,Meyer,M,2015-10-25,Riverbend,OH,45545,(555) 413-3284,,English,PY03,PRV1108,46.6,61.9,,2024-03-27,
PT13292,03330857,Roger,Owens,M,1950-07-07,Bluestone,OH,45503,(555) 905-2534,roger.owens44@example.com,English,PY02,PRV1126,69.7,167.7,AFIB,2008-10-21,
PT13293,06298808,Lucas,Olson,M,1943-02-24,Bluestone,OH,45501,(555) 605-4565,lucas.olson44@example.com,Spanish,PY02,PRV1134,72.8,267.5,HTN,2019-03-26,
PT13294,06360695,Brittany,Berry,F,1970-08-26,Riverbend,OH,45545,(555) 611-2900,brittany.berry20@example.com,English,PY03,PRV1134,59.7,149.1,,2008-09-27,
PT13295,00483178,Madison,Henderson,F,2020-11-13,Millbrook,OH,45530,(555) 448-8120,,Spanish,PY05,PRV1108,34.6,32.0,,2022-12-04,
PT13296,06050831,Natalie,Ortiz,F,2001-10-05,Bluestone,OH,45502,(555) 645-0856,natalie.ortiz94@example.com,English,PY04,PRV1136,66.7,146.4,,2023-08-30,
PT13297,04505903,Cheryl,Matthews,F,1972-04-19,Bluestone,OH,45503,(555) 643-8270,,English,PY04,PRV1135,65.3,229.7,HTN,2011-01-10,
PT13298,05245950,Donna,Stevens,F,1939-12-19,Ashby Falls,OH,45610,(555) 644-0976,,English,PY02,PRV1138,59.9,151.3,HTN;AFIB;CANCER,2023-02-16,
PT13299,05795018,Zachary,Fisher,M,1998-07-27,Bluestone,OH,45501,(555) 373-8283,zachary.fisher1@example.com,Spanish,PY05,PRV1133,69.3,223.2,,2013-08-20,
PT13300,04253781,Brian,Schmidt,M,1985-02-20,Bluestone,OH,45503,(555) 487-4684,brian.schmidt85@example.com,English,PY05,PRV1131,69.8,167.7,ASTHMA,2023-06-01,
PT13301,05686372,Joan,Reed,F,1995-12-07,Bluestone,OH,45503,(555) 345-1305,joan.reed58@example.com,English,PY05,PRV1126,60.9,153.4,DM;ASTHMA,2022-05-31,
PT13302,08253110,Cheryl,Tran,F,1986-01-11,Bluestone,OH,45501,(555) 483-3512,,English,PY07,PRV1128,62.4,173.3,CANCER,2024-01-12,
PT13303,07073184,Frank,Edwards,M,1952-12-05,Bluestone,OH,45503,(555) 702-7136,frank.edwards37@example.com,English,PY01,PRV1129,70.5,201.0,DM;COPD;OA,2010-11-07,
PT13304,05152518,Elijah,Gordon,M,1981-11-13,Cedar Ridge,OH,45720,(555) 526-7422,elijah.gordon24@example.com,English,PY05,PRV1125,71.2,258.0,,2009-10-20,
PT13305,06155551,Gregory,Gray,M,1994-09-02,Granite Springs,OH,45750,(555) 775-5721,gregory.gray60@example.com,English,PY04,PRV1135,73.9,360.6,DM,2023-05-24,
PT13306,03353384,Noah,Kowalski,M,1967-09-26,Cedar Ridge,OH,45720,(555) 510-0104,,Somali,PY05,PRV1136,71.9,206.0,HF,2020-07-01,
PT13307,08271154,Sean,Hughes,M,1954-04-19,Bluestone,OH,45501,(555) 833-7197,sean.hughes98@example.com,English,PY01,PRV1124,70.0,269.6,HTN,2022-11-27,
PT13308,08184334,Carlos,White,M,1969-09-19,Bluestone,OH,45502,(555) 426-2048,carlos.white80@example.com,English,PY01,,67.6,212.0,,2017-12-09,
PT13309,06631584,Mary,Allen,F,1942-02-11,Riverbend,OH,45545,(555) 576-4362,mary.allen19@example.com,English,PY02,PRV1124,67.8,171.7,HTN,2018-02-04,
PT13310,08051307,Natalie,Sandoval,F,1948-12-30,Granite Springs,OH,45750,(555) 664-1017,natalie.sandoval49@example.com,Spanish,PY04,PRV1133,60.3,181.1,HTN,2023-07-08,
PT13311,08672323,Austin,Dunn,M,1964-09-27,Cedar Ridge,OH,45720,(555) 518-6953,austin.dunn78@example.com,Mandarin,PY03,PRV1131,62.7,98.1,HTN;DM;PSYCH,2011-10-11,
PT13312,09839990,Isabella,Kim,F,1998-12-24,Lakeview Heights,OH,45510,(555) 545-8626,isabella.kim50@example.com,English,PY06,PRV1132,66.9,152.9,ASTHMA,2022-08-19,
PT13313,07845338,Stephanie,Bradley,F,2022-03-28,Millbrook,OH,45530,(555) 408-7337,,English,PY04,PRV1105,29.8,21.5,,2022-07-13,
PT13314,08766348,Julia,Hunt,F,1996-03-22,Bluestone,OH,45501,(555) 553-6633,,English,PY03,,64.5,176.3,,2019-12-05,
PT13315,08696849,Diana,Riley,F,2000-01-25,Pine Hollow,OH,45640,(555) 277-4912,,English,PY06,PRV1136,64.5,131.2,,2014-10-21,
PT13316,06288626,Billy,Tran,M,2010-09-17,Cedar Ridge,OH,45720,(555) 401-9965,,English,PY04,PRV1107,65.2,153.9,ASTHMA;PSYCH,2022-12-29,
PT13317,04904027,Paul,Aguilar,M,1992-08-14,Lakeview Heights,OH,45510,(555) 933-9516,paul.aguilar71@example.com,English,PY05,PRV1133,71.2,224.4,,2014-06-11,
PT13318,03630536,George,Ortiz,M,1996-12-17,Bluestone,OH,45502,(555) 548-0196,,English,PY03,PRV1128,69.1,277.7,,2014-02-03,
PT13319,08395289,Heather,Thompson,F,2023-08-24,Lakeview Heights,OH,45510,(555) 933-9881,,English,PY04,PRV1104,26.3,17.9,,2023-11-13,
PT13320,02053400,Lucia,Shaw,F,1955-10-08,Bluestone,OH,45501,(555) 553-4397,,English,PY02,PRV1129,60.2,140.3,DM;OA,2019-08-07,
PT13321,09757918,Jean,Aguilar,F,1964-01-05,Bluestone,OH,45502,(555) 965-3087,jean.aguilar74@example.com,Vietnamese,PY07,PRV1136,66.4,203.2,HTN;OA,2015-11-02,
PT13322,03957724,Ava,Sanders,F,1980-12-02,Ashby Falls,OH,45610,(555) 560-7940,ava.sanders15@example.com,English,PY05,PRV1136,60.5,90.5,,2019-10-20,
PT13323,07337288,Natalie,Crawford,F,1973-01-20,Cedar Ridge,OH,45720,(555) 225-9688,natalie.crawford51@example.com,English,PY04,,63.1,213.8,ASTHMA,2008-07-10,
PT13324,06930143,Walter,Ellis,M,1979-12-11,Granite Springs,OH,45750,(555) 680-8308,walter.ellis39@example.com,English,PY05,PRV1138,69.5,236.8,DM,2015-01-15,
PT13325,01825324,Matthew,Fernandez,M,1949-07-10,Bluestone,OH,45503,(555) 256-0840,matthew.fernandez14@example.com,English,PY03,PRV1134,69.4,287.7,HTN;HF;CKD;PSYCH,2021-09-19,
PT13326,05757055,Emma,Webb,F,1977-10-08,Bluestone,OH,45501,(555) 540-8001,emma.webb89@example.com,English,PY04,PRV1128,63.8,224.0,HTN,2014-06-02,
PT13327,06450086,Denise,Murphy,F,1927-01-20,Riverbend,OH,45545,(555) 952-7130,,English,PY01,PRV1136,66.9,170.9,HTN;AFIB,2022-03-11,
PT13328,08149492,Nancy,Hicks,F,1953-06-01,Bluestone,OH,45502,(555) 614-5902,nancy.hicks74@example.com,English,PY02,PRV1127,63.7,192.7,HTN,2016-08-23,
PT13329,04398502,Emily,White,F,1966-03-18,Fairhaven,OH,45620,(555) 691-7840,emily.white24@example.com,English,PY07,PRV1131,61.3,142.7,,2024-02-18,
PT13330,04669213,Deborah,Gonzalez,F,1960-01-08,Oak Glen,OH,45730,(555) 630-3946,,English,PY01,PRV1133,65.5,193.2,HTN;OA,2008-08-06,
PT13331,08245261,Priya,Soto,F,1983-08-01,Bluestone,OH,45501,(555) 742-6549,,English,PY04,PRV1125,63.3,174.7,HTN,2015-01-12,
PT13332,03481874,Madison,Walker,F,1970-05-19,Bluestone,OH,45502,(555) 340-1954,madison.walker47@example.com,English,PY03,PRV1135,60.8,118.0,HTN,2023-03-10,
PT13333,02758579,Patricia,Ramos,F,1982-12-13,Bluestone,OH,45501,(555) 431-8458,,English,PY04,PRV1140,65.3,103.4,,2022-05-23,
PT13334,08032932,Mei,Myers,F,1978-04-04,Granite Springs,OH,45750,(555) 324-1732,mei.myers39@example.com,Spanish,PY04,PRV1129,63.9,105.3,HTN,2018-03-30,
PT13335,04637993,Marie,Johnston,F,1946-12-17,Bluestone,OH,45502,(555) 279-4686,marie.johnston94@example.com,English,PY02,PRV1127,68.3,204.2,HTN;COPD,2023-10-01,
PT13336,03465928,Denise,Vargas,F,1949-02-10,Bluestone,OH,45501,(555) 356-9547,denise.vargas51@example.com,English,PY04,,64.7,98.2,HTN;CANCER;PSYCH,2023-11-22,
PT13337,07665075,Cynthia,Wagner,F,1965-04-18,Bluestone,OH,45501,(555) 596-5056,cynthia.wagner83@example.com,English,PY04,PRV1124,68.7,197.9,AFIB,2010-04-30,
PT13338,02761130,Wayne,Robinson,M,1953-06-06,Bluestone,OH,45503,(555) 831-2046,wayne.robinson84@example.com,English,PY02,PRV1139,68.1,165.6,HTN;OA,2023-09-18,
PT13339,03380140,Sarah,Perkins,F,1981-05-21,Bluestone,OH,45502,(555) 784-3285,sarah.perkins22@example.com,English,PY03,PRV1129,61.4,191.8,,2021-04-05,
PT13340,00621902,Ava,Carpenter,F,1976-03-31,Bluestone,OH,45501,(555) 248-7816,ava.carpenter21@example.com,English,PY05,PRV1133,65.2,241.3,HTN,2021-06-09,
PT13341,02727992,Joseph,Matthews,M,1974-08-24,Bluestone,OH,45501,(555) 536-1976,,English,PY04,PRV1132,67.8,117.1,,2014-06-29,
PT13342,03502069,Kathleen,Adams,F,1999-02-04,Ashby Falls,OH,45610,(555) 627-8064,kathleen.adams29@example.com,English,PY03,PRV1128,69.7,163.8,,2021-10-24,
PT13343,04894705,Rosa,Cunningham,F,1926-06-05,Lakeview Heights,OH,45510,(555) 241-7018,rosa.cunningham58@example.com,English,PY01,PRV1131,63.4,147.9,HTN,2023-02-09,
PT13344,08721199,Wei,Aguilar,M,1951-07-13,Millbrook,OH,45530,(555) 446-1403,wei.aguilar38@example.com,English,PY01,PRV1125,70.1,251.3,HTN;DM,2019-05-31,
PT13345,06243750,Christopher,Jordan,M,1940-12-14,Bluestone,OH,45501,(555) 926-6498,christopher.jordan50@example.com,English,PY02,PRV1128,72.7,266.0,DM,2019-01-29,
PT13346,03703726,John,Mills,M,1972-04-29,Cedar Ridge,OH,45720,(555) 268-8511,,English,PY06,,68.0,188.6,ETOH,2022-09-04,
PT13347,06932139,Linh,Hart,F,1975-09-22,Oak Glen,OH,45730,(555) 703-1763,linh.hart42@example.com,English,PY03,PRV1135,67.0,183.0,COPD;PSYCH,2017-09-07,
PT13348,07756956,Pamela,Hall,F,1977-05-11,Bluestone,OH,45501,(555) 705-2935,pamela.hall4@example.com,English,PY07,PRV1140,66.2,204.9,,2013-10-12,
PT13349,03287768,Christopher,Gutierrez,M,1952-08-20,Bluestone,OH,45503,(555) 393-1620,christopher.gutierrez73@example.com,Spanish,PY01,,72.9,201.3,HTN,2022-01-16,2024-01-19
PT13350,03285922,Grace,Okafor,F,1967-12-23,Bluestone,OH,45501,(555) 584-1969,,English,PY05,PRV1134,66.9,183.3,HTN;HF;OA,2012-03-02,
PT13351,09121273,Justin,Richardson,M,1958-10-16,Bluestone,OH,45501,(555) 220-0887,justin.richardson21@example.com,English,PY02,PRV1131,69.3,154.6,DM,2021-06-26,2024-01-19
PT13352,08189226,Mary,Cunningham,F,1958-08-01,Bluestone,OH,45501,(555) 226-4331,,English,PY01,PRV1135,62.1,152.1,HTN;COPD;AFIB;PSYCH,2023-02-01,
PT13353,03176895,Adam,Brooks,M,1982-07-27,Granite Springs,OH,45750,(555) 865-4331,adam.brooks1@example.com,English,PY03,PRV1129,62.3,186.5,PSYCH,2022-11-06,
PT13354,02331317,Christian,Robinson,M,1937-09-18,Bluestone,OH,45501,(555) 238-1731,christian.robinson53@example.com,English,PY01,PRV1140,68.1,157.1,COPD,2019-04-02,
PT13355,06721210,Emma,Jackson,F,1962-07-14,Lakeview Heights,OH,45510,(555) 600-7093,emma.jackson51@example.com,English,PY03,PRV1137,66.5,178.6,HTN,2020-08-31,
PT13356,08806643,Joe,Soto,M,2011-10-11,Bluestone,OH,45501,(555) 218-2731,,English,PY05,PRV1104,64.9,121.4,ASTHMA;PSYCH,2013-12-07,
PT13357,06198793,Virginia,Bryant,F,1968-02-18,Bluestone,OH,45501,(555) 563-9607,virginia.bryant24@example.com,English,PY03,PRV1134,70.6,159.5,HTN;PSYCH,2018-08-24,
PT13358,07681949,Randy,Moore,M,2024-12-15,Millbrook,OH,45530,(555) 308-5555,,English,PY03,,24.0,15.3,,2024-01-28,
PT13359,08743051,Julie,Gibson,F,1948-04-30,Oak Glen,OH,45730,(555) 719-2560,julie.gibson36@example.com,English,PY04,PRV1127,58.6,188.4,,2024-07-19,
PT13360,05348663,Anna,Robertson,F,1978-07-12,Bluestone,OH,45503,(555) 372-6408,anna.robertson26@example.com,English,PY04,,69.3,176.9,HTN;PSYCH,2021-03-09,
PT13361,01030889,Sharon,Fernandez,F,1990-01-02,Fairhaven,OH,45620,(555) 415-2995,sharon.fernandez84@example.com,English,PY05,PRV1127,65.3,196.2,,2016-07-15,
PT13362,03098533,John,Hawkins,M,2007-01-01,Millbrook,OH,45530,(555) 446-5309,john.hawkins75@example.com,English,PY06,PRV1138,64.1,181.8,ASTHMA,2016-04-21,
PT13363,02079944,Elizabeth,Hall,F,1930-10-13,Cedar Ridge,OH,45720,(555) 265-9832,,English,PY01,PRV1139,63.3,198.7,HTN;HF,2024-05-03,
PT13364,02082801,Bradley,Nguyen,M,1928-08-12,Lakeview Heights,OH,45510,(555) 959-9790,bradley.nguyen61@example.com,English,PY02,PRV1126,70.5,179.1,HTN;CKD,2024-06-20,
PT13365,05213945,Hassan,Graham,M,1967-02-04,Oak Glen,OH,45730,(555) 459-9137,hassan.graham31@example.com,Spanish,PY03,PRV1125,68.9,177.3,HTN,2009-04-15,
PT13366,09125744,Jonathan,Allen,M,1961-04-05,Bluestone,OH,45501,(555) 521-0308,jonathan.allen16@example.com,English,PY03,PRV1126,69.7,209.2,AFIB;PSYCH,2023-03-28,
PT13367,05219578,Paul,Boyd,M,2006-01-13,Bluestone,OH,45503,(555) 428-5893,,English,PY03,PRV1133,66.0,163.4,,2025-07-12,
PT13368,08212638,Alan,Morgan,M,1975-10-04,Oak Glen,OH,45730,(555) 369-9655,,English,PY07,PRV1127,72.3,277.1,,2024-04-26,
PT13369,04208501,Lucia,Bailey,F,1965-11-07,Bluestone,OH,45503,(555) 827-3840,lucia.bailey24@example.com,Spanish,PY03,PRV1132,58.3,184.5,PSYCH,2013-04-13,
PT13370,09283386,Joshua,Fisher,M,1961-01-03,Cedar Ridge,OH,45720,(555) 357-6479,,English,PY04,PRV1126,73.6,340.1,ASTHMA,2020-02-01,
PT13371,04602134,Minh,Cox,M,1964-02-12,Bluestone,OH,45502,(555) 430-8371,,English,PY07,PRV1139,75.4,192.5,,2010-11-13,
PT13372,08708853,Rebecca,Mills,F,1948-02-16,Ashby Falls,OH,45610,(555) 248-0585,,English,PY02,PRV1128,61.7,208.0,HTN;AFIB,2023-12-10,
PT13373,00429267,Ava,Woods,F,2002-02-27,Pine Hollow,OH,45640,(555) 671-5190,,Arabic,PY05,PRV1126,71.9,210.7,,2011-09-18,
PT13374,04762081,Donald,Santos,M,1974-06-04,Bluestone,OH,45501,(555) 614-1644,donald.santos27@example.com,English,PY03,PRV1140,70.9,180.2,OA,2011-04-30,
PT13375,03447687,Evelyn,Allen,F,1980-11-02,Bluestone,OH,45501,(555) 371-8023,evelyn.allen89@example.com,English,PY01,PRV1125,61.5,162.5,,2022-09-01,
PT13376,05206313,Mark,Ramos,M,1963-08-06,Bluestone,OH,45501,(555) 480-8570,,English,PY03,PRV1127,66.5,153.1,PSYCH,2017-09-02,
PT13377,00561783,Roy,Hunt,M,1991-12-05,Bluestone,OH,45502,(555) 808-6780,,English,PY07,PRV1124,68.3,163.7,ETOH,2022-06-19,
PT13378,08683711,Andrew,Sanders,M,1993-09-02,Bluestone,OH,45503,(555) 823-1297,andrew.sanders46@example.com,Mandarin,PY03,PRV1132,68.1,210.6,ETOH,2023-06-15,
PT13379,01370256,Andrea,Bradley,F,1985-06-09,Lakeview Heights,OH,45510,(555) 653-0306,andrea.bradley28@example.com,English,PY05,,66.7,152.8,,2019-08-05,
PT13380,03115786,Patricia,Adams,F,1973-04-07,Ashby Falls,OH,45610,(555) 538-7959,patricia.adams33@example.com,English,PY06,,64.1,152.2,HTN,2017-04-19,
PT13381,01648781,Jacqueline,Willis,F,1956-12-09,Bluestone,OH,45501,(555) 436-9397,jacqueline.willis61@example.com,English,PY02,PRV1138,64.2,139.1,HTN,2022-08-18,
PT13382,04660712,Sharon,Murray,F,2006-04-30,Bluestone,OH,45501,(555) 754-6440,sharon.murray80@example.com,English,PY04,PRV1134,64.0,147.5,,2013-06-03,
PT13383,07556225,Logan,Andrews,M,1930-05-04,Ashby Falls,OH,45610,(555) 352-6106,,English,PY01,PRV1140,68.1,277.6,,2013-01-21,
PT13384,00250811,Albert,Warren,M,1937-08-05,Granite Springs,OH,45750,(555) 875-6809,albert.warren23@example.com,English,PY04,PRV1129,70.3,221.1,,2024-05-30,
PT13385,00972958,Priya,Collins,F,1981-09-25,Bluestone,OH,45503,(555) 359-4988,,English,PY07,PRV1134,61.9,129.5,PSYCH,2022-09-17,
PT13386,09236613,Stephanie,Medina,F,1948-03-23,Ashby Falls,OH,45610,(555) 820-6373,stephanie.medina19@example.com,Spanish,PY01,PRV1132,61.2,146.6,DM;HF;AFIB,2014-06-20,
PT13387,01207308,Steven,Kowalski,M,1973-02-17,Bluestone,OH,45501,(555) 356-1579,steven.kowalski73@example.com,English,PY03,PRV1128,71.6,130.5,HTN;CKD,2023-01-29,
PT13388,04850132,Diego,Elliott,M,1954-08-12,Riverbend,OH,45545,(555) 270-3794,diego.elliott38@example.com,English,PY01,PRV1137,73.2,159.5,PSYCH,2016-06-25,
PT13389,09195982,Omar,Pena,M,1941-05-19,Bluestone,OH,45501,(555) 924-3352,omar.pena98@example.com,English,PY01,PRV1129,69.5,197.0,HTN,2016-11-13,
PT13390,04277692,Martha,Kennedy,F,2013-07-30,Lakeview Heights,OH,45510,(555) 728-9889,,English,PY04,PRV1107,52.5,89.3,,2017-07-15,
PT13391,04551823,Brandon,Porter,M,1947-12-23,Lakeview Heights,OH,45510,(555) 907-7145,brandon.porter9@example.com,English,PY02,PRV1131,71.8,268.2,HTN;COPD;AFIB;ETOH,2021-04-22,2025-12-22
PT13392,06966967,Matthew,Harrison,M,1950-05-25,Bluestone,OH,45502,(555) 730-7185,matthew.harrison55@example.com,English,PY02,PRV1134,70.1,176.9,HTN;COPD,2020-07-12,
PT13393,07616424,Vincent,Coleman,M,1969-10-25,Oak Glen,OH,45730,(555) 270-6790,vincent.coleman37@example.com,English,PY06,PRV1127,67.5,214.1,COPD,2011-03-06,2025-04-30
PT13394,02394441,Dylan,Hughes,M,2016-03-06,Bluestone,OH,45502,(555) 910-6081,,Spanish,PY03,PRV1106,40.9,54.1,,2020-12-08,
PT13395,01360961,Minh,Johnston,M,1929-05-27,Bluestone,OH,45501,(555) 653-8452,,English,PY02,PRV1134,69.8,138.0,HTN;HF;AFIB;CKD;OA,2024-01-12,
PT13396,02316374,Sarah,Cruz,F,1973-01-13,Bluestone,OH,45503,(555) 697-2896,sarah.cruz64@example.com,English,PY04,PRV1140,67.9,199.1,,2012-07-15,
PT13397,00560003,Eugene,Lindqvist,M,1968-08-24,Bluestone,OH,45501,(555) 272-4944,eugene.lindqvist42@example.com,Spanish,PY04,PRV1124,71.5,181.6,CKD,2022-12-17,
PT13398,02197820,Sharon,Knight,F,1967-09-18,Ashby Falls,OH,45610,(555) 974-5408,,Spanish,PY03,PRV1133,60.5,138.0,DM,2023-08-08,
PT13399,00186502,Betty,Gibson,F,1978-10-24,Bluestone,OH,45501,(555) 484-2765,,English,PY04,PRV1124,68.7,218.7,,2018-05-02,
PT13400,08852022,Rosa,Kowalski,F,1961-06-14,Bluestone,OH,45501,(555) 415-7883,rosa.kowalski92@example.com,English,PY04,PRV1135,65.6,196.4,AFIB,2013-05-29,
PT13401,05758538,Jesse,Hicks,M,1942-09-10,Bluestone,OH,45501,(555) 311-6257,jesse.hicks8@example.com,English,PY01,PRV1128,69.8,139.8,HTN,2024-02-26,
PT13402,03907877,Alan,Ruiz,M,1975-06-26,Bluestone,OH,45501,(555) 904-8918,alan.ruiz84@example.com,English,PY05,PRV1140,69.0,204.2,HTN,2021-09-19,
PT13403,00872821,Alexis,Crawford,F,1984-09-06,Ashby Falls,OH,45610,(555) 941-9269,,English,PY06,PRV1139,67.7,155.3,,2015-05-27,
PT13404,02637085,Olivia,Webb,F,2020-09-13,Granite Springs,OH,45750,(555) 225-4412,,English,PY03,PRV1106,33.0,28.9,,2023-09-05,
PT13405,00948661,Bradley,Brown,M,1980-02-11,Lakeview Heights,OH,45510,(555) 813-7630,,Spanish,PY04,PRV1139,72.7,188.1,HTN,2016-08-24,
PT13406,09064238,Amy,Collins,F,1963-04-03,Ashby Falls,OH,45610,(555) 265-4744,amy.collins38@example.com,Arabic,PY06,PRV1125,65.9,153.3,HTN;CANCER,2009-04-07,
PT13407,03251087,Ava,Petrov,F,1926-09-15,Ashby Falls,OH,45610,(555) 459-9085,ava.petrov36@example.com,English,PY01,PRV1138,63.9,179.7,CKD,2016-08-05,
PT13408,08370676,Sean,Moreno,M,1992-07-20,Oak Glen,OH,45730,(555) 417-7432,sean.moreno57@example.com,English,PY04,PRV1139,71.1,171.2,,2023-04-11,
PT13409,05203328,Aaron,Johnson,M,1995-03-18,Lakeview Heights,OH,45510,(555) 227-9086,aaron.johnson67@example.com,English,PY05,PRV1128,68.1,207.0,PSYCH,2009-09-22,
PT13410,08989041,Tyler,Wagner,M,2003-10-14,Millbrook,OH,45530,(555) 458-1646,tyler.wagner39@example.com,English,PY06,PRV1129,71.1,195.5,PSYCH,2022-02-19,
PT13411,09031279,Jeremy,Hamilton,M,1967-11-09,Millbrook,OH,45530,(555) 886-5230,jeremy.hamilton67@example.com,English,PY06,PRV1136,70.0,233.8,PSYCH;OA,2014-01-16,2025-12-31
PT13412,08106237,Denise,Graham,F,1953-05-22,Ashby Falls,OH,45610,(555) 775-3458,denise.graham46@example.com,English,PY01,PRV1137,62.6,229.5,HTN;DM,2012-09-02,
PT13413,09668978,Timothy,Nichols,M,1981-11-27,Bluestone,OH,45502,(555) 828-9981,,English,PY04,PRV1130,71.7,208.1,ASTHMA;CANCER;PSYCH,2019-03-26,
PT13414,05292215,Betty,Edwards,F,2015-03-27,Bluestone,OH,45502,(555) 870-6511,,English,PY04,PRV1105,43.8,56.9,,2024-05-22,
PT13415,04161400,Kayla,Gardner,F,1961-05-08,Bluestone,OH,45503,(555) 403-5946,,English,PY06,PRV1127,66.5,179.7,ASTHMA,2019-08-30,
PT13416,07685461,Alice,Davis,F,1942-12-09,Bluestone,OH,45502,(555) 729-8325,alice.davis4@example.com,English,PY01,PRV1131,63.6,184.1,HTN,2011-05-06,
PT13417,07605381,Lauren,Castro,F,1958-08-26,Bluestone,OH,45502,(555) 786-1536,lauren.castro29@example.com,English,PY02,PRV1135,63.2,169.9,HTN;COPD;PSYCH,2021-12-14,
PT13418,08807822,Carol,Chen,F,2004-10-11,Bluestone,OH,45501,(555) 699-9807,carol.chen12@example.com,English,PY06,PRV1128,63.1,190.3,,2021-01-31,
PT13419,08714535,Lawrence,Wright,M,1990-12-02,Lakeview Heights,OH,45510,(555) 392-3905,lawrence.wright31@example.com,English,PY03,PRV1140,74.5,214.6,,2011-08-29,
PT13420,06794091,Diane,Gutierrez,F,1992-07-08,Bluestone,OH,45503,(555) 698-1892,diane.gutierrez17@example.com,English,PY04,PRV1140,60.0,89.6,ETOH,2018-05-09,
PT13421,07422950,Diego,Gonzalez,M,1947-01-02,Ashby Falls,OH,45610,(555) 870-4680,diego.gonzalez29@example.com,English,PY02,PRV1131,61.2,178.9,DM,2021-11-16,
PT13422,00310864,Debra,McDonald,F,2021-02-11,Bluestone,OH,45503,(555) 834-0179,,English,PY03,PRV1107,31.1,25.8,,2021-03-08,
PT13423,03374730,Ryan,Lawrence,M,1981-09-14,Bluestone,OH,45501,(555) 328-2498,ryan.lawrence14@example.com,English,PY03,PRV1128,71.0,248.8,,2013-12-21,
PT13424,07767130,Samantha,Dixon,F,1964-03-04,Oak Glen,OH,45730,(555) 926-4738,,English,PY05,PRV1138,59.6,177.4,AFIB,2009-10-07,
PT13425,00279226,Ruth,Berry,F,1974-06-20,Millbrook,OH,45530,(555) 833-8283,ruth.berry8@example.com,English,PY03,PRV1125,65.6,115.1,HTN,2016-12-27,
PT13426,03468544,Douglas,Vasquez,M,1927-12-07,Cedar Ridge,OH,45720,(555) 308-6567,douglas.vasquez40@example.com,English,PY03,PRV1126,68.3,142.9,,2019-12-23,
PT13427,02369044,Emily,Grant,F,1995-08-06,Cedar Ridge,OH,45720,(555) 291-6745,emily.grant55@example.com,Russian,PY04,PRV1136,62.4,193.7,,2014-10-21,
PT13428,00865480,Carlos,Carroll,M,1985-04-08,Bluestone,OH,45501,(555) 518-7508,carlos.carroll91@example.com,Russian,PY04,PRV1138,67.4,256.4,,2011-08-27,
PT13429,03629238,Joan,Evans,F,1989-11-10,Fairhaven,OH,45620,(555) 709-6698,joan.evans14@example.com,English,PY04,PRV1124,68.6,135.1,DM,2017-01-08,
PT13430,01745769,Charles,Stone,M,1990-07-13,Bluestone,OH,45501,(555) 213-9817,charles.stone42@example.com,English,PY07,PRV1136,69.4,190.1,,2014-03-24,
PT13431,05863382,Bruce,Lawrence,M,1970-03-27,Bluestone,OH,45501,(555) 290-8717,,English,PY04,PRV1140,71.7,254.9,DM,2013-07-09,
PT13432,02376749,Elijah,Peters,M,2014-03-29,Ashby Falls,OH,45610,(555) 639-8365,,Spanish,PY03,PRV1108,48.1,51.7,,2019-05-26,
PT13433,00043727,Daniel,Moore,M,2018-12-03,Cedar Ridge,OH,45720,(555) 381-5050,,English,PY04,PRV1108,37.7,44.6,,2022-07-13,
PT13434,06208262,Shirley,Rose,F,1966-06-22,Pine Hollow,OH,45640,(555) 574-2080,,Vietnamese,PY03,PRV1129,65.8,149.8,DM,2023-06-10,
PT13435,06939344,Frances,Fisher,F,1989-09-18,Ashby Falls,OH,45610,(555) 863-6682,frances.fisher37@example.com,English,PY03,PRV1138,66.5,223.8,,2012-03-31,
PT13436,08698364,Patrick,Aguilar,M,1952-10-28,Bluestone,OH,45502,(555) 534-2109,,English,PY02,PRV1134,67.5,180.2,HTN;ETOH,2018-06-28,
PT13437,04238806,Raymond,Woods,M,1966-04-16,Bluestone,OH,45501,(555) 776-4288,raymond.woods2@example.com,English,PY05,,66.0,153.5,,2024-06-06,
PT13438,05886236,Jessica,Alvarado,F,2025-05-25,Pine Hollow,OH,45640,(555) 785-6441,,English,PY03,,19.3,7.5,,2024-12-28,
PT13439,02462517,James,Flores,M,1960-04-13,Ashby Falls,OH,45610,(555) 724-2737,james.flores75@example.com,English,PY02,PRV1140,71.6,246.5,,2009-03-23,
PT13440,03723826,Angela,Brown,F,1951-10-07,Oak Glen,OH,45730,(555) 536-4855,angela.brown36@example.com,English,PY01,PRV1136,61.2,150.8,DM;AFIB,2014-01-23,
PT13441,05970104,Betty,Patel,F,1964-09-29,Oak Glen,OH,45730,(555) 761-0007,betty.patel97@example.com,English,PY06,PRV1131,65.7,235.7,,2017-05-02,
PT13442,09707494,Melissa,Alexander,F,1968-03-13,Pine Hollow,OH,45640,(555) 572-6812,,English,PY04,PRV1132,66.9,198.8,CKD,2021-10-03,
PT13443,00837960,Willie,Bennett,M,1984-06-07,Ashby Falls,OH,45610,(555) 257-3197,willie.bennett45@example.com,English,PY06,PRV1138,70.5,153.0,HTN,2024-11-18,
PT13444,02154839,Aaliyah,West,F,1977-02-27,Bluestone,OH,45501,(555) 463-9522,aaliyah.west10@example.com,English,PY05,PRV1134,64.0,154.8,HTN,2010-07-04,
PT13445,00238285,Karen,Jordan,F,1942-12-13,Pine Hollow,OH,45640,(555) 880-4413,karen.jordan80@example.com,English,PY01,PRV1134,67.2,179.2,HF;CKD;OA,2011-07-18,
PT13446,09748925,Bruce,Wilson,M,1978-03-18,Bluestone,OH,45502,(555) 500-4015,,English,PY04,PRV1124,69.5,163.8,DM,2015-12-15,
PT13447,00209578,Aaliyah,Mitchell,F,2020-04-15,Pine Hollow,OH,45640,(555) 748-4155,,English,PY04,PRV1105,34.2,26.9,,2024-08-13,
PT13448,07406679,Robert,Baker,M,1963-10-04,Millbrook,OH,45530,(555) 303-5406,robert.baker61@example.com,English,PY06,PRV1140,69.9,197.6,,2021-09-20,2025-05-03
PT13449,01032557,Joan,Rogers,F,1973-08-28,Oak Glen,OH,45730,(555) 730-9391,,English,PY06,,55.5,110.7,OA,2019-09-26,
PT13450,07906307,Ava,Novak,F,1977-01-05,Pine Hollow,OH,45640,(555) 959-2388,ava.novak13@example.com,English,PY06,PRV1139,66.7,200.4,,2022-11-29,
PT13451,01719958,Benjamin,Munoz,M,1982-05-07,Lakeview Heights,OH,45510,(555) 676-5420,,English,PY04,PRV1124,70.9,191.7,,2011-01-20,
PT13452,06682673,Aaliyah,Davis,F,2011-10-29,Bluestone,OH,45502,(555) 580-3778,,English,PY03,PRV1107,62.2,134.8,,2013-04-18,
PT13453,00749662,Jacob,Rodriguez,M,2018-04-29,Millbrook,OH,45530,(555) 483-9448,,English,PY04,PRV1105,34.5,31.7,,2023-11-09,
PT13454,06760010,Martha,Clark,F,1974-06-04,Bluestone,OH,45503,(555) 920-9322,martha.clark16@example.com,English,PY04,PRV1137,63.8,133.1,DM;ASTHMA,2009-08-15,
PT13455,05331051,Isabella,Palmer,F,1978-10-12,Bluestone,OH,45503,(555) 734-3397,isabella.palmer95@example.com,Somali,PY03,PRV1127,62.5,184.4,,2017-11-15,
PT13456,07922079,Victoria,White,F,1971-04-13,Millbrook,OH,45530,(555) 892-3754,,English,PY06,PRV1130,61.2,195.5,CKD;ASTHMA,2019-10-20,
PT13457,06564375,Zachary,Campbell,M,2019-06-26,Oak Glen,OH,45730,(555) 664-9922,,English,PY04,PRV1104,36.6,38.5,,2022-07-20,
PT13458,06619448,Teresa,Warren,F,1926-11-15,Cedar Ridge,OH,45720,(555) 643-3917,,English,PY02,PRV1133,60.3,117.2,,2025-01-15,
PT13459,08020317,Kayla,Harris,F,2001-08-06,Millbrook,OH,45530,(555) 716-3276,kayla.harris48@example.com,English,PY05,PRV1127,61.3,217.7,,2024-01-26,
PT13460,08216168,Helen,Hunter,F,1961-10-17,Riverbend,OH,45545,(555) 393-5312,helen.hunter51@example.com,English,PY05,PRV1134,64.3,171.0,HF,2020-12-22,
PT13461,00100233,Thomas,Ward,M,1964-08-14,Cedar Ridge,OH,45720,(555) 951-4780,thomas.ward53@example.com,English,PY06,PRV1130,65.7,198.4,,2010-11-07,
PT13462,00876968,Anthony,Washington,M,2021-10-15,Lakeview Heights,OH,45510,(555) 471-0608,,English,PY03,PRV1104,28.9,23.7,,2023-04-17,
PT13463,07075708,Bruce,Olson,M,1989-10-15,Bluestone,OH,45501,(555) 764-7888,bruce.olson27@example.com,English,PY06,PRV1138,67.0,236.4,,2022-05-22,
PT13464,07683981,Amina,Jordan,F,1939-04-15,Bluestone,OH,45503,(555) 844-8268,,Vietnamese,PY02,PRV1138,62.2,156.0,HTN;HF,2019-01-06,
PT13465,05528633,Russell,Yilmaz,M,1944-03-07,Bluestone,OH,45501,(555) 410-3531,russell.yilmaz74@example.com,English,PY01,PRV1138,69.4,238.4,HTN;CKD,2009-02-25,
PT13466,07818019,Samuel,Perkins,M,2007-04-17,Ashby Falls,OH,45610,(555) 335-4325,samuel.perkins72@example.com,English,PY03,PRV1133,65.6,215.9,,2014-06-28,
PT13467,00974192,Jerry,Olson,M,2015-03-28,Ashby Falls,OH,45610,(555) 746-7429,,English,PY03,PRV1105,43.5,48.9,,2019-12-26,
PT13468,00019859,Edward,Meyer,M,1984-01-07,Ashby Falls,OH,45610,(555) 937-1922,,English,PY04,PRV1129,70.8,186.6,HTN,2019-09-16,
PT13469,06387240,Cynthia,Roberts,F,1973-10-11,Bluestone,OH,45501,(555) 378-6486,cynthia.roberts55@example.com,English,PY01,PRV1139,61.8,165.4,,2020-04-22,
PT13470,08059670,Robert,Kowalski,M,1981-05-15,Fairhaven,OH,45620,(555) 359-4360,robert.kowalski92@example.com,English,PY05,PRV1127,69.6,266.7,HTN,2021-08-09,
PT13471,08788207,Debra,Reynolds,F,2019-04-28,Pine Hollow,OH,45640,(555) 826-1659,,English,PY04,PRV1104,36.7,32.0,,2024-04-13,
PT13472,00077399,Andrea,Griffin,F,2017-09-19,Cedar Ridge,OH,45720,(555) 400-2848,,English,PY03,PRV1106,38.4,43.8,ASTHMA,2021-07-01,
PT13473,01744606,Janice,Murray,F,2020-10-19,Granite Springs,OH,45750,(555) 263-2622,,English,PY05,PRV1108,32.5,40.6,ASTHMA,2024-01-19,
PT13474,02521012,Alexis,Guzman,F,1950-03-26,Bluestone,OH,45503,(555) 716-7554,alexis.guzman87@example.com,English,PY02,PRV1131,62.4,166.0,SEIZURE,2020-06-27,
PT13475,05082950,Barbara,Walker,F,2021-01-28,Cedar Ridge,OH,45720,(555) 940-7513,,English,PY05,PRV1108,30.8,25.1,ASTHMA,2023-08-12,
PT13476,02244142,Julia,Campbell,F,1950-10-04,Bluestone,OH,45503,(555) 707-7354,julia.campbell34@example.com,English,PY01,PRV1124,61.3,121.5,HTN;DM;OA,2023-05-18,
PT13477,08278827,Jonathan,Hart,M,1963-08-06,Cedar Ridge,OH,45720,(555) 797-1726,jonathan.hart14@example.com,English,PY07,,69.8,114.3,,2022-07-11,
PT13478,05580394,Virginia,Russell,F,1963-05-30,Oak Glen,OH,45730,(555) 305-9533,virginia.russell11@example.com,English,PY04,PRV1140,68.4,213.8,HTN,2018-10-25,
PT13479,04732272,Nicole,Harrison,F,2020-09-15,Riverbend,OH,45545,(555) 705-2457,,English,PY03,PRV1108,32.8,27.3,,2022-11-28,
PT13480,00728448,Linda,Sanchez,F,1963-02-18,Bluestone,OH,45501,(555) 445-5504,linda.sanchez53@example.com,English,PY06,PRV1131,68.8,169.9,PSYCH,2013-10-12,
PT13481,04613295,Jonathan,Fernandez,M,1961-12-15,Bluestone,OH,45501,(555) 244-0062,jonathan.fernandez70@example.com,English,PY03,PRV1137,69.5,184.0,PSYCH,2023-03-23,
PT13482,03594337,Nicole,Hunter,F,1937-02-22,Cedar Ridge,OH,45720,(555) 489-3894,nicole.hunter74@example.com,English,PY02,PRV1124,64.3,263.1,HTN,2023-11-13,
PT13483,05305358,Frances,Sanchez,F,1984-08-24,Bluestone,OH,45501,(555) 216-5025,frances.sanchez35@example.com,English,PY04,PRV1129,67.2,255.3,PSYCH,2015-04-16,
PT13484,04365967,Madison,Foster,F,1953-04-16,Bluestone,OH,45503,(555) 365-7897,,English,PY02,PRV1137,65.1,150.8,HTN;DM;COPD,2014-04-06,
PT13485,09909390,Hassan,Mitchell,M,1961-03-06,Riverbend,OH,45545,(555) 817-9670,hassan.mitchell76@example.com,English,PY04,PRV1140,66.5,142.8,,2020-11-28,
PT13486,06913352,Alan,Morgan,M,1994-09-01,Bluestone,OH,45502,(555) 726-3801,,English,PY05,PRV1127,67.4,215.3,,2017-01-27,
PT13487,06780725,Bradley,Soto,M,2023-03-06,Bluestone,OH,45501,(555) 901-7399,,English,PY03,PRV1107,24.7,13.1,,2023-10-24,
PT13488,05493877,Billy,Webb,M,1968-02-18,Lakeview Heights,OH,45510,(555) 447-9811,billy.webb24@example.com,Spanish,PY06,,65.9,205.6,HTN;DM,2021-03-05,
PT13489,07088434,Willie,Willis,M,1998-08-10,Bluestone,OH,45502,(555) 378-3196,willie.willis92@example.com,English,PY03,PRV1127,67.9,141.7,,2021-11-27,
PT13490,00504665,Philip,Richardson,M,1956-08-05,Bluestone,OH,45503,(555) 699-4127,philip.richardson91@example.com,English,PY02,PRV1132,66.2,182.5,HTN;ETOH,2021-07-14,
PT13491,03295027,Doris,Soto,F,1975-05-07,Ashby Falls,OH,45610,(555) 686-8252,doris.soto85@example.com,English,PY05,PRV1125,63.7,178.5,HTN,2024-01-22,
PT13492,08997850,Peter,Novak,M,1967-12-23,Ashby Falls,OH,45610,(555) 453-9078,peter.novak34@example.com,English,PY07,PRV1124,74.2,219.9,HF;OA,2016-01-12,
PT13493,01014223,Janet,Carroll,F,1975-08-06,Bluestone,OH,45501,(555) 393-7928,janet.carroll98@example.com,English,PY05,PRV1138,66.3,200.3,OA,2024-02-05,
PT13494,02332523,Lucia,Chen,F,1950-04-15,Bluestone,OH,45502,(555) 960-0802,lucia.chen44@example.com,English,PY02,PRV1137,64.7,170.4,HTN;DM,2019-10-08,
PT13495,04243320,Wei,Brooks,M,1957-06-24,Ashby Falls,OH,45610,(555) 984-9225,wei.brooks1@example.com,English,PY01,PRV1136,69.4,265.7,HTN,2017-07-24,
PT13496,01648849,Heather,Brooks,F,2015-03-08,Lakeview Heights,OH,45510,(555) 943-3304,,English,PY04,PRV1104,44.7,55.3,,2022-05-25,
PT13497,00801712,Linda,Dixon,F,1932-03-04,Ashby Falls,OH,45610,(555) 453-2478,linda.dixon98@example.com,English,PY02,PRV1135,64.2,160.5,HTN;COPD,2017-10-24,
PT13498,08122204,Jennifer,Kim,F,1968-02-09,Bluestone,OH,45502,(555) 462-4477,jennifer.kim33@example.com,English,PY03,PRV1134,62.6,248.9,HTN;OA,2008-05-06,
PT13499,00262365,Wayne,Torres,M,1940-08-23,Pine Hollow,OH,45640,(555) 714-4136,,English,PY01,PRV1127,73.1,189.5,HTN;HF,2010-04-23,
PT13500,09948965,Teresa,Perry,F,1940-02-20,Pine Hollow,OH,45640,(555) 498-9425,teresa.perry11@example.com,English,PY01,PRV1127,66.6,190.4,HTN,2021-09-26,
PT13501,04670548,Bradley,Johnston,M,2016-03-21,Pine Hollow,OH,45640,(555) 987-3536,,English,PY06,,45.4,64.0,,2020-05-23,
PT13502,01352809,Stephen,Lee,M,1947-11-03,Ashby Falls,OH,45610,(555) 506-2850,stephen.lee32@example.com,English,PY01,PRV1136,58.5,134.1,HTN;DM,2022-11-26,
PT13503,08215380,Susan,Collins,F,1956-07-05,Bluestone,OH,45502,(555) 275-7183,,English,PY02,PRV1138,68.9,175.8,HTN;AFIB,2021-11-29,2024-11-22
PT13504,04350772,Adam,Hernandez,M,2025-06-03,Bluestone,OH,45501,(555) 676-8427,,English,PY05,PRV1106,19,9.7,,2024-05-07,
PT13505,06330826,Ana,Wilson,F,1978-10-19,Riverbend,OH,45545,(555) 700-7850,ana.wilson25@example.com,English,PY06,PRV1129,62.9,116.1,HTN,2012-09-07,
PT13506,09128626,Jose,Armstrong,M,1992-09-21,Bluestone,OH,45502,(555) 410-5685,jose.armstrong18@example.com,English,PY05,PRV1136,69.1,154.6,ASTHMA;ETOH,2015-05-06,
PT13507,05706518,Anthony,Jenkins,M,1971-04-22,Bluestone,OH,45502,(555) 391-7739,,Spanish,PY03,PRV1131,71.3,227.2,HTN;ASTHMA;SEIZURE,2013-04-06,
PT13508,07226747,Megan,Watson,F,1957-12-08,Bluestone,OH,45501,(555) 796-8182,megan.watson25@example.com,English,PY01,PRV1136,60.4,163.1,HTN,2020-07-09,
PT13509,07520343,Ethan,Kennedy,M,1955-06-23,Lakeview Heights,OH,45510,(555) 930-1740,,English,PY02,PRV1136,64.6,210.7,HTN,2011-01-30,2024-06-11
PT13510,04204434,Emily,Long,F,1958-11-24,Ashby Falls,OH,45610,(555) 890-4080,emily.long97@example.com,English,PY01,PRV1131,66.3,188.4,DM;AFIB,2022-07-14,2025-07-02
PT13511,04653462,Margaret,Osei,F,2022-01-03,Bluestone,OH,45501,(555) 664-4823,,Spanish,PY05,PRV1108,27.6,17.2,ASTHMA,2022-04-06,
PT13512,09772711,Sharon,Gonzales,F,2007-11-20,Ashby Falls,OH,45610,(555) 569-5036,,English,PY06,PRV1130,63.4,207.4,,2023-12-06,
PT13513,03406556,Christian,Pierce,M,2020-12-05,Lakeview Heights,OH,45510,(555) 687-5503,,English,PY03,PRV1107,36.2,41.9,,2022-12-24,
PT13514,07922412,Dorothy,Cooper,F,1934-05-31,Bluestone,OH,45502,(555) 883-3466,dorothy.cooper54@example.com,English,PY02,PRV1131,70.1,187.7,HTN;DM;HF;CKD;OA,2024-01-22,2024-03-10
PT13515,01141253,Julia,Kowalski,F,1982-09-23,Bluestone,OH,45503,(555) 286-4713,julia.kowalski36@example.com,English,PY03,PRV1130,64.8,166.1,HTN;CANCER,2023-12-26,
PT13516,07720131,Christina,Ford,F,1926-04-08,Cedar Ridge,OH,45720,(555) 637-9788,christina.ford68@example.com,English,PY01,PRV1128,55.2,143.8,DM,2025-03-21,
PT13517,05896125,Henry,Robinson,M,1962-02-07,Bluestone,OH,45502,(555) 609-1183,,English,PY03,PRV1137,71.3,221.7,HTN;DM,2017-04-02,
PT13518,07391849,Gregory,Armstrong,M,2004-04-16,Bluestone,OH,45502,(555) 767-8188,,English,PY03,PRV1128,71.1,229.5,,2024-03-15,
PT13519,09991690,Ryan,Fisher,M,1971-05-25,Cedar Ridge,OH,45720,(555) 736-6776,,English,PY05,,70.2,219.1,PSYCH,2024-07-15,
PT13520,03503066,Emily,Black,F,2012-08-07,Lakeview Heights,OH,45510,(555) 413-7641,,English,PY03,PRV1108,64.1,130.1,,2022-05-23,
PT13521,08601853,Jesse,Alvarado,M,2015-03-06,Bluestone,OH,45503,(555) 476-8827,,English,PY06,PRV1108,44.5,49.7,,2022-08-11,
PT13522,06151059,Rachel,Herrera,F,2004-03-17,Oak Glen,OH,45730,(555) 321-5074,,English,PY05,PRV1126,64.0,107.6,,2021-07-06,
PT13523,09825514,Nathan,Gibson,M,1971-08-15,Millbrook,OH,45530,(555) 203-8628,nathan.gibson44@example.com,English,PY04,PRV1132,71.9,234.8,,2022-09-03,
PT13524,07971788,Theresa,Butler,F,2000-03-02,Pine Hollow,OH,45640,(555) 292-7018,theresa.butler43@example.com,English,PY05,PRV1137,63.0,188.3,,2024-03-25,
PT13525,06215044,Helen,Hughes,F,1962-10-16,Bluestone,OH,45503,(555) 537-6108,,English,PY07,PRV1128,61.3,107.2,,2019-06-15,
PT13526,03795399,Abigail,Hawkins,F,1989-03-12,Granite Springs,OH,45750,(555) 506-0749,,English,PY06,PRV1130,65.9,206.6,,2018-11-04,
PT13527,01580053,Mei,Coleman,F,1975-09-30,Bluestone,OH,45502,(555) 341-4951,mei.coleman79@example.com,English,PY05,PRV1124,66.9,162.9,PSYCH;OA,2022-09-23,
PT13528,07498235,Philip,Coleman,M,1996-07-30,Millbrook,OH,45530,(555) 656-6403,philip.coleman17@example.com,English,PY03,PRV1129,71.8,213.0,,2021-01-31,
PT13529,07960155,Sean,Ramos,M,1946-04-18,Ashby Falls,OH,45610,(555) 590-5469,,English,PY01,PRV1124,71.8,193.0,HTN;DM;PSYCH,2013-05-16,
PT13530,04307412,Carlos,Anderson,M,1945-04-20,Granite Springs,OH,45750,(555) 539-0031,carlos.anderson47@example.com,Russian,PY01,PRV1130,66.9,187.1,HTN;DM,2012-11-23,
PT13531,09372953,Logan,Yilmaz,M,1967-09-20,Millbrook,OH,45530,(555) 563-8100,logan.yilmaz11@example.com,English,PY03,PRV1124,68.2,207.0,HTN;DM,2022-10-17,
PT13532,08505346,Liam,Freeman,M,1962-05-18,Lakeview Heights,OH,45510,(555) 205-5430,liam.freeman94@example.com,English,PY04,PRV1138,67.6,213.4,HTN,2019-06-06,
PT13533,09090892,Diana,Bennett,F,1970-02-08,Pine Hollow,OH,45640,(555) 230-8313,,English,PY05,PRV1139,61.8,198.4,,2021-04-23,
PT13534,06219538,Ronald,Campbell,M,2006-04-23,Bluestone,OH,45502,(555) 236-5632,,English,PY04,PRV1127,74.9,171.1,,2013-04-10,
PT13535,07808871,James,Fox,M,2004-06-22,Bluestone,OH,45503,(555) 399-6285,james.fox57@example.com,English,PY06,PRV1127,68.8,137.2,,2023-09-03,
PT13536,00817999,Brian,Kim,M,1952-08-19,Cedar Ridge,OH,45720,(555) 786-4257,brian.kim24@example.com,English,PY02,PRV1130,68.1,171.3,HTN,2016-01-16,
PT13537,00478101,Cynthia,Davis,F,2008-02-04,Bluestone,OH,45502,(555) 588-4907,cynthia.davis67@example.com,English,PY07,PRV1107,59.2,141.3,PSYCH,2019-11-01,
PT13538,07325572,Grace,Richardson,F,1928-03-31,Ashby Falls,OH,45610,(555) 277-0050,grace.richardson73@example.com,English,PY01,PRV1129,68.5,209.2,HTN;HF;COPD,2016-02-24,
PT13539,02125410,Maria,Long,F,1991-08-03,Ashby Falls,OH,45610,(555) 775-0205,maria.long4@example.com,English,PY06,PRV1133,63.2,184.0,,2020-10-17,
PT13540,06334095,Minh,Baker,M,1959-11-07,Bluestone,OH,45503,(555) 648-7299,minh.baker57@example.com,English,PY02,PRV1140,62.3,233.6,COPD,2018-05-30,
PT13541,09824983,Peter,Simpson,M,1961-11-26,Bluestone,OH,45503,(555) 355-8352,peter.simpson25@example.com,English,PY05,PRV1129,69.7,256.5,,2023-10-26,
PT13542,06700630,Evelyn,Warren,F,2017-01-16,Riverbend,OH,45545,(555) 601-4214,,English,PY03,PRV1106,40.6,38.2,,2020-02-07,
PT13543,06828152,Pamela,Bell,F,1986-11-29,Lakeview Heights,OH,45510,(555) 795-1770,pamela.bell56@example.com,English,PY03,PRV1134,62.6,150.1,,2013-06-01,
PT13544,09881763,Madison,Lee,F,1995-10-26,Bluestone,OH,45501,(555) 440-7496,madison.lee96@example.com,English,PY04,PRV1125,63.2,171.5,ASTHMA,2023-06-28,
PT13545,01411602,Danielle,Watson,F,1980-01-28,Bluestone,OH,45502,(555) 444-3406,danielle.watson9@example.com,Spanish,PY05,PRV1132,66.2,108.6,HTN;DM;ASTHMA,2009-12-12,
PT13546,00610057,Matthew,Roberts,M,1928-05-29,Bluestone,OH,45503,(555) 525-9667,matthew.roberts47@example.com,English,PY02,,65.6,175.6,,2011-10-31,
PT13547,03980203,Cheryl,Lee,F,1966-09-06,Bluestone,OH,45501,(555) 468-2057,,English,PY06,PRV1124,59.2,124.1,,2023-05-31,
PT13548,00121286,Michelle,Palmer,F,1934-09-06,Bluestone,OH,45501,(555) 648-2366,,English,PY02,PRV1140,67.3,231.3,DM,2020-12-20,
PT13549,01191200,Ashley,Brown,F,1932-10-21,Ashby Falls,OH,45610,(555) 597-5051,,English,PY02,PRV1124,64.1,100.6,HTN;AFIB,2016-06-05,
PT13550,02083272,Lucas,Rose,M,1948-03-29,Oak Glen,OH,45730,(555) 678-9708,lucas.rose24@example.com,English,PY01,PRV1135,70.7,262.8,OA,2012-12-27,
PT13551,00356294,Olivia,Ray,F,1964-02-24,Fairhaven,OH,45620,(555) 294-5183,olivia.ray38@example.com,English,PY06,PRV1125,59.6,129.0,ASTHMA,2015-07-17,
PT13552,03840241,Christina,Taylor,F,1931-06-22,Bluestone,OH,45503,(555) 788-7031,christina.taylor9@example.com,English,PY04,PRV1135,61.6,240.9,HTN;DM;COPD;AFIB;OA,2008-01-09,
PT13553,09220170,Diego,Carroll,M,1988-12-11,Bluestone,OH,45502,(555) 210-0567,,English,PY03,,68.3,222.7,,2023-12-30,
PT13554,01786646,Brittany,Santos,F,2022-09-20,Bluestone,OH,45502,(555) 276-7450,,Somali,PY03,PRV1106,28.3,24.1,,2023-04-05,
PT13555,07273812,Camila,Crawford,F,1960-04-12,Riverbend,OH,45545,(555) 871-0862,camila.crawford87@example.com,English,PY01,PRV1129,62.4,103.5,HTN;DM,2024-05-27,
PT13556,02476911,Sharon,Thompson,F,2007-10-17,Pine Hollow,OH,45640,(555) 829-7631,,English,PY03,PRV1135,62.3,186.1,,2020-08-11,
PT13557,09310296,Stephen,Torres,M,1998-03-10,Oak Glen,OH,45730,(555) 318-9709,stephen.torres47@example.com,English,PY03,PRV1125,68.4,181.6,,2019-09-26,
PT13558,05953460,Samuel,Murphy,M,1963-11-07,Ashby Falls,OH,45610,(555) 700-2409,samuel.murphy89@example.com,English,PY04,PRV1128,68.2,262.8,,2024-05-09,
PT13559,08429122,Alexis,Moore,F,2010-07-21,Bluestone,OH,45501,(555) 732-4041,,English,PY06,PRV1106,63.1,105.1,,2012-07-23,
PT13560,07141057,Kimberly,Silva,F,1932-05-29,Cedar Ridge,OH,45720,(555) 914-4001,,English,PY02,PRV1139,64.5,210.5,HF,2019-01-11,
PT13561,09729545,Jean,Jenkins,F,1957-08-16,Bluestone,OH,45501,(555) 215-2088,jean.jenkins23@example.com,English,PY04,PRV1133,63.5,121.4,HTN;DM,2017-12-06,
PT13562,04361622,Mia,Foster,F,1998-03-21,Bluestone,OH,45501,(555) 866-1228,mia.foster8@example.com,English,PY06,PRV1126,63.7,175.2,,2023-03-24,
PT13563,01271089,Ruth,Silva,F,1981-12-27,Ashby Falls,OH,45610,(555) 355-9249,,English,PY01,PRV1133,62.8,169.1,HTN,2018-02-27,
PT13564,06633744,Susan,Jordan,F,2011-06-02,Lakeview Heights,OH,45510,(555) 491-7880,,English,PY05,PRV1107,65.0,118.4,,2013-01-17,
PT13565,01509848,Ann,Diaz,F,2017-01-10,Bluestone,OH,45503,(555) 586-8732,,English,PY03,PRV1104,41.9,49.2,,2023-08-09,
PT13566,05189138,Henry,Fisher,M,2004-07-01,Bluestone,OH,45503,(555) 712-6362,,English,PY05,PRV1140,69.5,165.9,,2017-08-24,
PT13567,04272427,Tyler,Salazar,M,1988-07-07,Bluestone,OH,45503,(555) 630-5788,tyler.salazar66@example.com,English,PY05,PRV1132,67.3,151.3,ASTHMA,2016-03-30,
PT13568,02649593,Kathryn,Anderson,F,2018-12-17,Pine Hollow,OH,45640,(555) 754-1845,,Arabic,PY07,PRV1104,38.3,40.2,SEIZURE,2022-02-21,
PT13569,04669283,Richard,Torres,M,1974-12-24,Millbrook,OH,45530,(555) 517-2170,richard.torres71@example.com,English,PY03,PRV1131,70.1,245.7,HTN;SEIZURE,2021-09-03,
PT13570,07779133,Laura,Abbott,F,1966-12-16,Bluestone,OH,45501,(555) 227-0568,laura.abbott92@example.com,English,PY04,PRV1133,60.9,157.9,HF;CANCER;OA,2022-06-17,
PT13571,06341415,Donald,Bennett,M,1971-12-12,Granite Springs,OH,45750,(555) 957-0244,donald.bennett32@example.com,English,PY07,PRV1134,63.4,181.2,,2024-07-17,
PT13572,01681160,Alan,Castro,M,1977-03-04,Bluestone,OH,45501,(555) 349-1702,alan.castro83@example.com,English,PY03,PRV1127,72.9,211.0,,2018-06-05,
PT13573,04399316,Andrew,Richards,M,2012-09-28,Bluestone,OH,45501,(555) 438-7953,,English,PY04,PRV1107,69.0,156.0,PSYCH,2024-07-18,
PT13574,09060073,Bryan,Owens,M,1992-08-13,Ashby Falls,OH,45610,(555) 226-9837,bryan.owens57@example.com,English,PY05,PRV1126,70.7,180.9,,2023-03-14,
PT13575,00227378,Ann,Jackson,F,2019-03-10,Granite Springs,OH,45750,(555) 499-0768,,English,PY03,,34.4,39.6,,2023-04-05,
PT13576,07931340,Sean,Robinson,M,1999-04-08,Bluestone,OH,45503,(555) 420-0795,,English,PY05,PRV1127,70.1,185.4,,2018-04-22,
PT13577,09519432,Sharon,West,F,1992-07-06,Bluestone,OH,45502,(555) 805-6956,sharon.west94@example.com,English,PY01,PRV1131,68.3,171.9,,2022-01-18,
PT13578,05216713,Roy,Stewart,M,1980-05-27,Bluestone,OH,45503,(555) 843-6376,roy.stewart76@example.com,English,PY04,PRV1135,65.1,150.1,,2022-10-31,
PT13579,09199994,Roger,Johnson,M,1968-03-19,Millbrook,OH,45530,(555) 762-4151,roger.johnson97@example.com,English,PY03,PRV1124,66.7,193.5,CANCER,2019-04-07,
PT13580,00769042,Joseph,Herrera,M,1931-12-10,Fairhaven,OH,45620,(555) 281-1276,,Spanish,PY02,PRV1136,65.6,220.6,,2017-05-11,
PT13581,03461854,Kyle,Ruiz,M,1957-09-23,Riverbend,OH,45545,(555) 430-2683,kyle.ruiz9@example.com,English,PY01,PRV1134,72.3,210.1,DM;PSYCH,2018-05-16,
PT13582,09838136,Henry,Clark,M,1950-01-20,Riverbend,OH,45545,(555) 590-1437,henry.clark50@example.com,English,PY01,PRV1133,68.2,185.6,HTN,2008-08-18,
PT13583,09715903,Jessica,Knight,F,1996-02-26,Ashby Falls,OH,45610,(555) 418-4719,jessica.knight27@example.com,English,PY03,PRV1133,67.0,196.4,,2020-03-22,
PT13584,09284486,Isabella,Price,F,1977-03-31,Ashby Falls,OH,45610,(555) 204-8660,isabella.price19@example.com,English,PY06,PRV1135,63.5,101.1,,2020-11-28,
PT13585,09013148,Jeremy,Jimenez,M,1961-04-24,Lakeview Heights,OH,45510,(555) 964-1733,,English,PY06,PRV1140,67.2,203.0,DM;HF;ETOH,2017-06-24,
PT13586,06403281,Michael,Cruz,M,1943-10-18,Ashby Falls,OH,45610,(555) 562-9288,,English,PY01,PRV1140,70.9,187.9,COPD;CKD,2008-09-23,
PT13587,08222317,Jordan,Martin,M,1960-06-07,Millbrook,OH,45530,(555) 981-0559,,English,PY02,PRV1133,70.0,185.9,HF;AFIB,2019-02-20,
PT13588,04797489,Hannah,Richards,F,1944-06-29,Bluestone,OH,45502,(555) 216-9748,hannah.richards71@example.com,English,PY03,PRV1129,66.3,134.9,AFIB;CKD,2024-05-08,
PT13589,05607293,Helen,Thompson,F,1947-12-08,Ashby Falls,OH,45610,(555) 681-4667,,English,PY03,PRV1124,62.5,161.2,HTN,2022-07-20,
PT13590,05474334,Lucas,Hawkins,M,1995-01-10,Oak Glen,OH,45730,(555) 272-6932,lucas.hawkins47@example.com,English,PY07,PRV1126,70.4,214.9,DM;ASTHMA,2023-03-22,
PT13591,00850681,Ralph,Carter,M,1996-01-28,Fairhaven,OH,45620,(555) 740-4195,ralph.carter91@example.com,English,PY03,PRV1139,74.6,160.5,ASTHMA,2009-09-14,
PT13592,01451371,Ashley,Reed,F,1947-12-29,Fairhaven,OH,45620,(555) 985-8117,ashley.reed96@example.com,English,PY01,PRV1131,63.9,138.2,DM,2008-12-19,
PT13593,04144577,Ahmed,Shaw,M,2000-01-17,Millbrook,OH,45530,(555) 723-4924,ahmed.shaw1@example.com,English,PY04,,65.5,191.3,,2018-03-14,
PT13594,05190742,Nicholas,Walker,M,1990-05-26,Bluestone,OH,45501,(555) 496-1049,nicholas.walker83@example.com,English,PY03,PRV1127,68.1,206.3,PSYCH,2008-12-05,
PT13595,05293385,Theresa,Ryan,F,1967-06-15,Ashby Falls,OH,45610,(555) 942-9329,theresa.ryan88@example.com,English,PY04,PRV1124,65.2,170.0,OA,2017-09-20,2024-07-02
PT13596,09111135,Danielle,Davis,F,1951-02-03,Cedar Ridge,OH,45720,(555) 218-1576,,Spanish,PY01,PRV1131,66.1,233.1,HTN;PSYCH,2023-10-11,
PT13597,08045829,Sarah,Pierce,F,1955-01-14,Bluestone,OH,45503,(555) 303-2417,,English,PY04,PRV1131,67.4,202.1,HTN,2018-03-09,
PT13598,02991717,Mark,Rose,M,1957-01-05,Bluestone,OH,45501,(555) 978-8284,,English,PY02,PRV1134,68.5,170.7,HTN;DM,2021-04-09,2024-12-29
PT13599,08517291,Christina,Ramos,F,1953-01-23,Bluestone,OH,45502,(555) 924-0816,christina.ramos36@example.com,English,PY01,PRV1128,65.7,228.6,HTN;HF,2022-11-04,2025-12-22
PT13600,00550533,Ava,Chavez,F,1950-12-02,Bluestone,OH,45501,(555) 322-2148,ava.chavez94@example.com,English,PY02,,62.0,182.4,DM;CKD,2022-08-07,
PT13601,03688357,Marie,Schmidt,F,1941-08-10,Cedar Ridge,OH,45720,(555) 565-2690,marie.schmidt50@example.com,English,PY03,PRV1136,59.0,188.7,DM;COPD;CKD;PSYCH;OA,2008-05-14,
PT13602,02595945,Gregory,Gonzalez,M,2006-10-01,Bluestone,OH,45501,(555) 340-5670,,English,PY06,PRV1129,67.9,220.2,,2024-03-14,
PT13603,06601950,Omar,Daniels,M,1944-07-21,Bluestone,OH,45502,(555) 776-2442,omar.daniels64@example.com,English,PY02,PRV1131,71.9,121.3,COPD,2023-12-05,
PT13604,00230505,Steven,Campbell,M,1974-01-30,Bluestone,OH,45503,(555) 534-1210,steven.campbell90@example.com,English,PY06,PRV1133,69.8,152.7,OA,2008-06-08,
PT13605,03960072,Ronald,Chen,M,1973-01-26,Lakeview Heights,OH,45510,(555) 567-5479,ronald.chen83@example.com,English,PY06,PRV1139,70.1,217.3,,2024-03-18,
PT13606,04997586,Philip,Stephens,M,2021-12-11,Bluestone,OH,45502,(555) 372-5361,,English,PY07,PRV1108,27.3,19.8,,2024-03-20,
PT13607,02450252,Ashley,Vargas,F,1995-05-28,Lakeview Heights,OH,45510,(555) 647-6509,,English,PY03,PRV1139,62.9,151.1,,2013-08-22,
PT13608,04676598,Tyler,Willis,M,1965-11-17,Bluestone,OH,45501,(555) 630-9670,,English,PY06,PRV1128,70.1,241.6,,2009-11-30,
PT13609,00985976,Christian,Fernandez,M,1977-12-28,Ashby Falls,OH,45610,(555) 256-9382,,English,PY06,PRV1134,65.2,209.6,HTN;DM;PSYCH,2023-05-31,
PT13610,02636513,Amanda,Ellis,F,1955-03-19,Ashby Falls,OH,45610,(555) 378-5406,amanda.ellis99@example.com,English,PY01,PRV1128,62.4,218.3,HTN;HF,2023-10-25,
PT13611,00231806,Victoria,Wright,F,2006-12-03,Ashby Falls,OH,45610,(555) 327-7523,victoria.wright41@example.com,Spanish,PY07,PRV1135,63.4,179.6,,2012-05-15,
PT13612,08814947,Patricia,Jordan,F,1926-08-12,Bluestone,OH,45503,(555) 449-1119,patricia.jordan68@example.com,Russian,PY02,PRV1136,61.9,161.1,HTN;COPD,2019-08-06,
PT13613,05026116,Donald,Webb,M,1967-01-14,Bluestone,OH,45503,(555) 667-2592,donald.webb86@example.com,English,PY07,PRV1129,63.2,134.4,,2017-05-31,
PT13614,01841683,Willie,Torres,M,1968-02-14,Bluestone,OH,45503,(555) 380-4824,,Spanish,PY03,PRV1126,67.3,185.5,COPD;ASTHMA;CANCER,2021-11-21,
PT13615,00602738,Doris,Stephens,F,1987-11-07,Bluestone,OH,45501,(555) 496-2226,doris.stephens63@example.com,Mandarin,PY05,PRV1129,63.7,95.2,,2022-06-24,
PT13616,08435661,Scott,Carter,M,1995-07-19,Millbrook,OH,45530,(555) 439-9799,,English,PY03,PRV1137,70.6,279.0,,2019-04-15,
PT13617,07439056,Jack,Abbott,M,1983-04-05,Fairhaven,OH,45620,(555) 981-1851,,English,PY06,PRV1131,72.1,208.7,ASTHMA,2009-12-01,
PT13618,06125388,Kenneth,Gomez,M,1993-01-16,Bluestone,OH,45502,(555) 912-5524,,English,PY03,PRV1139,71.0,218.3,,2010-04-17,
PT13619,07279496,Susan,Brooks,F,2000-09-05,Oak Glen,OH,45730,(555) 582-5215,susan.brooks81@example.com,English,PY05,PRV1135,62.7,130.1,,2020-03-02,
PT13620,00858461,Mei,Fernandez,F,1947-09-07,Riverbend,OH,45545,(555) 977-2439,,English,PY03,PRV1139,63.3,126.9,,2020-02-23,
PT13621,00918378,Brandon,Ellis,M,1985-06-30,Riverbend,OH,45545,(555) 746-2560,,English,PY06,PRV1127,65.6,124.6,DM;ASTHMA,2022-05-25,
PT13622,01373623,Ashley,Butler,F,1953-09-10,Pine Hollow,OH,45640,(555) 339-6763,ashley.butler88@example.com,English,PY01,PRV1128,65.1,211.4,,2021-09-12,
PT13623,09803854,Nathan,Burns,M,1994-11-15,Bluestone,OH,45501,(555) 568-6104,nathan.burns30@example.com,English,PY04,PRV1138,70.6,236.9,DM,2022-07-26,
PT13624,01222255,Omar,Rice,M,1997-01-16,Oak Glen,OH,45730,(555) 335-8050,omar.rice44@example.com,English,PY04,PRV1124,68.6,251.3,SEIZURE,2011-12-04,
PT13625,02760940,Donald,Gonzalez,M,1963-03-16,Lakeview Heights,OH,45510,(555) 973-7793,donald.gonzalez75@example.com,English,PY04,PRV1127,65.8,145.3,,2024-03-19,
PT13626,05339433,Isabella,Turner,F,1941-08-27,Millbrook,OH,45530,(555) 875-2073,isabella.turner66@example.com,English,PY03,PRV1129,64.0,209.2,,2023-01-19,
PT13627,05267485,Hannah,Washington,F,1978-10-14,Pine Hollow,OH,45640,(555) 844-9157,,English,PY05,PRV1135,67.3,205.9,HTN;COPD;PSYCH,2016-04-28,2024-02-02
PT13628,03788447,Sandra,Owens,F,2003-05-19,Cedar Ridge,OH,45720,(555) 789-9993,,English,PY07,PRV1125,64.2,194.7,,2023-05-20,
PT13629,03985884,Katherine,Woods,F,1974-02-15,Bluestone,OH,45501,(555) 736-4691,katherine.woods78@example.com,English,PY05,PRV1137,69.1,213.3,DM;CANCER,2018-03-08,
PT13630,08387024,Albert,Shaw,M,1967-11-17,Ashby Falls,OH,45610,(555) 285-1431,,English,PY06,PRV1137,65.5,216.9,,2020-09-20,
PT13631,07511096,Ralph,Soto,M,1960-08-27,Riverbend,OH,45545,(555) 903-4375,,English,PY02,PRV1128,70.5,162.7,DM,2022-04-27,
PT13632,00723214,Linh,Murphy,F,1960-06-29,Cedar Ridge,OH,45720,(555) 578-3084,linh.murphy79@example.com,English,PY02,PRV1134,64.5,139.2,COPD;OA,2013-03-10,
PT13633,07718331,Judy,Wood,F,1973-03-01,Bluestone,OH,45502,(555) 969-8894,judy.wood82@example.com,English,PY03,PRV1140,59.8,183.3,,2019-02-26,
PT13634,02376050,Victoria,Garcia,F,2020-06-29,Bluestone,OH,45501,(555) 453-7535,,English,PY03,PRV1107,32.9,26.0,ASTHMA,2023-08-12,
PT13635,03715552,Christopher,Martin,M,1977-04-20,Riverbend,OH,45545,(555) 975-3635,christopher.martin79@example.com,English,PY03,PRV1138,69.3,172.7,,2015-08-12,
PT13636,00981044,Elizabeth,Herrera,F,1963-03-25,Bluestone,OH,45503,(555) 344-4341,elizabeth.herrera49@example.com,English,PY04,PRV1131,61.0,210.9,AFIB;CANCER;PSYCH,2021-12-30,
PT13637,01019431,Emma,Bryant,F,1979-09-24,Riverbend,OH,45545,(555) 445-5199,,English,PY06,PRV1124,62.7,121.0,HTN;COPD,2013-11-13,
PT13638,01261473,Wei,Powell,M,1957-04-03,Cedar Ridge,OH,45720,(555) 476-7432,,English,PY01,PRV1125,71.8,222.3,HTN;DM;ASTHMA,2023-05-03,
PT13639,05829487,Joyce,Taylor,F,2011-06-17,Bluestone,OH,45502,(555) 325-1123,,English,PY06,PRV1107,67.8,126.9,,2018-08-27,
PT13640,02977013,Adam,Abdi,M,2005-12-28,Bluestone,OH,45502,(555) 514-8419,adam.abdi73@example.com,English,PY05,PRV1136,68.3,165.1,,2015-06-28,
PT13641,06693235,Kayla,Fox,F,1947-02-19,Bluestone,OH,45501,(555) 818-1870,kayla.fox61@example.com,Arabic,PY01,PRV1130,64.2,188.1,CKD,2020-12-29,
PT13642,03372299,Christian,Baker,M,2021-05-04,Riverbend,OH,45545,(555) 734-0532,,English,PY05,PRV1106,29.1,16.0,,2024-01-01,
PT13643,05426727,Randy,Berry,M,1993-06-02,Ashby Falls,OH,45610,(555) 599-1876,randy.berry97@example.com,English,PY06,PRV1136,68.0,189.4,DM,2024-04-22,
PT13644,08669197,Virginia,Bailey,F,1956-01-11,Bluestone,OH,45502,(555) 571-3932,virginia.bailey86@example.com,English,PY01,PRV1133,61.0,133.7,AFIB,2014-09-16,
PT13645,04134180,Julia,McDonald,F,1933-10-16,Bluestone,OH,45502,(555) 575-2650,,English,PY01,PRV1136,63.0,187.8,OA,2015-08-10,
PT13646,08320338,Fatima,Garcia,F,1950-05-10,Millbrook,OH,45530,(555) 289-5268,,English,PY01,PRV1134,64.0,233.8,HTN;DM;COPD,2019-03-16,
PT13647,09858615,Matthew,White,M,1933-07-14,Bluestone,OH,45503,(555) 681-0749,matthew.white70@example.com,English,PY01,,72.4,211.7,HTN;DM,2016-07-13,
PT13648,06128568,Katherine,Martin,F,1944-08-13,Bluestone,OH,45502,(555) 414-1440,katherine.martin54@example.com,English,PY02,PRV1133,63.0,128.1,HTN;DM;HF;OA,2014-05-30,
PT13649,07229244,Ann,Bell,F,1999-10-23,Bluestone,OH,45501,(555) 222-5932,,Arabic,PY03,PRV1138,65.0,215.1,,2009-07-02,
PT13650,09705346,Danielle,Bailey,F,2014-12-08,Bluestone,OH,45502,(555) 682-9231,,English,PY04,PRV1104,50.2,84.5,ASTHMA,2021-01-03,
PT13651,04730799,Alan,Marshall,M,2006-06-29,Granite Springs,OH,45750,(555) 478-6241,alan.marshall84@example.com,English,PY06,PRV1138,73.6,190.7,,2022-10-16,
PT13652,08236019,Heather,Butler,F,1983-05-15,Cedar Ridge,OH,45720,(555) 735-5826,,English,PY03,PRV1140,67.2,246.8,,2024-02-07,
PT13653,04924918,Danielle,Palmer,F,1979-10-29,Bluestone,OH,45502,(555) 773-7274,,English,PY04,PRV1139,67.3,200.0,,2023-11-20,
PT13654,06640505,Jose,McDonald,M,2002-02-09,Bluestone,OH,45503,(555) 202-1813,jose.mcdonald67@example.com,English,PY07,PRV1132,74.8,301.1,PSYCH,2024-03-18,
PT13655,02643310,Jack,Munoz,M,1964-05-24,Bluestone,OH,45502,(555) 224-9308,jack.munoz36@example.com,Spanish,PY03,PRV1127,70.7,225.1,DM,2024-02-09,
PT13656,08686972,Donna,Vazquez,F,1964-08-28,Bluestone,OH,45501,(555) 569-8228,,English,PY05,PRV1138,58.9,186.9,DM;ASTHMA,2021-06-26,
PT13657,02250782,Evelyn,Contreras,F,1980-01-31,Granite Springs,OH,45750,(555) 653-7666,evelyn.contreras6@example.com,English,PY04,PRV1135,62.5,141.4,PSYCH,2021-04-30,
PT13658,01002884,Emily,Rivera,F,2016-06-05,Bluestone,OH,45502,(555) 289-2220,,English,PY03,PRV1104,44.2,48.8,,2024-02-19,
PT13659,03737604,Rachel,Ward,F,1946-01-30,Bluestone,OH,45501,(555) 214-1071,,English,PY02,,68.3,296.5,PSYCH,2022-09-29,
PT13660,08921838,Gerald,King,M,1962-12-12,Oak Glen,OH,45730,(555) 985-5712,,Spanish,PY04,PRV1134,72.2,397.2,,2012-01-31,
PT13661,07553470,Paul,Delgado,M,1971-11-16,Cedar Ridge,OH,45720,(555) 855-2836,paul.delgado42@example.com,English,PY04,PRV1128,70.7,170.3,PSYCH,2021-05-05,
PT13662,05567811,Kimberly,Kelley,F,1969-08-17,Bluestone,OH,45501,(555) 761-2809,kimberly.kelley61@example.com,English,PY04,PRV1126,63.9,184.5,HTN,2022-06-26,
PT13663,06066042,Kyle,Andrews,M,1947-11-08,Bluestone,OH,45503,(555) 778-0188,,English,PY02,PRV1129,69.8,185.8,HTN,2016-02-20,
PT13664,01111070,Wayne,Rice,M,1947-10-20,Bluestone,OH,45502,(555) 483-4494,wayne.rice24@example.com,English,PY02,,69.3,150.7,HTN;DM,2013-05-12,
PT13665,09425956,Maria,Perry,F,2017-02-09,Lakeview Heights,OH,45510,(555) 924-7989,,Mandarin,PY04,PRV1108,40.4,45.3,,2020-03-25,
PT13666,08665573,Gregory,Abdi,M,1945-08-01,Lakeview Heights,OH,45510,(555) 221-2464,,English,PY01,PRV1126,70.7,196.9,,2019-12-05,
PT13667,02718907,Joseph,Green,M,1997-05-05,Bluestone,OH,45502,(555) 450-9339,joseph.green43@example.com,English,PY04,PRV1125,71.4,198.7,,2020-09-30,
PT13668,00210167,Gloria,Peterson,F,1970-02-18,Oak Glen,OH,45730,(555) 703-3250,gloria.peterson29@example.com,English,PY03,PRV1140,68.1,202.4,PSYCH,2013-11-06,2024-12-01
PT13669,05322829,Julia,Lindqvist,F,1943-02-04,Pine Hollow,OH,45640,(555) 530-3107,julia.lindqvist55@example.com,English,PY02,PRV1134,62.9,177.0,HTN;COPD;OA,2010-05-21,
PT13670,04764933,Eugene,Henderson,M,2000-05-25,Bluestone,OH,45501,(555) 900-5044,eugene.henderson61@example.com,English,PY04,PRV1131,71.6,154.9,,2011-04-02,
PT13671,01315892,Henry,Palmer,M,1938-05-06,Riverbend,OH,45545,(555) 746-5684,henry.palmer36@example.com,English,PY01,PRV1140,67.8,183.8,HTN;DM;COPD;AFIB,2012-01-16,
PT13672,06224529,Dylan,Myers,M,1960-12-23,Granite Springs,OH,45750,(555) 937-5894,,English,PY02,PRV1133,68.3,176.8,HTN;ASTHMA;CANCER,2017-11-30,
PT13673,08619777,Brittany,Howard,F,1958-05-13,Bluestone,OH,45503,(555) 256-9857,brittany.howard9@example.com,English,PY01,PRV1139,58.8,117.4,HTN;ASTHMA;CANCER;OA,2018-07-12,
PT13674,01804066,Emily,Dixon,F,2000-08-21,Millbrook,OH,45530,(555) 491-7040,emily.dixon65@example.com,English,PY06,PRV1125,65.5,205.5,,2019-08-18,
PT13675,02963528,Christian,Kelly,M,1987-06-04,Fairhaven,OH,45620,(555) 545-3087,christian.kelly17@example.com,English,PY05,PRV1125,68.5,163.2,,2008-09-07,
PT13676,02987654,Gary,Edwards,M,2024-03-24,Ashby Falls,OH,45610,(555) 410-3799,,English,PY05,PRV1105,22.9,9.3,,2024-03-12,
PT13677,02286683,Gerald,Reed,M,1948-05-24,Bluestone,OH,45501,(555) 373-3208,gerald.reed25@example.com,English,PY01,PRV1138,72.8,176.3,PSYCH,2020-03-27,
PT13678,06537948,Nicholas,Lindqvist,M,1927-10-05,Bluestone,OH,45502,(555) 517-0682,nicholas.lindqvist58@example.com,Spanish,PY02,PRV1124,70.2,228.3,HTN,2013-01-05,
PT13679,00271961,Joshua,Boyd,M,1971-10-15,Bluestone,OH,45501,(555) 213-7505,joshua.boyd21@example.com,Vietnamese,PY03,PRV1135,63.9,169.4,HTN,2016-05-28,
PT13680,05506666,Doris,Robinson,F,1999-06-27,Riverbend,OH,45545,(555) 562-1700,doris.robinson85@example.com,English,PY05,PRV1134,67.3,168.7,PSYCH,2018-02-07,
PT13681,00489457,Kathryn,Wright,F,1999-11-22,Bluestone,OH,45502,(555) 402-0094,,English,PY06,PRV1124,59.6,138.5,ASTHMA,2012-08-02,
PT13682,09692224,Andrew,Haddad,M,1963-09-24,Lakeview Heights,OH,45510,(555) 754-9842,andrew.haddad20@example.com,English,PY03,PRV1127,71.5,197.5,HTN;HF;ASTHMA,2018-01-06,
PT13683,07049193,Dylan,Henry,M,1966-09-23,Bluestone,OH,45501,(555) 880-8989,dylan.henry13@example.com,English,PY05,PRV1136,71.3,160.9,,2013-11-08,
PT13684,00554999,Lauren,Black,F,1983-07-05,Bluestone,OH,45501,(555) 457-4240,lauren.black55@example.com,English,PY03,PRV1127,65.6,220.3,HTN,2020-07-07,
PT13685,04172198,Thomas,Stephens,M,2017-01-15,Bluestone,OH,45501,(555) 529-1908,,English,PY03,PRV1104,41.6,53.5,,2023-02-22,
PT13686,05977699,Mark,Hudson,M,1960-09-08,Millbrook,OH,45530,(555) 267-8182,mark.hudson53@example.com,English,PY01,PRV1136,69.3,258.2,DM,2012-09-12,
PT13687,08675501,Douglas,Woods,M,1956-05-01,Bluestone,OH,45501,(555) 787-8277,douglas.woods80@example.com,Spanish,PY01,PRV1136,70.8,207.0,HTN;COPD,2013-01-19,
PT13688,08384268,Diana,Webb,F,1959-08-01,Bluestone,OH,45501,(555) 249-5294,diana.webb36@example.com,Spanish,PY01,PRV1137,66.3,192.6,AFIB,2022-12-15,
PT13689,00894461,Bryan,Novak,M,2017-04-21,Ashby Falls,OH,45610,(555) 862-3634,,English,PY05,PRV1106,39.6,35.0,,2024-02-04,
PT13690,07900217,Denise,Gomez,F,1953-11-27,Bluestone,OH,45502,(555) 496-3329,denise.gomez47@example.com,Spanish,PY02,PRV1135,64.8,155.8,PSYCH,2021-11-14,
PT13691,07707012,Charles,Patterson,M,1957-04-08,Fairhaven,OH,45620,(555) 598-1429,charles.patterson98@example.com,English,PY01,PRV1138,69.1,181.9,HTN;ETOH,2017-12-12,
PT13692,09291297,Carol,Brooks,F,1968-07-05,Pine Hollow,OH,45640,(555) 654-3809,carol.brooks45@example.com,English,PY03,PRV1135,68.9,176.0,HF;SEIZURE,2022-08-19,
PT13693,00293053,Logan,Cole,M,1951-10-19,Pine Hollow,OH,45640,(555) 428-5484,logan.cole28@example.com,English,PY01,PRV1131,65.5,182.3,HTN;DM;OA,2018-08-30,
PT13694,07235686,Matthew,Okafor,M,1958-11-15,Bluestone,OH,45503,(555) 580-3087,matthew.okafor19@example.com,English,PY01,PRV1132,63.4,158.9,HTN,2018-03-09,
PT13695,07406482,Ruth,Hughes,F,1988-01-06,Cedar Ridge,OH,45720,(555) 643-4296,,English,PY03,PRV1139,61.6,144.9,,2023-01-13,
PT13696,06114900,Doris,Nichols,F,1989-10-13,Cedar Ridge,OH,45720,(555) 768-4920,doris.nichols7@example.com,English,PY05,PRV1130,63.1,199.2,DM,2009-02-18,
PT13697,09912584,Terry,Patterson,M,1950-10-31,Bluestone,OH,45501,(555) 911-8219,terry.patterson78@example.com,English,PY01,PRV1134,68.0,182.7,HTN;AFIB,2021-11-06,
PT13698,03441794,Deborah,Soto,F,1949-11-27,Lakeview Heights,OH,45510,(555) 291-9578,,English,PY02,PRV1130,62.1,206.0,HTN;PSYCH,2022-02-23,
PT13699,04165969,Abigail,Gibson,F,1975-10-31,Bluestone,OH,45503,(555) 396-8973,abigail.gibson39@example.com,English,PY05,PRV1134,61.6,97.9,ASTHMA,2008-07-07,
PT13700,09132595,Jose,Gutierrez,M,1985-10-21,Bluestone,OH,45503,(555) 328-4797,jose.gutierrez70@example.com,English,PY06,PRV1133,73.6,260.2,,2022-10-06,
PT13701,01190781,Randy,Carpenter,M,1965-01-15,Oak Glen,OH,45730,(555) 360-2680,randy.carpenter24@example.com,English,PY03,PRV1139,73.8,235.3,HTN;SEIZURE,2017-06-07,
PT13702,05030982,Aaliyah,Daniels,F,1997-09-27,Cedar Ridge,OH,45720,(555) 348-0824,,English,PY05,PRV1126,60.2,152.4,,2009-11-18,
PT13703,05518407,Rebecca,Hawkins,F,2009-04-22,Bluestone,OH,45501,(555) 841-4423,,English,PY04,PRV1106,63.6,94.4,PSYCH,2023-06-17,
PT13704,09521556,Jean,Bennett,F,1956-09-30,Bluestone,OH,45501,(555) 537-1001,jean.bennett92@example.com,Somali,PY01,PRV1140,66.3,214.6,,2020-12-26,
PT13705,05891705,Aaron,Griffin,M,2006-10-08,Millbrook,OH,45530,(555) 354-3611,aaron.griffin9@example.com,English,PY05,PRV1137,69.8,146.0,ASTHMA,2025-02-24,
PT13706,09889890,Harper,Delgado,F,1962-02-18,Cedar Ridge,OH,45720,(555) 854-6679,,English,PY04,PRV1135,61.6,143.5,,2024-12-05,
PT13707,01756785,Matthew,Stephens,M,1996-09-21,Bluestone,OH,45502,(555) 617-2842,matthew.stephens14@example.com,English,PY03,PRV1125,66.1,196.5,ASTHMA,2018-08-24,
PT13708,02569019,Joseph,Dixon,M,1970-10-23,Bluestone,OH,45501,(555) 817-1291,,English,PY06,PRV1129,69.4,283.3,HTN,2015-01-06,
PT13709,02565974,Julie,Hunter,F,1967-02-07,Ashby Falls,OH,45610,(555) 383-2306,julie.hunter47@example.com,English,PY05,PRV1127,64.6,118.8,OA,2011-03-15,
PT13710,01407653,Megan,Campbell,F,1930-12-11,Bluestone,OH,45501,(555) 944-3853,megan.campbell59@example.com,English,PY03,PRV1130,62.2,168.5,,2024-05-01,
PT13711,03326278,Lori,Ford,F,2004-03-14,Bluestone,OH,45501,(555) 932-2713,,English,PY05,PRV1137,61.3,180.5,,2015-10-28,
PT13712,09168291,Cynthia,Berry,F,2011-06-09,Millbrook,OH,45530,(555) 240-3367,,Spanish,PY04,PRV1106,56.6,101.7,,2021-12-02,
PT13713,09388872,Emma,Gibson,F,2007-03-25,Bluestone,OH,45503,(555) 631-6213,emma.gibson34@example.com,Russian,PY04,PRV1131,68.7,223.6,,2019-10-31,
PT13714,01355276,Janet,Morgan,F,1971-07-16,Pine Hollow,OH,45640,(555) 592-6161,janet.morgan65@example.com,English,PY04,PRV1135,68.0,174.1,,2022-05-24,
PT13715,01309745,Arthur,Grant,M,1950-05-05,Cedar Ridge,OH,45720,(555) 378-4891,arthur.grant36@example.com,English,PY02,PRV1126,68.9,170.9,HTN;DM;CKD;PSYCH,2011-11-28,
PT13716,02170706,Diane,Chen,F,1944-05-09,Bluestone,OH,45502,(555) 524-1267,,English,PY02,PRV1128,65.9,209.5,HTN,2022-11-05,
PT13717,06958428,Marilyn,Gonzales,F,1956-10-15,Bluestone,OH,45501,(555) 207-8262,marilyn.gonzales43@example.com,English,PY02,PRV1140,65.6,164.1,HTN;COPD,2014-02-14,
PT13718,02716415,Sophia,Snyder,F,2016-01-03,Bluestone,OH,45503,(555) 831-1239,,English,PY03,PRV1108,46.8,71.3,,2020-12-23,
PT13719,08855622,Charles,Marshall,M,1930-02-02,Bluestone,OH,45502,(555) 648-7199,charles.marshall26@example.com,English,PY02,PRV1125,66.6,165.9,DM;AFIB,2017-09-17,
PT13720,07931976,Douglas,Fisher,M,1956-02-27,Bluestone,OH,45501,(555) 278-5928,,English,PY01,PRV1136,62.4,191.5,,2023-07-22,
PT13721,00640693,Billy,Robinson,M,1972-11-12,Millbrook,OH,45530,(555) 456-4116,billy.robinson90@example.com,English,PY04,PRV1127,66.5,174.8,OA,2022-12-16,
PT13722,02334197,Charlotte,Bryant,F,1956-10-25,Lakeview Heights,OH,45510,(555) 430-7180,charlotte.bryant97@example.com,English,PY04,PRV1128,68.7,274.7,HTN;DM,2017-02-04,
PT13723,00871544,Amanda,Cooper,F,1936-08-18,Riverbend,OH,45545,(555) 686-3080,,English,PY02,PRV1136,64.8,187.7,,2008-07-27,2024-01-19
PT13724,06659261,Ralph,Arnold,M,1987-08-17,Millbrook,OH,45530,(555) 224-1812,,English,PY03,PRV1134,69.4,211.8,DM,2020-11-08,
PT13725,00439118,Alexis,Hunter,F,2016-01-16,Bluestone,OH,45502,(555) 777-5253,,English,PY07,PRV1107,48.4,79.8,,2023-11-01,
PT13726,02542372,Arthur,Rogers,M,1956-12-16,Ashby Falls,OH,45610,(555) 271-5406,arthur.rogers89@example.com,English,PY01,PRV1126,73.7,187.8,HTN;DM;CANCER;ETOH,2021-05-07,
PT13727,06215201,Kelly,Pierce,F,1936-02-15,Bluestone,OH,45503,(555) 366-4429,kelly.pierce69@example.com,English,PY04,PRV1127,58.9,162.7,,2021-04-13,
PT13728,06479761,Camila,Alvarado,F,1974-04-25,Bluestone,OH,45503,(555) 295-7767,camila.alvarado40@example.com,English,PY06,PRV1136,64.0,208.9,,2022-03-07,
PT13729,09053755,Juan,Ramirez,M,1984-08-27,Bluestone,OH,45501,(555) 466-1442,juan.ramirez23@example.com,English,PY03,,72.1,121.9,,2019-06-01,
PT13730,09821045,Peter,Cruz,M,1992-09-27,Bluestone,OH,45502,(555) 485-1432,,English,PY05,PRV1128,63.9,167.8,,2021-12-23,
PT13731,04601599,Doris,Ferguson,F,2005-12-30,Bluestone,OH,45503,(555) 853-7424,,English,PY04,,68.0,145.7,,2021-06-08,
PT13732,02683948,Andrew,Willis,M,1990-06-04,Millbrook,OH,45530,(555) 547-7640,andrew.willis63@example.com,English,PY05,PRV1132,62.0,188.1,,2021-05-12,
PT13733,03823788,Rebecca,Woods,F,2013-02-16,Fairhaven,OH,45620,(555) 237-5511,,English,PY06,PRV1108,50.4,81.5,ASTHMA,2022-04-12,
PT13734,03124873,Mateo,Hunter,M,1944-05-17,Riverbend,OH,45545,(555) 477-1789,mateo.hunter62@example.com,English,PY01,PRV1139,67.1,136.0,HTN;DM;OA,2022-07-17,
PT13735,05945233,Larry,McDonald,M,1976-12-30,Ashby Falls,OH,45610,(555) 872-3922,larry.mcdonald54@example.com,Mandarin,PY06,PRV1131,69.5,150.4,PSYCH;ETOH,2021-06-05,
PT13736,00130438,Lisa,Spencer,F,1993-02-03,Bluestone,OH,45503,(555) 878-8554,lisa.spencer2@example.com,English,PY05,PRV1126,66.2,188.7,,2009-05-10,
PT13737,07932819,Paul,McDonald,M,1926-05-21,Millbrook,OH,45530,(555) 720-6276,paul.mcdonald60@example.com,English,PY01,PRV1139,67.2,165.2,HTN,2021-04-07,
PT13738,08407443,Carlos,Ryan,M,1989-12-14,Bluestone,OH,45501,(555) 303-8376,carlos.ryan33@example.com,English,PY03,PRV1135,69.4,246.3,ASTHMA,2016-04-19,
PT13739,08282423,Dylan,West,M,1977-09-07,Bluestone,OH,45502,(555) 367-2927,,English,PY05,PRV1129,67.9,145.0,,2017-04-09,
PT13740,02996096,Noah,Rogers,M,2013-12-19,Bluestone,OH,45501,(555) 380-8936,,English,PY03,PRV1105,49.1,65.3,,2015-12-20,
PT13741,07196423,Nathan,Parker,M,1938-07-14,Riverbend,OH,45545,(555) 820-0781,nathan.parker96@example.com,Mandarin,PY02,PRV1133,66.5,181.2,AFIB,2020-12-13,
PT13742,03453690,Stephen,Cruz,M,1998-06-30,Millbrook,OH,45530,(555) 482-4341,,English,PY07,PRV1125,68.7,183.7,PSYCH,2015-10-06,
PT13743,01374637,Nancy,Cooper,F,1948-06-12,Bluestone,OH,45501,(555) 847-4160,,English,PY02,PRV1130,62.4,165.6,HTN,2008-11-15,
PT13744,07783551,Beverly,Campbell,F,1955-11-11,Bluestone,OH,45501,(555) 411-3950,beverly.campbell83@example.com,English,PY01,PRV1133,64.4,158.3,HTN;CKD;OA,2019-08-28,
PT13745,08833578,Alexander,Lopez,M,1990-09-26,Cedar Ridge,OH,45720,(555) 318-8033,alexander.lopez50@example.com,English,PY06,PRV1132,70.9,252.2,DM,2018-01-01,
PT13746,03736537,Marie,Riley,F,1956-09-19,Millbrook,OH,45530,(555) 510-4398,marie.riley5@example.com,English,PY01,PRV1137,63.6,232.4,HTN,2020-05-22,
PT13747,08917708,Ivan,Abdi,M,1949-09-02,Lakeview Heights,OH,45510,(555) 480-9326,,English,PY01,PRV1135,69.1,218.6,COPD,2019-01-14,
PT13748,00972222,Jeffrey,Nelson,M,1973-02-18,Millbrook,OH,45530,(555) 251-8810,,English,PY05,PRV1128,67.4,192.8,ETOH,2009-10-06,
PT13749,07315996,Nancy,Coleman,F,1946-03-04,Bluestone,OH,45501,(555) 524-5531,nancy.coleman80@example.com,English,PY01,PRV1127,62.2,176.6,HTN,2023-07-13,
PT13750,06876509,Roger,Hayes,M,1999-07-21,Lakeview Heights,OH,45510,(555) 653-9148,roger.hayes63@example.com,English,PY04,PRV1134,71.3,220.5,,2016-08-14,
PT13751,01094592,Fatima,Scott,F,1934-09-24,Cedar Ridge,OH,45720,(555) 299-9217,,English,PY02,PRV1140,65.1,129.7,HTN;DM;HF,2018-04-19,
PT13752,07817686,Donna,Morgan,F,2019-01-27,Riverbend,OH,45545,(555) 753-2142,,Somali,PY03,PRV1107,36.8,35.6,,2021-01-14,
PT13753,06180638,Leila,Vazquez,F,1970-09-30,Lakeview Heights,OH,45510,(555) 620-0203,leila.vazquez52@example.com,English,PY06,PRV1129,60.7,147.4,,2023-11-05,
PT13754,04789585,Gabriel,Lane,M,2014-02-01,Riverbend,OH,45545,(555) 471-6913,,English,PY03,PRV1106,49.0,71.7,,2023-07-18,
PT13755,07315092,Stephanie,Lane,F,1959-07-20,Bluestone,OH,45501,(555) 353-1477,,English,PY01,PRV1133,64.8,207.1,HTN;CKD,2012-12-20,
PT13756,01678724,Wayne,Ramirez,M,1943-10-22,Riverbend,OH,45545,(555) 202-6823,wayne.ramirez28@example.com,English,PY01,PRV1126,63.2,143.4,HTN;COPD,2023-02-02,
PT13757,05297642,Janice,Davis,F,1947-04-30,Ashby Falls,OH,45610,(555) 774-4269,,English,PY01,PRV1127,67.3,172.8,COPD,2023-08-28,
PT13758,08857029,Donna,Adams,F,1957-12-30,Bluestone,OH,45502,(555) 694-2549,donna.adams32@example.com,Spanish,PY04,PRV1134,62.8,176.3,OA;SEIZURE,2024-01-08,
PT13759,07075701,Joseph,Ellis,M,1960-07-05,Lakeview Heights,OH,45510,(555) 914-3619,,English,PY01,PRV1139,69.3,197.0,,2024-01-16,
PT13760,03487997,Ethan,Jones,M,1970-08-07,Oak Glen,OH,45730,(555) 489-8865,ethan.jones15@example.com,English,PY05,PRV1125,74.1,154.2,CKD,2008-06-21,
PT13761,06602278,Frank,Guzman,M,1951-08-30,Riverbend,OH,45545,(555) 903-0352,frank.guzman42@example.com,English,PY01,PRV1135,69.7,137.6,DM;PSYCH;OA,2020-01-24,
PT13762,07676806,Debra,Hill,F,2006-11-22,Bluestone,OH,45502,(555) 452-3580,,English,PY06,PRV1130,64.3,197.0,,2020-01-06,
PT13763,05527264,Lucia,Novak,F,1989-03-13,Riverbend,OH,45545,(555) 271-2346,,Spanish,PY05,PRV1135,66.0,176.0,PSYCH,2019-05-10,
PT13764,08603701,Jason,Henry,M,1984-07-18,Pine Hollow,OH,45640,(555) 422-2148,jason.henry97@example.com,English,PY03,,67.2,185.5,HTN,2009-09-09,
PT13765,00332545,Donna,Robertson,F,1999-08-23,Riverbend,OH,45545,(555) 670-5347,,English,PY05,PRV1131,64.9,233.1,PSYCH,2018-01-24,
PT13766,09199044,Madison,Baker,F,1977-02-11,Bluestone,OH,45502,(555) 639-1469,madison.baker11@example.com,English,PY05,PRV1137,60.5,194.1,HTN,2016-10-10,
PT13767,00041664,Jason,Nichols,M,1945-01-22,Pine Hollow,OH,45640,(555) 837-9238,jason.nichols74@example.com,English,PY01,PRV1136,69.8,198.3,DM;COPD;CKD;CANCER,2016-03-08,
PT13768,07274384,Joe,Kowalski,M,1963-02-21,Granite Springs,OH,45750,(555) 824-8386,joe.kowalski21@example.com,English,PY03,PRV1131,69.6,171.3,HTN;CANCER,2021-07-06,
PT13769,01740970,Dylan,Cox,M,1986-04-06,Granite Springs,OH,45750,(555) 460-5910,,English,PY04,PRV1140,66.9,144.1,,2021-05-16,
PT13770,04544699,Larry,Shaw,M,1948-09-24,Bluestone,OH,45502,(555) 201-7862,larry.shaw78@example.com,English,PY03,PRV1137,71.4,218.8,,2022-04-23,
PT13771,08602065,Jose,Barnes,M,1984-01-30,Bluestone,OH,45501,(555) 803-7181,jose.barnes14@example.com,Vietnamese,PY03,,68.2,194.3,DM,2021-05-04,
PT13772,01555633,Theresa,Mitchell,F,1981-05-08,Bluestone,OH,45501,(555) 924-2830,,English,PY04,PRV1140,66.7,114.6,HTN,2018-08-24,
PT13773,08445542,Sara,Henderson,F,1966-08-19,Riverbend,OH,45545,(555) 967-5395,,English,PY07,PRV1139,64.6,198.6,HTN,2021-12-28,
PT13774,07348705,Joan,Mills,F,1951-12-18,Bluestone,OH,45502,(555) 276-8996,joan.mills33@example.com,English,PY01,PRV1131,62.6,171.5,HTN;CKD,2016-08-20,
PT13775,01401789,Brittany,Marshall,F,1957-06-02,Bluestone,OH,45502,(555) 361-9675,brittany.marshall55@example.com,English,PY01,PRV1125,64.0,182.2,,2022-07-06,
PT13776,02299698,Lisa,Morris,F,1997-02-09,Bluestone,OH,45501,(555) 949-0290,lisa.morris81@example.com,English,PY03,PRV1127,67.5,174.5,,2012-05-12,
PT13777,06941810,Bruce,Reynolds,M,1978-02-22,Bluestone,OH,45501,(555) 387-7745,bruce.reynolds38@example.com,English,PY05,PRV1129,67.4,132.1,HTN;COPD,2015-11-05,2025-05-29
PT13778,00721851,Andrea,Roberts,F,1999-04-21,Bluestone,OH,45501,(555) 214-7918,,English,PY04,PRV1138,66.0,127.0,,2017-07-18,
PT13779,04888652,Justin,Ortiz,M,2019-03-29,Cedar Ridge,OH,45720,(555) 760-8682,,English,PY04,PRV1106,37.4,37.1,,2023-06-03,
PT13780,05155556,Kayla,Sullivan,F,1971-03-30,Bluestone,OH,45501,(555) 364-1182,kayla.sullivan71@example.com,English,PY06,PRV1132,69.5,184.5,CKD,2023-06-01,
PT13781,04047348,Joshua,Hunter,M,2016-08-19,Bluestone,OH,45501,(555) 340-6059,,English,PY06,,41.1,43.4,,2022-02-01,
PT13782,02979062,Carol,Morgan,F,1954-09-12,Bluestone,OH,45503,(555) 305-8127,carol.morgan50@example.com,English,PY02,PRV1129,62.4,154.4,HTN,2015-11-04,
PT13783,01788109,Scott,Roberts,M,1991-08-24,Lakeview Heights,OH,45510,(555) 556-1201,scott.roberts80@example.com,English,PY03,PRV1138,69.8,232.4,PSYCH,2023-11-20,
PT13784,08555513,Joshua,Abdi,M,1958-08-11,Fairhaven,OH,45620,(555) 668-2543,joshua.abdi78@example.com,English,PY01,PRV1138,73.9,319.2,HTN;DM,2023-10-17,
PT13785,00925115,Anthony,Carroll,M,1953-03-16,Fairhaven,OH,45620,(555) 863-7706,anthony.carroll83@example.com,English,PY02,PRV1137,73.4,190.1,,2017-02-14,
PT13786,02079949,Scott,McDonald,M,1977-03-23,Oak Glen,OH,45730,(555) 867-5039,scott.mcdonald48@example.com,English,PY07,PRV1140,75.5,310.7,DM,2013-11-03,
PT13787,01384072,Alexis,Smith,F,2000-10-17,Oak Glen,OH,45730,(555) 817-9673,alexis.smith41@example.com,English,PY03,PRV1128,65.8,197.9,,2023-11-10,
PT13788,00798726,Ruth,Turner,F,1935-04-11,Bluestone,OH,45501,(555) 865-5881,,English,PY02,PRV1140,57.5,122.9,DM;HF;CKD;OA,2022-11-13,
PT13789,04203155,Diana,Guzman,F,1943-03-30,Bluestone,OH,45501,(555) 489-3743,,English,PY01,PRV1139,63.4,210.1,AFIB;CKD;CANCER,2011-12-31,2025-11-20
PT13790,08050638,Teresa,Peterson,F,2003-09-23,Oak Glen,OH,45730,(555) 518-0856,teresa.peterson16@example.com,English,PY06,PRV1126,63.3,130.3,,2018-10-19,
PT13791,04137535,Teresa,Ray,F,2000-08-12,Granite Springs,OH,45750,(555) 853-6046,,English,PY07,PRV1132,62.7,165.5,ASTHMA,2022-02-15,
PT13792,09589624,Roy,Cole,M,1952-12-24,Bluestone,OH,45502,(555) 347-6799,roy.cole28@example.com,English,PY01,PRV1128,68.8,277.9,DM;PSYCH,2022-05-14,
PT13793,05370560,Aaliyah,Perkins,F,1970-01-26,Bluestone,OH,45502,(555) 883-0670,,English,PY04,PRV1138,67.5,187.9,CKD;PSYCH,2019-05-21,
PT13794,06569579,Angela,Kim,F,1964-05-22,Bluestone,OH,45501,(555) 516-5844,angela.kim4@example.com,English,PY05,PRV1140,65.9,186.5,,2015-12-05,
PT13795,09983592,Austin,Russell,M,1989-02-20,Ashby Falls,OH,45610,(555) 572-9353,austin.russell80@example.com,English,PY05,PRV1124,69.2,192.2,,2022-07-29,
PT13796,03442212,Jack,Johnson,M,1940-06-15,Riverbend,OH,45545,(555) 344-3692,jack.johnson86@example.com,English,PY01,PRV1140,65.6,228.3,HTN,2023-03-08,2024-03-08
PT13797,07688093,Evelyn,Garcia,F,1963-11-03,Bluestone,OH,45501,(555) 538-2571,evelyn.garcia22@example.com,English,PY06,PRV1124,65.4,215.3,,2023-05-10,
PT13798,05816003,Charlotte,Dixon,F,1982-11-06,Bluestone,OH,45503,(555) 469-7923,charlotte.dixon38@example.com,English,PY05,PRV1137,64.1,144.4,HTN,2015-11-17,
PT13799,03124988,Jerry,West,M,1945-06-09,Granite Springs,OH,45750,(555) 217-2563,jerry.west67@example.com,Spanish,PY01,PRV1130,69.7,204.5,HTN,2020-02-02,
PT13800,07686930,Marie,Ryan,F,1954-10-16,Bluestone,OH,45501,(555) 735-5039,,English,PY02,PRV1126,64.4,174.8,DM;CKD,2008-03-14,
PT13801,00811240,Maria,Kowalski,F,2014-08-13,Cedar Ridge,OH,45720,(555) 370-9955,,English,PY03,,43.1,53.4,SEIZURE,2024-03-31,
PT13802,02688582,Gary,Fisher,M,1974-02-23,Fairhaven,OH,45620,(555) 872-3472,gary.fisher12@example.com,English,PY03,PRV1131,73.2,288.1,HTN,2008-09-24,
PT13803,09100470,Christine,Rodriguez,F,1973-12-08,Bluestone,OH,45502,(555) 469-0312,christine.rodriguez11@example.com,English,PY03,PRV1131,59.5,162.2,HTN,2010-06-10,
PT13804,03615457,Melissa,Soto,F,1963-11-05,Lakeview Heights,OH,45510,(555) 942-6329,melissa.soto45@example.com,English,PY07,PRV1137,61.7,152.5,ASTHMA;PSYCH,2008-05-08,
PT13805,05264882,Alexis,Hudson,F,1946-04-14,Ashby Falls,OH,45610,(555) 929-7082,alexis.hudson86@example.com,English,PY02,PRV1130,59.2,142.6,HTN;AFIB;CKD,2018-08-28,
PT13806,08803440,Sean,Gutierrez,M,1947-10-10,Cedar Ridge,OH,45720,(555) 369-8743,,English,PY02,PRV1127,71.5,120.1,HTN;DM;HF;PSYCH,2021-03-19,
PT13807,07810147,James,Lawrence,M,2008-06-07,Fairhaven,OH,45620,(555) 522-7615,,Spanish,PY05,PRV1104,58.1,106.4,,2010-03-06,
PT13808,03815530,Susan,Ryan,F,1948-11-05,Bluestone,OH,45501,(555) 714-3981,,English,PY01,PRV1132,63.1,135.3,HTN,2010-03-08,
PT13809,02664675,Ruth,Hicks,F,1970-12-03,Bluestone,OH,45501,(555) 268-7126,ruth.hicks53@example.com,Mandarin,PY01,PRV1130,65.9,175.7,,2021-05-29,
PT13810,08147916,Emma,Brooks,F,1979-05-13,Bluestone,OH,45501,(555) 302-8454,emma.brooks61@example.com,English,PY04,PRV1140,61.4,146.0,,2022-02-08,
PT13811,01860654,Wayne,Alvarado,M,1950-11-09,Ashby Falls,OH,45610,(555) 836-5983,,English,PY01,PRV1136,73.3,231.8,,2016-03-24,
PT13812,01071401,Michael,Wells,M,2010-09-22,Bluestone,OH,45502,(555) 933-9209,,English,PY03,PRV1108,67.9,135.4,,2010-11-13,
PT13813,08953332,Bruce,Holmes,M,1988-12-10,Cedar Ridge,OH,45720,(555) 843-4226,bruce.holmes38@example.com,English,PY07,PRV1124,69.5,178.9,,2010-12-09,
PT13814,04338199,Noah,Cruz,M,1999-07-11,Millbrook,OH,45530,(555) 246-7387,,English,PY07,PRV1140,66.8,104.8,,2024-03-31,
PT13815,09283280,Patricia,Lee,F,1980-04-16,Granite Springs,OH,45750,(555) 427-9806,patricia.lee85@example.com,Spanish,PY06,PRV1124,61.8,128.3,COPD,2018-07-14,
PT13816,03258821,Douglas,Taylor,M,1960-04-23,Cedar Ridge,OH,45720,(555) 713-8987,douglas.taylor35@example.com,English,PY02,PRV1140,68.2,109.2,,2014-10-21,
PT13817,06799764,Gerald,Ellis,M,1974-02-13,Millbrook,OH,45530,(555) 220-6964,gerald.ellis74@example.com,English,PY04,PRV1131,67.1,176.0,HTN,2019-07-24,
PT13818,03341329,Wayne,James,M,1988-04-16,Ashby Falls,OH,45610,(555) 352-8508,wayne.james73@example.com,English,PY04,PRV1125,71.6,192.4,DM,2012-02-14,
PT13819,02697502,Wei,Delgado,M,1948-07-18,Cedar Ridge,OH,45720,(555) 903-0946,,Spanish,PY01,PRV1135,66.7,151.5,,2012-03-19,
PT13820,08186726,Helen,Jackson,F,1981-11-21,Lakeview Heights,OH,45510,(555) 698-0242,helen.jackson69@example.com,English,PY06,PRV1140,64.3,195.4,HTN,2020-10-05,
PT13821,02186490,Theresa,Romero,F,1978-09-09,Cedar Ridge,OH,45720,(555) 641-2276,theresa.romero98@example.com,English,PY06,PRV1127,64.5,190.7,HTN;DM;PSYCH,2023-10-28,
PT13822,01422775,Keith,Nichols,M,1946-04-26,Bluestone,OH,45501,(555) 319-4368,keith.nichols30@example.com,English,PY01,PRV1140,71.2,217.9,,2009-11-13,
PT13823,06214989,Lucia,Adams,F,1953-09-06,Fairhaven,OH,45620,(555) 382-1506,lucia.adams86@example.com,English,PY01,PRV1125,62.2,156.0,HTN;PSYCH,2008-09-30,
PT13824,00440347,Aaron,Miller,M,1952-08-08,Bluestone,OH,45502,(555) 363-0844,aaron.miller27@example.com,English,PY01,PRV1135,61.6,89.1,HTN;DM,2012-08-22,
PT13825,04396871,Dorothy,Palmer,F,1967-05-13,Bluestone,OH,45501,(555) 818-9586,dorothy.palmer70@example.com,Vietnamese,PY03,PRV1139,60.5,129.2,,2010-11-23,
PT13826,09246161,Tyler,Watson,M,1955-04-22,Bluestone,OH,45502,(555) 596-4765,,English,PY01,PRV1126,72.2,200.9,HTN,2019-07-31,
PT13827,09338474,Kathleen,Arnold,F,1931-11-30,Bluestone,OH,45502,(555) 315-9104,kathleen.arnold83@example.com,English,PY03,PRV1127,63.8,180.5,,2023-07-31,
PT13828,06302019,Ashley,Brooks,F,1935-12-21,Oak Glen,OH,45730,(555) 373-1086,ashley.brooks58@example.com,English,PY01,PRV1136,68.5,198.3,CKD;OA,2015-02-28,
PT13829,07140045,Katherine,Kennedy,F,1959-05-09,Bluestone,OH,45503,(555) 734-4051,katherine.kennedy14@example.com,English,PY02,PRV1135,65.6,204.8,HTN;DM;CANCER,2017-06-17,
PT13830,04864160,Megan,Gardner,F,2025-09-04,Lakeview Heights,OH,45510,(555) 596-4664,,English,PY03,PRV1104,22.1,13.6,,2024-06-15,
PT13831,01707890,Gabriel,Wallace,M,2003-05-11,Millbrook,OH,45530,(555) 400-0718,gabriel.wallace45@example.com,English,PY05,PRV1137,71.8,303.1,ASTHMA,2022-10-27,
PT13832,04718077,Anna,Munoz,F,1952-05-04,Millbrook,OH,45530,(555) 356-1239,,English,PY01,PRV1137,61.8,147.4,HTN;CKD,2021-09-08,
PT13833,01249951,Doris,Snyder,F,1961-06-20,Bluestone,OH,45501,(555) 662-0283,doris.snyder71@example.com,English,PY07,PRV1138,62.3,158.3,,2010-11-08,
PT13834,01130784,Aaliyah,Berry,F,1951-04-25,Bluestone,OH,45501,(555) 483-8891,aaliyah.berry38@example.com,Somali,PY01,PRV1129,65.6,190.0,HTN;CKD,2018-07-28,
PT13835,01767379,Margaret,Munoz,F,1972-07-28,Lakeview Heights,OH,45510,(555) 311-2291,margaret.munoz81@example.com,English,PY01,PRV1136,63.9,182.8,HTN;DM,2019-10-23,
PT13836,04024624,Frances,Simmons,F,2006-11-16,Millbrook,OH,45530,(555) 444-6559,frances.simmons21@example.com,English,PY04,PRV1133,61.4,187.3,,2011-07-08,
PT13837,03170897,Kimberly,Flores,F,1969-06-24,Bluestone,OH,45501,(555) 624-7390,kimberly.flores25@example.com,English,PY04,PRV1126,65.4,131.3,HTN,2012-08-07,
PT13838,00508804,David,Jordan,M,1994-10-17,Bluestone,OH,45501,(555) 683-1787,david.jordan15@example.com,English,PY03,PRV1135,72.0,224.5,DM,2011-12-05,
PT13839,04194090,George,Silva,M,2006-04-29,Ashby Falls,OH,45610,(555) 660-8609,george.silva46@example.com,English,PY03,PRV1125,67.4,106.5,ASTHMA;PSYCH,2021-04-16,
PT13840,08807872,Elizabeth,Abbott,F,1997-01-06,Bluestone,OH,45501,(555) 808-7445,elizabeth.abbott56@example.com,English,PY04,PRV1140,64.7,169.8,,2024-06-23,
PT13841,08812855,Teresa,Rose,F,1946-06-26,Bluestone,OH,45501,(555) 421-9212,,English,PY02,PRV1127,64.1,147.9,HTN;DM;HF,2022-06-14,
PT13842,04233253,Alexis,Evans,F,1952-09-18,Lakeview Heights,OH,45510,(555) 377-3255,alexis.evans56@example.com,Russian,PY01,PRV1136,64.2,188.6,HTN;COPD;CANCER;PSYCH,2023-12-25,
PT13843,07279550,Walter,Gomez,M,1958-12-16,Ashby Falls,OH,45610,(555) 402-9498,,English,PY02,PRV1132,71.0,212.0,HTN,2015-10-23,
PT13844,03827510,Thomas,Cox,M,1964-12-11,Bluestone,OH,45502,(555) 383-5325,,English,PY03,PRV1137,69.6,269.4,DM;CKD,2015-09-12,
PT13845,01876216,Elijah,Stone,M,1996-04-12,Bluestone,OH,45501,(555) 687-0007,elijah.stone70@example.com,Arabic,PY03,PRV1130,65.2,154.6,,2021-09-22,
PT13846,07196883,Alexander,Holmes,M,1987-07-27,Bluestone,OH,45503,(555) 206-2442,alexander.holmes92@example.com,English,PY04,PRV1127,72.8,231.0,DM,2019-07-15,
PT13847,00091237,Timothy,West,M,1961-10-25,Oak Glen,OH,45730,(555) 914-5216,timothy.west68@example.com,English,PY05,PRV1129,68.3,249.7,ASTHMA;OA,2023-11-09,
PT13848,04221032,Diane,Harrison,F,1948-11-14,Bluestone,OH,45501,(555) 916-7052,,English,PY01,PRV1124,61.1,173.6,,2017-10-22,
PT13849,05453121,Ahmed,Spencer,M,1972-01-24,Lakeview Heights,OH,45510,(555) 576-2908,ahmed.spencer48@example.com,English,PY03,PRV1131,63.2,98.6,HTN,2016-12-07,
PT13850,06352621,Shirley,Murphy,F,1954-08-25,Millbrook,OH,45530,(555) 922-1843,shirley.murphy13@example.com,English,PY01,PRV1140,62.7,98.1,HTN,2023-06-12,
PT13851,04981190,Ashley,Hunt,F,2014-11-11,Bluestone,OH,45502,(555) 317-6888,,English,PY03,,47.2,48.8,,2023-09-13,
PT13852,08233124,Andrew,West,M,1954-12-23,Millbrook,OH,45530,(555) 493-2189,andrew.west14@example.com,English,PY01,PRV1130,73.6,201.9,HTN,2023-04-08,
PT13853,02838581,Mei,Mitchell,F,1950-12-21,Oak Glen,OH,45730,(555) 455-6139,mei.mitchell93@example.com,English,PY02,PRV1137,61.8,245.8,HTN;DM;PSYCH,2021-12-27,
PT13854,03807697,Carol,Powell,F,1927-03-10,Riverbend,OH,45545,(555) 884-6020,,Spanish,PY02,PRV1135,57.8,126.3,DM;HF;OA;SEIZURE,2019-06-06,
PT13855,04304294,Linda,Hansen,F,1960-04-28,Bluestone,OH,45501,(555) 681-7463,,Vietnamese,PY01,,66.2,215.8,HTN;AFIB,2008-01-31,
PT13856,01006974,Barbara,Mendoza,F,1991-03-16,Pine Hollow,OH,45640,(555) 781-8351,barbara.mendoza22@example.com,English,PY04,PRV1135,61.3,101.6,,2014-10-23,
PT13857,09359241,Janice,King,F,2008-01-15,Bluestone,OH,45502,(555) 818-5659,janice.king6@example.com,English,PY06,PRV1108,57.9,95.2,,2019-10-23,
PT13858,03805995,Peter,Reyes,M,1993-07-24,Cedar Ridge,OH,45720,(555) 681-8215,,English,PY05,PRV1138,71.3,261.6,,2018-03-16,
PT13859,01237728,Brenda,Gibson,F,1955-07-26,Bluestone,OH,45501,(555) 863-7093,brenda.gibson41@example.com,English,PY01,PRV1136,63.5,104.8,HTN,2008-04-20,
PT13860,02233086,Alexis,Wells,F,1985-10-15,Cedar Ridge,OH,45720,(555) 822-2403,alexis.wells19@example.com,English,PY07,PRV1133,69.1,192.6,,2009-10-08,
PT13861,05304065,Dorothy,Guzman,F,1981-05-14,Granite Springs,OH,45750,(555) 346-6510,,English,PY04,,61.4,144.8,,2023-07-17,
PT13862,08989869,Hassan,Fox,M,1946-10-12,Bluestone,OH,45502,(555) 365-9591,hassan.fox43@example.com,English,PY02,PRV1130,67.2,255.3,HTN;HF,2014-03-14,
PT13863,07191553,Kelly,Henry,F,1974-08-04,Pine Hollow,OH,45640,(555) 979-6820,,English,PY05,PRV1140,67.6,302.1,PSYCH,2023-10-24,
PT13864,03536309,Samuel,Knight,M,1949-05-16,Riverbend,OH,45545,(555) 432-5143,samuel.knight21@example.com,English,PY02,PRV1129,70.1,210.5,,2020-07-08,
PT13865,08667126,Nicole,Vasquez,F,1958-01-27,Granite Springs,OH,45750,(555) 415-7617,nicole.vasquez81@example.com,English,PY02,PRV1136,61.3,217.6,HTN,2019-01-17,
PT13866,01727348,Jennifer,Simpson,F,1960-05-05,Bluestone,OH,45501,(555) 418-9712,,English,PY01,PRV1131,60.5,152.3,,2018-11-10,
PT13867,02165567,John,Patel,M,2000-03-11,Bluestone,OH,45502,(555) 680-0895,john.patel3@example.com,English,PY06,PRV1138,72.4,247.9,,2025-07-13,
PT13868,03529994,Teresa,Patterson,F,1953-08-02,Bluestone,OH,45502,(555) 807-4738,,English,PY01,PRV1126,68.5,164.6,HTN,2025-01-13,
PT13869,03189997,Scott,Morgan,M,1945-10-16,Cedar Ridge,OH,45720,(555) 337-5012,scott.morgan40@example.com,English,PY01,PRV1129,66.7,189.2,HTN;DM;ETOH;OA,2021-09-06,
PT13870,06057873,David,Burns,M,1966-05-27,Millbrook,OH,45530,(555) 762-2078,,English,PY07,PRV1127,67.8,166.3,DM,2020-09-07,
PT13871,03302498,Hassan,Fox,M,1966-12-19,Ashby Falls,OH,45610,(555) 609-8765,hassan.fox72@example.com,English,PY07,PRV1137,68.2,144.2,,2023-07-25,
PT13872,07775501,Julie,Ford,F,1947-03-20,Bluestone,OH,45503,(555) 876-3762,,English,PY02,PRV1125,67.4,187.5,,2021-12-04,
PT13873,00463596,Logan,Hill,M,1951-05-22,Oak Glen,OH,45730,(555) 560-1378,logan.hill60@example.com,Mandarin,PY01,,68.8,232.5,,2017-05-20,
PT13874,04499121,Mateo,Bell,M,1949-02-04,Bluestone,OH,45502,(555) 255-4305,,English,PY01,PRV1134,67.4,181.9,HTN;DM;CKD;PSYCH,2019-03-21,
PT13875,00166218,Peter,Richardson,M,2020-03-31,Bluestone,OH,45502,(555) 555-8033,,Spanish,PY05,PRV1107,34.6,41.5,,2024-01-18,
PT13876,03792310,Barbara,Webb,F,1950-07-28,Cedar Ridge,OH,45720,(555) 512-2106,,English,PY02,PRV1129,64.0,172.9,HTN,2023-09-14,
PT13877,05088626,George,Dixon,M,1937-10-15,Riverbend,OH,45545,(555) 812-7700,george.dixon65@example.com,English,PY02,,70.5,209.7,HTN;DM;HF;COPD;SEIZURE,2022-03-26,
PT13878,01347241,Grace,Walker,F,1951-06-09,Millbrook,OH,45530,(555) 818-5586,,English,PY02,PRV1140,66.4,174.5,HF;CKD,2012-04-05,
PT13879,07055450,Kathryn,McDonald,F,2002-07-21,Cedar Ridge,OH,45720,(555) 277-7934,kathryn.mcdonald18@example.com,English,PY07,PRV1125,64.0,131.5,,2013-11-03,
PT13880,04897542,Austin,Hunter,M,1957-09-16,Bluestone,OH,45502,(555) 570-6678,austin.hunter80@example.com,English,PY02,PRV1127,69.9,209.5,DM;AFIB,2018-03-02,
PT13881,04419907,Carol,Webb,F,1989-03-21,Millbrook,OH,45530,(555) 368-4845,,English,PY04,PRV1126,67.1,144.7,,2009-04-11,
PT13882,05591371,Larry,Gutierrez,M,2016-08-02,Bluestone,OH,45501,(555) 532-2242,,English,PY03,PRV1105,42.3,48.9,,2018-01-29,
PT13883,05713716,Priya,Alvarez,F,1993-04-11,Ashby Falls,OH,45610,(555) 903-6806,priya.alvarez84@example.com,English,PY07,PRV1132,64.6,101.1,,2023-12-06,
PT13884,00320696,Frank,Mills,M,1975-08-21,Bluestone,OH,45501,(555) 393-7444,frank.mills28@example.com,English,PY04,PRV1124,67.9,245.5,DM,2024-04-29,
PT13885,01528089,Sarah,Anderson,F,1961-12-19,Bluestone,OH,45502,(555) 796-6373,sarah.anderson60@example.com,English,PY03,PRV1124,62.3,164.0,DM,2024-06-10,
PT13886,02337120,Jacob,Morales,M,1959-01-02,Bluestone,OH,45501,(555) 616-4254,,English,PY01,PRV1139,74.7,177.4,HTN;DM;ASTHMA,2020-11-09,
PT13887,08332859,Amy,Hayes,F,2019-01-22,Ashby Falls,OH,45610,(555) 668-2505,,Spanish,PY03,PRV1105,35.8,35.6,,2019-04-02,
PT13888,01620878,William,Brooks,M,1982-03-10,Fairhaven,OH,45620,(555) 271-7032,william.brooks81@example.com,English,PY04,PRV1133,68.7,215.7,,2011-09-04,
PT13889,01652637,Pamela,Ray,F,1969-10-16,Granite Springs,OH,45750,(555) 341-5124,pamela.ray73@example.com,English,PY07,PRV1124,61.2,159.6,,2022-06-06,
PT13890,06960491,Carlos,Sullivan,M,1983-12-15,Bluestone,OH,45502,(555) 555-2599,,English,PY07,,68.1,206.5,HTN,2024-01-12,
PT13891,03443211,Keith,Hicks,M,1991-04-29,Bluestone,OH,45501,(555) 944-6294,keith.hicks77@example.com,English,PY04,PRV1134,68.2,250.4,,2016-04-27,
PT13892,02714378,Sarah,Sandoval,F,1970-04-11,Bluestone,OH,45502,(555) 745-5040,sarah.sandoval18@example.com,English,PY04,PRV1132,59.5,138.3,HF;OA,2016-05-26,
PT13893,05525049,Jennifer,Rice,F,1952-11-21,Lakeview Heights,OH,45510,(555) 885-0695,,English,PY02,PRV1128,65.5,137.9,COPD;OA,2022-03-28,
PT13894,03776391,Jason,Hunter,M,1980-07-30,Cedar Ridge,OH,45720,(555) 870-1297,jason.hunter33@example.com,English,PY07,PRV1127,66.8,191.1,,2009-10-23,
PT13895,08147910,Diane,Marshall,F,1975-11-09,Bluestone,OH,45502,(555) 669-5712,,English,PY03,PRV1133,59.5,95.6,,2019-02-07,
PT13896,03435753,Amber,Carter,F,2004-11-25,Pine Hollow,OH,45640,(555) 361-4751,amber.carter94@example.com,Spanish,PY05,PRV1131,58.5,104.0,,2008-01-17,
PT13897,01643601,Amber,Phillips,F,2005-03-03,Lakeview Heights,OH,45510,(555) 481-2686,,English,PY06,PRV1131,61.3,151.8,,2025-01-25,
PT13898,07543031,Abigail,Grant,F,2009-07-14,Lakeview Heights,OH,45510,(555) 226-9351,abigail.grant53@example.com,English,PY05,,64.8,135.9,,2011-04-29,
PT13899,08215401,Doris,Sanders,F,2021-02-08,Bluestone,OH,45502,(555) 412-0078,,English,PY05,PRV1105,31.4,19.3,,2024-01-14,
PT13900,06677661,Amy,Lopez,F,1939-05-04,Lakeview Heights,OH,45510,(555) 340-1972,amy.lopez18@example.com,English,PY01,PRV1133,61.9,158.1,HTN;HF;CKD,2021-07-26,
PT13901,08034836,Heather,Petrov,F,2016-11-30,Lakeview Heights,OH,45510,(555) 723-7394,,English,PY04,PRV1104,43.9,46.8,,2021-05-20,
PT13902,04324463,Theresa,Rose,F,1946-11-17,Cedar Ridge,OH,45720,(555) 319-1709,theresa.rose6@example.com,English,PY01,PRV1135,65.8,214.2,,2017-03-09,
PT13903,01924952,Andrew,Salazar,M,1948-08-31,Bluestone,OH,45501,(555) 815-8983,andrew.salazar42@example.com,English,PY01,PRV1140,64.1,201.6,HTN;DM,2023-09-08,
PT13904,04912952,Gary,Kelly,M,1956-03-02,Bluestone,OH,45502,(555) 758-5142,gary.kelly50@example.com,English,PY02,PRV1134,65.0,202.1,HTN,2022-06-20,
PT13905,01955231,Amy,Watson,F,1980-12-25,Bluestone,OH,45501,(555) 815-2249,,English,PY03,PRV1133,62.7,137.0,,2018-08-04,
PT13906,04555600,Andrew,Payne,M,1945-09-04,Bluestone,OH,45502,(555) 528-3874,andrew.payne20@example.com,Vietnamese,PY02,,69.9,226.3,OA,2013-02-20,
PT13907,09901186,Diana,Taylor,F,1965-07-01,Ashby Falls,OH,45610,(555) 615-8896,diana.taylor27@example.com,English,PY03,PRV1135,60.6,123.4,HTN;DM,2010-03-26,
PT13908,05848764,Carl,Simpson,M,1978-09-05,Bluestone,OH,45501,(555) 563-7119,carl.simpson33@example.com,English,PY06,,70.9,241.2,HTN,2010-09-09,
PT13909,03053503,William,Barnes,M,2003-01-03,Bluestone,OH,45503,(555) 380-7931,william.barnes76@example.com,Spanish,PY04,PRV1124,72.2,236.7,PSYCH,2011-05-31,
PT13910,00508327,Juan,Warren,M,1973-01-10,Pine Hollow,OH,45640,(555) 367-7237,juan.warren44@example.com,English,PY04,PRV1136,67.7,177.8,ASTHMA;PSYCH,2011-02-11,
PT13911,01953449,Omar,Berry,M,1980-02-05,Riverbend,OH,45545,(555) 768-9359,omar.berry10@example.com,English,PY07,PRV1126,68.4,109.9,,2020-12-25,
PT13912,04908347,Walter,Osei,M,2018-06-13,Millbrook,OH,45530,(555) 417-5165,,English,PY03,PRV1108,35.1,29.4,,2023-01-24,
PT13913,06310588,Abigail,Garza,F,1995-01-21,Bluestone,OH,45503,(555) 532-7855,,English,PY07,PRV1130,62.2,116.3,,2016-03-04,
PT13914,08333405,Madison,Jenkins,F,1961-11-07,Riverbend,OH,45545,(555) 276-8138,,English,PY05,PRV1135,64.1,179.4,HF,2018-12-04,
PT13915,09757564,Denise,Patterson,F,1944-01-26,Ashby Falls,OH,45610,(555) 833-6995,denise.patterson60@example.com,English,PY02,PRV1125,65.5,146.5,HTN;CANCER;PSYCH,2015-02-26,
PT13916,05290610,James,Phillips,M,1977-04-12,Fairhaven,OH,45620,(555) 241-9349,james.phillips57@example.com,English,PY05,PRV1128,64.4,123.4,HTN,2024-03-12,
PT13917,00009408,Scott,Bell,M,1945-09-14,Bluestone,OH,45501,(555) 771-6031,scott.bell77@example.com,English,PY01,PRV1130,68.9,215.8,HTN;HF,2009-04-05,
PT13918,00532537,Rachel,Silva,F,1929-08-25,Ashby Falls,OH,45610,(555) 505-5493,rachel.silva88@example.com,English,PY01,PRV1125,63.3,135.8,DM;COPD;CANCER,2016-06-19,2025-04-17
PT13919,00652911,Charlotte,Simpson,F,1994-12-26,Ashby Falls,OH,45610,(555) 947-1385,charlotte.simpson5@example.com,English,PY04,PRV1131,64.7,194.4,ASTHMA,2023-12-19,
PT13920,09847804,Samuel,Myers,M,1951-02-18,Bluestone,OH,45502,(555) 965-5585,,English,PY01,PRV1133,67.5,107.0,,2009-04-29,
PT13921,04422140,Joyce,Schmidt,F,1970-01-12,Bluestone,OH,45502,(555) 757-3197,joyce.schmidt40@example.com,Vietnamese,PY04,,62.9,189.9,,2021-12-06,
PT13922,02624848,Stephanie,Hill,F,1986-01-01,Riverbend,OH,45545,(555) 984-5966,stephanie.hill78@example.com,Russian,PY03,PRV1127,65.7,149.1,,2020-09-17,
PT13923,00460468,Jason,Boyd,M,1980-07-10,Fairhaven,OH,45620,(555) 476-6091,,Spanish,PY07,PRV1129,72.5,253.5,DM;ASTHMA,2018-02-03,
PT13924,05597565,Alan,White,M,1964-02-17,Pine Hollow,OH,45640,(555) 854-5744,,Spanish,PY05,PRV1127,63.7,229.2,HTN;HF;COPD,2013-12-20,2024-09-15
PT13925,08160074,Ryan,Guzman,M,1938-08-22,Bluestone,OH,45502,(555) 481-6727,ryan.guzman95@example.com,English,PY01,PRV1130,66.9,222.2,DM;AFIB;OA;SEIZURE,2020-01-15,
PT13926,03508981,Gerald,Tran,M,1970-12-16,Riverbend,OH,45545,(555) 245-7585,,English,PY06,PRV1137,71.3,301.0,,2021-09-24,
PT13927,04357028,Christine,Chen,F,1976-08-05,Pine Hollow,OH,45640,(555) 264-8394,christine.chen71@example.com,English,PY04,PRV1126,64.2,213.5,,2023-11-28,
PT13928,07654920,Paul,James,M,1957-06-01,Ashby Falls,OH,45610,(555) 736-2824,,English,PY01,,70.1,242.2,,2016-07-28,
PT13929,08383266,Andrew,Fernandez,M,1947-11-11,Lakeview Heights,OH,45510,(555) 758-9344,andrew.fernandez82@example.com,English,PY01,PRV1124,65.1,163.2,DM,2021-01-02,
PT13930,02545278,Nicholas,Cox,M,1985-06-14,Bluestone,OH,45502,(555) 868-1363,nicholas.cox93@example.com,English,PY04,PRV1127,66.7,193.6,,2022-01-06,
PT13931,06683788,Judy,Weaver,F,1975-07-11,Bluestone,OH,45501,(555) 901-1754,judy.weaver58@example.com,English,PY06,PRV1127,63.6,192.0,HTN,2015-02-22,
PT13932,09317927,Michael,Ray,M,2011-10-10,Cedar Ridge,OH,45720,(555) 856-4092,,English,PY03,PRV1105,64.2,129.1,,2015-09-28,
PT13933,08670376,Vincent,Chen,M,1960-09-08,Bluestone,OH,45503,(555) 801-3623,,English,PY01,PRV1127,69.2,231.9,HTN,2024-06-03,
PT13934,01101232,Anthony,Elliott,M,1972-09-29,Lakeview Heights,OH,45510,(555) 869-7056,anthony.elliott66@example.com,English,PY04,PRV1129,67.8,261.3,ASTHMA,2015-09-24,2025-04-18
PT13935,03842045,Luis,Tran,M,1969-08-30,Riverbend,OH,45545,(555) 926-2723,luis.tran20@example.com,English,PY06,PRV1138,72.0,220.5,HTN,2021-05-03,
PT13936,06086810,Janet,Owens,F,1938-09-06,Bluestone,OH,45501,(555) 294-0650,,English,PY01,PRV1133,64.5,157.8,DM;COPD;CKD;OA,2009-01-19,
PT13937,02859897,Catherine,Jones,F,2004-10-20,Bluestone,OH,45503,(555) 428-5232,catherine.jones57@example.com,English,PY06,PRV1135,62.2,195.1,,2013-10-08,
PT13938,06684676,Jean,O'Brien,F,1960-12-15,Bluestone,OH,45503,(555) 818-2605,jean.obrien91@example.com,English,PY01,PRV1130,61.9,204.7,HTN;OA,2024-07-14,
PT13939,05342454,Barbara,Daniels,F,1966-01-15,Bluestone,OH,45503,(555) 598-5393,barbara.daniels17@example.com,English,PY06,PRV1127,63.7,181.6,,2023-05-10,
PT13940,09252544,Jennifer,Ford,F,1965-03-13,Cedar Ridge,OH,45720,(555) 388-9236,,English,PY05,PRV1127,59.8,155.0,HTN;ASTHMA,2022-04-22,
PT13941,00495370,Andrew,Novak,M,1965-08-07,Fairhaven,OH,45620,(555) 462-1718,andrew.novak47@example.com,English,PY06,PRV1128,68.0,227.3,AFIB,2021-04-26,
PT13942,08879287,Isabella,Gutierrez,F,1946-06-13,Ashby Falls,OH,45610,(555) 581-6222,,English,PY02,PRV1132,62.4,225.2,HTN;AFIB,2008-05-05,
PT13943,07502887,Gabriel,Sanders,M,1973-07-21,Bluestone,OH,45501,(555) 640-9513,gabriel.sanders29@example.com,English,PY06,PRV1131,68.3,172.0,CKD,2011-10-20,
PT13944,06332611,Jason,Stewart,M,1928-12-21,Bluestone,OH,45501,(555) 309-4745,jason.stewart37@example.com,Spanish,PY01,,68.4,186.3,,2022-09-13,
PT13945,05801808,Mason,Butler,M,1983-08-17,Bluestone,OH,45502,(555) 532-0501,,English,PY05,PRV1140,67.5,145.2,,2024-10-04,
PT13946,06391998,Ahmed,Wallace,M,1937-06-01,Oak Glen,OH,45730,(555) 958-7002,ahmed.wallace4@example.com,English,PY02,,70.0,264.4,,2022-08-28,
PT13947,05931422,Daniel,Mason,M,2014-09-21,Bluestone,OH,45501,(555) 887-7822,,English,PY05,PRV1106,49.9,79.1,,2023-12-07,
PT13948,02340310,Anna,Hoffman,F,1974-05-31,Riverbend,OH,45545,(555) 809-8808,anna.hoffman98@example.com,English,PY05,PRV1125,66.9,141.6,,2014-07-06,
PT13949,09931282,Samantha,Hunter,F,1975-02-28,Bluestone,OH,45501,(555) 851-6476,samantha.hunter52@example.com,English,PY05,PRV1130,64.7,213.0,,2015-09-22,
PT13950,01226140,Zachary,Henry,M,2025-04-29,Millbrook,OH,45530,(555) 237-2143,,English,PY04,PRV1104,20.2,9.0,,2025-03-11,
PT13951,01663323,Joe,Hunter,M,1934-01-11,Lakeview Heights,OH,45510,(555) 208-8629,,English,PY01,PRV1136,67.1,105.9,HF;COPD;CKD,2022-07-01,2025-03-23
PT13952,03744613,Billy,Reed,M,2012-08-21,Ashby Falls,OH,45610,(555) 680-3294,,English,PY04,PRV1104,59.0,93.0,,2014-07-12,
PT13953,08408023,Douglas,Wells,M,2004-02-11,Millbrook,OH,45530,(555) 799-7018,douglas.wells56@example.com,English,PY06,PRV1133,70.7,249.7,ASTHMA;PSYCH,2015-10-15,
PT13954,00813866,Nancy,Clark,F,1964-11-09,Ashby Falls,OH,45610,(555) 636-7226,nancy.clark69@example.com,English,PY05,PRV1129,63.9,229.4,,2019-05-14,
PT13955,06494193,Fatima,Williams,F,1947-11-02,Cedar Ridge,OH,45720,(555) 398-5562,,English,PY01,PRV1124,63.2,169.2,,2020-07-17,
PT13956,00408504,Charles,Novak,M,1971-12-12,Bluestone,OH,45503,(555) 464-3836,,English,PY03,PRV1124,69.9,225.7,PSYCH,2021-10-30,
PT13957,07789646,Jerry,Gardner,M,1997-11-13,Bluestone,OH,45503,(555) 504-6164,jerry.gardner16@example.com,English,PY07,PRV1127,75.8,229.9,PSYCH,2011-11-17,
PT13958,08002672,Larry,Payne,M,1967-10-11,Cedar Ridge,OH,45720,(555) 215-5203,,English,PY05,PRV1125,62.5,127.4,PSYCH,2009-06-22,
PT13959,04077164,Sara,Stone,F,1960-06-25,Bluestone,OH,45502,(555) 343-2511,,English,PY02,PRV1129,62.4,139.7,HTN,2015-08-13,
PT13960,08051325,Sara,Hawkins,F,1957-11-08,Bluestone,OH,45501,(555) 955-2451,sara.hawkins92@example.com,English,PY01,PRV1130,67.2,105.9,HTN;ASTHMA,2010-10-27,
PT13961,01015163,Catherine,Myers,F,1995-11-04,Bluestone,OH,45503,(555) 381-8700,,English,PY05,,60.4,140.9,DM,2016-07-03,
PT13962,01674819,Diana,Aguilar,F,1975-04-06,Lakeview Heights,OH,45510,(555) 659-3393,diana.aguilar59@example.com,English,PY07,PRV1127,66.4,196.1,CANCER;OA,2015-07-28,
PT13963,07144087,Jesse,Henry,M,1970-07-11,Bluestone,OH,45501,(555) 553-0879,,English,PY06,PRV1140,71.5,228.4,HTN;HF,2010-01-14,
PT13964,02061611,Brenda,Wallace,F,1936-08-12,Bluestone,OH,45502,(555) 278-5050,brenda.wallace90@example.com,English,PY01,PRV1125,64.0,199.0,,2014-12-26,
PT13965,04217348,Lucia,Sullivan,F,1934-10-21,Bluestone,OH,45502,(555) 709-3607,lucia.sullivan83@example.com,Spanish,PY01,PRV1138,64.5,111.7,HTN,2022-10-07,
PT13966,04542733,John,Herrera,M,1953-03-13,Bluestone,OH,45501,(555) 767-3423,,English,PY02,PRV1137,73.9,289.8,HTN;HF,2015-02-22,
PT13967,01140875,Helen,Perez,F,1966-03-06,Ashby Falls,OH,45610,(555) 494-3316,,English,PY04,PRV1132,65.2,209.5,PSYCH;OA,2021-11-03,
PT13968,06336542,Edward,Jackson,M,1948-08-23,Oak Glen,OH,45730,(555) 784-0250,,English,PY01,PRV1132,66.2,157.3,,2024-05-11,
PT13969,05871533,Mei,Ramos,F,1996-02-12,Fairhaven,OH,45620,(555) 458-4549,mei.ramos70@example.com,English,PY03,PRV1140,63.5,103.9,ETOH,2021-10-02,
PT13970,09691553,Diane,Stone,F,1965-09-06,Bluestone,OH,45502,(555) 848-4986,,Spanish,PY05,PRV1126,58.1,140.0,HTN,2023-09-13,
PT13971,08582393,Robert,Kowalski,M,1981-03-04,Cedar Ridge,OH,45720,(555) 482-4772,robert.kowalski62@example.com,English,PY06,PRV1140,59.5,110.7,,2022-06-20,
PT13972,07442967,Ralph,Munoz,M,1993-06-21,Lakeview Heights,OH,45510,(555) 343-9132,ralph.munoz9@example.com,Arabic,PY06,PRV1133,69.6,226.0,,2010-06-22,
PT13973,07088209,Roy,Gibson,M,1976-06-12,Bluestone,OH,45502,(555) 575-8916,roy.gibson41@example.com,English,PY05,PRV1131,67.9,169.5,PSYCH,2021-06-23,
PT13974,07098225,Lori,Bennett,F,2023-10-08,Bluestone,OH,45502,(555) 435-6638,,English,PY03,PRV1108,26.0,17.7,,2023-11-24,
PT13975,05129694,Eugene,Adams,M,1966-02-24,Ashby Falls,OH,45610,(555) 584-5650,eugene.adams10@example.com,English,PY07,PRV1138,68.7,215.8,ETOH,2011-05-23,
PT13976,01493716,Steven,Freeman,M,1957-01-30,Fairhaven,OH,45620,(555) 605-7907,steven.freeman25@example.com,English,PY01,PRV1124,69.7,208.8,ASTHMA;OA,2024-07-05,
PT13977,00106133,Carol,Cooper,F,1946-11-02,Bluestone,OH,45503,(555) 230-4204,,English,PY02,PRV1139,60.7,198.9,,2023-05-22,
PT13978,04395525,Bryan,Gutierrez,M,1987-07-06,Bluestone,OH,45501,(555) 555-4011,bryan.gutierrez51@example.com,English,PY03,,68.3,217.4,DM,2022-10-06,
PT13979,02810061,Rachel,Gordon,F,1956-03-27,Bluestone,OH,45502,(555) 766-5752,rachel.gordon90@example.com,Somali,PY01,PRV1129,62.4,185.0,PSYCH,2022-10-09,
PT13980,07640015,Victoria,Perry,F,1946-03-06,Cedar Ridge,OH,45720,(555) 387-2993,victoria.perry21@example.com,Somali,PY01,PRV1135,66.6,243.8,HTN;AFIB;PSYCH,2024-12-09,
PT13981,02496266,Lauren,Fisher,F,1955-06-21,Lakeview Heights,OH,45510,(555) 206-5376,,English,PY02,PRV1133,64.0,166.2,ASTHMA,2023-08-31,
PT13982,04108220,Brandon,Hamilton,M,1979-08-13,Bluestone,OH,45502,(555) 779-6824,,English,PY03,PRV1124,69.7,126.1,,2016-07-17,
PT13983,08884884,Kyle,Walker,M,1948-10-03,Lakeview Heights,OH,45510,(555) 338-0006,kyle.walker88@example.com,English,PY02,PRV1139,74.9,272.3,DM,2008-05-10,
PT13984,04907099,Adam,Miller,M,1959-04-20,Ashby Falls,OH,45610,(555) 334-4680,,English,PY01,PRV1129,71.8,248.7,ASTHMA,2018-11-20,
PT13985,08464958,Philip,Richardson,M,1958-11-15,Bluestone,OH,45502,(555) 331-2511,philip.richardson71@example.com,English,PY01,PRV1130,67.1,233.6,DM;COPD,2013-04-02,
PT13986,02806048,Zachary,Ryan,M,1949-03-23,Bluestone,OH,45503,(555) 746-4745,,English,PY02,,70.7,247.8,,2013-09-02,
PT13987,07562552,Bruce,Alvarez,M,2020-07-26,Bluestone,OH,45503,(555) 320-4937,,English,PY06,PRV1107,32.3,31.5,,2023-03-24,
PT13988,08196006,Scott,Warren,M,1960-10-03,Oak Glen,OH,45730,(555) 607-1845,scott.warren15@example.com,English,PY02,PRV1127,76.0,183.7,HTN,2021-09-20,
PT13989,03601353,Olivia,Hunt,F,1959-11-13,Millbrook,OH,45530,(555) 410-3063,olivia.hunt51@example.com,English,PY01,PRV1126,64.3,229.3,HTN;ASTHMA,2020-04-08,
PT13990,08132111,Betty,Chen,F,2001-03-31,Pine Hollow,OH,45640,(555) 237-6636,,Spanish,PY05,PRV1133,66.7,187.6,,2018-08-14,
PT13991,06844895,Brittany,Nakamura,F,1951-09-19,Oak Glen,OH,45730,(555) 329-1609,brittany.nakamura11@example.com,English,PY02,PRV1139,61.0,169.7,HTN;DM;AFIB,2020-08-26,
PT13992,08354619,Ahmed,Cunningham,M,2008-01-13,Fairhaven,OH,45620,(555) 967-5405,ahmed.cunningham67@example.com,Spanish,PY03,PRV1107,69.2,178.3,,2017-10-20,
PT13993,07034534,Denise,Watson,F,1965-09-15,Bluestone,OH,45502,(555) 453-4961,denise.watson57@example.com,English,PY05,PRV1136,61.4,228.9,DM;PSYCH,2011-05-20,
PT13994,04736625,Mateo,Rice,M,1961-08-02,Ashby Falls,OH,45610,(555) 797-1358,mateo.rice31@example.com,English,PY07,PRV1132,69.3,193.1,,2011-03-25,
PT13995,09180856,Amber,Coleman,F,1956-11-29,Riverbend,OH,45545,(555) 317-6363,amber.coleman51@example.com,English,PY01,PRV1125,62.1,187.5,HTN;DM,2023-05-12,
PT13996,07019076,Abigail,Daniels,F,1959-05-17,Pine Hollow,OH,45640,(555) 912-5461,,English,PY01,PRV1127,64.8,196.8,DM,2010-09-16,
PT13997,02998989,Raymond,Foster,M,1976-09-07,Bluestone,OH,45501,(555) 896-5700,raymond.foster29@example.com,English,PY05,PRV1132,66.2,181.6,,2008-03-13,
PT13998,08786451,Heather,Mills,F,2020-03-26,Bluestone,OH,45502,(555) 225-4856,,English,PY05,PRV1105,35.9,30.5,,2023-08-06,
PT13999,04509946,Madison,Watson,F,1962-03-31,Pine Hollow,OH,45640,(555) 671-9820,madison.watson27@example.com,English,PY04,PRV1135,63.6,95.0,CKD,2010-08-23,
PT14000,08201359,Brenda,Walker,F,1932-04-04,Lakeview Heights,OH,45510,(555) 699-4222,brenda.walker93@example.com,English,PY02,,61.3,125.4,HTN;HF,2020-06-22,
